----------------------------------------
Start task prologue Mon Nov 17 19:33:33 CET 2025
----------------------------------------
Step ID:         49546996.
Username:        wenlou
Group:           mpla
Asked resources: walltime=1-00:00:00,nodes=1,cpus=8,mem=2G
Queue:           gpu
Compute nodes:   dccn-c079
----------------------------------------
End task prologue Mon Nov 17 19:33:33 CET 2025
----------------------------------------
CUDA version:
nvcc: NVIDIA (R) Cuda compiler driver
Copyright (c) 2005-2024 NVIDIA Corporation
Built on Thu_Mar_28_02:18:24_PDT_2024
Cuda compilation tools, release 12.4, V12.4.131
Build cuda_12.4.r12.4/compiler.34097967_0

[WARNING] Please note the interface change for (de-)activating conda environment:

  - DO NOT use `conda activate` to enter the conda environment as it requires extra step to modify your ~/.bashrc file, which will force you to use this Anaconda version (2024.06).  Therefore keep using `source activate` instead.

  - DO use `conda deactivate` to leave your conda environment as `source deactivate` will be deprecated in future release.

Running model for expriment=sep_spatial_sig, m_id=1, method=bads
device is : cuda
['sep_spatial_sig', '1', 'all', 'bads', '2']

 ------- Start Optimization for Subject 2 ---------- 

 Cross Validation fold 0/1

 -- Start Optimization: method BADS --

 Optimization Run 1/2
Initial params: [1.1403, 8.3866, 10.6249, 6.9107, 3.9914, 15.7959, 21.9301, 0.3105, 0.2817, 0.1656, 0.2826, 0.9741, 0.2247]
bads:TooCloseBounds: For each variable, hard and plausible bounds should not be too close. Moving plausible bounds.
Variables (index) internally transformed to log coordinates: [[ 0  0]
 [ 0  3]
 [ 0 10]
 [ 0 11]
 [ 0 12]]
Beginning optimization of a STOCHASTIC objective function

 Iteration    f-count      E[f(x)]        SD[f(x)]           MeshScale          Method              Actions
     0           1         25735.1             nan               1                                  
     0          25         25735.1             nan               1          Initial mesh            Initial points
     0          26           25619        0.999929               1        Successful poll           Train
     1          28           24204        0.999924               1      Successful search (ES-wcm)        
     1          31         23966.8        0.999902               1      Successful search (ES-wcm)        
     1          35         23780.6        0.999538               1      Successful search (ES-wcm)        
     1          36         23447.5        0.999721               1      Successful search (ES-wcm)        
     1          38         23345.3        0.999784               1      Successful search (ES-wcm)        
     1          45         23252.9        0.999472               1      Successful search (ES-ell)        
     1          52         23245.2        0.931666               1      Successful search (ES-wcm)        
     1          56         23163.8          1.0245               1      Successful search (ES-wcm)        
     1          62         22924.8          1.0243               1      Successful search (ES-wcm)        
     1          64         22776.8         1.02436               1      Successful search (ES-wcm)        
     1          75         22758.3          1.0226               1      Successful search (ES-wcm)        
     1          76         22738.8          1.0225               1      Successful search (ES-wcm)        
     1          84         22475.4          1.1091               1      Successful search (ES-wcm)        
     1         102         22472.5         1.10717               1      Successful search (ES-wcm)        
     1         113         22401.5         1.03165               1      Successful search (ES-wcm)        
     1         134           22155         1.03167               1        Successful poll           Train
     2         146         22150.1         1.08833               1      Successful search (ES-wcm)        
     2         147         22092.5         1.08564               1      Successful search (ES-ell)        
     2         152         22003.9         1.08918               1      Successful search (ES-ell)        
     2         163         21874.5         1.09846               1      Successful search (ES-ell)        
     2         205         21874.5         1.09846             0.5          Refine grid             Train
     3         240         21874.7         1.09356            0.25          Refine grid             Train
     4         276         21881.4         1.12966           0.125          Refine grid             Train
     5         313         21875.1        0.876865          0.0625          Refine grid             Train
     6         320         21879.4         1.07303          0.0625      Successful search (ES-ell)        
     6         365         21879.4         1.07303         0.03125          Refine grid             Train
     7         404         21874.7         1.07175        0.015625          Refine grid             Train
     8         443         21881.3         1.03977       0.0078125          Refine grid             Train
     9         482         21931.8        0.617462      0.00390625          Refine grid             Train
    10         483         21952.7        0.471016      0.00390625      Successful search (ES-ell)        
    10         534         21952.7        0.471016      0.00195312          Refine grid             
    11         535         21982.3        0.246713      0.00195312      Successful search (ES-ell)        
    11         586         21975.3         18.8799      0.00390625        Successful poll           
    12         587         21947.4        0.290331      0.00390625      Successful search (ES-ell)        
    12         638         21947.4        0.290331      0.00195312          Refine grid             
    13         639         21973.8         5.07452      0.00195312      Successful search (ES-wcm)        
    13         640         21968.1          6.3931      0.00195312      Successful search (ES-wcm)        
    13         641           21963         8.11914      0.00195312      Successful search (ES-wcm)        
    13         642         21946.8         14.5073      0.00195312      Successful search (ES-wcm)        
    13         643         21939.5         17.2948      0.00195312      Successful search (ES-ell)        
    13         644         21925.6         22.2617      0.00195312      Successful search (ES-ell)        
    13         690         21925.6         22.2617     0.000976562          Refine grid             
Optimization terminated: change in the function value less than options['tol_mesh']
Estimated function value at minimum: 21946.092474943332 ± 4.722033791161855 (mean ± SEM from 100 samples)
BADS minimum at: x_min = [ 1.6501 12.6126  9.5761  7.7717  4.0754 10.6734 26.9587  0.4373  0.3229
  0.2574  0.2461  1.5796  0.273 ], training NLL = 21946.0925
total f-count: 790, time: 35.43 min

 Optimization Run 2/2
Initial params: [0.0489, 8.3988, 11.6615, 18.358, -1.5783, 22.1541, 21.1379, 0.8093, 0.1268, 0.2352, 0.4774, 0.8603, 0.1248]
bads:TooCloseBounds: For each variable, hard and plausible bounds should not be too close. Moving plausible bounds.
Variables (index) internally transformed to log coordinates: [[ 0  0]
 [ 0  3]
 [ 0 10]
 [ 0 11]
 [ 0 12]]
Beginning optimization of a STOCHASTIC objective function

 Iteration    f-count      E[f(x)]        SD[f(x)]           MeshScale          Method              Actions
     0           1         27204.5             nan               1                                  
     0          25           26438             nan               1          Initial mesh            Initial points
     0          26         25861.4         0.99989               1        Successful poll           Train
     1          27         25824.3        0.999897               1      Successful search (ES-wcm)        
     1          29           25073        0.999884               1      Successful search (ES-wcm)        
     1          33         24544.8        0.999775               1      Successful search (ES-wcm)        
     1          37         24502.6        0.999155               1      Successful search (ES-wcm)        
     1          38         24346.3        0.999332               1      Successful search (ES-wcm)        
     1          40         24221.1        0.999792               1      Successful search (ES-wcm)        
     1          43         23335.8        0.999711               1      Successful search (ES-wcm)        
     1          52         23156.9        0.956986               1      Successful search (ES-ell)        
     1          54         22374.1         1.01748               1      Successful search (ES-wcm)        
     1          56         22353.9         1.01747               1      Successful search (ES-wcm)        
     1          57         22280.2         1.01747               1      Successful search (ES-wcm)        
     1          59         22073.2         1.01745               1      Successful search (ES-wcm)        
     1          60         21962.3         1.01747               1      Successful search (ES-wcm)        
     1          97         21807.7         1.07079               1        Successful poll           Train
     2         100         21693.8         1.07079               1      Successful search (ES-wcm)        
     2         103         21690.9          1.0708               1      Successful search (ES-wcm)        
     2         105         21641.2          1.0708               1      Successful search (ES-wcm)        
     2         109         21548.2        0.904874               1      Successful search (ES-wcm)        
     2         115         21504.9        0.904881               1      Successful search (ES-wcm)        
     2         122         21485.9        0.903855               1      Successful search (ES-wcm)        
     2         130         21479.4        0.904853               1      Successful search (ES-wcm)        
     2         133         21453.8        0.904818               1      Successful search (ES-wcm)        
     2         149         21446.3         1.08427               1      Successful search (ES-wcm)        
     2         159         21420.5         1.09285               1      Successful search (ES-wcm)        
     2         194         21420.5         1.09285             0.5          Refine grid             Train
     3         196         21442.3         31.4483             0.5      Successful search (ES-ell)        
     3         199         21430.2          26.693             0.5      Successful search (ES-ell)        
     3         200         21411.2          32.758             0.5      Successful search (ES-ell)        
     3         241         21411.2          32.758            0.25          Refine grid             
     4         243         21422.3         16.8148            0.25      Successful search (ES-ell)        
     4         247         21418.9         16.7913            0.25      Successful search (ES-wcm)        
     4         250         21413.6         16.5572            0.25      Successful search (ES-wcm)        
     4         252         21404.6         16.7937            0.25      Successful search (ES-wcm)        
     4         255         21367.7         53.2031            0.25      Successful search (ES-wcm)        
     4         269         21362.5         30.9567            0.25      Successful search (ES-wcm)        
     4         272         21348.9         30.1828            0.25      Successful search (ES-ell)        
     4         281         21346.9         37.0648            0.25      Successful search (ES-wcm)        
     4         297         21341.2         22.0686            0.25      Successful search (ES-ell)        
     4         300         21331.1         23.2044            0.25      Successful search (ES-ell)        
     4         301         21318.4         29.9616            0.25      Successful search (ES-ell)        
     4         302         21305.9         37.4526            0.25      Successful search (ES-ell)        
     4         303         21290.3         44.0122            0.25      Successful search (ES-ell)        
     4         341         21290.3         44.0122           0.125          Refine grid             Train
     5         342         21284.5         17.9355           0.125      Successful search (ES-ell)        
     5         343         21247.5          31.299           0.125      Successful search (ES-ell)        
     5         390         21247.5          31.299          0.0625          Refine grid             Train
     6         391         21289.6         10.6043          0.0625      Successful search (ES-ell)        
     6         392         21273.6         15.3894          0.0625      Successful search (ES-ell)        
     6         395         21273.2         13.6713          0.0625      Successful search (ES-ell)        
     6         396           21263         15.4071          0.0625      Successful search (ES-wcm)        
     6         440           21263         15.4071         0.03125          Refine grid             
     7         441         21295.5         9.06773         0.03125      Successful search (ES-ell)        
     7         442         21290.5         10.9069         0.03125      Successful search (ES-ell)        
     7         443         21283.4         14.4208         0.03125      Successful search (ES-ell)        
     7         490         21277.6         11.2238          0.0625        Successful poll           
     8         491         21284.8         12.5332          0.0625      Successful search (ES-ell)        
     8         492         21284.5           18.96          0.0625      Successful search (ES-ell)        
     8         539         21239.1         13.0426           0.125        Successful poll           Train
     9         575         21305.3         7.28485          0.0625          Refine grid             Train
    10         611         21303.7         7.33168         0.03125          Refine grid             Train
    11         647           21312         9.61535        0.015625          Refine grid             Train
    12         648         21307.8         6.80787        0.015625      Successful search (ES-wcm)        
    12         649         21299.3         7.61597        0.015625      Successful search (ES-wcm)        
    12         697         21299.3         7.61597       0.0078125          Refine grid             
    13         698         21316.9         4.64975       0.0078125      Successful search (ES-wcm)        
    13         699         21311.6         4.71128       0.0078125      Successful search (ES-wcm)        
    13         700         21308.7         5.17125       0.0078125      Successful search (ES-wcm)        
    13         701           21285         5.97815       0.0078125      Successful search (ES-ell)        
    13         702           21267         8.13995       0.0078125      Successful search (ES-wcm)        
    13         703         21249.2         13.1163       0.0078125      Successful search (ES-wcm)        
    13         704         21246.9         20.1556       0.0078125      Successful search (ES-wcm)        
    13         747         21246.9         20.1556      0.00390625          Refine grid             
    14         748         21321.5         4.54797      0.00390625      Successful search (ES-wcm)        
    14         749         21321.1         4.56032      0.00390625      Successful search (ES-wcm)        
    14         750         21319.6         4.76646      0.00390625      Successful search (ES-wcm)        
    14         753         21318.7         4.98211      0.00390625      Successful search (ES-wcm)        
    14         758         21316.4         4.97476      0.00390625      Successful search (ES-wcm)        
    14         759         21315.9         5.07305      0.00390625      Successful search (ES-wcm)        
    14         782         21311.3         5.12358       0.0078125        Successful poll           Train
    15         783         21319.1         4.25707       0.0078125      Successful search (ES-ell)        
    15         784         21316.6         4.95524       0.0078125      Successful search (ES-ell)        
    15         785         21312.7         6.45589       0.0078125      Successful search (ES-ell)        
    15         786         21309.3         8.40601       0.0078125      Successful search (ES-ell)        
    15         787         21305.5         11.1309       0.0078125      Successful search (ES-ell)        
    15         832         21289.9         19.4732        0.015625        Successful poll           
    16         848         21288.8         30.6067         0.03125        Successful poll           Train
    17         849         21303.7         10.1714         0.03125      Successful search (ES-wcm)        
    17         850           21300         12.1917         0.03125      Successful search (ES-ell)        
    17         851         21284.1         16.3623         0.03125      Successful search (ES-ell)        
    17         852         21275.4         22.1559         0.03125      Successful search (ES-ell)        
    17         853         21253.9         26.3274         0.03125      Successful search (ES-ell)        
    17         898         21253.9         26.3274        0.015625          Refine grid             
    18         900         21302.4         7.19507        0.015625      Successful search (ES-ell)        
    18         901         21300.5         7.37074        0.015625      Successful search (ES-ell)        
    18         902         21299.3         8.71252        0.015625      Successful search (ES-ell)        
    18         905         21297.7         9.01613        0.015625      Successful search (ES-ell)        
    18         906         21297.3         10.3156        0.015625      Successful search (ES-ell)        
    18         948         21297.3         10.3156       0.0078125          Refine grid             
    19         949         21305.1           7.137       0.0078125      Successful search (ES-ell)        
    19         950         21302.7         7.82884       0.0078125      Successful search (ES-ell)        
    19         951         21296.8         8.75445       0.0078125      Successful search (ES-ell)        
    19         980         21287.7          15.003        0.015625        Successful poll           Train
    20         981         21303.7         16.4008        0.015625      Successful search (ES-wcm)        
    20         983         21303.3         16.6843        0.015625      Successful search (ES-wcm)        
    20         984         21300.7         16.4411        0.015625      Successful search (ES-ell)        
    20         985         21291.2         17.7879        0.015625      Successful search (ES-ell)        
    20         987         21279.9         17.6193        0.015625      Successful search (ES-ell)        
    20         990         21278.9         17.7477        0.015625      Successful search (ES-wcm)        
    20        1030         21278.9         17.7477       0.0078125          Refine grid             
    21        1046         21294.6          6.7049        0.015625        Successful poll           Train
    22        1047         21289.7         7.92965        0.015625      Successful search (ES-ell)        
    22        1048         21287.2         9.66731        0.015625      Successful search (ES-ell)        
    22        1049         21278.7         11.6838        0.015625      Successful search (ES-wcm)        
    22        1050         21264.4         18.2327        0.015625      Successful search (ES-wcm)        
    22        1051           21250         21.2268        0.015625      Successful search (ES-ell)        
    22        1052         21244.1         24.7916        0.015625      Successful search (ES-ell)        
    22        1097         21244.1         24.7916       0.0078125          Refine grid             
    23        1098         21281.5         6.50383       0.0078125      Successful search (ES-ell)        
    23        1099           21279         6.84602       0.0078125      Successful search (ES-ell)        
    23        1100         21276.7         7.75277       0.0078125      Successful search (ES-ell)        
    23        1101         21267.1          10.207       0.0078125      Successful search (ES-ell)        
    23        1102         21259.6         13.2268       0.0078125      Successful search (ES-ell)        
    23        1103         21253.2         18.1215       0.0078125      Successful search (ES-ell)        
    23        1104         21239.1         22.6062       0.0078125      Successful search (ES-ell)        
    23        1148         21239.1         22.6062      0.00390625          Refine grid             
    24        1149         21285.2         6.24216      0.00390625      Successful search (ES-ell)        
    24        1150         21284.8         6.43008      0.00390625      Successful search (ES-ell)        
    24        1151         21282.8         6.85094      0.00390625      Successful search (ES-ell)        
    24        1152         21281.9         8.03576      0.00390625      Successful search (ES-ell)        
    24        1153         21279.5         9.72945      0.00390625      Successful search (ES-ell)        
    24        1154         21277.3         11.8086      0.00390625      Successful search (ES-wcm)        
    24        1173         21276.1         7.46875      0.00390625      Successful search (ES-ell)        
    24        1177         21275.3         7.24892      0.00390625      Successful search (ES-wcm)        
    24        1225         21275.3         7.24892      0.00195312          Refine grid             
    25        1226           21285         5.55442      0.00195312      Successful search (ES-wcm)        
    25        1227         21284.6         5.67752      0.00195312      Successful search (ES-wcm)        
    25        1230         21284.4         5.65954      0.00195312      Successful search (ES-ell)        
    25        1231         21283.9          5.6876      0.00195312      Successful search (ES-ell)        
    25        1232         21283.8         5.76297      0.00195312      Successful search (ES-ell)        
    25        1233         21282.7         6.09101      0.00195312      Successful search (ES-ell)        
    25        1234         21281.9         6.55481      0.00195312      Successful search (ES-ell)        
    25        1235         21278.9         7.85954      0.00195312      Successful search (ES-ell)        
    25        1236         21278.8         9.12222      0.00195312      Successful search (ES-ell)        
    25        1276         21278.8         9.12222     0.000976562          Refine grid             
Optimization terminated: change in the function value less than options['tol_mesh']
Estimated function value at minimum: 21284.453350746368 ± 5.013127325037247 (mean ± SEM from 100 samples)
BADS minimum at: x_min = [1.26850e+00 8.52190e+00 6.84320e+00 3.63070e+00 1.68610e+00 7.13770e+00
 1.07761e+01 4.66700e-01 4.21400e-01 4.69300e-01 7.60000e-03 2.00000e+00
 2.52500e-01], training NLL = 21284.4534
total f-count: 1376, time: 61.52 min

 ------- Finish Optimization for Subject 2 ---------- 

 ------- Start Optimization for Subject 3 ---------- 

 Cross Validation fold 0/1

 -- Start Optimization: method BADS --

 Optimization Run 1/2
Initial params: [0.9911, 4.4564, 4.1731, 10.541, -1.0007, 24.0716, 20.5993, 0.1058, 0.1886, 0.1979, 0.1775, 0.4109, 0.5014]
bads:TooCloseBounds: For each variable, hard and plausible bounds should not be too close. Moving plausible bounds.
Variables (index) internally transformed to log coordinates: [[ 0  0]
 [ 0  3]
 [ 0 10]
 [ 0 11]
 [ 0 12]]
Beginning optimization of a STOCHASTIC objective function

 Iteration    f-count      E[f(x)]        SD[f(x)]           MeshScale          Method              Actions
     0           1           27707             nan               1                                  
     0          25         26338.8             nan               1          Initial mesh            Initial points
     0          26         25776.9        0.999902               1        Successful poll           Train
     1          27         25482.1        0.999911               1      Successful search (ES-ell)        
     1          29         25382.6         0.99991               1      Successful search (ES-wcm)        
     1          30         24910.1        0.999912               1      Successful search (ES-ell)        
     1          31         24723.7        0.999912               1      Successful search (ES-ell)        
     1          32         24542.6        0.999913               1      Successful search (ES-ell)        
     1          33         23951.7        0.999912               1      Successful search (ES-ell)        
     1          39         23951.6        0.999866               1      Incremental search (ES-ell)        
     1          43         23365.2        0.999719               1      Successful search (ES-ell)        
     1          46         23351.1        0.999595               1      Successful search (ES-ell)        
     1          51         23167.7        0.989913               1      Successful search (ES-ell)        
     1          78         23005.6         1.00928               1        Successful poll           
     2          79           22859         1.00935               1      Successful search (ES-ell)        
     2          81         22584.6        0.975772               1      Successful search (ES-ell)        
     2          88         22531.9        0.975737               1      Successful search (ES-wcm)        
     2          92         22420.2        0.975776               1      Successful search (ES-wcm)        
     2         132         22297.7         1.00969               1        Successful poll           
     3         133         22159.6         1.00974               1      Successful search (ES-ell)        
     3         134         21781.1         1.01998               1      Successful search (ES-ell)        
     3         140         21741.3         1.01994               1      Successful search (ES-ell)        
     3         142         21623.4         1.01991               1      Successful search (ES-ell)        
     3         143         21600.2         1.01996               1      Successful search (ES-ell)        
     3         150         21551.3         1.01995               1      Successful search (ES-wcm)        
     3         151         21490.2         1.01996               1      Successful search (ES-wcm)        
     3         158         21487.7         1.01992               1      Successful search (ES-wcm)        
     3         159         21425.8         1.01997               1      Successful search (ES-wcm)        
     3         165         21381.7         1.02864               1      Successful search (ES-wcm)        
     3         167         21365.4         1.02867               1      Successful search (ES-wcm)        
     3         173         21362.5         1.02869               1      Successful search (ES-ell)        
     3         182         21291.6         1.02862               1      Successful search (ES-wcm)        
     3         213         21291.6         1.02862             0.5          Refine grid             
     4         216         21290.3         1.04447             0.5      Successful search (ES-wcm)        
     4         262         21290.3         1.04447            0.25          Refine grid             Train
     5         299         21291.4         0.89162           0.125          Refine grid             Train
     6         313         21279.2         9.10407            0.25        Successful poll           Train
     7         314         21188.5         22.5703            0.25      Successful search (ES-wcm)        
     7         362         21188.5         22.5703           0.125          Refine grid             
     8         363         21330.5         10.0573           0.125      Successful search (ES-wcm)        
     8         364         21268.8         21.0628           0.125      Successful search (ES-wcm)        
     8         365         21248.6         25.4478           0.125      Successful search (ES-wcm)        
     8         413         21248.6         25.4478          0.0625          Refine grid             
     9         414         21350.4         7.28358          0.0625      Successful search (ES-wcm)        
     9         415         21331.7         8.08124          0.0625      Successful search (ES-wcm)        
     9         416         21302.5         10.6871          0.0625      Successful search (ES-wcm)        
     9         417         21267.7          15.293          0.0625      Successful search (ES-wcm)        
     9         418         21227.2         21.7099          0.0625      Successful search (ES-ell)        
     9         419         21204.2         28.2178          0.0625      Successful search (ES-ell)        
     9         420         21165.2         32.5255          0.0625      Successful search (ES-ell)        
     9         422           21155         32.7319          0.0625      Successful search (ES-ell)        
     9         425         21132.7         26.7253          0.0625      Successful search (ES-ell)        
     9         426         20990.2         40.9705          0.0625      Successful search (ES-wcm)        
     9         427         20913.1         33.1081          0.0625      Successful search (ES-wcm)        
     9         428         20832.8         30.7765          0.0625      Successful search (ES-wcm)        
     9         429         20828.2         28.3718          0.0625      Successful search (ES-ell)        
     9         469         20805.9         44.6921           0.125        Successful poll           
    10         470         20751.8         31.7989           0.125      Successful search (ES-wcm)        
    10         471         20737.4         30.2604           0.125      Successful search (ES-wcm)        
    10         518         20737.4         30.2604          0.0625          Refine grid             Train
    11         519         20809.7         10.6228          0.0625      Successful search (ES-wcm)        
    11         520         20788.9         13.2161          0.0625      Successful search (ES-wcm)        
    11         521           20702         19.2014          0.0625      Successful search (ES-ell)        
    11         522         20623.6         30.9292          0.0625      Successful search (ES-ell)        
    11         551         20607.4         16.3352           0.125        Successful poll           
    12         552         20557.2         20.4395           0.125      Successful search (ES-ell)        
    12         553           20485         29.1791           0.125      Successful search (ES-ell)        
    12         554         20427.3         34.3125           0.125      Successful search (ES-ell)        
    12         555         20373.5         36.6516           0.125      Successful search (ES-ell)        
    12         556         20356.8         38.6357           0.125      Successful search (ES-ell)        
    12         599         20356.8         38.6357          0.0625          Refine grid             
    13         600         20408.3         13.2764          0.0625      Successful search (ES-ell)        
    13         633         20400.4         19.2902           0.125        Successful poll           Train
    14         634         20405.8         18.5882           0.125      Successful search (ES-ell)        
    14         682         20405.8         18.5882          0.0625          Refine grid             
    15         683         20380.6         14.8021          0.0625      Successful search (ES-ell)        
    15         684         20358.6         18.9489          0.0625      Successful search (ES-ell)        
    15         731         20358.6         18.9489         0.03125          Refine grid             
    16         732         20417.6         7.28626         0.03125      Successful search (ES-ell)        
    16         733         20410.8         8.40266         0.03125      Successful search (ES-ell)        
    16         734         20397.7         10.0874         0.03125      Successful search (ES-ell)        
    16         735         20390.9          14.317         0.03125      Successful search (ES-ell)        
    16         781         20390.9          14.317        0.015625          Refine grid             Train
    17         782         20391.9         6.50323        0.015625      Successful search (ES-wcm)        
    17         783         20376.5         7.34599        0.015625      Successful search (ES-wcm)        
    17         784         20374.3         10.1719        0.015625      Successful search (ES-wcm)        
    17         785         20360.9         12.2049        0.015625      Successful search (ES-wcm)        
    17         786         20359.2         20.8646        0.015625      Successful search (ES-wcm)        
    17         789           20359         18.5995        0.015625      Successful search (ES-ell)        
    17         831           20359         18.5995       0.0078125          Refine grid             Train
    18         832         20406.7         6.86044       0.0078125      Successful search (ES-ell)        
    18         833         20403.1         7.78195       0.0078125      Successful search (ES-ell)        
    18         834         20392.8         10.0628       0.0078125      Successful search (ES-ell)        
    18         835         20387.9         13.2906       0.0078125      Successful search (ES-ell)        
    18         836         20377.7         17.4612       0.0078125      Successful search (ES-ell)        
    18         882         20377.7         17.4612      0.00390625          Refine grid             
    19         883           20411         6.46173      0.00390625      Successful search (ES-ell)        
    19         884         20406.1         6.49674      0.00390625      Successful search (ES-wcm)        
    19         885           20402         6.20589      0.00390625      Successful search (ES-wcm)        
    19         886           20396          6.2661      0.00390625      Successful search (ES-wcm)        
    19         887         20390.4         6.88877      0.00390625      Successful search (ES-wcm)        
    19         888         20383.3         8.18343      0.00390625      Successful search (ES-wcm)        
    19         889         20374.2         10.6822      0.00390625      Successful search (ES-wcm)        
    19         890         20371.3         14.2542      0.00390625      Successful search (ES-wcm)        
    19         891           20367         21.4686      0.00390625      Successful search (ES-wcm)        
    19         892         20364.3         31.4155      0.00390625      Successful search (ES-wcm)        
    19         934         20364.3         31.4155      0.00195312          Refine grid             
    20         935         20405.1          5.6352      0.00195312      Successful search (ES-wcm)        
    20         936         20404.9         5.62714      0.00195312      Successful search (ES-wcm)        
    20         939         20404.7         5.56414      0.00195312      Successful search (ES-wcm)        
    20         940         20402.8          5.4485      0.00195312      Successful search (ES-wcm)        
    20         941         20400.3         5.48893      0.00195312      Successful search (ES-wcm)        
    20         942           20398         5.51236      0.00195312      Successful search (ES-wcm)        
    20         943         20393.1         5.84792      0.00195312      Successful search (ES-wcm)        
    20         945         20392.9         6.30284      0.00195312      Successful search (ES-ell)        
    20         946         20389.1         7.29467      0.00195312      Successful search (ES-ell)        
    20         947         20384.4         8.97974      0.00195312      Successful search (ES-ell)        
    20         948         20383.6         9.00106      0.00195312      Successful search (ES-ell)        
    20         954         20383.1          8.1886      0.00195312      Successful search (ES-ell)        
    20         955           20382         8.12926      0.00195312      Successful search (ES-ell)        
    20         957         20381.6         7.98453      0.00195312      Successful search (ES-ell)        
    20         959         20380.8         7.81992      0.00195312      Successful search (ES-ell)        
    20         999         20380.8         7.81992     0.000976562          Refine grid             
Optimization terminated: change in the function value less than options['tol_mesh']
Estimated function value at minimum: 20383.88972939031 ± 4.826668147830627 (mean ± SEM from 100 samples)
BADS minimum at: x_min = [ 1.9957e+00  7.0770e+00  5.5992e+00  0.0000e+00 -7.1940e-01  5.7944e+00
  8.4029e+00  4.8980e-01  5.8390e-01  5.3510e-01  5.7000e-03  1.6044e+00
  3.0540e-01], training NLL = 20383.8897
total f-count: 1099, time: 49.22 min

 Optimization Run 2/2
Initial params: [1.8438, 4.8008, 3.669, 12.3874, -3.6108, 10.5376, 27.9651, 0.4376, 0.2917, 0.2787, 0.5891, 0.842, 0.7315]
bads:TooCloseBounds: For each variable, hard and plausible bounds should not be too close. Moving plausible bounds.
Variables (index) internally transformed to log coordinates: [[ 0  0]
 [ 0  3]
 [ 0 10]
 [ 0 11]
 [ 0 12]]
Beginning optimization of a STOCHASTIC objective function

 Iteration    f-count      E[f(x)]        SD[f(x)]           MeshScale          Method              Actions
     0           1         26659.6             nan               1                                  
     0          25         26330.5             nan               1          Initial mesh            Initial points
     0          26         26017.2        0.999827               1        Successful poll           Train
     1          27         25771.8         0.99985               1      Successful search (ES-wcm)        
     1          28         25172.2        0.999832               1      Successful search (ES-wcm)        
     1          29         24911.8        0.999831               1      Successful search (ES-wcm)        
     1          31         23705.8        0.999833               1      Successful search (ES-wcm)        
     1          34         23453.8        0.999787               1      Successful search (ES-wcm)        
     1          35           23413        0.999784               1      Successful search (ES-ell)        
     1          36           22451        0.999787               1      Successful search (ES-wcm)        
     1          38         22403.2        0.999829               1      Successful search (ES-wcm)        
     1          45         22345.1        0.994415               1      Successful search (ES-wcm)        
     1          48         22322.8        0.991506               1      Successful search (ES-wcm)        
     1          52         22302.6        0.986348               1      Successful search (ES-ell)        
     1          55         22003.2        0.917453               1      Successful search (ES-wcm)        
     1          93         21846.2         1.01094               1        Successful poll           Train
     2         106         21828.4         1.01059               1      Successful search (ES-wcm)        
     2         136         21828.4         1.01059             0.5          Refine grid             Train
     3         161         21789.2         1.11026               1        Successful poll           Train
     4         164           21704         1.18987               1      Successful search (ES-wcm)        
     4         171         21667.4         1.18987               1      Successful search (ES-wcm)        
     4         187         21665.2         1.18736               1      Successful search (ES-ell)        
     4         195         21651.3          1.1873               1      Successful search (ES-ell)        
     4         208         21627.8         1.18696               1      Successful search (ES-ell)        
     4         221         21594.3         1.18615               1      Successful search (ES-ell)        
     4         257         21594.3         1.18615             0.5          Refine grid             
     5         270           21597           1.113             0.5      Successful search (ES-ell)        
     5         294         21555.7         1.12175               1        Successful poll           
     6         325         21555.7         1.12175             0.5          Refine grid             
     7         356         21556.8         1.06624            0.25          Refine grid             
     8         387         21307.7         21.8262             0.5        Successful poll           
     9         418         21590.4         24.4229            0.25          Refine grid             
    10         450         21598.1         1.10488           0.125          Refine grid             Train
    11         451         21673.8          6.0988           0.125      Successful search (ES-wcm)        
    11         452           21607         9.58584           0.125      Successful search (ES-wcm)        
    11         453         21514.4          19.365           0.125      Successful search (ES-wcm)        
    11         498         21514.4          19.365          0.0625          Refine grid             
    12         499         21688.2         7.17801          0.0625      Successful search (ES-wcm)        
    12         500         21659.3         9.42586          0.0625      Successful search (ES-wcm)        
    12         501         21634.1         11.8584          0.0625      Successful search (ES-wcm)        
    12         502         21601.8         14.6688          0.0625      Successful search (ES-wcm)        
    12         503         21523.2         19.1287          0.0625      Successful search (ES-ell)        
    12         547         21523.2         19.1287         0.03125          Refine grid             
    13         548         21686.5         7.51964         0.03125      Successful search (ES-ell)        
    13         549         21672.4         8.45806         0.03125      Successful search (ES-ell)        
    13         597           21659         26.5383          0.0625        Successful poll           
    14         598         21677.7         23.8885          0.0625      Successful search (ES-ell)        
    14         599         21661.5          21.677          0.0625      Successful search (ES-ell)        
    14         632         21627.9         31.9532           0.125        Successful poll           Train
    15         633         21677.8         12.6017           0.125      Successful search (ES-ell)        
    15         634         21640.2         19.4701           0.125      Successful search (ES-ell)        
    15         635         21598.4         28.4546           0.125      Successful search (ES-ell)        
    15         682           21575         37.6914            0.25        Successful poll           
    16         683         21550.9          26.126            0.25      Successful search (ES-ell)        
    16         684         21479.9         26.1148            0.25      Successful search (ES-wcm)        
    16         685         21425.8         31.6023            0.25      Successful search (ES-wcm)        
    16         727         21425.8         31.6023           0.125          Refine grid             Train
    17         728         21491.8         10.9564           0.125      Successful search (ES-wcm)        
    17         729         21478.6         18.0619           0.125      Successful search (ES-wcm)        
    17         732           21473         17.5134           0.125      Successful search (ES-wcm)        
    17         733         21449.6         19.5995           0.125      Successful search (ES-ell)        
    17         775         21449.6         19.5995          0.0625          Refine grid             
    18         776         21466.2         8.28954          0.0625      Successful search (ES-ell)        
    18         777         21459.6         10.7927          0.0625      Successful search (ES-ell)        
    18         803           21354         11.6247           0.125        Successful poll           
    19         804         21315.3         14.8359           0.125      Successful search (ES-ell)        
    19         805         21301.4         20.1953           0.125      Successful search (ES-ell)        
    19         850         21301.4         20.1953          0.0625          Refine grid             
    20         851         21463.1               7          0.0625      Successful search (ES-ell)        
    20         852         21454.2         9.73279          0.0625      Successful search (ES-ell)        
    20         853           21435         14.1353          0.0625      Successful search (ES-ell)        
    20         855         21431.5         15.7948          0.0625      Successful search (ES-ell)        
    20         898         21431.5         15.7948         0.03125          Refine grid             
    21         899         21467.8         6.96079         0.03125      Successful search (ES-ell)        
    21         900         21461.9         8.21014         0.03125      Successful search (ES-ell)        
    21         901         21461.1         10.5793         0.03125      Successful search (ES-wcm)        
    21         902         21456.3         15.0256         0.03125      Successful search (ES-wcm)        
    21         903         21445.7         22.2619         0.03125      Successful search (ES-wcm)        
    21         948         21445.7         22.2619        0.015625          Refine grid             
    22         949         21479.3         5.09715        0.015625      Successful search (ES-wcm)        
    22         950         21476.3         5.24363        0.015625      Successful search (ES-wcm)        
    22         951         21472.6         5.64134        0.015625      Successful search (ES-wcm)        
    22         952         21467.8         6.44236        0.015625      Successful search (ES-wcm)        
    22         953         21451.1          7.8479        0.015625      Successful search (ES-ell)        
    22         954         21431.6          10.883        0.015625      Successful search (ES-ell)        
    22         955         21426.5         15.2873        0.015625      Successful search (ES-ell)        
    22         998         21426.5         15.2873       0.0078125          Refine grid             Train
    23         999         21478.3         5.46395       0.0078125      Successful search (ES-ell)        
    23        1000         21477.4         5.60406       0.0078125      Successful search (ES-wcm)        
    23        1001           21473         6.14253       0.0078125      Successful search (ES-ell)        
    23        1002         21469.6         6.85118       0.0078125      Successful search (ES-wcm)        
    23        1003         21464.1         7.74851       0.0078125      Successful search (ES-wcm)        
    23        1009         21463.6          7.6389       0.0078125      Successful search (ES-ell)        
    23        1010         21460.4         7.97774       0.0078125      Successful search (ES-ell)        
    23        1011         21457.2         8.36256       0.0078125      Successful search (ES-ell)        
    23        1012         21453.8          8.5937       0.0078125      Successful search (ES-ell)        
    23        1016         21453.4         8.24031       0.0078125      Successful search (ES-ell)        
    23        1017         21449.4         8.42463       0.0078125      Successful search (ES-ell)        
    23        1018         21446.1         8.60254       0.0078125      Successful search (ES-ell)        
    23        1019         21442.8          8.9691       0.0078125      Successful search (ES-ell)        
    23        1024         21441.4         8.42724       0.0078125      Successful search (ES-ell)        
    23        1025         21440.2         8.74571       0.0078125      Successful search (ES-wcm)        
    23        1029         21438.8         8.51276       0.0078125      Successful search (ES-wcm)        
    23        1030         21437.9         8.57082       0.0078125      Successful search (ES-wcm)        
    23        1031         21437.1          8.7121       0.0078125      Successful search (ES-wcm)        
    23        1032         21436.2         9.06482       0.0078125      Successful search (ES-ell)        
    23        1033         21431.9         9.84319       0.0078125      Successful search (ES-wcm)        
    23        1034         21429.9           10.71       0.0078125      Successful search (ES-wcm)        
    23        1035         21429.8         11.9621       0.0078125      Successful search (ES-wcm)        
    23        1074         21429.8         11.9621      0.00390625          Refine grid             Train
    24        1075         21462.7         6.22197      0.00390625      Successful search (ES-wcm)        
    24        1076         21462.3         6.45652      0.00390625      Successful search (ES-wcm)        
    24        1077         21461.9         6.81335      0.00390625      Successful search (ES-wcm)        
    24        1078         21458.6          7.4755      0.00390625      Successful search (ES-wcm)        
    24        1081         21455.6         7.57436      0.00390625      Successful search (ES-wcm)        
    24        1083         21454.5          7.8372      0.00390625      Successful search (ES-wcm)        
    24        1084         21449.6          8.3283      0.00390625      Successful search (ES-wcm)        
    24        1085         21446.4          9.4378      0.00390625      Successful search (ES-wcm)        
    24        1086         21442.9           11.09      0.00390625      Successful search (ES-wcm)        
    24        1087         21442.4         12.5701      0.00390625      Successful search (ES-ell)        
    24        1088         21439.5         12.3561      0.00390625      Successful search (ES-ell)        
    24        1089         21434.9         12.3326      0.00390625      Successful search (ES-ell)        
    24        1090         21429.6         12.1909      0.00390625      Successful search (ES-ell)        
    24        1091         21428.6         12.1612      0.00390625      Successful search (ES-ell)        
    24        1092         21425.7         12.8942      0.00390625      Successful search (ES-ell)        
    24        1093         21416.9         13.8214      0.00390625      Successful search (ES-ell)        
    24        1094         21404.7         15.0016      0.00390625      Successful search (ES-ell)        
    24        1137         21404.7         15.0016      0.00195312          Refine grid             Train
    25        1138         21455.3         6.53943      0.00195312      Successful search (ES-ell)        
    25        1139           21454         6.50863      0.00195312      Successful search (ES-ell)        
    25        1140         21452.2         6.48447      0.00195312      Successful search (ES-ell)        
    25        1141         21449.6         6.49168      0.00195312      Successful search (ES-ell)        
    25        1142         21444.3         6.56119      0.00195312      Successful search (ES-ell)        
    25        1143         21441.7         6.72911      0.00195312      Successful search (ES-wcm)        
    25        1144         21440.7         6.90429      0.00195312      Successful search (ES-wcm)        
    25        1145         21439.8         7.29396      0.00195312      Successful search (ES-wcm)        
    25        1147         21438.7         8.12254      0.00195312      Successful search (ES-ell)        
    25        1148         21429.6         9.90545      0.00195312      Successful search (ES-ell)        
    25        1149         21416.9         12.7196      0.00195312      Successful search (ES-ell)        
    25        1150         21408.6         15.8053      0.00195312      Successful search (ES-ell)        
    25        1188         21408.6         15.8053     0.000976562          Refine grid             Train
Optimization terminated: change in the function value less than options['tol_mesh']
Estimated function value at minimum: 21423.004261725247 ± 5.096351249116587 (mean ± SEM from 100 samples)
BADS minimum at: x_min = [ 4.3717 10.5272  8.8351  0.1518 -8.1674  8.8538 11.0967  0.4913  0.4073
  0.3761  0.124   1.2183  0.4877], training NLL = 21423.0043
total f-count: 1288, time: 57.8 min

 ------- Finish Optimization for Subject 3 ---------- 

 ------- Start Optimization for Subject 5 ---------- 

 Cross Validation fold 0/1

 -- Start Optimization: method BADS --

 Optimization Run 1/2
Initial params: [0.4075, 6.3416, 4.1995, 4.2317, -4.9361, 16.6396, 14.2166, 0.4688, 0.2348, 0.2143, 0.0094, 0.563, 0.3721]
bads:TooCloseBounds: For each variable, hard and plausible bounds should not be too close. Moving plausible bounds.
Variables (index) internally transformed to log coordinates: [[ 0  0]
 [ 0  3]
 [ 0 10]
 [ 0 11]
 [ 0 12]]
Beginning optimization of a STOCHASTIC objective function

 Iteration    f-count      E[f(x)]        SD[f(x)]           MeshScale          Method              Actions
     0           1         26859.7             nan               1                                  
     0          25         26458.8             nan               1          Initial mesh            Initial points
     0          26         26248.1        0.999916               1        Successful poll           Train
     1          27         25968.4        0.999922               1      Successful search (ES-wcm)        
     1          28         25797.8        0.999919               1      Successful search (ES-wcm)        
     1          30           24798        0.999913               1      Successful search (ES-wcm)        
     1          31         24374.2        0.999922               1      Successful search (ES-wcm)        
     1          35         24356.8        0.999897               1      Successful search (ES-wcm)        
     1          36         24101.7        0.999899               1      Successful search (ES-wcm)        
     1          37         23616.6        0.999891               1      Successful search (ES-wcm)        
     1          38           23276        0.999911               1      Successful search (ES-wcm)        
     1          39         23099.5        0.999879               1      Successful search (ES-wcm)        
     1          40         22812.3        0.999846               1      Successful search (ES-wcm)        
     1          42         21825.3        0.999856               1      Successful search (ES-wcm)        
     1          49         21769.8        0.998348               1      Successful search (ES-wcm)        
     1          50         21730.1        0.996334               1      Successful search (ES-wcm)        
     1          62         21728.8         1.00722               1      Successful search (ES-wcm)        
     1          76         21670.4        0.996398               1      Successful search (ES-wcm)        
     1          84         21614.7         1.02213               1      Successful search (ES-ell)        
     1          86         21591.8         1.02221               1      Successful search (ES-ell)        
     1          87         21591.3         1.02221               1      Incremental search (ES-ell)        
     1          88         21555.7         1.02227               1      Successful search (ES-ell)        
     1          92         21545.3         1.02228               1      Successful search (ES-ell)        
     1         100         21544.4         1.02212               1      Incremental search (ES-ell)        
     1         102         21507.3         1.02216               1      Successful search (ES-ell)        
     1         108         21474.2         1.04556               1      Successful search (ES-ell)        
     1         116         21453.4         1.02583               1      Successful search (ES-ell)        
     1         117         21414.3         1.04503               1      Successful search (ES-wcm)        
     1         124           21393         1.04299               1      Successful search (ES-wcm)        
     1         138         21371.8          1.0446               1      Successful search (ES-wcm)        
     1         174         21371.8          1.0446             0.5          Refine grid             Train
     2         187         21368.1        0.997307             0.5      Successful search (ES-wcm)        
     2         224         21368.1        0.997307            0.25          Refine grid             Train
     3         261         21371.2         1.06929           0.125          Refine grid             Train
     4         298         21371.3         1.31303          0.0625          Refine grid             Train
     5         299         21390.3         1.31921          0.0625      Successful search (ES-ell)        
     5         315         21388.4         1.31687          0.0625      Successful search (ES-ell)        
     5         361         21388.4         1.31687         0.03125          Refine grid             Train
     6         367         21423.5         1.18528         0.03125      Successful search (ES-ell)        
     6         369           21404         1.22793         0.03125      Successful search (ES-ell)        
     6         396         21340.5         1.31941          0.0625        Successful poll           Train
     7         401           21361         1.31869          0.0625      Successful search (ES-ell)        
     7         446           21361         1.31869         0.03125          Refine grid             
     8         448         21343.7         1.31497         0.03125      Successful search (ES-ell)        
     8         498         21343.7         1.31497        0.015625          Refine grid             
     9         501         21403.2         1.21824        0.015625      Successful search (ES-ell)        
     9         550         21403.2         1.21824       0.0078125          Refine grid             
    10         552         21420.2        0.956685       0.0078125      Successful search (ES-ell)        
    10         602         21420.2        0.956685      0.00390625          Refine grid             
    11         603         21444.7         5.28355      0.00390625      Successful search (ES-wcm)        
    11         604         21435.4         8.51106      0.00390625      Successful search (ES-wcm)        
    11         605         21424.3         14.0118      0.00390625      Successful search (ES-wcm)        
    11         606         21412.7         22.2254      0.00390625      Successful search (ES-wcm)        
    11         654         21412.7         22.2254      0.00195312          Refine grid             
    12         655         21451.4         4.89297      0.00195312      Successful search (ES-wcm)        
    12         657         21450.8         5.17986      0.00195312      Successful search (ES-ell)        
    12         658         21450.5         5.49317      0.00195312      Successful search (ES-ell)        
    12         662         21448.7         6.18169      0.00195312      Successful search (ES-wcm)        
    12         668         21448.4         7.01635      0.00195312      Successful search (ES-wcm)        
    12         673         21448.4          6.9857      0.00195312      Successful search (ES-ell)        
    12         675           21448         7.05271      0.00195312      Successful search (ES-ell)        
    12         676         21447.3         7.16222      0.00195312      Successful search (ES-ell)        
    12         677         21446.4         7.30251      0.00195312      Successful search (ES-ell)        
    12         678         21444.8         7.72554      0.00195312      Successful search (ES-ell)        
    12         679         21440.3         8.03298      0.00195312      Successful search (ES-ell)        
    12         680         21435.4         9.11419      0.00195312      Successful search (ES-ell)        
    12         682         21433.8         9.30161      0.00195312      Successful search (ES-ell)        
    12         686         21416.1         10.0876      0.00195312      Successful search (ES-ell)        
    12         687         21413.5         10.0959      0.00195312      Successful search (ES-ell)        
    12         732         21396.9         25.2323      0.00390625        Successful poll           
    13         771         21410.7         25.4744      0.00195312          Refine grid             Train
    14         772         21448.3         6.97682      0.00195312      Successful search (ES-wcm)        
    14         773           21445         8.60978      0.00195312      Successful search (ES-ell)        
    14         774         21438.3          11.681      0.00195312      Successful search (ES-wcm)        
    14         775         21434.5         18.1341      0.00195312      Successful search (ES-wcm)        
    14         776         21428.5         25.8365      0.00195312      Successful search (ES-wcm)        
    14         778         21423.5         22.3897      0.00195312      Successful search (ES-ell)        
    14         823         21423.5         22.3897     0.000976562          Refine grid             Train
Optimization terminated: change in the function value less than options['tol_mesh']
Estimated function value at minimum: 21492.675883889795 ± 5.104478481633338 (mean ± SEM from 100 samples)
BADS minimum at: x_min = [ 4.32010e+00  6.60350e+00  6.61000e+00  2.00000e-04 -1.89200e-01
  1.88733e+01  1.67737e+01  3.63900e-01  4.21600e-01  3.51000e-01
  0.00000e+00  1.69300e+00  3.66000e-01], training NLL = 21492.6759
total f-count: 923, time: 41.7 min

 Optimization Run 2/2
Initial params: [0.4974, 4.042, 13.021, 13.5023, 2.0166, 27.5416, 23.1579, 0.2357, 0.2001, 0.1084, 0.2373, 0.6407, 0.972]
bads:TooCloseBounds: For each variable, hard and plausible bounds should not be too close. Moving plausible bounds.
Variables (index) internally transformed to log coordinates: [[ 0  0]
 [ 0  3]
 [ 0 10]
 [ 0 11]
 [ 0 12]]
Beginning optimization of a STOCHASTIC objective function

 Iteration    f-count      E[f(x)]        SD[f(x)]           MeshScale          Method              Actions
     0           1         25869.3             nan               1                                  
     0          25         25869.3             nan               1          Initial mesh            Initial points
     0          40         25557.5        0.999848               1        Successful poll           Train
     1          42         25208.7        0.999874               1      Successful search (ES-wcm)        
     1          43         25127.4        0.999839               1      Successful search (ES-wcm)        
     1          46         24702.3         0.99978               1      Successful search (ES-wcm)        
     1          49           24615        0.999694               1      Successful search (ES-wcm)        
     1          57         24572.5        0.991571               1      Successful search (ES-wcm)        
     1          94         24444.6         1.00067               1        Successful poll           Train
     2         114         24204.7         1.02976               1        Successful poll           Train
     3         126         24197.6         1.02976               1      Successful search (ES-wcm)        
     3         127         24172.7         1.02727               1      Successful search (ES-ell)        
     3         130         24122.2         1.02974               1      Successful search (ES-ell)        
     3         132         23953.2         1.02975               1      Successful search (ES-ell)        
     3         139         23897.1         1.08188               1      Successful search (ES-ell)        
     3         150         23892.6         1.07334               1      Successful search (ES-ell)        
     3         152         23881.5         1.06749               1      Successful search (ES-ell)        
     3         153         23845.6         1.06587               1      Successful search (ES-ell)        
     3         157         23829.9          1.0821               1      Successful search (ES-ell)        
     3         158         23694.1         1.08309               1      Successful search (ES-ell)        
     3         163         23651.1         1.05119               1      Successful search (ES-ell)        
     3         164         23622.2         1.05122               1      Successful search (ES-wcm)        
     3         166         23426.8         1.05123               1      Successful search (ES-wcm)        
     3         199         23426.8         1.05123             0.5          Refine grid             Train
     4         233         23427.9         1.01356            0.25          Refine grid             Train
     5         248         23087.9          45.653             0.5        Successful poll           Train
     6         250         22966.8         42.5692             0.5      Successful search (ES-wcm)        
     6         251         22903.4         44.5337             0.5      Successful search (ES-wcm)        
     6         265         22901.4         26.5553             0.5      Successful search (ES-ell)        
     6         307         22870.4         41.0045               1        Successful poll           
     7         309         22871.7         44.6178               1      Successful search (ES-wcm)        
     7         310         22869.2         43.5441               1      Successful search (ES-wcm)        
     7         311         22831.9         44.1751               1      Successful search (ES-wcm)        
     7         312         22794.1         44.4217               1      Successful search (ES-wcm)        
     7         318         22757.5         47.5611               1      Successful search (ES-wcm)        
     7         323         22745.6         42.3078               1      Successful search (ES-wcm)        
     7         326         22720.5         33.2626               1      Successful search (ES-wcm)        
     7         330         22700.2         26.0897               1      Successful search (ES-wcm)        
     7         331         22662.4         38.1581               1      Successful search (ES-wcm)        
     7         333         22593.1         30.1401               1      Successful search (ES-wcm)        
     7         335         22580.6         47.5189               1      Successful search (ES-ell)        
     7         378         22576.5         19.8541               1        Successful poll           
     8         380         22551.9         46.1616               1      Successful search (ES-wcm)        
     8         381         22492.6         48.7551               1      Successful search (ES-wcm)        
     8         382         22255.2         52.3924               1      Successful search (ES-wcm)        
     8         383         22206.3         53.1521               1      Successful search (ES-wcm)        
     8         387         22073.2         52.4859               1      Successful search (ES-ell)        
     8         391         22003.4         51.8735               1      Successful search (ES-wcm)        
     8         394         21985.6         46.9762               1      Successful search (ES-wcm)        
     8         396           21936         46.7914               1      Successful search (ES-wcm)        
     8         408         21929.4          29.479               1      Successful search (ES-wcm)        
     8         446         21925.2          48.015               1        Successful poll           Train
     9         471           21852         34.7905               1        Successful poll           Train
    10         472         21730.6         53.5538               1      Successful search (ES-ell)        
    10         473         21498.1          49.915               1      Successful search (ES-ell)        
    10         477         21304.7         52.4846               1      Successful search (ES-ell)        
    10         480         21282.8         50.5993               1      Successful search (ES-ell)        
    10         483         21251.6         42.8466               1      Successful search (ES-ell)        
    10         487         21250.5         36.4756               1      Successful search (ES-ell)        
    10         489         21250.1         32.1714               1      Incremental search (ES-wcm)        
    10         491         21230.1         29.1972               1      Successful search (ES-wcm)        
    10         493         21219.9         34.6036               1      Successful search (ES-wcm)        
    10         494         21202.1         33.2575               1      Successful search (ES-wcm)        
    10         496         21174.8         36.0065               1      Successful search (ES-wcm)        
    10         500         21139.1         49.1957               1      Successful search (ES-wcm)        
    10         503         21133.2         36.9196               1      Successful search (ES-wcm)        
    10         506         21131.5         27.6529               1      Successful search (ES-wcm)        
    10         513         21121.9         34.9976               1      Successful search (ES-wcm)        
    10         549         21095.1         44.1246               1        Successful poll           
    11         552         21014.8         33.8033               1      Successful search (ES-ell)        
    11         553         20966.9         48.4376               1      Successful search (ES-ell)        
    11         557         20962.5         37.5393               1      Successful search (ES-ell)        
    11         559         20956.6         40.7784               1      Successful search (ES-ell)        
    11         565         20930.2          39.047               1      Successful search (ES-ell)        
    11         577           20906         47.5914               1      Successful search (ES-ell)        
    11         591         20874.9          44.867               1      Successful search (ES-ell)        
    11         594         20846.8         41.2934               1      Successful search (ES-ell)        
    11         599           20838         24.8716               1      Successful search (ES-ell)        
    11         610         20831.9          16.688               1      Successful search (ES-wcm)        
    11         612         20824.1          18.792               1      Successful search (ES-wcm)        
    11         618         20808.8         34.8043               1      Successful search (ES-ell)        
    11         631         20787.5         30.5312               1      Successful search (ES-ell)        
    11         647         20782.7         19.4064               1      Successful search (ES-wcm)        
    11         648         20778.4         25.1346               1      Successful search (ES-wcm)        
    11         653         20772.2         15.9702               1      Successful search (ES-wcm)        
    11         683         20772.2         15.9702             0.5          Refine grid             
    12         686         20777.4         15.5723             0.5      Successful search (ES-wcm)        
    12         691         20774.1         14.7985             0.5      Successful search (ES-wcm)        
    12         695         20772.8         13.6799             0.5      Successful search (ES-wcm)        
    12         731         20772.8         13.6799            0.25          Refine grid             Train
    13         734         20786.7         11.1639            0.25      Successful search (ES-wcm)        
    13         736         20782.7         11.7944            0.25      Successful search (ES-wcm)        
    13         738         20764.8         14.9391            0.25      Successful search (ES-wcm)        
    13         740         20764.4         18.1149            0.25      Successful search (ES-wcm)        
    13         745         20762.2         15.9515            0.25      Successful search (ES-wcm)        
    13         747         20761.3         18.7958            0.25      Successful search (ES-wcm)        
    13         794         20761.3         18.7958           0.125          Refine grid             
    14         795         20779.8         14.4954           0.125      Successful search (ES-ell)        
    14         798         20778.4         18.7548           0.125      Successful search (ES-wcm)        
    14         801           20775         16.5645           0.125      Successful search (ES-wcm)        
    14         844         20762.2         25.4925            0.25        Successful poll           
    15         847         20776.9         11.6463            0.25      Successful search (ES-ell)        
    15         850         20769.7         15.5241            0.25      Successful search (ES-ell)        
    15         869         20752.5         7.64757            0.25      Successful search (ES-ell)        
    15         870         20713.8         7.59467            0.25      Successful search (ES-ell)        
    15         871         20534.6         16.3031            0.25      Successful search (ES-ell)        
    15         918         20534.6         16.3031           0.125          Refine grid             
    16         919           20737         26.5567           0.125      Successful search (ES-ell)        
    16         921         20708.8         24.2722           0.125      Successful search (ES-ell)        
    16         936         20699.4         11.0103           0.125      Successful search (ES-wcm)        
    16         937         20675.5         11.3387           0.125      Successful search (ES-wcm)        
    16         938         20639.9         14.0751           0.125      Successful search (ES-wcm)        
    16         982         20458.3         13.0908            0.25        Successful poll           
    17         986           20713         17.3025            0.25      Successful search (ES-wcm)        
    17         988         20711.4         16.3434            0.25      Successful search (ES-wcm)        
    17         989         20704.7         20.0622            0.25      Successful search (ES-wcm)        
    17         992         20677.7         17.5023            0.25      Successful search (ES-wcm)        
    17         993         20635.1         21.3481            0.25      Successful search (ES-wcm)        
    17        1032         20635.1         21.3481           0.125          Refine grid             
    18        1033         20664.8         11.8213           0.125      Successful search (ES-wcm)        
    18        1034         20664.7         26.5514           0.125      Successful search (ES-wcm)        
    18        1037         20655.6         13.0731           0.125      Successful search (ES-wcm)        
    18        1083         20655.6         13.0731          0.0625          Refine grid             Train
    19        1084         20661.8         7.18625          0.0625      Successful search (ES-wcm)        
    19        1086         20651.3         10.9501          0.0625      Successful search (ES-wcm)        
    19        1092         20647.7         10.0332          0.0625      Successful search (ES-wcm)        
    19        1093         20647.2         10.9327          0.0625      Successful search (ES-wcm)        
    19        1099         20647.1         9.99028          0.0625      Successful search (ES-ell)        
    19        1100         20647.1         13.5386          0.0625      Successful search (ES-wcm)        
    19        1102         20635.1         14.3223          0.0625      Successful search (ES-wcm)        
    19        1147         20635.1         14.3223         0.03125          Refine grid             Train
    20        1148         20657.9         6.83403         0.03125      Successful search (ES-wcm)        
    20        1149         20614.6         9.20597         0.03125      Successful search (ES-ell)        
    20        1150           20606         15.8965         0.03125      Successful search (ES-wcm)        
    20        1199           20606         15.8965        0.015625          Refine grid             Train
    21        1200         20677.1         6.12168        0.015625      Successful search (ES-ell)        
    21        1201         20664.8         6.47181        0.015625      Successful search (ES-wcm)        
    21        1202         20655.1         7.58782        0.015625      Successful search (ES-wcm)        
    21        1203         20651.5         10.9095        0.015625      Successful search (ES-wcm)        
    21        1251         20651.5         10.9095       0.0078125          Refine grid             
    22        1252         20668.4         5.69103       0.0078125      Successful search (ES-ell)        
    22        1253         20664.1         6.34658       0.0078125      Successful search (ES-ell)        
    22        1254         20656.1         8.30602       0.0078125      Successful search (ES-ell)        
    22        1303         20656.1         8.30602      0.00390625          Refine grid             
    23        1304         20672.5         5.37041      0.00390625      Successful search (ES-ell)        
    23        1305         20671.1         5.60496      0.00390625      Successful search (ES-ell)        
    23        1306         20667.5          5.9534      0.00390625      Successful search (ES-ell)        
    23        1307         20660.8         6.60397      0.00390625      Successful search (ES-ell)        
    23        1308         20656.1          7.6664      0.00390625      Successful search (ES-wcm)        
    23        1309         20647.3         10.9979      0.00390625      Successful search (ES-wcm)        
    23        1355         20647.3         10.9979      0.00195312          Refine grid             
    24        1356         20675.9         5.57908      0.00195312      Successful search (ES-wcm)        
    24        1357         20675.4         5.69588      0.00195312      Successful search (ES-wcm)        
    24        1358         20673.5         6.09593      0.00195312      Successful search (ES-wcm)        
    24        1359         20671.8         6.41347      0.00195312      Successful search (ES-ell)        
    24        1360         20669.1         7.50402      0.00195312      Successful search (ES-ell)        
    24        1361         20664.1         9.56807      0.00195312      Successful search (ES-ell)        
    24        1362         20658.3         12.7244      0.00195312      Successful search (ES-ell)        
    24        1363         20658.2         18.8168      0.00195312      Successful search (ES-ell)        
    24        1407         20658.2         18.8168     0.000976562          Refine grid             Train
Optimization terminated: change in the function value less than options['tol_mesh']
Estimated function value at minimum: 20678.493063573213 ± 4.656508623638504 (mean ± SEM from 100 samples)
BADS minimum at: x_min = [3.59520e+00 6.53310e+00 5.09550e+00 5.16160e+00 3.78300e+00 8.89520e+00
 1.05994e+01 4.29100e-01 5.22800e-01 3.79500e-01 1.00000e-04 1.67550e+00
 2.77900e-01], training NLL = 20678.4931
total f-count: 1507, time: 67.83 min

 ------- Finish Optimization for Subject 5 ---------- 

 ------- Start Optimization for Subject 6 ---------- 

 Cross Validation fold 0/1

 -- Start Optimization: method BADS --

 Optimization Run 1/2
Initial params: [0.5778, 6.3857, 3.2006, 9.5198, -0.8876, 27.5118, 12.5433, 0.7991, 0.163, 0.2488, 0.4143, 0.5032, 0.6704]
bads:TooCloseBounds: For each variable, hard and plausible bounds should not be too close. Moving plausible bounds.
Variables (index) internally transformed to log coordinates: [[ 0  0]
 [ 0  3]
 [ 0 10]
 [ 0 11]
 [ 0 12]]
Beginning optimization of a STOCHASTIC objective function

 Iteration    f-count      E[f(x)]        SD[f(x)]           MeshScale          Method              Actions
     0           1         26031.7             nan               1                                  
     0          25         25458.7             nan               1          Initial mesh            Initial points
     0          38         24469.6         1.00002               1        Successful poll           Train
     1          42         23000.8        0.999989               1      Successful search (ES-wcm)        
     1          43         22139.2        0.999988               1      Successful search (ES-wcm)        
     1          48         22110.3        0.999274               1      Successful search (ES-wcm)        
     1          51         21958.9        0.996817               1      Successful search (ES-wcm)        
     1          56         21923.2        0.969568               1      Successful search (ES-wcm)        
     1          58         21858.4        0.969696               1      Successful search (ES-wcm)        
     1          60         21793.9        0.969712               1      Successful search (ES-wcm)        
     1          62         21772.8        0.969379               1      Successful search (ES-ell)        
     1          70         21697.2        0.967429               1      Successful search (ES-ell)        
     1         102         21680.6         1.22576               1        Successful poll           
     2         105         21640.3         1.22563               1      Successful search (ES-ell)        
     2         119         21616.2            1.09               1      Successful search (ES-ell)        
     2         120         21615.1          1.0901               1      Successful search (ES-ell)        
     2         122         21572.2         1.08994               1      Successful search (ES-ell)        
     2         124         21564.2         1.08987               1      Successful search (ES-ell)        
     2         136         21480.7         1.10149               1      Successful search (ES-ell)        
     2         175         21480.7         1.10149             0.5          Refine grid             Train
     3         176         21547.2         38.8064             0.5      Successful search (ES-ell)        
     3         189         21510.4         43.4195             0.5      Successful search (ES-ell)        
     3         190         21473.8         54.7844             0.5      Successful search (ES-ell)        
     3         192         21308.6          54.889             0.5      Successful search (ES-wcm)        
     3         196         21300.7         41.4061             0.5      Successful search (ES-wcm)        
     3         205         21300.6         24.4197             0.5      Incremental search (ES-wcm)        
     3         206         21293.1         41.5133             0.5      Successful search (ES-wcm)        
     3         208         21255.9         43.7505             0.5      Successful search (ES-ell)        
     3         210         21234.1         50.7755             0.5      Successful search (ES-ell)        
     3         214         21184.7         38.1771             0.5      Successful search (ES-ell)        
     3         215         21130.7         50.5236             0.5      Successful search (ES-wcm)        
     3         219         21102.3         41.7866             0.5      Successful search (ES-wcm)        
     3         231         21094.1          27.675             0.5      Successful search (ES-ell)        
     3         233         21075.4         32.1385             0.5      Successful search (ES-ell)        
     3         234         21061.5         43.0643             0.5      Successful search (ES-ell)        
     3         235         20983.7         51.3875             0.5      Successful search (ES-ell)        
     3         237           20954         46.2379             0.5      Successful search (ES-ell)        
     3         238           20898         53.0931             0.5      Successful search (ES-ell)        
     3         276           20898         53.0931            0.25          Refine grid             Train
     4         277         20824.8         34.3033            0.25      Successful search (ES-ell)        
     4         326         20824.8         34.3033           0.125          Refine grid             Train
     5         327         20866.3         13.8533           0.125      Successful search (ES-wcm)        
     5         328         20831.7          20.525           0.125      Successful search (ES-wcm)        
     5         376         20831.7          20.525          0.0625          Refine grid             
     6         377         20892.3          7.0942          0.0625      Successful search (ES-wcm)        
     6         378         20874.8         8.84514          0.0625      Successful search (ES-wcm)        
     6         379         20855.1         12.1298          0.0625      Successful search (ES-wcm)        
     6         380         20851.7         20.5261          0.0625      Successful search (ES-wcm)        
     6         381         20847.5         25.2554          0.0625      Successful search (ES-wcm)        
     6         383         20839.8         23.6559          0.0625      Successful search (ES-wcm)        
     6         384         20830.4         32.1832          0.0625      Successful search (ES-ell)        
     6         426         20830.4         32.1832         0.03125          Refine grid             
     7         427         20856.4         8.91112         0.03125      Successful search (ES-ell)        
     7         428         20849.9         9.70389         0.03125      Successful search (ES-ell)        
     7         429         20840.6         11.7305         0.03125      Successful search (ES-ell)        
     7         430         20822.3         14.9343         0.03125      Successful search (ES-ell)        
     7         431         20808.5         20.6637         0.03125      Successful search (ES-ell)        
     7         432         20800.1          26.518         0.03125      Successful search (ES-ell)        
     7         450         20787.9         9.34418         0.03125      Successful search (ES-ell)        
     7         451         20784.8         9.14235         0.03125      Successful search (ES-ell)        
     7         452         20784.2            8.97         0.03125      Successful search (ES-ell)        
     7         453         20774.4         9.76848         0.03125      Successful search (ES-ell)        
     7         454         20764.1         11.3997         0.03125      Successful search (ES-ell)        
     7         455         20759.8         13.5085         0.03125      Successful search (ES-ell)        
     7         456         20739.8         17.4919         0.03125      Successful search (ES-ell)        
     7         502         20739.8         17.4919        0.015625          Refine grid             
     8         503         20785.3         6.24609        0.015625      Successful search (ES-ell)        
     8         504         20782.9         7.10216        0.015625      Successful search (ES-ell)        
     8         505         20777.7         8.80646        0.015625      Successful search (ES-ell)        
     8         506         20773.9         10.7704        0.015625      Successful search (ES-wcm)        
     8         507         20768.6         20.9083        0.015625      Successful search (ES-wcm)        
     8         509         20762.3         20.2104        0.015625      Successful search (ES-wcm)        
     8         553         20762.3         20.2104       0.0078125          Refine grid             
     9         554         20782.4         5.93632       0.0078125      Successful search (ES-wcm)        
     9         555           20781         5.90735       0.0078125      Successful search (ES-wcm)        
     9         556         20779.2          5.7874       0.0078125      Successful search (ES-wcm)        
     9         557         20776.9         5.75687       0.0078125      Successful search (ES-wcm)        
     9         558         20775.1         6.49712       0.0078125      Successful search (ES-wcm)        
     9         559         20770.2         8.48074       0.0078125      Successful search (ES-wcm)        
     9         582         20767.4         9.65333        0.015625        Successful poll           Train
    10         583         20779.1         5.94205        0.015625      Successful search (ES-ell)        
    10         584         20773.7         7.59189        0.015625      Successful search (ES-ell)        
    10         585           20766         11.4243        0.015625      Successful search (ES-ell)        
    10         586         20758.6         15.5929        0.015625      Successful search (ES-ell)        
    10         633         20758.6         15.5929       0.0078125          Refine grid             
    11         634           20773         5.98295       0.0078125      Successful search (ES-ell)        
    11         635         20770.8         5.80595       0.0078125      Successful search (ES-wcm)        
    11         636         20768.1         6.00725       0.0078125      Successful search (ES-wcm)        
    11         637         20767.6         6.85809       0.0078125      Successful search (ES-wcm)        
    11         639         20766.4         8.34799       0.0078125      Successful search (ES-ell)        
    11         640         20765.1         11.2136       0.0078125      Successful search (ES-ell)        
    11         641         20762.4          12.406       0.0078125      Successful search (ES-wcm)        
    11         642         20757.6         17.3931       0.0078125      Successful search (ES-ell)        
    11         683         20757.6         17.3931      0.00390625          Refine grid             
    12         684         20773.7         7.18981      0.00390625      Successful search (ES-ell)        
    12         685         20772.3         7.56931      0.00390625      Successful search (ES-ell)        
    12         686         20771.1         8.29629      0.00390625      Successful search (ES-ell)        
    12         693         20770.2         7.51445      0.00390625      Successful search (ES-ell)        
    12         694         20767.4          7.5237      0.00390625      Successful search (ES-ell)        
    12         695         20766.6         7.61324      0.00390625      Successful search (ES-wcm)        
    12         696           20765         7.65063      0.00390625      Successful search (ES-wcm)        
    12         697         20764.1         7.75335      0.00390625      Successful search (ES-wcm)        
    12         720         20763.5         6.48061      0.00390625      Successful search (ES-ell)        
    12         723         20761.8         6.73571      0.00390625      Successful search (ES-ell)        
    12         724         20759.6         7.56023      0.00390625      Successful search (ES-ell)        
    12         725         20755.2         8.56169      0.00390625      Successful search (ES-ell)        
    12         726           20751         10.5798      0.00390625      Successful search (ES-ell)        
    12         727         20746.8          13.979      0.00390625      Successful search (ES-ell)        
    12         728         20746.3         18.0668      0.00390625      Successful search (ES-ell)        
    12         774         20746.3         18.0668      0.00195312          Refine grid             
    13         775         20767.6         4.49765      0.00195312      Successful search (ES-wcm)        
    13         776         20766.8         4.65355      0.00195312      Successful search (ES-wcm)        
    13         777         20765.2          4.9107      0.00195312      Successful search (ES-wcm)        
    13         778         20762.8         5.26234      0.00195312      Successful search (ES-wcm)        
    13         779         20760.9         5.87246      0.00195312      Successful search (ES-wcm)        
    13         780         20756.7         7.36207      0.00195312      Successful search (ES-wcm)        
    13         781         20755.4         9.02853      0.00195312      Successful search (ES-wcm)        
    13         783         20752.6         9.67385      0.00195312      Successful search (ES-ell)        
    13         784         20747.7         11.5626      0.00195312      Successful search (ES-ell)        
    13         785         20732.5         17.1995      0.00195312      Successful search (ES-ell)        
    13         826         20732.5         17.1995     0.000976562          Refine grid             
Optimization terminated: change in the function value less than options['tol_mesh']
Estimated function value at minimum: 20766.569370719182 ± 4.326568653229222 (mean ± SEM from 100 samples)
BADS minimum at: x_min = [ 3.66010e+00  3.90780e+00  3.87420e+00  1.90000e-03 -3.77800e-01
  2.31864e+01  3.75808e+01  3.04000e-01  4.31000e-01  3.58500e-01
  6.90000e-03  1.19250e+00  2.47400e-01], training NLL = 20766.5694
total f-count: 926, time: 41.52 min

 Optimization Run 2/2
Initial params: [0.458, 3.0189, 10.7147, 14.2648, -2.6027, 13.4225, 19.7897, 0.5992, 0.1389, 0.2598, 0.7874, 0.1387, 0.9164]
bads:TooCloseBounds: For each variable, hard and plausible bounds should not be too close. Moving plausible bounds.
Variables (index) internally transformed to log coordinates: [[ 0  0]
 [ 0  3]
 [ 0 10]
 [ 0 11]
 [ 0 12]]
Beginning optimization of a STOCHASTIC objective function

 Iteration    f-count      E[f(x)]        SD[f(x)]           MeshScale          Method              Actions
     0           1         25644.6             nan               1                                  
     0          25         25459.3             nan               1          Initial mesh            Initial points
     0          38         24418.9          1.0305               1        Successful poll           Train
     1          41         24371.2         1.03049               1      Successful search (ES-ell)        
     1          45         24159.8         1.03036               1      Successful search (ES-ell)        
     1          46         24034.8         1.03046               1      Successful search (ES-ell)        
     1          47         23481.4         1.03046               1      Successful search (ES-ell)        
     1          48         23341.6         1.03048               1      Successful search (ES-wcm)        
     1          51         22862.5         1.03044               1      Successful search (ES-wcm)        
     1          55         22861.5         1.00066               1      Successful search (ES-ell)        
     1          57         22530.5         1.00065               1      Successful search (ES-ell)        
     1          59         22508.6         1.00066               1      Successful search (ES-ell)        
     1          60         22480.8         1.00062               1      Successful search (ES-ell)        
     1          61         22265.1         1.00071               1      Successful search (ES-wcm)        
     1          66         22249.7         1.00052               1      Successful search (ES-wcm)        
     1          68         22192.1         1.00057               1      Successful search (ES-wcm)        
     1          72         22007.9          1.0006               1      Successful search (ES-wcm)        
     1          75         21844.8         1.00048               1      Successful search (ES-wcm)        
     1          79         21841.8         1.00065               1      Successful search (ES-wcm)        
     1          83         21811.8         1.07829               1      Successful search (ES-wcm)        
     1          85         21767.5         1.07817               1      Successful search (ES-wcm)        
     1          86           21759         1.07822               1      Successful search (ES-wcm)        
     1          89         21684.1         1.07823               1      Successful search (ES-wcm)        
     1          93         21654.5         1.07795               1      Successful search (ES-wcm)        
     1          95           21570         1.07836               1      Successful search (ES-wcm)        
     1          98         21485.8           1.078               1      Successful search (ES-ell)        
     1         105           21481         1.07817               1      Successful search (ES-ell)        
     1         109         21368.3         1.28001               1      Successful search (ES-ell)        
     1         112         21292.1         1.27748               1      Successful search (ES-ell)        
     1         115           21245         1.27228               1      Successful search (ES-ell)        
     1         119           21222         1.27657               1      Successful search (ES-ell)        
     1         123         21132.8         1.25366               1      Successful search (ES-ell)        
     1         127         21129.3         1.22564               1      Successful search (ES-ell)        
     1         153         20898.9         30.1177               1        Successful poll           
     2         185         20878.4         29.9023             0.5          Refine grid             
     3         186           21127         40.4584             0.5      Successful search (ES-ell)        
     3         189           21073         51.4498             0.5      Successful search (ES-wcm)        
     3         191         20981.7         46.8071             0.5      Successful search (ES-ell)        
     3         192         20881.9         48.3916             0.5      Successful search (ES-ell)        
     3         234         20881.9         48.3916            0.25          Refine grid             
     4         235         20924.4         26.4507            0.25      Successful search (ES-ell)        
     4         236         20845.9          36.447            0.25      Successful search (ES-ell)        
     4         238         20834.8         36.4406            0.25      Successful search (ES-ell)        
     4         241         20827.1          28.425            0.25      Successful search (ES-ell)        
     4         242         20782.8         36.5653            0.25      Successful search (ES-ell)        
     4         283         20782.8         36.5653           0.125          Refine grid             Train
     5         284           20741         23.5483           0.125      Successful search (ES-ell)        
     5         285         20663.9         36.8116           0.125      Successful search (ES-ell)        
     5         286           20630          39.324           0.125      Successful search (ES-ell)        
     5         332           20630          39.324          0.0625          Refine grid             
     6         333         20643.6         9.44995          0.0625      Successful search (ES-ell)        
     6         334         20623.6         15.3363          0.0625      Successful search (ES-ell)        
     6         335         20591.6         22.2272          0.0625      Successful search (ES-ell)        
     6         382         20591.6         22.2272         0.03125          Refine grid             
     7         383         20666.6         9.34709         0.03125      Successful search (ES-ell)        
     7         384         20655.5         10.6958         0.03125      Successful search (ES-ell)        
     7         385         20640.1         13.8309         0.03125      Successful search (ES-wcm)        
     7         432         20640.1         13.8309        0.015625          Refine grid             Train
     8         433         20672.9         7.99278        0.015625      Successful search (ES-wcm)        
     8         434         20666.7         8.13688        0.015625      Successful search (ES-ell)        
     8         435         20659.2         8.76097        0.015625      Successful search (ES-ell)        
     8         436         20651.7         10.4106        0.015625      Successful search (ES-ell)        
     8         437         20643.7         14.0857        0.015625      Successful search (ES-ell)        
     8         438         20642.1         19.4243        0.015625      Successful search (ES-ell)        
     8         439         20641.4         23.6838        0.015625      Successful search (ES-ell)        
     8         440         20628.8         28.8688        0.015625      Successful search (ES-ell)        
     8         443         20619.9          25.653        0.015625      Successful search (ES-wcm)        
     8         444         20617.3         31.9882        0.015625      Successful search (ES-ell)        
     8         445         20610.6         38.3298        0.015625      Successful search (ES-ell)        
     8         483         20610.6         38.3298       0.0078125          Refine grid             Train
     9         484           20611          7.0955       0.0078125      Successful search (ES-ell)        
     9         485         20607.8         7.18565       0.0078125      Successful search (ES-ell)        
     9         486         20603.3         7.63874       0.0078125      Successful search (ES-ell)        
     9         487         20598.1         8.56762       0.0078125      Successful search (ES-ell)        
     9         488           20592         9.57128       0.0078125      Successful search (ES-ell)        
     9         489           20588         11.0019       0.0078125      Successful search (ES-ell)        
     9         490         20574.3         13.3812       0.0078125      Successful search (ES-ell)        
     9         491         20554.8         16.7951       0.0078125      Successful search (ES-ell)        
     9         492         20553.1         22.1897       0.0078125      Successful search (ES-ell)        
     9         494         20549.4         22.6142       0.0078125      Successful search (ES-wcm)        
     9         495           20505         36.6029       0.0078125      Successful search (ES-wcm)        
     9         535           20502          12.258        0.015625        Successful poll           
    10         536         20502.1         9.34908        0.015625      Successful search (ES-ell)        
    10         537         20499.8         9.97329        0.015625      Successful search (ES-ell)        
    10         538         20496.9         11.7161        0.015625      Successful search (ES-ell)        
    10         539         20487.2          14.624        0.015625      Successful search (ES-ell)        
    10         540         20484.2         18.9911        0.015625      Successful search (ES-ell)        
    10         542         20480.7         16.8036        0.015625      Successful search (ES-wcm)        
    10         544         20473.1         16.2216        0.015625      Successful search (ES-wcm)        
    10         545           20436         18.3751        0.015625      Successful search (ES-wcm)        
    10         546         20396.7         25.2744        0.015625      Successful search (ES-wcm)        
    10         548         20386.8         25.4875        0.015625      Successful search (ES-wcm)        
    10         587         20386.8         25.4875       0.0078125          Refine grid             
    11         611         20425.9         11.6079        0.015625        Successful poll           Train
    12         612         20419.8           12.39        0.015625      Successful search (ES-wcm)        
    12         613         20408.8          14.155        0.015625      Successful search (ES-wcm)        
    12         663         20408.8          14.155       0.0078125          Refine grid             
    13         664           20443         5.77312       0.0078125      Successful search (ES-wcm)        
    13         665         20440.7         6.53018       0.0078125      Successful search (ES-wcm)        
    13         668         20439.3         6.85453       0.0078125      Successful search (ES-wcm)        
    13         669         20437.8         7.86968       0.0078125      Successful search (ES-wcm)        
    13         715         20437.8         7.86968      0.00390625          Refine grid             
    14         743         20447.9         5.33305       0.0078125        Successful poll           Train
    15         744         20424.1         8.35771       0.0078125      Successful search (ES-ell)        
    15         745         20418.5         9.13688       0.0078125      Successful search (ES-ell)        
    15         746         20401.6         15.5125       0.0078125      Successful search (ES-wcm)        
    15         747         20383.6         20.4265       0.0078125      Successful search (ES-wcm)        
    15         748           20379         23.9415       0.0078125      Successful search (ES-wcm)        
    15         795           20379         23.9415      0.00390625          Refine grid             
    16         796         20421.2         6.44563      0.00390625      Successful search (ES-ell)        
    16         797         20418.2         6.58492      0.00390625      Successful search (ES-ell)        
    16         798         20415.2         7.11685      0.00390625      Successful search (ES-ell)        
    16         799           20408         8.29524      0.00390625      Successful search (ES-ell)        
    16         800         20403.8         10.5502      0.00390625      Successful search (ES-ell)        
    16         801         20396.6         13.0778      0.00390625      Successful search (ES-ell)        
    16         802         20377.6         16.8026      0.00390625      Successful search (ES-ell)        
    16         847         20377.6         16.8026      0.00195312          Refine grid             
    17         848         20416.9         6.45936      0.00195312      Successful search (ES-ell)        
    17         849         20415.8          6.2999      0.00195312      Successful search (ES-wcm)        
    17         850           20414         6.41299      0.00195312      Successful search (ES-wcm)        
    17         875         20410.9         5.75888      0.00390625        Successful poll           Train
    18         876         20407.4         6.68043      0.00390625      Successful search (ES-ell)        
    18         877         20404.1         8.58774      0.00390625      Successful search (ES-ell)        
    18         878         20402.1         11.5625      0.00390625      Successful search (ES-ell)        
    18         879         20387.4          15.095      0.00390625      Successful search (ES-ell)        
    18         880           20368         21.6511      0.00390625      Successful search (ES-ell)        
    18         881         20353.5         25.4764      0.00390625      Successful search (ES-ell)        
    18         927         20353.5         25.4764      0.00195312          Refine grid             
    19         928         20397.5         6.34396      0.00195312      Successful search (ES-wcm)        
    19         929         20397.2          6.6767      0.00195312      Successful search (ES-wcm)        
    19         979         20392.5         5.59399      0.00390625        Successful poll           
    20         980         20392.1         5.54678      0.00390625      Successful search (ES-wcm)        
    20         981         20389.5         8.12013      0.00390625      Successful search (ES-ell)        
    20         982         20388.2         10.5689      0.00390625      Successful search (ES-wcm)        
    20         984         20385.5         13.2513      0.00390625      Successful search (ES-wcm)        
    20        1031         20385.5         13.2513      0.00195312          Refine grid             Train
    21        1032         20397.1         5.06302      0.00195312      Successful search (ES-ell)        
    21        1033         20396.1         6.30667      0.00195312      Successful search (ES-ell)        
    21        1034         20392.6         8.08878      0.00195312      Successful search (ES-ell)        
    21        1035           20386         10.7837      0.00195312      Successful search (ES-ell)        
    21        1036         20382.5         14.2193      0.00195312      Successful search (ES-ell)        
    21        1037         20364.5         18.4432      0.00195312      Successful search (ES-ell)        
    21        1039           20361         24.5845      0.00195312      Successful search (ES-wcm)        
    21        1083           20361         24.5845     0.000976562          Refine grid             Train
Optimization terminated: change in the function value less than options['tol_mesh']
Estimated function value at minimum: 20396.483274562623 ± 3.560783387457149 (mean ± SEM from 100 samples)
BADS minimum at: x_min = [ 2.8089e+00  3.8410e+00  5.0225e+00  1.2000e-03 -3.5040e-01  7.9090e+00
  8.4768e+00  4.2020e-01  4.1250e-01  4.4020e-01  0.0000e+00  1.3427e+00
  2.3680e-01], training NLL = 20396.4833
total f-count: 1183, time: 53.04 min

 ------- Finish Optimization for Subject 6 ---------- 

 ------- Start Optimization for Subject 11 ---------- 

 Cross Validation fold 0/1

 -- Start Optimization: method BADS --

 Optimization Run 1/2
Initial params: [0.0204, 3.0546, 2.3936, 13.7383, 4.618, 10.9609, 28.0452, 0.6224, 0.2008, 0.116, 0.0163, 0.8321, 0.7629]
bads:TooCloseBounds: For each variable, hard and plausible bounds should not be too close. Moving plausible bounds.
Variables (index) internally transformed to log coordinates: [[ 0  0]
 [ 0  3]
 [ 0 10]
 [ 0 11]
 [ 0 12]]
Beginning optimization of a STOCHASTIC objective function

 Iteration    f-count      E[f(x)]        SD[f(x)]           MeshScale          Method              Actions
     0           1         27274.1             nan               1                                  
     0          25         25973.3             nan               1          Initial mesh            Initial points
     0          26         25537.4         1.00001               1        Successful poll           Train
     1          27         24705.1         1.00001               1      Successful search (ES-ell)        
     1          28         24522.5         1.00001               1      Successful search (ES-ell)        
     1          29         24252.1         1.00001               1      Successful search (ES-wcm)        
     1          31         24142.5         1.00001               1      Successful search (ES-ell)        
     1          35         23969.1        0.999996               1      Successful search (ES-wcm)        
     1          36         23955.8               1               1      Successful search (ES-ell)        
     1          37         23432.3         1.00001               1      Successful search (ES-ell)        
     1          43         23383.8        0.999901               1      Successful search (ES-wcm)        
     1          48         23346.6        0.999111               1      Successful search (ES-ell)        
     1          49         23234.5        0.999423               1      Successful search (ES-ell)        
     1          51         23209.6         0.99914               1      Successful search (ES-wcm)        
     1          59         23101.1        0.990914               1      Successful search (ES-ell)        
     1          65         23100.7        0.936833               1      Incremental search (ES-ell)        
     1          66         22610.1        0.992758               1      Successful search (ES-ell)        
     1          72         22414.4        0.992382               1      Successful search (ES-ell)        
     1          77         22281.7        0.985791               1      Successful search (ES-ell)        
     1          86         22267.5           1.089               1      Successful search (ES-ell)        
     1          96           22244         1.08933               1      Successful search (ES-ell)        
     1         107         22238.9         1.15737               1      Successful search (ES-ell)        
     1         109         22202.7         1.15736               1      Successful search (ES-ell)        
     1         111         22129.8         1.15736               1      Successful search (ES-ell)        
     1         113         22043.4         1.15736               1      Successful search (ES-ell)        
     1         117           22033         1.15731               1      Successful search (ES-ell)        
     1         122         21923.5         1.15731               1      Successful search (ES-ell)        
     1         126         21895.6         1.15721               1      Successful search (ES-ell)        
     1         135         21843.1         1.10686               1      Successful search (ES-ell)        
     1         136         21725.2         1.10704               1      Successful search (ES-ell)        
     1         140         21722.7         1.10688               1      Successful search (ES-ell)        
     1         142         21719.9         1.10652               1      Successful search (ES-ell)        
     1         145         21656.7         1.10708               1      Successful search (ES-ell)        
     1         149         21598.9         1.10695               1      Successful search (ES-ell)        
     1         150         21471.5         1.10701               1      Successful search (ES-ell)        
     1         153         21453.1           1.107               1      Successful search (ES-ell)        
     1         155         21362.5         1.10697               1      Successful search (ES-ell)        
     1         188         21336.3         1.08601               1        Successful poll           Train
     2         191         21227.8         39.6561               1      Successful search (ES-ell)        
     2         202         21212.7         39.8593               1      Successful search (ES-wcm)        
     2         209         21156.6         32.6319               1      Successful search (ES-wcm)        
     2         210         21078.9         32.4507               1      Successful search (ES-wcm)        
     2         211         21072.8          37.209               1      Successful search (ES-wcm)        
     2         219         21049.6          28.343               1      Successful search (ES-wcm)        
     2         221         21036.8         26.9484               1      Successful search (ES-wcm)        
     2         259         21036.8         26.9484             0.5          Refine grid             Train
     3         261           21083          36.828             0.5      Successful search (ES-wcm)        
     3         263         21063.4         26.7368             0.5      Successful search (ES-wcm)        
     3         264         21050.9         38.2554             0.5      Successful search (ES-wcm)        
     3         266         20997.1         40.8226             0.5      Successful search (ES-wcm)        
     3         277         20995.6         20.8624             0.5      Successful search (ES-ell)        
     3         278         20953.8         29.2523             0.5      Successful search (ES-ell)        
     3         287         20935.1         34.7802             0.5      Successful search (ES-ell)        
     3         288         20895.6         45.5097             0.5      Successful search (ES-ell)        
     3         302         20891.4         22.0902             0.5      Successful search (ES-ell)        
     3         303           20874         25.1168             0.5      Successful search (ES-wcm)        
     3         305         20860.5         28.9503             0.5      Successful search (ES-ell)        
     3         306         20860.1         38.0945             0.5      Successful search (ES-ell)        
     3         310         20856.7         25.6595             0.5      Successful search (ES-ell)        
     3         313         20848.2         32.6087             0.5      Successful search (ES-ell)        
     3         314         20779.5         47.1248             0.5      Successful search (ES-wcm)        
     3         320           20759         38.1554             0.5      Successful search (ES-ell)        
     3         323         20750.1         31.9467             0.5      Successful search (ES-ell)        
     3         324           20709         39.3392             0.5      Successful search (ES-ell)        
     3         329         20698.8         28.8514             0.5      Successful search (ES-ell)        
     3         331           20697         29.2213             0.5      Successful search (ES-ell)        
     3         374           20697         29.2213            0.25          Refine grid             
     4         375           20714         17.5781            0.25      Successful search (ES-wcm)        
     4         377         20701.2         17.3714            0.25      Successful search (ES-wcm)        
     4         388         20639.2         25.4964            0.25      Successful search (ES-ell)        
     4         438         20639.2         25.4964           0.125          Refine grid             
     5         439           20733         12.8658           0.125      Successful search (ES-wcm)        
     5         441         20701.7         21.2773           0.125      Successful search (ES-wcm)        
     5         445         20701.4         16.1844           0.125      Successful search (ES-wcm)        
     5         446         20693.4         19.1427           0.125      Successful search (ES-wcm)        
     5         490         20693.4         19.1427          0.0625          Refine grid             
     6         491         20705.2         8.94249          0.0625      Successful search (ES-wcm)        
     6         492         20686.7         12.4112          0.0625      Successful search (ES-wcm)        
     6         493         20675.3          24.874          0.0625      Successful search (ES-wcm)        
     6         496         20667.9         16.1667          0.0625      Successful search (ES-wcm)        
     6         542         20667.9         16.1667         0.03125          Refine grid             Train
     7         543         20689.9         6.74952         0.03125      Successful search (ES-wcm)        
     7         544         20682.1         7.45195         0.03125      Successful search (ES-ell)        
     7         545         20672.2         9.37518         0.03125      Successful search (ES-ell)        
     7         546         20654.2         14.7791         0.03125      Successful search (ES-ell)        
     7         547         20645.3         19.6313         0.03125      Successful search (ES-ell)        
     7         548         20643.9         25.3679         0.03125      Successful search (ES-ell)        
     7         549         20614.2         32.5451         0.03125      Successful search (ES-ell)        
     7         594         20614.2         32.5451        0.015625          Refine grid             Train
     8         595         20639.6         7.19813        0.015625      Successful search (ES-ell)        
     8         596           20629         8.22275        0.015625      Successful search (ES-ell)        
     8         597         20623.5         10.9385        0.015625      Successful search (ES-ell)        
     8         598         20615.5         15.3394        0.015625      Successful search (ES-ell)        
     8         646         20615.5         15.3394       0.0078125          Refine grid             
     9         647           20643         7.14086       0.0078125      Successful search (ES-ell)        
     9         648         20638.8         7.81544       0.0078125      Successful search (ES-ell)        
     9         649         20636.2         8.52877       0.0078125      Successful search (ES-ell)        
     9         651         20631.8         9.30732       0.0078125      Successful search (ES-ell)        
     9         652         20625.6         9.46381       0.0078125      Successful search (ES-wcm)        
     9         654           20619         11.0848       0.0078125      Successful search (ES-ell)        
     9         657         20615.1         11.8402       0.0078125      Successful search (ES-ell)        
     9         658         20612.6         13.6112       0.0078125      Successful search (ES-ell)        
     9         698         20611.8         10.7189        0.015625        Successful poll           
    10         699         20597.3         10.3249        0.015625      Successful search (ES-ell)        
    10         701         20596.9         11.0706        0.015625      Successful search (ES-ell)        
    10         702         20595.9         12.5823        0.015625      Successful search (ES-ell)        
    10         750         20595.9         12.5823       0.0078125          Refine grid             
    11         751         20621.5         7.69405       0.0078125      Successful search (ES-ell)        
    11         752         20618.9          8.9019       0.0078125      Successful search (ES-wcm)        
    11         753           20616         10.8319       0.0078125      Successful search (ES-wcm)        
    11         754         20614.6          13.801       0.0078125      Successful search (ES-wcm)        
    11         802         20614.6          13.801      0.00390625          Refine grid             Train
    12         803         20628.5         6.62727      0.00390625      Successful search (ES-wcm)        
    12         804         20626.1         7.13806      0.00390625      Successful search (ES-wcm)        
    12         805         20622.2          7.4655      0.00390625      Successful search (ES-ell)        
    12         806         20620.8         8.33554      0.00390625      Successful search (ES-ell)        
    12         807         20613.9         9.08541      0.00390625      Successful search (ES-ell)        
    12         808         20607.3         11.2173      0.00390625      Successful search (ES-ell)        
    12         854         20607.3         11.2173      0.00195312          Refine grid             Train
    13         855         20633.9         5.21275      0.00195312      Successful search (ES-ell)        
    13         856         20632.4         5.45711      0.00195312      Successful search (ES-ell)        
    13         857         20630.2          5.8416      0.00195312      Successful search (ES-ell)        
    13         858         20628.7         6.69146      0.00195312      Successful search (ES-ell)        
    13         859         20625.8         7.85166      0.00195312      Successful search (ES-ell)        
    13         860         20622.3         10.4472      0.00195312      Successful search (ES-wcm)        
    13         861         20617.9         13.9398      0.00195312      Successful search (ES-wcm)        
    13         862         20614.3         18.1093      0.00195312      Successful search (ES-wcm)        
    13         906         20614.3         18.1093     0.000976562          Refine grid             
Optimization terminated: change in the function value less than options['tol_mesh']
Estimated function value at minimum: 20617.62604672698 ± 4.8046118707512395 (mean ± SEM from 100 samples)
BADS minimum at: x_min = [ 1.29180e+00  4.13610e+00  5.37700e+00  1.63900e-01 -5.50000e-03
  7.28010e+00  1.21098e+01  4.01100e-01  3.92100e-01  4.95800e-01
  2.12000e-01  1.25720e+00  2.71100e-01], training NLL = 20617.626
total f-count: 1006, time: 45.16 min

 Optimization Run 2/2
Initial params: [0.9557, 7.4479, 12.5857, 1.2678, -4.0992, 21.09, 21.4309, 0.2352, 0.1299, 0.2972, 0.7099, 0.7623, 0.4289]
bads:TooCloseBounds: For each variable, hard and plausible bounds should not be too close. Moving plausible bounds.
Variables (index) internally transformed to log coordinates: [[ 0  0]
 [ 0  3]
 [ 0 10]
 [ 0 11]
 [ 0 12]]
Beginning optimization of a STOCHASTIC objective function

 Iteration    f-count      E[f(x)]        SD[f(x)]           MeshScale          Method              Actions
     0           1         25492.6             nan               1                                  
     0          25         25492.6             nan               1          Initial mesh            Initial points
     0          42         25056.1        0.999991               1        Successful poll           Train
     1          44         23478.5        0.999944               1      Successful search (ES-wcm)        
     1          46         23111.8         0.99998               1      Successful search (ES-wcm)        
     1          52         22963.1        0.995973               1      Successful search (ES-wcm)        
     1          54         22838.9        0.995144               1      Successful search (ES-wcm)        
     1          61         22702.3        0.994979               1      Successful search (ES-wcm)        
     1          63         22645.8        0.994789               1      Successful search (ES-wcm)        
     1          73         22528.7        0.994641               1      Successful search (ES-wcm)        
     1          76         22504.1        0.994151               1      Successful search (ES-wcm)        
     1          77         22329.4         0.99411               1      Successful search (ES-wcm)        
     1          79           22272        0.994784               1      Successful search (ES-wcm)        
     1          83           22262         1.00605               1      Successful search (ES-ell)        
     1          87         22064.2         1.00605               1      Successful search (ES-wcm)        
     1          89         22035.8         1.00603               1      Successful search (ES-wcm)        
     1          97         22026.1         1.00603               1      Successful search (ES-wcm)        
     1         102         21962.2         1.00594               1      Successful search (ES-wcm)        
     1         105         21956.6          1.0059               1      Successful search (ES-wcm)        
     1         106         21942.4         1.00591               1      Successful search (ES-wcm)        
     1         108         21890.9         1.06874               1      Successful search (ES-wcm)        
     1         112         21819.8         1.06874               1      Successful search (ES-wcm)        
     1         120         21769.4         1.06833               1      Successful search (ES-wcm)        
     1         133         21730.6         1.02473               1      Successful search (ES-wcm)        
     1         136         21716.7         1.08189               1      Successful search (ES-ell)        
     1         144         21553.2         1.08039               1      Successful search (ES-ell)        
     1         179         21553.2         1.08039             0.5          Refine grid             Train
     2         180         21689.5         38.0509             0.5      Successful search (ES-ell)        
     2         182         21615.2         37.2542             0.5      Successful search (ES-ell)        
     2         189         21603.8         25.1811             0.5      Successful search (ES-wcm)        
     2         190         21586.1         30.5358             0.5      Successful search (ES-wcm)        
     2         191         21555.5         35.1315             0.5      Successful search (ES-wcm)        
     2         192         21554.2         42.4673             0.5      Successful search (ES-wcm)        
     2         196           21535         28.2305             0.5      Successful search (ES-wcm)        
     2         208         21533.8         23.2453             0.5      Successful search (ES-wcm)        
     2         210         21493.1         31.0838             0.5      Successful search (ES-ell)        
     2         211         21485.3         42.6881             0.5      Successful search (ES-ell)        
     2         219         21472.2          40.892             0.5      Successful search (ES-ell)        
     2         222         21442.7         38.6191             0.5      Successful search (ES-ell)        
     2         226         21430.5         25.2832             0.5      Successful search (ES-ell)        
     2         267         21430.5         25.2832            0.25          Refine grid             Train
     3         268           21440         22.9957            0.25      Successful search (ES-wcm)        
     3         269         21417.2         29.1618            0.25      Successful search (ES-wcm)        
     3         270         21402.2         38.1901            0.25      Successful search (ES-ell)        
     3         275           21394         28.6092            0.25      Successful search (ES-ell)        
     3         276         21355.9         32.6647            0.25      Successful search (ES-ell)        
     3         317         21355.9         32.6647           0.125          Refine grid             
     4         318         21359.4         14.1459           0.125      Successful search (ES-ell)        
     4         319         21343.6         25.3132           0.125      Successful search (ES-ell)        
     4         321         21291.8         23.9243           0.125      Successful search (ES-ell)        
     4         369         21291.8         23.9243          0.0625          Refine grid             
     5         370         21368.2         8.49701          0.0625      Successful search (ES-ell)        
     5         371         21348.4          11.039          0.0625      Successful search (ES-ell)        
     5         372         21324.5          16.105          0.0625      Successful search (ES-ell)        
     5         373         21286.1         22.3376          0.0625      Successful search (ES-ell)        
     5         375         21258.5         24.9035          0.0625      Successful search (ES-ell)        
     5         376         21256.8         29.4641          0.0625      Successful search (ES-ell)        
     5         383         21238.8         18.2023          0.0625      Successful search (ES-ell)        
     5         384         21214.6         20.1623          0.0625      Successful search (ES-ell)        
     5         386           21207         20.2536          0.0625      Successful search (ES-ell)        
     5         387         21199.5         24.8111          0.0625      Successful search (ES-ell)        
     5         393         21197.5          14.359          0.0625      Successful search (ES-ell)        
     5         434         21184.9           39.94           0.125        Successful poll           
     6         473         21181.4         39.1039          0.0625          Refine grid             Train
     7         474         21193.7         20.7121          0.0625      Successful search (ES-wcm)        
     7         525         21193.7         20.7121         0.03125          Refine grid             Train
     8         526         21220.6         7.97687         0.03125      Successful search (ES-ell)        
     8         527         21210.7         10.9088         0.03125      Successful search (ES-ell)        
     8         528           21204         16.6791         0.03125      Successful search (ES-ell)        
     8         529         21180.4         24.9865         0.03125      Successful search (ES-ell)        
     8         530           21140         28.8859         0.03125      Successful search (ES-ell)        
     8         531         21108.9         32.9195         0.03125      Successful search (ES-ell)        
     8         532         21083.6         37.2885         0.03125      Successful search (ES-ell)        
     8         533         21012.3         38.7928         0.03125      Successful search (ES-ell)        
     8         577         21012.3         38.7928        0.015625          Refine grid             
     9         578         21043.5         7.67071        0.015625      Successful search (ES-ell)        
     9         579         21032.5         8.28938        0.015625      Successful search (ES-ell)        
     9         580         21019.4         9.58446        0.015625      Successful search (ES-ell)        
     9         581         20991.4          12.051        0.015625      Successful search (ES-ell)        
     9         582         20972.6         15.4722        0.015625      Successful search (ES-ell)        
     9         583         20962.2         18.5986        0.015625      Successful search (ES-ell)        
     9         629         20962.2         18.5986       0.0078125          Refine grid             
    10         630           21076         7.15163       0.0078125      Successful search (ES-ell)        
    10         631         21065.9         7.38439       0.0078125      Successful search (ES-ell)        
    10         632         21053.5         7.85782       0.0078125      Successful search (ES-ell)        
    10         633         21036.7         8.89407       0.0078125      Successful search (ES-ell)        
    10         634         21016.7         10.2089       0.0078125      Successful search (ES-wcm)        
    10         635         20994.6         12.2439       0.0078125      Successful search (ES-wcm)        
    10         636         20954.8         14.9693       0.0078125      Successful search (ES-ell)        
    10         637         20913.4          20.202       0.0078125      Successful search (ES-ell)        
    10         681         20913.4          20.202      0.00390625          Refine grid             
    11         682         21061.2          6.4818      0.00390625      Successful search (ES-wcm)        
    11         683         21057.4         6.76881      0.00390625      Successful search (ES-ell)        
    11         684         21036.4         7.37353      0.00390625      Successful search (ES-wcm)        
    11         685         21016.1         8.95202      0.00390625      Successful search (ES-wcm)        
    11         686         20986.8         10.7843      0.00390625      Successful search (ES-wcm)        
    11         687         20957.4         11.0331      0.00390625      Successful search (ES-wcm)        
    11         688         20942.1         13.3521      0.00390625      Successful search (ES-wcm)        
    11         689         20932.1         16.0752      0.00390625      Successful search (ES-wcm)        
    11         690         20916.3         17.6965      0.00390625      Successful search (ES-wcm)        
    11         733         20916.3         17.6965      0.00195312          Refine grid             Train
    12         734         20977.7         6.40541      0.00195312      Successful search (ES-wcm)        
    12         735         20973.8         6.32995      0.00195312      Successful search (ES-wcm)        
    12         736         20968.1         6.45618      0.00195312      Successful search (ES-wcm)        
    12         737         20961.5         6.93275      0.00195312      Successful search (ES-wcm)        
    12         738         20954.6         8.25237      0.00195312      Successful search (ES-wcm)        
    12         739         20951.6         10.1212      0.00195312      Successful search (ES-wcm)        
    12         785         20951.6         10.1212     0.000976562          Refine grid             Train
Optimization terminated: change in the function value less than options['tol_mesh']
Estimated function value at minimum: 20986.5060779733 ± 5.153632601107989 (mean ± SEM from 100 samples)
BADS minimum at: x_min = [ 1.91010e+00  5.66830e+00  6.43940e+00  1.70000e-03 -7.51000e-02
  1.14080e+01  1.57423e+01  4.18400e-01  3.28500e-01  3.62100e-01
  0.00000e+00  1.04990e+00  2.76300e-01], training NLL = 20986.5061
total f-count: 885, time: 39.75 min

 ------- Finish Optimization for Subject 11 ---------- 

 ------- Start Optimization for Subject 15 ---------- 

 Cross Validation fold 0/1

 -- Start Optimization: method BADS --

 Optimization Run 1/2
Initial params: [0.4282, 4.744, 5.9782, 3.0244, 4.7279, 13.4389, 8.8947, 0.2385, 0.2181, 0.279, 0.8007, 0.4891, 0.8177]
bads:TooCloseBounds: For each variable, hard and plausible bounds should not be too close. Moving plausible bounds.
Variables (index) internally transformed to log coordinates: [[ 0  0]
 [ 0  3]
 [ 0 10]
 [ 0 11]
 [ 0 12]]
Beginning optimization of a STOCHASTIC objective function

 Iteration    f-count      E[f(x)]        SD[f(x)]           MeshScale          Method              Actions
     0           1           26499             nan               1                                  
     0          25         24328.6             nan               1          Initial mesh            Initial points
     0          39         23623.3        0.960606               1        Successful poll           Train
     1          40         21713.2        0.960605               1      Successful search (ES-wcm)        
     1          46         21692.4        0.960283               1      Successful search (ES-wcm)        
     1          47         21224.2        0.960572               1      Successful search (ES-ell)        
     1          50         21174.3         0.96039               1      Successful search (ES-ell)        
     1          53         20929.1        0.977462               1      Successful search (ES-ell)        
     1          54           20836        0.977467               1      Successful search (ES-ell)        
     1          58         20645.3        0.977423               1      Successful search (ES-ell)        
     1          59         20587.9         0.97745               1      Successful search (ES-ell)        
     1          62         20508.3        0.977318               1      Successful search (ES-ell)        
     1          63           20445        0.977397               1      Successful search (ES-ell)        
     1          65         20306.1        0.977255               1      Successful search (ES-ell)        
     1          67         20224.7        0.977087               1      Successful search (ES-ell)        
     1          69         19910.9         0.97728               1      Successful search (ES-ell)        
     1          70         19786.2        0.977405               1      Successful search (ES-ell)        
     1          71         19548.1        0.977431               1      Successful search (ES-wcm)        
     1          72         19329.9        0.977435               1      Successful search (ES-wcm)        
     1          75         19327.9        0.977321               1      Successful search (ES-ell)        
     1          80         19260.4        0.993464               1      Successful search (ES-wcm)        
     1          83         19254.6         0.99345               1      Successful search (ES-ell)        
     1          86         19099.9        0.992943               1      Successful search (ES-wcm)        
     1         123         19099.9        0.992943             0.5          Refine grid             Train
     2         157         19100.5         1.06686            0.25          Refine grid             Train
     3         159         19156.3         1.24049            0.25      Successful search (ES-wcm)        
     3         162         19134.6         1.40784            0.25      Successful search (ES-wcm)        
     3         163           19128         1.40782            0.25      Successful search (ES-ell)        
     3         167         19029.5         1.40784            0.25      Successful search (ES-wcm)        
     3         206         19008.4         1.20904             0.5        Successful poll           Train
     4         208         18995.3         1.20904             0.5      Successful search (ES-wcm)        
     4         218         18986.9         1.20904             0.5      Successful search (ES-wcm)        
     4         224         18955.9         1.20904             0.5      Successful search (ES-wcm)        
     4         226         18914.9         1.20904             0.5      Successful search (ES-wcm)        
     4         227         18912.9         1.20904             0.5      Successful search (ES-wcm)        
     4         245         18899.4         1.20608             0.5      Successful search (ES-wcm)        
     4         257         18886.9         1.20605             0.5      Successful search (ES-wcm)        
     4         292         18886.9         1.20605            0.25          Refine grid             Train
     5         298         18841.5          1.1647            0.25      Successful search (ES-ell)        
     5         341         18841.5          1.1647           0.125          Refine grid             Train
     6         377         18887.5         1.16048          0.0625          Refine grid             Train
     7         378         18926.2          5.6961          0.0625      Successful search (ES-wcm)        
     7         379         18908.2         13.6308          0.0625      Successful search (ES-wcm)        
     7         427         18908.2         13.6308         0.03125          Refine grid             Train
     8         428           18940          4.4812         0.03125      Successful search (ES-wcm)        
     8         429         18924.8         6.03791         0.03125      Successful search (ES-ell)        
     8         430         18915.7         9.05652         0.03125      Successful search (ES-wcm)        
     8         431         18914.4          15.607         0.03125      Successful search (ES-wcm)        
     8         476         18914.4          15.607        0.015625          Refine grid             
     9         477         18922.2         5.27973        0.015625      Successful search (ES-ell)        
     9         478         18919.1         6.20908        0.015625      Successful search (ES-ell)        
     9         479         18914.8         8.03068        0.015625      Successful search (ES-ell)        
     9         480         18912.3          10.752        0.015625      Successful search (ES-ell)        
     9         482         18911.5          9.4631        0.015625      Successful search (ES-wcm)        
     9         483         18907.8         14.4477        0.015625      Successful search (ES-wcm)        
     9         525         18905.9         8.11602         0.03125        Successful poll           
    10         526           18906         6.95592         0.03125      Successful search (ES-ell)        
    10         527         18896.9          7.5743         0.03125      Successful search (ES-ell)        
    10         528         18888.8         11.0831         0.03125      Successful search (ES-wcm)        
    10         574         18888.8         11.0831        0.015625          Refine grid             Train
    11         609         18909.1         7.95822         0.03125        Successful poll           Train
    12         610         18906.2         8.85847         0.03125      Successful search (ES-ell)        
    12         611         18904.8         11.1421         0.03125      Successful search (ES-ell)        
    12         612         18895.2         14.6035         0.03125      Successful search (ES-ell)        
    12         660         18895.2         14.6035        0.015625          Refine grid             
    13         661           18917         4.17814        0.015625      Successful search (ES-wcm)        
    13         662         18915.1         5.69129        0.015625      Successful search (ES-wcm)        
    13         663         18912.7         7.97838        0.015625      Successful search (ES-wcm)        
    13         709         18912.7         7.97838       0.0078125          Refine grid             Train
    14         710         18915.5         7.48425       0.0078125      Successful search (ES-ell)        
    14         715         18914.4         7.25471       0.0078125      Successful search (ES-ell)        
    14         717         18913.7         7.06373       0.0078125      Successful search (ES-ell)        
    14         758         18913.7         7.06373      0.00390625          Refine grid             Train
    15         759         18913.6         3.95869      0.00390625      Successful search (ES-wcm)        
    15         760         18911.3         4.43441      0.00390625      Successful search (ES-wcm)        
    15         762         18910.9         5.02071      0.00390625      Successful search (ES-wcm)        
    15         767         18910.3         4.86992      0.00390625      Successful search (ES-wcm)        
    15         769           18910         4.76916      0.00390625      Successful search (ES-ell)        
    15         771         18908.5          4.7992      0.00390625      Successful search (ES-ell)        
    15         772         18907.9         5.19725      0.00390625      Successful search (ES-ell)        
    15         773         18906.6         5.72908      0.00390625      Successful search (ES-ell)        
    15         818         18905.7         5.40804       0.0078125        Successful poll           Train
    16         819         18913.6         6.20124       0.0078125      Successful search (ES-ell)        
    16         820           18913         7.68058       0.0078125      Successful search (ES-ell)        
    16         821         18907.6         10.7094       0.0078125      Successful search (ES-ell)        
    16         822         18904.4         13.5521       0.0078125      Successful search (ES-ell)        
    16         867         18904.4         13.5521      0.00390625          Refine grid             
    17         868         18909.7         5.41018      0.00390625      Successful search (ES-ell)        
    17         869         18907.9         6.36968      0.00390625      Successful search (ES-ell)        
    17         870           18904         7.87696      0.00390625      Successful search (ES-ell)        
    17         871         18901.8         9.50663      0.00390625      Successful search (ES-ell)        
    17         918           18895         7.51001       0.0078125        Successful poll           
    18         919         18892.4         10.0901       0.0078125      Successful search (ES-ell)        
    18         920         18877.9         12.7186       0.0078125      Successful search (ES-ell)        
    18         921         18867.9         15.1597       0.0078125      Successful search (ES-ell)        
    18         967         18867.9         15.1597      0.00390625          Refine grid             Train
    19         968         18904.3         8.53432      0.00390625      Successful search (ES-ell)        
    19         969         18900.7         9.51155      0.00390625      Successful search (ES-ell)        
    19         970         18891.7         12.0072      0.00390625      Successful search (ES-wcm)        
    19         971         18879.5         14.1896      0.00390625      Successful search (ES-ell)        
    19        1016         18879.5         14.1896      0.00195312          Refine grid             Train
    20        1017         18908.5         5.93315      0.00195312      Successful search (ES-ell)        
    20        1018         18907.6          6.4721      0.00195312      Successful search (ES-ell)        
    20        1019         18905.6         7.63017      0.00195312      Successful search (ES-ell)        
    20        1020         18905.2         9.66446      0.00195312      Successful search (ES-ell)        
    20        1021         18900.5         12.2962      0.00195312      Successful search (ES-wcm)        
    20        1022         18891.4          14.002      0.00195312      Successful search (ES-wcm)        
    20        1024         18889.7         13.9656      0.00195312      Successful search (ES-wcm)        
    20        1025         18874.2         17.2371      0.00195312      Successful search (ES-wcm)        
    20        1065         18874.2         17.2371     0.000976562          Refine grid             
Optimization terminated: change in the function value less than options['tol_mesh']
Estimated function value at minimum: 18914.53282473538 ± 3.0889577747150785 (mean ± SEM from 100 samples)
BADS minimum at: x_min = [ 1.771   9.1832  7.7104  0.6332 -4.0335  7.7118 13.7104  0.4728  0.4873
  0.5142  0.0763  1.9948  0.3724], training NLL = 18914.5328
total f-count: 1165, time: 52.04 min

 Optimization Run 2/2
Initial params: [1.2383, 4.9537, 7.5077, 1.4788, -2.7553, 8.681, 10.1442, 0.4379, 0.2476, 0.2632, 0.6126, 0.4152, 0.9653]
bads:TooCloseBounds: For each variable, hard and plausible bounds should not be too close. Moving plausible bounds.
Variables (index) internally transformed to log coordinates: [[ 0  0]
 [ 0  3]
 [ 0 10]
 [ 0 11]
 [ 0 12]]
Beginning optimization of a STOCHASTIC objective function

 Iteration    f-count      E[f(x)]        SD[f(x)]           MeshScale          Method              Actions
     0           1           24586             nan               1                                  
     0          25         24292.1             nan               1          Initial mesh            Initial points
     0          40           23609         0.99996               1        Successful poll           Train
     1          41         22524.8        0.999958               1      Successful search (ES-ell)        
     1          43         22252.7         0.99996               1      Successful search (ES-wcm)        
     1          44         21957.7        0.999961               1      Successful search (ES-ell)        
     1          50           21255        0.999894               1      Successful search (ES-ell)        
     1          54         21242.4         1.06959               1      Successful search (ES-ell)        
     1          56         20987.7         1.06958               1      Successful search (ES-ell)        
     1          62         20928.8          1.0683               1      Successful search (ES-ell)        
     1          64         20821.3         1.06811               1      Successful search (ES-ell)        
     1          65         20767.9         1.06854               1      Successful search (ES-ell)        
     1          66         20643.2         1.06934               1      Successful search (ES-ell)        
     1          69         20610.6         1.06845               1      Successful search (ES-ell)        
     1          70         20565.6         1.06899               1      Successful search (ES-ell)        
     1          71         20559.3         1.06954               1      Successful search (ES-wcm)        
     1          75         19938.7         1.06946               1      Successful search (ES-ell)        
     1          76         19848.8         1.06943               1      Successful search (ES-ell)        
     1          79         19592.8         1.06933               1      Successful search (ES-ell)        
     1          80         19412.3        0.961496               1      Successful search (ES-ell)        
     1          81         19340.6        0.961497               1      Successful search (ES-ell)        
     1          84         19219.7        0.961495               1      Successful search (ES-ell)        
     1          91         19194.3         0.96059               1      Successful search (ES-ell)        
     1         125         19194.3         0.96059             0.5          Refine grid             Train
     2         159         19199.6        0.957187            0.25          Refine grid             Train
     3         160         19161.5         10.7568            0.25      Successful search (ES-ell)        
     3         208         19161.5         10.7568           0.125          Refine grid             Train
     4         209         19246.4         5.80294           0.125      Successful search (ES-ell)        
     4         210         19229.8         8.92131           0.125      Successful search (ES-ell)        
     4         211         19194.6         13.0858           0.125      Successful search (ES-ell)        
     4         212         19170.1         19.5075           0.125      Successful search (ES-ell)        
     4         213         19109.4         23.0104           0.125      Successful search (ES-ell)        
     4         214         19042.9         27.1009           0.125      Successful search (ES-ell)        
     4         215         19029.8         29.3883           0.125      Successful search (ES-ell)        
     4         218           18994         25.7223           0.125      Successful search (ES-ell)        
     4         219         18984.1         26.7625           0.125      Successful search (ES-ell)        
     4         222         18975.5         19.6373           0.125      Successful search (ES-ell)        
     4         227         18973.4         11.3773           0.125      Successful search (ES-ell)        
     4         269         18973.4         11.3773          0.0625          Refine grid             Train
     5         270         18977.7         5.16294          0.0625      Successful search (ES-ell)        
     5         271         18970.7         6.65074          0.0625      Successful search (ES-ell)        
     5         272         18962.2         8.90024          0.0625      Successful search (ES-ell)        
     5         273         18960.2         12.5783          0.0625      Successful search (ES-ell)        
     5         318         18960.2         12.5783         0.03125          Refine grid             
     6         319           18976          4.4372         0.03125      Successful search (ES-wcm)        
     6         320         18968.8         4.83826         0.03125      Successful search (ES-wcm)        
     6         321         18955.6         6.12138         0.03125      Successful search (ES-wcm)        
     6         322         18942.7         9.09126         0.03125      Successful search (ES-wcm)        
     6         323         18941.3         11.8857         0.03125      Successful search (ES-wcm)        
     6         324         18935.9         12.9948         0.03125      Successful search (ES-wcm)        
     6         325         18930.2          14.299         0.03125      Successful search (ES-wcm)        
     6         326         18921.9         15.4313         0.03125      Successful search (ES-wcm)        
     6         328         18911.5         9.08675         0.03125      Successful search (ES-wcm)        
     6         329           18838         10.1669         0.03125      Successful search (ES-wcm)        
     6         366           18838         10.1669        0.015625          Refine grid             
     7         367         18944.6         4.87971        0.015625      Successful search (ES-wcm)        
     7         368         18944.4          5.0924        0.015625      Successful search (ES-wcm)        
     7         369           18943         5.22436        0.015625      Successful search (ES-wcm)        
     7         370         18941.4         5.58575        0.015625      Successful search (ES-wcm)        
     7         371         18941.3         5.88266        0.015625      Successful search (ES-wcm)        
     7         372         18940.5          6.4981        0.015625      Successful search (ES-wcm)        
     7         373         18940.2         7.12287        0.015625      Successful search (ES-wcm)        
     7         374         18937.2         8.52248        0.015625      Successful search (ES-wcm)        
     7         376         18927.7         9.58181        0.015625      Successful search (ES-ell)        
     7         415         18927.7         9.58181       0.0078125          Refine grid             
     8         416         18947.4         3.96418       0.0078125      Successful search (ES-ell)        
     8         417         18945.7         4.11712       0.0078125      Successful search (ES-wcm)        
     8         418         18944.8         4.47573       0.0078125      Successful search (ES-wcm)        
     8         435         18944.6         4.14454       0.0078125      Successful search (ES-wcm)        
     8         436         18943.8         4.17443       0.0078125      Successful search (ES-wcm)        
     8         437         18943.3         4.17985       0.0078125      Successful search (ES-wcm)        
     8         479         18938.2         3.96726        0.015625        Successful poll           
     9         480         18949.4          3.8989        0.015625      Successful search (ES-wcm)        
     9         481         18941.8         4.84019        0.015625      Successful search (ES-ell)        
     9         482         18941.4         6.61137        0.015625      Successful search (ES-wcm)        
     9         484         18937.8         8.07548        0.015625      Successful search (ES-ell)        
     9         485         18932.2         11.0392        0.015625      Successful search (ES-ell)        
     9         486         18921.4         14.1198        0.015625      Successful search (ES-ell)        
     9         529         18921.4         14.1198       0.0078125          Refine grid             Train
    10         530         18947.5         3.96322       0.0078125      Successful search (ES-ell)        
    10         531         18945.5         4.36502       0.0078125      Successful search (ES-ell)        
    10         532         18942.7         4.83571       0.0078125      Successful search (ES-ell)        
    10         533           18939          5.9848       0.0078125      Successful search (ES-ell)        
    10         534         18936.2         7.34657       0.0078125      Successful search (ES-ell)        
    10         535         18929.8         8.56204       0.0078125      Successful search (ES-ell)        
    10         536         18926.9         10.8693       0.0078125      Successful search (ES-ell)        
    10         578         18926.9         10.8693      0.00390625          Refine grid             
    11         579         18949.4         3.96533      0.00390625      Successful search (ES-ell)        
    11         580         18948.3         4.11799      0.00390625      Successful search (ES-ell)        
    11         581         18948.2         4.35713      0.00390625      Successful search (ES-ell)        
    11         584           18944         5.32031      0.00390625      Successful search (ES-ell)        
    11         585         18941.4         5.61138      0.00390625      Successful search (ES-ell)        
    11         586         18939.4         6.67173      0.00390625      Successful search (ES-ell)        
    11         587         18934.4         8.60708      0.00390625      Successful search (ES-ell)        
    11         588         18925.2         12.1946      0.00390625      Successful search (ES-ell)        
    11         589         18921.4         14.5049      0.00390625      Successful search (ES-ell)        
    11         590         18912.8         16.7659      0.00390625      Successful search (ES-ell)        
    11         591         18903.1         19.9356      0.00390625      Successful search (ES-ell)        
    11         629         18903.1         19.9356      0.00195312          Refine grid             
    12         630         18950.2         3.58201      0.00195312      Successful search (ES-ell)        
    12         632           18950         3.70762      0.00195312      Successful search (ES-ell)        
    12         635           18950         3.69018      0.00195312      Successful search (ES-ell)        
    12         636         18949.7         3.72396      0.00195312      Successful search (ES-ell)        
    12         637         18949.5         3.75977      0.00195312      Successful search (ES-ell)        
    12         641         18949.4         3.71061      0.00195312      Successful search (ES-wcm)        
    12         643           18949         3.73991      0.00195312      Successful search (ES-wcm)        
    12         693         18948.1         3.89722      0.00390625        Successful poll           
    13         694         18947.9         3.57828      0.00390625      Successful search (ES-ell)        
    13         695         18947.8         4.54559      0.00390625      Successful search (ES-wcm)        
    13         696           18945         5.14327      0.00390625      Successful search (ES-ell)        
    13         697         18943.4         6.22002      0.00390625      Successful search (ES-ell)        
    13         698           18941         8.44463      0.00390625      Successful search (ES-ell)        
    13         744           18941         8.44463      0.00195312          Refine grid             
    14         745         18950.5         5.43969      0.00195312      Successful search (ES-ell)        
    14         746         18948.8          5.5291      0.00195312      Successful search (ES-ell)        
    14         795         18948.8          5.5291     0.000976562          Refine grid             Train
Optimization terminated: change in the function value less than options['tol_mesh']
Estimated function value at minimum: 18954.55529372377 ± 3.5928500221449617 (mean ± SEM from 100 samples)
BADS minimum at: x_min = [ 2.0154 12.5674  9.2634 47.5133 -5.2566  9.3873 15.1074  0.4869  0.4218
  0.4155  0.      1.9987  0.3934], training NLL = 18954.5553
total f-count: 895, time: 39.97 min

 ------- Finish Optimization for Subject 15 ---------- 

 ------- Start Optimization for Subject 20 ---------- 

 Cross Validation fold 0/1

 -- Start Optimization: method BADS --

 Optimization Run 1/2
Initial params: [1.869, 4.2787, 5.4088, 12.5464, -1.264, 27.3175, 20.31, 0.3698, 0.2471, 0.1522, 0.1977, 0.69, 0.3913]
bads:TooCloseBounds: For each variable, hard and plausible bounds should not be too close. Moving plausible bounds.
Variables (index) internally transformed to log coordinates: [[ 0  0]
 [ 0  3]
 [ 0 10]
 [ 0 11]
 [ 0 12]]
Beginning optimization of a STOCHASTIC objective function

 Iteration    f-count      E[f(x)]        SD[f(x)]           MeshScale          Method              Actions
     0           1         25732.8             nan               1                                  
     0          25         25732.8             nan               1          Initial mesh            Initial points
     0          29         24933.8        0.999855               1        Successful poll           Train
     1          34         24453.8        0.999593               1      Successful search (ES-wcm)        
     1          37         24333.5        0.998448               1      Successful search (ES-wcm)        
     1          39         24300.9        0.997443               1      Successful search (ES-wcm)        
     1          40         24059.9        0.998315               1      Successful search (ES-wcm)        
     1          42         24056.2        0.999373               1      Successful search (ES-wcm)        
     1          44         23827.2        0.999445               1      Successful search (ES-wcm)        
     1          45         23400.9        0.999805               1      Successful search (ES-ell)        
     1          54         23340.2        0.997772               1      Successful search (ES-ell)        
     1          55         23247.2        0.999719               1      Successful search (ES-wcm)        
     1          58         22872.5        0.999745               1      Successful search (ES-ell)        
     1          74         22569.6        0.995802               1      Successful search (ES-ell)        
     1          75           22474        0.997793               1      Successful search (ES-ell)        
     1          77         22205.2        0.997271               1      Successful search (ES-ell)        
     1          78         22204.9        0.998977               1      Incremental search (ES-ell)        
     1          80         22074.8        0.973728               1      Successful search (ES-ell)        
     1          88           21925        0.973652               1      Successful search (ES-ell)        
     1         101         21916.4        0.973227               1      Successful search (ES-ell)        
     1         138         21916.4        0.973227             0.5          Refine grid             Train
     2         140         21907.4        0.999475             0.5      Successful search (ES-ell)        
     2         141         21860.6         0.99948             0.5      Successful search (ES-wcm)        
     2         144         21822.7         0.99948             0.5      Successful search (ES-wcm)        
     2         146         21771.6        0.999478             0.5      Successful search (ES-ell)        
     2         150         21768.2        0.999474             0.5      Successful search (ES-ell)        
     2         155         21759.2        0.999478             0.5      Successful search (ES-wcm)        
     2         156         21693.6        0.999479             0.5      Successful search (ES-wcm)        
     2         159         21576.9        0.999479             0.5      Successful search (ES-wcm)        
     2         171         21487.5         1.04766             0.5      Successful search (ES-wcm)        
     2         172         21475.5         1.04762             0.5      Successful search (ES-ell)        
     2         211         21475.5         1.04762            0.25          Refine grid             
     3         246         21481.2         1.03386           0.125          Refine grid             Train
     4         247         21540.4         13.5033           0.125      Successful search (ES-ell)        
     4         248         21413.1          27.963           0.125      Successful search (ES-ell)        
     4         250           21376         31.2808           0.125      Successful search (ES-ell)        
     4         252         21360.7         32.0154           0.125      Successful search (ES-ell)        
     4         253         21318.9         39.8228           0.125      Successful search (ES-ell)        
     4         254         21193.8         45.9546           0.125      Successful search (ES-ell)        
     4         257         21088.2         43.4272           0.125      Successful search (ES-ell)        
     4         259         21015.3         43.8337           0.125      Successful search (ES-ell)        
     4         265         21013.9         22.7857           0.125      Successful search (ES-wcm)        
     4         267         21009.5         20.4188           0.125      Successful search (ES-ell)        
     4         268           20993         21.5087           0.125      Successful search (ES-ell)        
     4         269         20976.1         26.2101           0.125      Successful search (ES-ell)        
     4         271         20972.6         24.6131           0.125      Successful search (ES-ell)        
     4         272         20947.9         31.6818           0.125      Successful search (ES-ell)        
     4         304         20941.3         28.6026            0.25        Successful poll           Train
     5         305         20877.6          37.285            0.25      Successful search (ES-ell)        
     5         306         20870.1          45.137            0.25      Successful search (ES-ell)        
     5         309         20777.9         38.5361            0.25      Successful search (ES-ell)        
     5         310         20759.9         47.8654            0.25      Successful search (ES-ell)        
     5         318         20756.7         42.1965            0.25      Successful search (ES-ell)        
     5         325           20756         20.7874            0.25      Successful search (ES-ell)        
     5         326         20722.2         21.6456            0.25      Successful search (ES-ell)        
     5         327         20704.1         24.9932            0.25      Successful search (ES-ell)        
     5         364         20704.1         24.9932           0.125          Refine grid             
     6         365         20727.9         17.2453           0.125      Successful search (ES-ell)        
     6         367         20721.3         22.9199           0.125      Successful search (ES-ell)        
     6         371         20710.1         17.3607           0.125      Successful search (ES-wcm)        
     6         412         20710.1         17.3607          0.0625          Refine grid             
     7         413           20723         9.52159          0.0625      Successful search (ES-wcm)        
     7         415         20722.1         15.6483          0.0625      Successful search (ES-wcm)        
     7         418         20715.7         15.1144          0.0625      Successful search (ES-wcm)        
     7         459         20715.7         15.1144         0.03125          Refine grid             
     8         460         20728.5          7.3091         0.03125      Successful search (ES-wcm)        
     8         461         20721.8         8.81498         0.03125      Successful search (ES-wcm)        
     8         462         20717.4         10.2662         0.03125      Successful search (ES-ell)        
     8         463         20714.2         12.8367         0.03125      Successful search (ES-ell)        
     8         481           20713         8.35277         0.03125      Successful search (ES-wcm)        
     8         482         20711.8         8.52902         0.03125      Successful search (ES-wcm)        
     8         483         20711.1         8.79021         0.03125      Successful search (ES-wcm)        
     8         484         20710.1         8.83731         0.03125      Successful search (ES-wcm)        
     8         485         20707.5         8.97892         0.03125      Successful search (ES-wcm)        
     8         486         20706.1         9.96284         0.03125      Successful search (ES-wcm)        
     8         502         20698.9         7.39128         0.03125      Successful search (ES-ell)        
     8         503         20674.1         7.81461         0.03125      Successful search (ES-ell)        
     8         504         20648.1         8.32827         0.03125      Successful search (ES-ell)        
     8         505         20606.3           9.367         0.03125      Successful search (ES-ell)        
     8         506         20558.1         12.3373         0.03125      Successful search (ES-ell)        
     8         507         20511.1         16.0623         0.03125      Successful search (ES-ell)        
     8         508         20510.2         20.8623         0.03125      Successful search (ES-ell)        
     8         548         20510.2         20.8623        0.015625          Refine grid             
     9         549         20719.7         6.16225        0.015625      Successful search (ES-wcm)        
     9         550         20717.2         6.10624        0.015625      Successful search (ES-ell)        
     9         551         20715.8           7.252        0.015625      Successful search (ES-ell)        
     9         552         20714.4         9.39843        0.015625      Successful search (ES-wcm)        
     9         553         20713.9         14.4947        0.015625      Successful search (ES-wcm)        
     9         559           20713         11.4932        0.015625      Successful search (ES-ell)        
     9         575         20700.7         38.0598         0.03125        Successful poll           
    10         576         20717.5         5.75566         0.03125      Successful search (ES-wcm)        
    10         577         20709.7         6.83178         0.03125      Successful search (ES-wcm)        
    10         578         20706.7          9.5524         0.03125      Successful search (ES-wcm)        
    10         579         20706.3         17.1504         0.03125      Successful search (ES-wcm)        
    10         623         20705.7         32.2233          0.0625        Successful poll           
    11         655         20691.3          13.532           0.125        Successful poll           
    12         689         20692.6         11.6148          0.0625          Refine grid             Train
    13         723           20725          7.5001         0.03125          Refine grid             Train
    14         724         20718.1         8.32978         0.03125      Successful search (ES-wcm)        
    14         725         20717.5         11.2533         0.03125      Successful search (ES-wcm)        
    14         727         20708.4         12.9678         0.03125      Successful search (ES-ell)        
    14         728         20695.1         19.8996         0.03125      Successful search (ES-ell)        
    14         729         20692.9         28.1335         0.03125      Successful search (ES-ell)        
    14         754         20692.5         26.0655          0.0625        Successful poll           Train
    15         755           20708         14.0032          0.0625      Successful search (ES-ell)        
    15         756         20702.1          17.518          0.0625      Successful search (ES-ell)        
    15         802         20689.4         27.1729           0.125        Successful poll           
    16         820         20677.9         30.8448            0.25        Successful poll           Train
    17         853         20678.6         28.8638           0.125          Refine grid             Train
    18         854         20685.2         17.2265           0.125      Successful search (ES-ell)        
    18         855         20667.6         25.1427           0.125      Successful search (ES-ell)        
    18         900         20667.6         25.1427          0.0625          Refine grid             Train
    19         901         20669.9         12.6046          0.0625      Successful search (ES-wcm)        
    19         904         20661.1         11.7057          0.0625      Successful search (ES-wcm)        
    19         908         20654.3          10.996          0.0625      Successful search (ES-ell)        
    19         909         20644.8         11.6413          0.0625      Successful search (ES-ell)        
    19         910         20632.5         14.0284          0.0625      Successful search (ES-ell)        
    19         911           20628         17.1975          0.0625      Successful search (ES-ell)        
    19         912         20622.1         22.6348          0.0625      Successful search (ES-ell)        
    19         914         20616.1         20.9173          0.0625      Successful search (ES-ell)        
    19         960         20616.1         20.9173         0.03125          Refine grid             Train
    20         961         20697.2         7.60871         0.03125      Successful search (ES-ell)        
    20         962         20646.5         10.8539         0.03125      Successful search (ES-ell)        
    20         963           20612         15.9762         0.03125      Successful search (ES-ell)        
    20        1008           20612         15.9762        0.015625          Refine grid             
    21        1009         20715.4         9.84488        0.015625      Successful search (ES-ell)        
    21        1010         20713.1         10.1726        0.015625      Successful search (ES-ell)        
    21        1011           20710         11.0988        0.015625      Successful search (ES-ell)        
    21        1013         20702.4         11.5271        0.015625      Successful search (ES-ell)        
    21        1037           20694         18.7677         0.03125        Successful poll           
    22        1038           20723         11.7717         0.03125      Successful search (ES-ell)        
    22        1039           20710         12.3005         0.03125      Successful search (ES-ell)        
    22        1041         20705.4         12.2893         0.03125      Successful search (ES-ell)        
    22        1044         20701.3         10.8657         0.03125      Successful search (ES-wcm)        
    22        1045         20696.8         11.1315         0.03125      Successful search (ES-wcm)        
    22        1046           20694         11.1536         0.03125      Successful search (ES-ell)        
    22        1047         20693.5         12.5539         0.03125      Successful search (ES-wcm)        
    22        1086         20693.5         12.5539        0.015625          Refine grid             Train
    23        1087         20723.5         7.57917        0.015625      Successful search (ES-ell)        
    23        1088           20711         7.02902        0.015625      Successful search (ES-wcm)        
    23        1089         20709.5         7.73131        0.015625      Successful search (ES-wcm)        
    23        1090         20700.7         8.75966        0.015625      Successful search (ES-wcm)        
    23        1091         20684.5         18.0085        0.015625      Successful search (ES-wcm)        
    23        1136         20684.5         18.0085       0.0078125          Refine grid             
    24        1137         20726.6         6.34246       0.0078125      Successful search (ES-wcm)        
    24        1138         20719.9          5.5951       0.0078125      Successful search (ES-wcm)        
    24        1139         20712.8         5.22272       0.0078125      Successful search (ES-wcm)        
    24        1140         20702.4         5.96668       0.0078125      Successful search (ES-wcm)        
    24        1141         20701.4         9.14765       0.0078125      Successful search (ES-wcm)        
    24        1146         20698.7         9.57312       0.0078125      Successful search (ES-ell)        
    24        1147         20689.2         10.9122       0.0078125      Successful search (ES-ell)        
    24        1148         20672.1         13.4683       0.0078125      Successful search (ES-ell)        
    24        1149         20652.9         15.8092       0.0078125      Successful search (ES-ell)        
    24        1186         20652.9         15.8092      0.00390625          Refine grid             
    25        1187         20693.3         7.27369      0.00390625      Successful search (ES-ell)        
    25        1188         20686.4         7.31304      0.00390625      Successful search (ES-ell)        
    25        1189         20685.6         8.37065      0.00390625      Successful search (ES-wcm)        
    25        1193         20685.4         7.92033      0.00390625      Successful search (ES-wcm)        
    25        1194         20683.7         8.26311      0.00390625      Successful search (ES-wcm)        
    25        1197         20683.5         8.62095      0.00390625      Successful search (ES-wcm)        
    25        1198         20681.1          9.2083      0.00390625      Successful search (ES-wcm)        
    25        1200         20679.9         9.01704      0.00390625      Successful search (ES-ell)        
    25        1201         20673.8         9.20763      0.00390625      Successful search (ES-ell)        
    25        1202           20671          10.208      0.00390625      Successful search (ES-ell)        
    25        1203         20662.1         12.6683      0.00390625      Successful search (ES-ell)        
    25        1251         20662.1         12.6683      0.00195312          Refine grid             
    26        1252         20697.5         6.70502      0.00195312      Successful search (ES-wcm)        
    26        1253         20697.2         6.93045      0.00195312      Successful search (ES-wcm)        
    26        1254         20695.9         7.28338      0.00195312      Successful search (ES-wcm)        
    26        1303         20695.9         7.28338     0.000976562          Refine grid             Train
Optimization terminated: change in the function value less than options['tol_mesh']
Estimated function value at minimum: 20706.046430517865 ± 5.101073309075354 (mean ± SEM from 100 samples)
BADS minimum at: x_min = [ 4.7033 10.6022  8.7581  7.3026  3.9502  8.8006 10.7184  0.5125  0.3534
  0.3066  0.0394  0.9141  0.2149], training NLL = 20706.0464
total f-count: 1403, time: 62.89 min

 Optimization Run 2/2
Initial params: [0.6118, 6.5239, 12.5065, 14.4901, -4.0346, 19.2701, 28.357, 0.3003, 0.2524, 0.2434, 0.9329, 0.9519, 0.378]
bads:TooCloseBounds: For each variable, hard and plausible bounds should not be too close. Moving plausible bounds.
Variables (index) internally transformed to log coordinates: [[ 0  0]
 [ 0  3]
 [ 0 10]
 [ 0 11]
 [ 0 12]]
Beginning optimization of a STOCHASTIC objective function

 Iteration    f-count      E[f(x)]        SD[f(x)]           MeshScale          Method              Actions
     0           1         25838.9             nan               1                                  
     0          25         25838.9             nan               1          Initial mesh            Initial points
     0          26         25763.3        0.999802               1        Successful poll           Train
     1          27         25472.5        0.999804               1      Successful search (ES-wcm)        
     1          29         25436.1        0.999797               1      Successful search (ES-wcm)        
     1          30         25362.1        0.999793               1      Successful search (ES-wcm)        
     1          32           24476        0.999812               1      Successful search (ES-wcm)        
     1          34         23963.4         0.99979               1      Successful search (ES-wcm)        
     1          37           23555        0.999754               1      Successful search (ES-wcm)        
     1          51         23533.5        0.554325               1      Successful search (ES-wcm)        
     1          60         23493.8         1.01058               1      Successful search (ES-wcm)        
     1          61         23327.3         1.01058               1      Successful search (ES-wcm)        
     1          96         23327.3         1.01058             0.5          Refine grid             Train
     2         121         23280.1         1.01715               1        Successful poll           Train
     3         122         23276.1         1.01751               1      Successful search (ES-wcm)        
     3         126         23155.3         1.01751               1      Successful search (ES-wcm)        
     3         131         23123.3         1.01739               1      Successful search (ES-ell)        
     3         134           23059        0.987445               1      Successful search (ES-ell)        
     3         147         23001.9        0.923671               1      Successful search (ES-ell)        
     3         178         22902.5        0.305469               1        Successful poll           Train
     4         188         22837.5         1.02429               1      Successful search (ES-ell)        
     4         217           22725         1.02443               1        Successful poll           
     5         220         22652.8         1.02441               1      Successful search (ES-wcm)        
     5         224         22637.1         1.09562               1      Successful search (ES-wcm)        
     5         226         22592.7         1.09562               1      Successful search (ES-wcm)        
     5         227         22519.9         1.09562               1      Successful search (ES-ell)        
     5         261         22519.9         1.09562             0.5          Refine grid             Train
     6         262         22492.1         1.25712             0.5      Successful search (ES-ell)        
     6         267         22463.5         1.25712             0.5      Successful search (ES-ell)        
     6         274         22429.6         1.25691             0.5      Successful search (ES-ell)        
     6         277         22420.2         1.25711             0.5      Successful search (ES-ell)        
     6         281         22404.4          1.2571             0.5      Successful search (ES-ell)        
     6         284         22383.2          1.2571             0.5      Successful search (ES-ell)        
     6         292         22376.2          1.2571             0.5      Successful search (ES-ell)        
     6         333         22376.2          1.2571            0.25          Refine grid             Train
     7         336         22359.5         1.07315            0.25      Successful search (ES-ell)        
     7         381         21928.2         57.7419             0.5        Successful poll           Train
     8         382         21778.4         54.0048             0.5      Successful search (ES-ell)        
     8         386         21726.2         49.8428             0.5      Successful search (ES-ell)        
     8         393           21708         24.2886             0.5      Successful search (ES-ell)        
     8         394         21700.8         27.4153             0.5      Successful search (ES-ell)        
     8         397         21654.1         41.0147             0.5      Successful search (ES-ell)        
     8         398         21596.2         47.9368             0.5      Successful search (ES-ell)        
     8         399         21511.1         51.7745             0.5      Successful search (ES-ell)        
     8         437         21415.2         47.2773               1        Successful poll           Train
     9         439           21385         41.9584               1      Successful search (ES-ell)        
     9         441         21319.8         30.8144               1      Successful search (ES-ell)        
     9         482         21319.8         30.8144             0.5          Refine grid             
    10         483         21603.6         37.7221             0.5      Successful search (ES-ell)        
    10         499         21592.9         25.4454             0.5      Successful search (ES-wcm)        
    10         500         21408.8         41.9035             0.5      Successful search (ES-wcm)        
    10         501         21321.8         48.7742             0.5      Successful search (ES-wcm)        
    10         504         21277.5         31.2097             0.5      Successful search (ES-ell)        
    10         505         21271.2         35.1645             0.5      Successful search (ES-ell)        
    10         506         21212.7         40.1479             0.5      Successful search (ES-ell)        
    10         508         21093.3         42.4815             0.5      Successful search (ES-ell)        
    10         509         20988.9         40.7598             0.5      Successful search (ES-ell)        
    10         513         20986.1         28.0992             0.5      Successful search (ES-ell)        
    10         514         20943.8          29.724             0.5      Successful search (ES-ell)        
    10         554         20943.8          29.724            0.25          Refine grid             
    11         555         20954.9         15.7142            0.25      Successful search (ES-ell)        
    11         556         20882.6         25.0102            0.25      Successful search (ES-ell)        
    11         557         20803.3         34.7269            0.25      Successful search (ES-ell)        
    11         558         20749.2         42.8723            0.25      Successful search (ES-ell)        
    11         601         20749.2         42.8723           0.125          Refine grid             
    12         602         20842.8         10.8445           0.125      Successful search (ES-wcm)        
    12         603         20785.2         15.8633           0.125      Successful search (ES-wcm)        
    12         604         20742.7         22.7565           0.125      Successful search (ES-wcm)        
    12         650         20742.7         22.7565          0.0625          Refine grid             
    13         651           20818         12.5521          0.0625      Successful search (ES-wcm)        
    13         653         20817.3         16.3987          0.0625      Successful search (ES-wcm)        
    13         660         20816.7         12.6587          0.0625      Successful search (ES-wcm)        
    13         661         20808.1         12.3568          0.0625      Successful search (ES-wcm)        
    13         662         20807.3         12.7188          0.0625      Successful search (ES-wcm)        
    13         664         20800.4         12.8415          0.0625      Successful search (ES-wcm)        
    13         665         20792.5         14.3596          0.0625      Successful search (ES-wcm)        
    13         667         20783.7         14.7893          0.0625      Successful search (ES-ell)        
    13         668         20776.5         19.0164          0.0625      Successful search (ES-ell)        
    13         712         20776.5         19.0164         0.03125          Refine grid             Train
    14         713         20802.3          6.9627         0.03125      Successful search (ES-ell)        
    14         714         20776.2         7.64191         0.03125      Successful search (ES-ell)        
    14         715         20738.9         9.68154         0.03125      Successful search (ES-ell)        
    14         716         20708.6          13.379         0.03125      Successful search (ES-ell)        
    14         717         20668.2         17.5626         0.03125      Successful search (ES-ell)        
    14         718         20653.7          22.048         0.03125      Successful search (ES-ell)        
    14         761         20653.7          22.048        0.015625          Refine grid             Train
    15         762         20826.9         6.90036        0.015625      Successful search (ES-ell)        
    15         763         20821.7         6.85496        0.015625      Successful search (ES-ell)        
    15         764         20816.8         7.46009        0.015625      Successful search (ES-ell)        
    15         765         20811.5         8.22429        0.015625      Successful search (ES-ell)        
    15         766         20803.4         9.18159        0.015625      Successful search (ES-ell)        
    15         767         20791.1         13.0373        0.015625      Successful search (ES-wcm)        
    15         769         20789.5         16.9645        0.015625      Successful search (ES-wcm)        
    15         770         20782.7         23.1857        0.015625      Successful search (ES-wcm)        
    15         811         20782.7         23.1857       0.0078125          Refine grid             
    16         847         20794.2          6.0065        0.015625        Successful poll           
    17         884         20795.6          4.8885         0.03125        Successful poll           
    18         885         20801.6         4.53937         0.03125      Successful search (ES-wcm)        
    18         886         20797.7         5.31668         0.03125      Successful search (ES-wcm)        
    18         933         20781.2         17.2405          0.0625        Successful poll           
    19         934         20799.6         14.4533          0.0625      Successful search (ES-ell)        
    19         968           20767         17.8292           0.125        Successful poll           
    20        1004         20799.9         14.9561          0.0625          Refine grid             
    21        1005         20807.5         27.9779          0.0625      Successful search (ES-wcm)        
    21        1009         20793.1          10.709          0.0625      Successful search (ES-wcm)        
    21        1050         20762.9         35.3304           0.125        Successful poll           
    22        1086         20760.7         29.3178          0.0625          Refine grid             Train
    23        1087         20791.4         17.0447          0.0625      Successful search (ES-ell)        
    23        1088         20763.3         28.9869          0.0625      Successful search (ES-ell)        
    23        1089           20726         34.4598          0.0625      Successful search (ES-ell)        
    23        1090         20697.1         37.1168          0.0625      Successful search (ES-ell)        
    23        1135         20697.1         37.1168         0.03125          Refine grid             
    24        1136         20768.4          10.453         0.03125      Successful search (ES-ell)        
    24        1137         20734.9         17.0794         0.03125      Successful search (ES-ell)        
    24        1138         20722.6         20.3688         0.03125      Successful search (ES-wcm)        
    24        1184         20710.1          16.516          0.0625        Successful poll           
    25        1185         20714.2         15.7576          0.0625      Successful search (ES-wcm)        
    25        1186           20701         16.7062          0.0625      Successful search (ES-ell)        
    25        1232           20701         16.7062         0.03125          Refine grid             Train
    26        1233         20751.9         8.80255         0.03125      Successful search (ES-wcm)        
    26        1235         20750.6         9.15033         0.03125      Successful search (ES-wcm)        
    26        1236         20744.2         9.68119         0.03125      Successful search (ES-wcm)        
    26        1237         20743.7         11.8047         0.03125      Successful search (ES-wcm)        
    26        1282         20743.7         11.8047        0.015625          Refine grid             
    27        1283         20745.6         6.83571        0.015625      Successful search (ES-ell)        
    27        1284         20739.6         9.19629        0.015625      Successful search (ES-ell)        
    27        1285         20736.6         12.8147        0.015625      Successful search (ES-ell)        
    27        1332         20736.3         11.1619         0.03125        Successful poll           
    28        1333         20720.3         13.3442         0.03125      Successful search (ES-ell)        
    28        1334         20701.4          17.023         0.03125      Successful search (ES-wcm)        
    28        1335         20687.4         24.3046         0.03125      Successful search (ES-wcm)        
    28        1382         20687.4         24.3046        0.015625          Refine grid             
    29        1383         20723.6         7.12444        0.015625      Successful search (ES-wcm)        
    29        1384         20720.3          7.7296        0.015625      Successful search (ES-ell)        
    29        1385         20714.1         8.80571        0.015625      Successful search (ES-ell)        
    29        1386         20709.8         11.4684        0.015625      Successful search (ES-ell)        
    29        1432         20709.8         11.4684       0.0078125          Refine grid             Train
    30        1433         20742.3         8.20592       0.0078125      Successful search (ES-wcm)        
    30        1434         20738.4         7.80602       0.0078125      Successful search (ES-wcm)        
    30        1435         20735.9         8.03128       0.0078125      Successful search (ES-wcm)        
    30        1436         20724.2         9.08314       0.0078125      Successful search (ES-wcm)        
    30        1437         20712.5         14.0979       0.0078125      Successful search (ES-wcm)        
    30        1438         20694.5         20.7584       0.0078125      Successful search (ES-wcm)        
    30        1439         20684.6         23.8984       0.0078125      Successful search (ES-ell)        
    30        1440         20674.8         27.7106       0.0078125      Successful search (ES-ell)        
    30        1484         20674.8         27.7106      0.00390625          Refine grid             Train
    31        1485           20728         7.30245      0.00390625      Successful search (ES-ell)        
    31        1486         20722.8          7.2346      0.00390625      Successful search (ES-ell)        
    31        1487         20716.5         7.34594      0.00390625      Successful search (ES-ell)        
    31        1488         20707.6         7.72861      0.00390625      Successful search (ES-ell)        
    31        1489         20703.9         8.40806      0.00390625      Successful search (ES-wcm)        
    31        1490           20699         9.65003      0.00390625      Successful search (ES-wcm)        
    31        1491         20686.2         11.3085      0.00390625      Successful search (ES-wcm)        
    31        1492         20680.4         14.3807      0.00390625      Successful search (ES-wcm)        
    31        1536         20680.4         14.3807      0.00195312          Refine grid             
    32        1575         20734.9         7.32133     0.000976562          Refine grid             
Optimization terminated: change in the function value less than options['tol_mesh']
Estimated function value at minimum: 20721.990012403126 ± 4.375353173814753 (mean ± SEM from 100 samples)
BADS minimum at: x_min = [ 4.33880e+00  9.43530e+00  8.64850e+00  5.14000e-02 -4.51000e-01
  8.67190e+00  1.17467e+01  5.22100e-01  3.54300e-01  2.89500e-01
  1.00000e-04  9.61100e-01  2.32500e-01], training NLL = 20721.99
total f-count: 1675, time: 75.1 min

 ------- Finish Optimization for Subject 20 ---------- 

 ------- Start Optimization for Subject 25 ---------- 

 Cross Validation fold 0/1

 -- Start Optimization: method BADS --

 Optimization Run 1/2
Initial params: [1.2201, 7.1817, 4.5587, 1.3015, 3.3279, 21.536, 23.3982, 0.7636, 0.1869, 0.2873, 0.6956, 0.2871, 0.2135]
bads:TooCloseBounds: For each variable, hard and plausible bounds should not be too close. Moving plausible bounds.
Variables (index) internally transformed to log coordinates: [[ 0  0]
 [ 0  3]
 [ 0 10]
 [ 0 11]
 [ 0 12]]
Beginning optimization of a STOCHASTIC objective function

 Iteration    f-count      E[f(x)]        SD[f(x)]           MeshScale          Method              Actions
     0           1         26947.1             nan               1                                  
     0          25         25463.5             nan               1          Initial mesh            Initial points
     0          26         25086.5        0.996143               1        Successful poll           Train
     1          27         23442.7        0.996146               1      Successful search (ES-wcm)        
     1          36         23416.8        0.992081               1      Successful search (ES-wcm)        
     1          37         23389.1        0.991672               1      Successful search (ES-wcm)        
     1          40         23142.7        0.996115               1      Successful search (ES-wcm)        
     1          42           22734        0.995991               1      Successful search (ES-wcm)        
     1          47           22543        0.995489               1      Successful search (ES-wcm)        
     1          54         22480.4         1.02683               1      Successful search (ES-wcm)        
     1          55         22468.3          1.0269               1      Successful search (ES-wcm)        
     1          58         22394.6         1.02683               1      Successful search (ES-wcm)        
     1          62         22357.4         1.02672               1      Successful search (ES-wcm)        
     1          64         22258.1         1.02636               1      Successful search (ES-wcm)        
     1          68         22222.8         1.02676               1      Successful search (ES-ell)        
     1          71         22147.3         1.02585               1      Successful search (ES-wcm)        
     1          75           22130          1.0244               1      Successful search (ES-wcm)        
     1          76         22009.9         1.02002               1      Successful search (ES-wcm)        
     1         102         21987.1          1.0107               1        Successful poll           
     2         108         21985.8         1.22331               1      Successful search (ES-ell)        
     2         116         21841.1         1.22355               1      Successful search (ES-wcm)        
     2         124         21834.5         1.22353               1      Successful search (ES-wcm)        
     2         135           21757         1.35445               1      Successful search (ES-wcm)        
     2         143         21727.9         1.35451               1      Successful search (ES-wcm)        
     2         146         21717.5         1.35451               1      Successful search (ES-wcm)        
     2         149         21714.3         1.35451               1      Successful search (ES-wcm)        
     2         152         21697.2         1.35449               1      Successful search (ES-wcm)        
     2         158         21687.8         1.35449               1      Successful search (ES-wcm)        
     2         164         21659.1         1.62345               1      Successful search (ES-wcm)        
     2         176         21646.2         1.62262               1      Successful search (ES-wcm)        
     2         179         21632.3         1.61694               1      Successful search (ES-ell)        
     2         209         21610.9         1.24057               1        Successful poll           
     3         217         21562.5         1.23942               1      Successful search (ES-ell)        
     3         219         21554.7          1.2406               1      Successful search (ES-wcm)        
     3         224         21539.4         1.24062               1      Successful search (ES-wcm)        
     3         267         21539.4         1.24062             0.5          Refine grid             
     4         268         21573.3         21.4337             0.5      Successful search (ES-ell)        
     4         269         21560.7         32.5008             0.5      Successful search (ES-ell)        
     4         272         21560.1         25.9732             0.5      Successful search (ES-ell)        
     4         273         21474.4         31.0267             0.5      Successful search (ES-ell)        
     4         313         21473.1         18.3915               1        Successful poll           Train
     5         317         21454.9         16.6376               1      Successful search (ES-ell)        
     5         321         21453.2          14.453               1      Successful search (ES-ell)        
     5         329         21427.8         18.7556               1      Successful search (ES-ell)        
     5         331           21397         26.0062               1      Successful search (ES-ell)        
     5         334         21380.4         22.5816               1      Successful search (ES-ell)        
     5         335         21374.6         29.1192               1      Successful search (ES-ell)        
     5         344         21365.8         18.3251               1      Successful search (ES-wcm)        
     5         348         21364.4         13.5962               1      Successful search (ES-ell)        
     5         356         21362.3         19.6889               1      Successful search (ES-ell)        
     5         358         21358.1         24.9069               1      Successful search (ES-ell)        
     5         363         21311.2         18.2785               1      Successful search (ES-ell)        
     5         364         21292.6         21.5955               1      Successful search (ES-ell)        
     5         398         21292.6         21.5955             0.5          Refine grid             
     6         400         21284.7         17.5146             0.5      Successful search (ES-wcm)        
     6         402         21274.3         15.9034             0.5      Successful search (ES-wcm)        
     6         404         21267.1         15.0492             0.5      Successful search (ES-wcm)        
     6         444         21267.1         15.0492            0.25          Refine grid             Train
     7         445         21361.9         11.8093            0.25      Successful search (ES-wcm)        
     7         446           21351          17.466            0.25      Successful search (ES-wcm)        
     7         449         21342.2         12.3856            0.25      Successful search (ES-wcm)        
     7         451         21339.3         11.7679            0.25      Successful search (ES-wcm)        
     7         493         21339.3         11.7679           0.125          Refine grid             
     8         494         21337.6         10.0178           0.125      Successful search (ES-ell)        
     8         495         21314.5         12.5015           0.125      Successful search (ES-ell)        
     8         542         21298.9         15.9509            0.25        Successful poll           
     9         545         21305.9         15.6693            0.25      Successful search (ES-ell)        
     9         546           21305         21.3291            0.25      Successful search (ES-ell)        
     9         548         21303.2         22.7324            0.25      Successful search (ES-ell)        
     9         552         21301.5           15.52            0.25      Successful search (ES-ell)        
     9         553         21298.8         16.9791            0.25      Successful search (ES-ell)        
     9         591         21298.8         16.9791           0.125          Refine grid             
    10         592           21301         10.7996           0.125      Successful search (ES-ell)        
    10         606         21298.5          8.8802           0.125      Successful search (ES-wcm)        
    10         607         21290.9         9.91109           0.125      Successful search (ES-wcm)        
    10         609         21286.3         11.9654           0.125      Successful search (ES-wcm)        
    10         617         21283.7         8.12515           0.125      Successful search (ES-wcm)        
    10         653         21281.6         6.30876            0.25        Successful poll           
    11         657         21283.3         8.49062            0.25      Incremental search (ES-wcm)        
    11         660         21281.7         4.76947            0.25      Successful search (ES-wcm)        
    11         662           21248         5.37995            0.25      Successful search (ES-wcm)        
    11         664         21246.9         8.35734            0.25      Successful search (ES-wcm)        
    11         666         21228.7         7.94198            0.25      Successful search (ES-wcm)        
    11         699         21186.3         19.5953             0.5        Successful poll           
    12         701         21172.6         22.7117             0.5      Successful search (ES-wcm)        
    12         714         21165.3          15.548             0.5      Successful search (ES-wcm)        
    12         758         21165.3          15.548            0.25          Refine grid             
    13         759         21273.5         15.4884            0.25      Successful search (ES-wcm)        
    13         761         21266.6         16.3702            0.25      Successful search (ES-ell)        
    13         763         21261.2         17.2755            0.25      Successful search (ES-ell)        
    13         767         21261.1         14.6745            0.25      Incremental search (ES-ell)        
    13         768         21241.3         19.8891            0.25      Successful search (ES-ell)        
    13         769         21239.4         28.4821            0.25      Successful search (ES-ell)        
    13         773         21231.3         20.5469            0.25      Successful search (ES-ell)        
    13         774         21215.8         23.9123            0.25      Successful search (ES-ell)        
    13         784         21211.3         13.3999            0.25      Successful search (ES-ell)        
    13         785         21195.2         19.0422            0.25      Successful search (ES-ell)        
    13         786         21164.9         26.8124            0.25      Successful search (ES-ell)        
    13         832         21164.9         26.8124           0.125          Refine grid             
    14         833         21214.8         8.91457           0.125      Successful search (ES-ell)        
    14         834         21202.5         12.5601           0.125      Successful search (ES-ell)        
    14         835         21191.4          19.645           0.125      Successful search (ES-ell)        
    14         881         21103.1         13.4339            0.25        Successful poll           
    15         916         21108.8         12.8755           0.125          Refine grid             Train
    16         917           21209         8.20145           0.125      Successful search (ES-wcm)        
    16         918         21197.3         9.19406           0.125      Successful search (ES-wcm)        
    16         919           21193         12.3968           0.125      Successful search (ES-wcm)        
    16         923         21189.8          10.455           0.125      Successful search (ES-wcm)        
    16         925           21182         12.1673           0.125      Successful search (ES-wcm)        
    16         926         21178.7         19.3361           0.125      Successful search (ES-wcm)        
    16         964         21178.7         19.3361          0.0625          Refine grid             
    17         965         21198.6         5.58607          0.0625      Successful search (ES-wcm)        
    17         966         21189.9         5.98588          0.0625      Successful search (ES-wcm)        
    17         967         21185.6         8.17879          0.0625      Successful search (ES-wcm)        
    17         968           21184          11.652          0.0625      Successful search (ES-wcm)        
    17         972         21180.6         9.78478          0.0625      Successful search (ES-wcm)        
    17        1012         21167.1         17.2495           0.125        Successful poll           
    18        1013         21199.8         16.7162           0.125      Successful search (ES-ell)        
    18        1015         21191.2         12.0212           0.125      Successful search (ES-wcm)        
    18        1016         21179.6         13.3075           0.125      Successful search (ES-wcm)        
    18        1061         21179.6         13.3075          0.0625          Refine grid             Train
    19        1062         21188.9         5.72834          0.0625      Successful search (ES-wcm)        
    19        1063         21186.2         7.83578          0.0625      Successful search (ES-ell)        
    19        1064         21181.5         10.6171          0.0625      Successful search (ES-ell)        
    19        1065           21157         14.5513          0.0625      Successful search (ES-ell)        
    19        1110           21157         14.5513         0.03125          Refine grid             
    20        1111         21185.8         5.88663         0.03125      Successful search (ES-ell)        
    20        1112         21183.1         6.93554         0.03125      Successful search (ES-ell)        
    20        1115         21175.8          6.3624         0.03125      Successful search (ES-wcm)        
    20        1116         21171.7         6.83008         0.03125      Successful search (ES-wcm)        
    20        1117         21166.8         7.83844         0.03125      Successful search (ES-wcm)        
    20        1118         21162.6         10.5501         0.03125      Successful search (ES-wcm)        
    20        1120         21152.4         12.6545         0.03125      Successful search (ES-ell)        
    20        1130           21151         8.94863         0.03125      Successful search (ES-ell)        
    20        1132         21149.8         8.64824         0.03125      Successful search (ES-ell)        
    20        1133         21149.8         8.50106         0.03125      Successful search (ES-ell)        
    20        1137         21148.9         8.48236         0.03125      Successful search (ES-ell)        
    20        1180         21146.4         7.84606          0.0625        Successful poll           Train
    21        1181           21158         9.29511          0.0625      Successful search (ES-wcm)        
    21        1182         21146.3         11.2434          0.0625      Successful search (ES-wcm)        
    21        1183         21138.4         16.1325          0.0625      Successful search (ES-wcm)        
    21        1229         21138.4         16.1325         0.03125          Refine grid             
    22        1230         21169.1         6.39472         0.03125      Successful search (ES-ell)        
    22        1231         21163.3         7.06741         0.03125      Successful search (ES-ell)        
    22        1232         21162.3         9.30493         0.03125      Successful search (ES-ell)        
    22        1233         21158.8         13.8825         0.03125      Successful search (ES-ell)        
    22        1278         21158.8         13.8825        0.015625          Refine grid             
    23        1279         21173.7          4.7791        0.015625      Successful search (ES-ell)        
    23        1280         21169.7         5.47255        0.015625      Successful search (ES-ell)        
    23        1281         21167.4         6.75881        0.015625      Successful search (ES-ell)        
    23        1282         21159.6         8.90061        0.015625      Successful search (ES-ell)        
    23        1283         21155.1         11.6117        0.015625      Successful search (ES-ell)        
    23        1312         21154.6         13.8916         0.03125        Successful poll           Train
    24        1314         21171.4         12.9108         0.03125      Successful search (ES-ell)        
    24        1315         21167.4         13.2701         0.03125      Successful search (ES-ell)        
    24        1361         21163.2         11.4726          0.0625        Successful poll           
    25        1362         21165.5         7.09062          0.0625      Successful search (ES-wcm)        
    25        1363           21160         8.05345          0.0625      Successful search (ES-wcm)        
    25        1410           21160         8.05345         0.03125          Refine grid             
    26        1444           21163         6.25095          0.0625        Successful poll           Train
    27        1445         21150.1         9.38378          0.0625      Successful search (ES-wcm)        
    27        1493         21150.1         9.38378         0.03125          Refine grid             
    28        1494         21163.3         4.37309         0.03125      Successful search (ES-wcm)        
    28        1499         21160.5         5.09949         0.03125      Successful search (ES-wcm)        
    28        1501         21160.1          5.4002         0.03125      Successful search (ES-wcm)        
    28        1502         21156.7           6.285         0.03125      Successful search (ES-ell)        
    28        1508         21155.1         7.12426         0.03125      Successful search (ES-wcm)        
    28        1512         21152.7         8.35139         0.03125      Successful search (ES-wcm)        
    28        1555         21150.8         9.84763          0.0625        Successful poll           
    29        1556           21133         14.9034          0.0625      Successful search (ES-ell)        
    29        1557           21114         23.7858          0.0625      Successful search (ES-ell)        
    29        1604           21114         23.7858         0.03125          Refine grid             
    30        1605         21159.1         8.69353         0.03125      Successful search (ES-ell)        
    30        1606         21155.4         13.2782         0.03125      Successful search (ES-ell)        
    30        1607         21141.9         20.6398         0.03125      Successful search (ES-ell)        
    30        1643         21130.2         10.7449          0.0625        Successful poll           Train
    31        1644         21116.6         14.7072          0.0625      Successful search (ES-ell)        
    31        1646         21107.6         17.9894          0.0625      Successful search (ES-ell)        
    31        1692         21107.6         17.9894         0.03125          Refine grid             
    32        1693         21156.9          12.352         0.03125      Successful search (ES-wcm)        
    32        1694         21151.5          14.745         0.03125      Successful search (ES-ell)        
    32        1741         21151.5          14.745        0.015625          Refine grid             
    33        1742         21167.5         8.69428        0.015625      Successful search (ES-ell)        
    33        1743         21162.2         10.3759        0.015625      Successful search (ES-ell)        
    33        1744         21151.1         13.9762        0.015625      Successful search (ES-ell)        
    33        1745         21123.4         19.9051        0.015625      Successful search (ES-wcm)        
    33        1790         21123.4         19.9051       0.0078125          Refine grid             Train
    34        1826           21158         8.73747        0.015625        Successful poll           Train
    35        1827         21154.5         9.80306        0.015625      Successful search (ES-ell)        
    35        1828         21149.5         11.6234        0.015625      Successful search (ES-ell)        
    35        1830           21146         14.4874        0.015625      Successful search (ES-wcm)        
    35        1875           21146         14.4874       0.0078125          Refine grid             
    36        1906         21153.3         9.09904        0.015625        Successful poll           Train
    37        1908         21145.9         13.3397        0.015625      Successful search (ES-ell)        
    37        1909         21139.4         12.7864        0.015625      Successful search (ES-ell)        
    37        1910           21133         13.7456        0.015625      Successful search (ES-ell)        
    37        1912         21129.9         13.2452        0.015625      Successful search (ES-ell)        
    37        1955         21129.9         13.2452       0.0078125          Refine grid             
    38        1965         21146.5         5.31423       0.0078125      Successful search (ES-ell)        
    38        1966           21146         5.27559       0.0078125      Successful search (ES-ell)        
    38        1971           21146         5.23346       0.0078125      Successful search (ES-ell)        
    38        1972         21145.4         6.42715       0.0078125      Successful search (ES-ell)        
    38        1973         21140.5         8.20668       0.0078125      Successful search (ES-ell)        
    38        1974         21137.1           10.51       0.0078125      Successful search (ES-ell)        
    38        1975         21123.9         17.6453       0.0078125      Successful search (ES-wcm)        
    38        2019         21123.9         17.6453      0.00390625          Refine grid             
    39        2057         21148.3         11.2225      0.00195312          Refine grid             Train
    40        2058         21149.8         7.34814      0.00195312      Successful search (ES-wcm)        
    40        2059           21147          8.2309      0.00195312      Successful search (ES-wcm)        
    40        2109           21147          8.2309     0.000976562          Refine grid             Train
Optimization terminated: change in the function value less than options['tol_mesh']
Estimated function value at minimum: 21147.984062306186 ± 4.197418586200307 (mean ± SEM from 100 samples)
BADS minimum at: x_min = [ 1.9719e+00  5.5303e+00  7.7965e+00  8.0000e-04 -1.3568e+00  7.8626e+00
  9.4647e+00  5.0980e-01  5.2460e-01  7.0990e-01  8.3000e-03  1.9878e+00
  4.3490e-01], training NLL = 21147.9841
total f-count: 2209, time: 99.0 min

 Optimization Run 2/2
Initial params: [1.6551, 5.75, 13.7697, 1.8938, -3.5099, 20.2284, 28.1466, 0.6084, 0.181, 0.1117, 0.5995, 0.2943, 0.5491]
bads:TooCloseBounds: For each variable, hard and plausible bounds should not be too close. Moving plausible bounds.
Variables (index) internally transformed to log coordinates: [[ 0  0]
 [ 0  3]
 [ 0 10]
 [ 0 11]
 [ 0 12]]
Beginning optimization of a STOCHASTIC objective function

 Iteration    f-count      E[f(x)]        SD[f(x)]           MeshScale          Method              Actions
     0           1         25161.9             nan               1                                  
     0          25         25161.9             nan               1          Initial mesh            Initial points
     0          44         25055.3        0.999975               1        Successful poll           Train
     1          50         25017.7        0.999366               1      Successful search (ES-wcm)        
     1          51           24943        0.999889               1      Successful search (ES-wcm)        
     1          53         24740.4        0.918824               1      Successful search (ES-wcm)        
     1          54         24568.6        0.918622               1      Successful search (ES-ell)        
     1          55         24363.4        0.918949               1      Successful search (ES-wcm)        
     1          58         24193.2        0.918998               1      Successful search (ES-wcm)        
     1          60           23533        0.918997               1      Successful search (ES-wcm)        
     1          66         23513.1        0.917467               1      Successful search (ES-wcm)        
     1          68         23447.9        0.918193               1      Successful search (ES-wcm)        
     1          71         23442.4        0.918462               1      Successful search (ES-wcm)        
     1          75         23416.9        0.918851               1      Successful search (ES-ell)        
     1          76         23312.8        0.918798               1      Successful search (ES-wcm)        
     1          78         23289.5        0.918963               1      Successful search (ES-wcm)        
     1          80         23154.1          1.0068               1      Successful search (ES-wcm)        
     1          83         23115.7         1.00676               1      Successful search (ES-wcm)        
     1          84         23112.4         1.00676               1      Successful search (ES-wcm)        
     1          89         22999.4         1.00666               1      Successful search (ES-wcm)        
     1          92         22980.1         1.00645               1      Successful search (ES-wcm)        
     1          96           22980         1.00559               1      Incremental search (ES-wcm)        
     1          98         22937.2         1.00665               1      Successful search (ES-wcm)        
     1         104         22927.8         1.00655               1      Successful search (ES-wcm)        
     1         111         22899.8         1.02773               1      Successful search (ES-wcm)        
     1         116         22826.5         1.02724               1      Successful search (ES-wcm)        
     1         152         22826.5         1.02724             0.5          Refine grid             
     2         162         22856.5         1.08585             0.5      Successful search (ES-ell)        
     2         171         22854.2         1.14147             0.5      Successful search (ES-ell)        
     2         212         22853.9         1.00575            0.25          Refine grid             
     3         214         22785.1         1.00574            0.25      Successful search (ES-ell)        
     3         216         22758.3         1.00574            0.25      Successful search (ES-ell)        
     3         260         22758.3         1.00574           0.125          Refine grid             
     4         261           22808         8.27348           0.125      Successful search (ES-ell)        
     4         262         22777.1         11.4104           0.125      Successful search (ES-ell)        
     4         263           22765         15.7248           0.125      Successful search (ES-ell)        
     4         264         22758.4         23.1164           0.125      Successful search (ES-ell)        
     4         265           22738         30.6182           0.125      Successful search (ES-ell)        
     4         267         22731.1          27.373           0.125      Successful search (ES-ell)        
     4         268         22683.9          31.208           0.125      Successful search (ES-ell)        
     4         269           22580         36.6544           0.125      Successful search (ES-ell)        
     4         270         22424.9          38.945           0.125      Successful search (ES-ell)        
     4         272         22355.3          36.098           0.125      Successful search (ES-ell)        
     4         275         22339.4         22.5346           0.125      Successful search (ES-ell)        
     4         276           22325         21.1727           0.125      Successful search (ES-wcm)        
     4         277         22313.6         21.0622           0.125      Successful search (ES-ell)        
     4         319         22287.8         25.5638            0.25        Successful poll           
     5         321         22266.5         21.5729            0.25      Successful search (ES-ell)        
     5         322           22264         24.6073            0.25      Successful search (ES-ell)        
     5         323         22222.8         25.9591            0.25      Successful search (ES-ell)        
     5         324         22217.7         27.1508            0.25      Successful search (ES-ell)        
     5         326         22207.1         26.6753            0.25      Successful search (ES-ell)        
     5         327         22141.9         33.1995            0.25      Successful search (ES-ell)        
     5         328         22114.6          35.958            0.25      Successful search (ES-ell)        
     5         329           22067         41.7189            0.25      Successful search (ES-wcm)        
     5         330         21988.2         43.2116            0.25      Successful search (ES-wcm)        
     5         332         21767.6         42.7972            0.25      Successful search (ES-ell)        
     5         335         21764.9         26.9586            0.25      Successful search (ES-ell)        
     5         377         21764.9         26.9586           0.125          Refine grid             
     6         378         21730.2         11.0553           0.125      Successful search (ES-ell)        
     6         379         21571.8         19.3694           0.125      Successful search (ES-ell)        
     6         380         21557.4           25.99           0.125      Successful search (ES-ell)        
     6         423         21557.4           25.99          0.0625          Refine grid             Train
     7         424         21844.2         7.99539          0.0625      Successful search (ES-ell)        
     7         425         21810.2         10.7142          0.0625      Successful search (ES-ell)        
     7         426         21779.3         14.8747          0.0625      Successful search (ES-ell)        
     7         438         21740.9         20.9188          0.0625      Successful search (ES-wcm)        
     7         440         21731.6         19.2909          0.0625      Successful search (ES-wcm)        
     7         441         21701.7         19.5799          0.0625      Successful search (ES-ell)        
     7         442         21661.8         21.4175          0.0625      Successful search (ES-ell)        
     7         443         21630.6         24.6863          0.0625      Successful search (ES-ell)        
     7         444         21558.9         28.7806          0.0625      Successful search (ES-ell)        
     7         445         21501.6         30.5395          0.0625      Successful search (ES-ell)        
     7         446         21458.8         33.6893          0.0625      Successful search (ES-ell)        
     7         447         21413.3         35.9025          0.0625      Successful search (ES-ell)        
     7         483         21413.3         35.9025         0.03125          Refine grid             
     8         484           21424         9.21688         0.03125      Successful search (ES-wcm)        
     8         485         21416.8         15.0566         0.03125      Successful search (ES-wcm)        
     8         531         21416.8         15.0566        0.015625          Refine grid             
     9         532         21437.4         6.85744        0.015625      Successful search (ES-wcm)        
     9         533           21436         7.41208        0.015625      Successful search (ES-wcm)        
     9         534         21431.8         7.65901        0.015625      Successful search (ES-wcm)        
     9         535         21422.4         8.91119        0.015625      Successful search (ES-wcm)        
     9         536         21407.4         12.7716        0.015625      Successful search (ES-wcm)        
     9         537         21386.7         20.2237        0.015625      Successful search (ES-wcm)        
     9         540           21385         17.0248        0.015625      Successful search (ES-wcm)        
     9         541         21341.9         31.7623        0.015625      Successful search (ES-wcm)        
     9         543         21321.6         24.7161        0.015625      Successful search (ES-wcm)        
     9         544         21310.6         22.8984        0.015625      Successful search (ES-wcm)        
     9         545         21303.3         20.2892        0.015625      Successful search (ES-wcm)        
     9         546         21302.5         18.6196        0.015625      Successful search (ES-ell)        
     9         547         21293.1          17.098        0.015625      Successful search (ES-wcm)        
     9         551         21292.9         13.6062        0.015625      Successful search (ES-ell)        
     9         552         21289.7         13.2926        0.015625      Successful search (ES-wcm)        
     9         553         21289.2          13.357        0.015625      Successful search (ES-wcm)        
     9         555         21283.9         12.5089        0.015625      Successful search (ES-wcm)        
     9         592         21283.9         12.5089       0.0078125          Refine grid             
    10         593         21293.7         5.83975       0.0078125      Successful search (ES-ell)        
    10         594         21292.1         6.04745       0.0078125      Successful search (ES-ell)        
    10         595         21289.9         6.73815       0.0078125      Successful search (ES-ell)        
    10         640         21289.9         6.73815      0.00390625          Refine grid             Train
    11         642           21296         4.43048      0.00390625      Successful search (ES-ell)        
    11         644         21295.9         4.45771      0.00390625      Successful search (ES-ell)        
    11         645         21295.7         4.55554      0.00390625      Successful search (ES-ell)        
    11         688         21295.7         4.55554      0.00195312          Refine grid             
    12         689         21295.7         3.66852      0.00195312      Successful search (ES-ell)        
    12         690         21295.5         3.73749      0.00195312      Successful search (ES-ell)        
    12         691         21295.1         3.87664      0.00195312      Successful search (ES-ell)        
    12         692         21293.5         4.79525      0.00195312      Successful search (ES-wcm)        
    12         693         21292.6         6.91098      0.00195312      Successful search (ES-wcm)        
    12         694         21290.6         7.95648      0.00195312      Successful search (ES-ell)        
    12         695         21286.7         9.17741      0.00195312      Successful search (ES-ell)        
    12         696         21284.1         18.4725      0.00195312      Successful search (ES-wcm)        
    12         737         21284.1         18.4725     0.000976562          Refine grid             
Optimization terminated: change in the function value less than options['tol_mesh']
Estimated function value at minimum: 21301.020472234537 ± 3.92192952155951 (mean ± SEM from 100 samples)
BADS minimum at: x_min = [ 1.2743e+00  5.5569e+00  7.1769e+00  0.0000e+00 -6.8642e+00  7.1780e+00
  7.8348e+00  5.1970e-01  5.9850e-01  7.1020e-01  2.6000e-03  2.0000e+00
  4.9930e-01], training NLL = 21301.0205
total f-count: 837, time: 37.38 min

 ------- Finish Optimization for Subject 25 ---------- 
Tue Nov 18 09:53:01 2025       
+---------------------------------------------------------------------------------------+
| NVIDIA-SMI 535.113.01             Driver Version: 535.113.01   CUDA Version: 12.2     |
|-----------------------------------------+----------------------+----------------------+
| GPU  Name                 Persistence-M | Bus-Id        Disp.A | Volatile Uncorr. ECC |
| Fan  Temp   Perf          Pwr:Usage/Cap |         Memory-Usage | GPU-Util  Compute M. |
|                                         |                      |               MIG M. |
|=========================================+======================+======================|
|   0  NVIDIA A100 80GB PCIe          On  | 00000000:21:00.0 Off |                   On |
| N/A   47C    P0              76W / 300W |     74MiB / 81920MiB |     N/A      Default |
|                                         |                      |              Enabled |
+-----------------------------------------+----------------------+----------------------+

+---------------------------------------------------------------------------------------+
| MIG devices:                                                                          |
+------------------+--------------------------------+-----------+-----------------------+
| GPU  GI  CI  MIG |                   Memory-Usage |        Vol|      Shared           |
|      ID  ID  Dev |                     BAR1-Usage | SM     Unc| CE ENC DEC OFA JPG    |
|                  |                                |        ECC|                       |
|==================+================================+===========+=======================|
|  0    1   0   0  |              37MiB / 40192MiB  | 42      0 |  3   0    2    0    0 |
|                  |               0MiB / 65535MiB  |           |                       |
+------------------+--------------------------------+-----------+-----------------------+
                                                                                         
+---------------------------------------------------------------------------------------+
| Processes:                                                                            |
|  GPU   GI   CI        PID   Type   Process name                            GPU Memory |
|        ID   ID                                                             Usage      |
|=======================================================================================|
|  No running processes found                                                           |
+---------------------------------------------------------------------------------------+
----------------------------------------
Start job epilogue Tue Nov 18 09:53:02 CET 2025
----------------------------------------
Job ID:          49546996
Job Exit Code:   0:0
Username:        wenlou
Group:           mpla
Queue:           gpu
Compute nodes:   dccn-c079
Asked resources: walltime=1-00:00:00,nodes=1,cpus=8,mem=2G
Used resources:  cputime=4-18:36:00,walltime=14:19:30,memory=0
----------------------------------------
End job epilogue Tue Nov 18 09:53:02 CET 2025
----------------------------------------
