----------------------------------------
Start task prologue Mon Aug 10 13:56:41 CEST 2026
----------------------------------------
Step ID:         54715333.
Username:        wenlou
Group:           mpla
Asked resources: walltime=1-00:00:00,nodes=1,cpus=8,mem=2G
Queue:           gpu
Compute nodes:   dccn-c052
----------------------------------------
End task prologue Mon Aug 10 13:56:41 CEST 2026
----------------------------------------
CUDA version:
nvcc: NVIDIA (R) Cuda compiler driver
Copyright (c) 2005-2024 NVIDIA Corporation
Built on Thu_Mar_28_02:18:24_PDT_2024
Cuda compilation tools, release 12.4, V12.4.131
Build cuda_12.4.r12.4/compiler.34097967_0

[WARNING] Please note the interface change for (de-)activating conda environment:

  - DO NOT use `conda activate` to enter the conda environment as it requires extra step to modify your ~/.bashrc file, which will force you to use this Anaconda version (2024.06).  Therefore keep using `source activate` instead.

  - DO use `conda deactivate` to leave your conda environment as `source deactivate` will be deprecated in future release.

Running model for expriment=with_dn, m_id=1, method=bads
device is : cuda
['with_dn', '1', '6,11,15,20,25', 'bads', '2']

 ------- Start Optimization for Subject 6 ---------- 

 Cross Validation fold 0/1

 -- Start Optimization: method BADS --

 Optimization Run 1/2
Initial params: [1.3477, 6.6979, 12.5058, 7.5906, 5.0275, -3.5585, 1.9461, 0.5007, 20.5485, 18.7538, 0.8039, 0.2064, 0.1373, 0.287, -0.1355]
bads:TooCloseBounds: For each variable, hard and plausible bounds should not be too close. Moving plausible bounds.
Variables (index) internally transformed to log coordinates: [[0 0]
 [0 3]
 [0 4]
 [0 6]]
Beginning optimization of a STOCHASTIC objective function

 Iteration    f-count      E[f(x)]        SD[f(x)]           MeshScale          Method              Actions
     0           1         25320.7             nan               1                                  
     0          33         23728.5             nan               1          Initial mesh            Initial points
     0          51         23242.3         0.99831               1        Successful poll           Train
     1          55         22619.7        0.997592               1      Successful search (ES-ell)        
     1          57         22084.7        0.997894               1      Successful search (ES-wcm)        
     1          59         21946.2        0.997373               1      Successful search (ES-wcm)        
     1          64           21382        0.991927               1      Successful search (ES-wcm)        
     1          66           21345         1.00312               1      Successful search (ES-wcm)        
     1          76           21319         1.00269               1      Successful search (ES-wcm)        
     1          77         21299.3         1.00281               1      Successful search (ES-wcm)        
     1          80         21277.2         1.00173               1      Successful search (ES-wcm)        
     1          85         21169.2         1.00301               1      Successful search (ES-ell)        
     1          87         21158.4         1.00245               1      Successful search (ES-ell)        
     1         101         21003.4         1.00356               1      Successful search (ES-ell)        
     1         102         20782.4         1.00359               1      Successful search (ES-ell)        
     1         104         20654.7         1.00354               1      Successful search (ES-ell)        
     1         106         20520.4         1.00356               1      Successful search (ES-ell)        
     1         107         20444.3         1.00372               1      Successful search (ES-wcm)        
     1         108         20369.7         1.00366               1      Successful search (ES-wcm)        
     1         111         20361.3         1.00365               1      Successful search (ES-wcm)        
     1         119         20306.6        0.996816               1      Successful search (ES-wcm)        
     1         134         20285.3         12.4164               1      Successful search (ES-wcm)        
     1         182         20115.2         24.0223               1        Successful poll           Train
     2         183         19413.2         23.8551               1      Successful search (ES-ell)        
     2         186         19373.5         23.3744               1      Successful search (ES-ell)        
     2         187         19276.5         23.9657               1      Successful search (ES-ell)        
     2         192         19183.5         24.0634               1      Successful search (ES-wcm)        
     2         193         18952.1         24.0525               1      Successful search (ES-wcm)        
     2         194         18870.2         24.0203               1      Successful search (ES-wcm)        
     2         202         18859.9         23.9858               1      Successful search (ES-wcm)        
     2         204         18725.6         23.8179               1      Successful search (ES-wcm)        
     2         211         18685.1         19.3511               1      Successful search (ES-wcm)        
     2         250         18630.8         23.9404               1        Successful poll           
     3         252         18381.9         23.9926               1      Successful search (ES-wcm)        
     3         255           18368         23.5773               1      Successful search (ES-wcm)        
     3         261         18342.7         22.7416               1      Successful search (ES-wcm)        
     3         262           18266         22.1702               1      Successful search (ES-wcm)        
     3         270         18209.5         23.1761               1      Successful search (ES-wcm)        
     3         273         18180.5         23.4108               1      Successful search (ES-wcm)        
     3         279         18169.4         19.9343               1      Successful search (ES-wcm)        
     3         280         18096.9         20.0222               1      Successful search (ES-wcm)        
     3         318         18096.9         20.0222             0.5          Refine grid             
     4         319         18079.6         22.7986             0.5      Successful search (ES-wcm)        
     4         326         18056.1         17.1727             0.5      Successful search (ES-ell)        
     4         375         18056.1         17.1727            0.25          Refine grid             
     5         376         18103.1          23.611            0.25      Successful search (ES-ell)        
     5         377         18039.4         29.8608            0.25      Successful search (ES-ell)        
     5         381         18017.7         24.0062            0.25      Successful search (ES-ell)        
     5         393         18017.2         26.2804            0.25      Successful search (ES-wcm)        
     5         395         18000.1         26.2121            0.25      Successful search (ES-wcm)        
     5         397         17989.3         26.0955            0.25      Successful search (ES-wcm)        
     5         398         17978.5         30.5722            0.25      Successful search (ES-wcm)        
     5         401         17965.3         25.3616            0.25      Successful search (ES-ell)        
     5         404         17946.9          23.688            0.25      Successful search (ES-ell)        
     5         405         17945.4         26.4131            0.25      Successful search (ES-ell)        
     5         406           17920         32.1027            0.25      Successful search (ES-ell)        
     5         420           17918         11.0485            0.25      Successful search (ES-ell)        
     5         424         17896.6         18.0793            0.25      Successful search (ES-wcm)        
     5         478         17896.6         18.0793           0.125          Refine grid             
     6         479         17894.6         19.5659           0.125      Successful search (ES-ell)        
     6         480         17887.3         24.5695           0.125      Successful search (ES-ell)        
     6         482         17884.1          23.577           0.125      Successful search (ES-ell)        
     6         483         17860.2         31.0064           0.125      Successful search (ES-ell)        
     6         487         17856.1          21.088           0.125      Successful search (ES-ell)        
     6         488           17812         27.3142           0.125      Successful search (ES-ell)        
     6         494         17788.9         20.1473           0.125      Successful search (ES-ell)        
     6         504         17786.9         9.63598           0.125      Successful search (ES-ell)        
     6         505         17782.9         10.3997           0.125      Successful search (ES-ell)        
     6         506         17776.4         11.2879           0.125      Successful search (ES-ell)        
     6         507           17764          12.712           0.125      Successful search (ES-ell)        
     6         508         17750.3         14.8478           0.125      Successful search (ES-ell)        
     6         510         17741.9         21.0704           0.125      Successful search (ES-ell)        
     6         511         17700.6         26.4525           0.125      Successful search (ES-ell)        
     6         515         17700.3         21.7332           0.125      Successful search (ES-ell)        
     6         519         17697.5         15.8713           0.125      Successful search (ES-ell)        
     6         524         17677.4         24.8235           0.125      Successful search (ES-ell)        
     6         540         17670.4         18.6635           0.125      Successful search (ES-ell)        
     6         554         17664.7         20.4788           0.125      Successful search (ES-ell)        
     6         557         17655.1         18.7928           0.125      Successful search (ES-ell)        
     6         612         17655.1         18.7928          0.0625          Refine grid             
     7         613         17648.6         17.6115          0.0625      Successful search (ES-wcm)        
     7         615         17634.2         16.3832          0.0625      Successful search (ES-ell)        
     7         616         17618.7         19.4706          0.0625      Successful search (ES-ell)        
     7         617         17586.4           24.61          0.0625      Successful search (ES-ell)        
     7         647         17577.9         26.4466           0.125        Successful poll           Train
     8         649           17528         22.5337           0.125      Successful search (ES-ell)        
     8         650         17517.8         24.0841           0.125      Successful search (ES-ell)        
     8         706         17517.8         24.0841          0.0625          Refine grid             
     9         707         17580.2         10.3503          0.0625      Successful search (ES-wcm)        
     9         711         17570.9         8.34282          0.0625      Successful search (ES-wcm)        
     9         712         17568.2         15.1994          0.0625      Successful search (ES-wcm)        
     9         714         17535.1         12.1133          0.0625      Successful search (ES-wcm)        
     9         716         17534.9         17.0537          0.0625      Successful search (ES-wcm)        
     9         720         17532.1         13.0219          0.0625      Successful search (ES-ell)        
     9         723         17530.2           14.47          0.0625      Successful search (ES-ell)        
     9         727         17527.7          9.9171          0.0625      Successful search (ES-wcm)        
     9         732         17526.3         8.70543          0.0625      Successful search (ES-wcm)        
     9         736         17523.6         7.90105          0.0625      Successful search (ES-wcm)        
     9         739         17523.3         9.67176          0.0625      Successful search (ES-wcm)        
     9         740         17512.7         13.8722          0.0625      Successful search (ES-ell)        
     9         795         17512.7         13.8722         0.03125          Refine grid             Train
    10         796         17524.2         8.83892         0.03125      Successful search (ES-ell)        
    10         797         17520.4         15.5872         0.03125      Successful search (ES-wcm)        
    10         798         17498.5          20.269         0.03125      Successful search (ES-ell)        
    10         800         17487.7         16.2862         0.03125      Successful search (ES-ell)        
    10         801         17482.7         24.9941         0.03125      Successful search (ES-wcm)        
    10         803           17481         21.9694         0.03125      Successful search (ES-wcm)        
    10         805         17476.5         17.2031         0.03125      Successful search (ES-wcm)        
    10         807         17458.3         19.4669         0.03125      Successful search (ES-wcm)        
    10         808         17458.3         25.6633         0.03125      Successful search (ES-wcm)        
    10         809         17432.2         26.0284         0.03125      Successful search (ES-wcm)        
    10         812         17423.5         17.8611         0.03125      Successful search (ES-wcm)        
    10         868         17423.5         17.8611        0.015625          Refine grid             Train
    11         869           17440         6.34196        0.015625      Successful search (ES-wcm)        
    11         870         17413.6         10.0499        0.015625      Successful search (ES-ell)        
    11         927         17413.6         10.0499       0.0078125          Refine grid             
    12         928         17425.8         4.23273       0.0078125      Successful search (ES-ell)        
    12         929         17420.3         7.25716       0.0078125      Successful search (ES-ell)        
    12         930         17411.8          10.439       0.0078125      Successful search (ES-ell)        
    12         931         17403.9         13.7213       0.0078125      Successful search (ES-ell)        
    12         932         17378.5         17.2457       0.0078125      Successful search (ES-ell)        
    12         933           17361          21.125       0.0078125      Successful search (ES-ell)        
    12         936         17350.5         14.2268       0.0078125      Successful search (ES-ell)        
    12         987         17350.5         14.2268      0.00390625          Refine grid             Train
    13         988         17407.4         3.87928      0.00390625      Successful search (ES-ell)        
    13         989         17404.7         4.21757      0.00390625      Successful search (ES-ell)        
    13         990         17401.1         5.23386      0.00390625      Successful search (ES-ell)        
    13         991         17392.1         6.60285      0.00390625      Successful search (ES-ell)        
    13         992         17388.6         9.50455      0.00390625      Successful search (ES-ell)        
    13        1018         17346.2         9.16797       0.0078125        Successful poll           
    14        1020         17353.7         10.2368       0.0078125      Successful search (ES-ell)        
    14        1021         17351.6          9.7579       0.0078125      Successful search (ES-ell)        
    14        1022         17343.4         10.0067       0.0078125      Successful search (ES-ell)        
    14        1049         17287.4          9.6198        0.015625        Successful poll           
    15        1066         17326.6         13.8549         0.03125        Successful poll           
    16        1111         17351.8         14.0022        0.015625          Refine grid             Train
    17        1112         17350.7         8.51726        0.015625      Successful search (ES-wcm)        
    17        1113         17344.3           9.312        0.015625      Successful search (ES-ell)        
    17        1114         17342.9         11.9936        0.015625      Successful search (ES-ell)        
    17        1115         17320.6         16.5318        0.015625      Successful search (ES-ell)        
    17        1171         17320.6         16.5318       0.0078125          Refine grid             Train
    18        1172         17366.7         7.00582       0.0078125      Successful search (ES-ell)        
    18        1173           17361         7.55986       0.0078125      Successful search (ES-ell)        
    18        1174           17356         9.30472       0.0078125      Successful search (ES-ell)        
    18        1175         17353.4           14.29       0.0078125      Successful search (ES-wcm)        
    18        1231         17353.4           14.29      0.00390625          Refine grid             
    19        1232         17362.3         5.58695      0.00390625      Successful search (ES-wcm)        
    19        1233         17357.2         5.97671      0.00390625      Successful search (ES-wcm)        
    19        1234         17351.3         7.14986      0.00390625      Successful search (ES-ell)        
    19        1235         17338.6         8.73947      0.00390625      Successful search (ES-ell)        
    19        1236         17326.4         11.5945      0.00390625      Successful search (ES-ell)        
    19        1291         17326.4         11.5945      0.00195312          Refine grid             
    20        1292         17359.7         3.07388      0.00195312      Successful search (ES-ell)        
    20        1293           17358         3.33778      0.00195312      Successful search (ES-ell)        
    20        1294         17354.9         4.11324      0.00195312      Successful search (ES-ell)        
    20        1295           17353         6.21336      0.00195312      Successful search (ES-ell)        
    20        1296         17350.6         8.44205      0.00195312      Successful search (ES-ell)        
    20        1297         17340.4         10.7899      0.00195312      Successful search (ES-ell)        
    20        1298         17336.5         13.5721      0.00195312      Successful search (ES-ell)        
    20        1351         17336.5         13.5721     0.000976562          Refine grid             
Optimization terminated: change in the function value less than options['tol_mesh']
Estimated function value at minimum: 17346.27570710686 ± 2.4843299552724547 (mean ± SEM from 100 samples)
BADS minimum at: x_min = [3.087  3.5513 5.4031 8.2552 1.6546 5.7279 0.6058 0.1521 8.0812 9.0942
 0.5605 0.5014 0.1614 0.1519 0.8959], training NLL = 17346.2757
total f-count: 1451, time: 74.44 min

 Optimization Run 2/2
Initial params: [0.0413, 3.1037, 7.9669, 18.1543, 32.5966, 14.7062, 0.4177, 0.2447, 23.0132, 21.1747, 0.4811, 0.8101, 0.2204, 0.1402, -0.2966]
bads:TooCloseBounds: For each variable, hard and plausible bounds should not be too close. Moving plausible bounds.
Variables (index) internally transformed to log coordinates: [[0 0]
 [0 3]
 [0 4]
 [0 6]]
Beginning optimization of a STOCHASTIC objective function

 Iteration    f-count      E[f(x)]        SD[f(x)]           MeshScale          Method              Actions
     0           1         25329.2             nan               1                                  
     0          33         23732.7             nan               1          Initial mesh            Initial points
     0          34         23707.3        0.995895               1        Successful poll           Train
     1          39         22492.8        0.995714               1      Successful search (ES-wcm)        
     1          43         22278.1        0.993646               1      Successful search (ES-wcm)        
     1          48           22069        0.973407               1      Successful search (ES-wcm)        
     1          59         22030.2        0.948805               1      Successful search (ES-wcm)        
     1          65         22018.8         1.05494               1      Successful search (ES-wcm)        
     1          68           21684         1.05494               1      Successful search (ES-ell)        
     1          69         21557.5         1.05494               1      Successful search (ES-wcm)        
     1          72         21333.8         1.05493               1      Successful search (ES-ell)        
     1          75         21282.3         1.05493               1      Successful search (ES-ell)        
     1          82         21269.5         1.05491               1      Successful search (ES-ell)        
     1          83         21173.4         1.05493               1      Successful search (ES-wcm)        
     1          87         21093.7         1.05493               1      Successful search (ES-wcm)        
     1          90         21039.5         1.05491               1      Successful search (ES-wcm)        
     1         100         20952.3         1.24649               1      Successful search (ES-wcm)        
     1         102         20868.6         1.24667               1      Successful search (ES-wcm)        
     1         104         20743.7         1.24678               1      Successful search (ES-wcm)        
     1         127         20726.9         1.24673               1        Successful poll           Train
     2         158         20644.5         1.08076               1        Successful poll           Train
     3         159         20435.2         29.5344               1      Successful search (ES-wcm)        
     3         164           20406         29.5245               1      Successful search (ES-wcm)        
     3         166         20344.9         29.4943               1      Successful search (ES-wcm)        
     3         169           20319         28.2963               1      Successful search (ES-wcm)        
     3         171         20267.9         26.6077               1      Successful search (ES-ell)        
     3         172         20231.6         27.9904               1      Successful search (ES-ell)        
     3         174         20177.2         29.4007               1      Successful search (ES-ell)        
     3         177         20100.2         28.7796               1      Successful search (ES-ell)        
     3         181         20094.2         26.8819               1      Successful search (ES-ell)        
     3         184         20092.8         25.7051               1      Successful search (ES-ell)        
     3         186         20062.2         24.4732               1      Successful search (ES-ell)        
     3         187         20008.7         27.0012               1      Successful search (ES-ell)        
     3         194         20006.4         21.9683               1      Successful search (ES-ell)        
     3         196         19959.8         24.3828               1      Successful search (ES-ell)        
     3         207         19919.7         26.9668               1      Successful search (ES-ell)        
     3         208         19879.7         29.8317               1      Successful search (ES-ell)        
     3         210         19869.4         29.3891               1      Successful search (ES-ell)        
     3         220         19737.5         29.2036               1      Successful search (ES-ell)        
     3         223         19723.2         28.8587               1      Successful search (ES-ell)        
     3         237         19636.3         26.0403               1      Successful search (ES-wcm)        
     3         240         19630.4         25.2192               1      Successful search (ES-wcm)        
     3         242         19598.2         26.5459               1      Successful search (ES-ell)        
     3         244         19497.1         26.6634               1      Successful search (ES-wcm)        
     3         245         19484.9         27.6388               1      Successful search (ES-wcm)        
     3         246         19447.5         29.9805               1      Successful search (ES-ell)        
     3         251           19428         29.8402               1      Successful search (ES-ell)        
     3         253         19346.9         30.3043               1      Successful search (ES-ell)        
     3         256         19314.7          26.849               1      Successful search (ES-ell)        
     3         265         19253.8         43.8349               1      Successful search (ES-ell)        
     3         284         19114.3         28.3527               1      Successful search (ES-ell)        
     3         285         18699.6         37.0902               1      Successful search (ES-ell)        
     3         296         18690.2         25.8997               1      Successful search (ES-ell)        
     3         304         18686.1         15.5858               1      Successful search (ES-ell)        
     3         306         18683.9         18.0047               1      Successful search (ES-ell)        
     3         307         18683.7            23.7               1      Incremental search (ES-ell)        
     3         308         18670.3         24.7371               1      Successful search (ES-ell)        
     3         348         18670.3         24.7371             0.5          Refine grid             Train
     4         350         18499.9         31.8078             0.5      Successful search (ES-ell)        
     4         406         18499.9         31.8078            0.25          Refine grid             Train
     5         408         18450.1         16.4835            0.25      Successful search (ES-ell)        
     5         409         18388.2         24.6721            0.25      Successful search (ES-ell)        
     5         411         18314.1         27.5169            0.25      Successful search (ES-ell)        
     5         464         18314.1         27.5169           0.125          Refine grid             Train
     6         465           18331         15.1197           0.125      Successful search (ES-ell)        
     6         468         18321.1         16.9805           0.125      Successful search (ES-ell)        
     6         522         18321.1         16.9805          0.0625          Refine grid             
     7         523         18332.1          9.9445          0.0625      Successful search (ES-ell)        
     7         524         18318.2          13.551          0.0625      Successful search (ES-ell)        
     7         580         18287.7         20.2524           0.125        Successful poll           
     8         583         18258.9         31.0658           0.125      Successful search (ES-wcm)        
     8         586         18250.7         23.1359           0.125      Successful search (ES-wcm)        
     8         589         18250.2         17.1132           0.125      Successful search (ES-wcm)        
     8         591         18238.4         18.1824           0.125      Successful search (ES-wcm)        
     8         617         18205.7         17.5486            0.25        Successful poll           Train
     9         660         18205.8         17.5487           0.125          Refine grid             Train
    10         661         18276.6         21.2893           0.125      Successful search (ES-ell)        
    10         663         18270.7         23.5418           0.125      Successful search (ES-ell)        
    10         668         18258.8         15.2768           0.125      Successful search (ES-ell)        
    10         674         18258.6         10.9217           0.125      Successful search (ES-ell)        
    10         675         18247.8         10.9554           0.125      Successful search (ES-ell)        
    10         678         18247.1         14.6689           0.125      Successful search (ES-ell)        
    10         679         18243.6         20.7596           0.125      Successful search (ES-ell)        
    10         680         18201.1         25.5687           0.125      Successful search (ES-ell)        
    10         681         18125.6          29.703           0.125      Successful search (ES-ell)        
    10         693           18122         12.9526           0.125      Successful search (ES-ell)        
    10         727         18054.3         29.9661            0.25        Successful poll           Train
    11         730         17899.2         21.0342            0.25      Successful search (ES-wcm)        
    11         785         17899.2         21.0342           0.125          Refine grid             
    12         786         18070.4         30.0863           0.125      Successful search (ES-wcm)        
    12         788         17989.5         23.6826           0.125      Successful search (ES-ell)        
    12         830         17978.3         32.9733            0.25        Successful poll           Train
    13         833         18035.3         23.4966            0.25      Successful search (ES-ell)        
    13         837         18031.4         16.3481            0.25      Successful search (ES-ell)        
    13         838         17993.5         19.3497            0.25      Successful search (ES-ell)        
    13         839         17977.2         23.1496            0.25      Successful search (ES-ell)        
    13         846         17975.9         27.0967            0.25      Successful search (ES-ell)        
    13         855         17975.2         13.0239            0.25      Successful search (ES-ell)        
    13         856         17959.3         13.7199            0.25      Successful search (ES-ell)        
    13         857         17944.6          15.561            0.25      Successful search (ES-ell)        
    13         858         17927.6         17.9789            0.25      Successful search (ES-ell)        
    13         859         17911.3         22.6446            0.25      Successful search (ES-ell)        
    13         902         17911.3         22.6446           0.125          Refine grid             
    14         903         17917.8         15.4027           0.125      Successful search (ES-ell)        
    14         908         17912.9         18.7715           0.125      Successful search (ES-ell)        
    14         960         17912.9         18.7715          0.0625          Refine grid             
    15         961         17925.1          8.8641          0.0625      Successful search (ES-ell)        
    15        1016         17919.4         7.78123           0.125        Successful poll           
    16        1017         17909.9         29.5228           0.125      Successful search (ES-wcm)        
    16        1022         17853.5          26.818           0.125      Successful search (ES-ell)        
    16        1026         17846.7         23.1826           0.125      Successful search (ES-ell)        
    16        1028         17839.8         28.1802           0.125      Successful search (ES-wcm)        
    16        1030         17812.4         23.9578           0.125      Successful search (ES-ell)        
    16        1034         17810.6         27.5182           0.125      Successful search (ES-ell)        
    16        1038         17802.5         27.6518           0.125      Successful search (ES-wcm)        
    16        1043         17796.1          20.194           0.125      Successful search (ES-wcm)        
    16        1089         17769.1         28.4727            0.25        Successful poll           
    17        1100         17784.2          15.208            0.25      Successful search (ES-wcm)        
    17        1102         17774.2         21.3365            0.25      Successful search (ES-wcm)        
    17        1103         17768.9         27.0709            0.25      Successful search (ES-wcm)        
    17        1109         17763.6         28.1868            0.25      Successful search (ES-ell)        
    17        1124         17746.6         21.9791            0.25      Successful search (ES-ell)        
    17        1177         17746.6         21.9791           0.125          Refine grid             
    18        1179         17745.5         12.9024           0.125      Successful search (ES-wcm)        
    18        1235         17745.5         12.9024          0.0625          Refine grid             Train
    19        1236         17785.8         11.3554          0.0625      Successful search (ES-wcm)        
    19        1238         17774.9         17.0704          0.0625      Successful search (ES-ell)        
    19        1293         17774.9         17.0704         0.03125          Refine grid             Train
    20        1294         17773.2         6.81645         0.03125      Successful search (ES-ell)        
    20        1295         17756.6         10.6028         0.03125      Successful search (ES-ell)        
    20        1351         17756.6         10.6028        0.015625          Refine grid             Train
    21        1352         17792.5         6.32166        0.015625      Successful search (ES-ell)        
    21        1353         17772.6         7.51148        0.015625      Successful search (ES-ell)        
    21        1354         17750.7         10.1333        0.015625      Successful search (ES-ell)        
    21        1356         17750.3         11.3045        0.015625      Successful search (ES-wcm)        
    21        1358         17746.8         14.0968        0.015625      Successful search (ES-wcm)        
    21        1361         17736.7         12.0495        0.015625      Successful search (ES-wcm)        
    21        1362         17735.1         13.7242        0.015625      Successful search (ES-ell)        
    21        1411         17735.1         13.7242       0.0078125          Refine grid             Train
    22        1412         17737.2         4.14774       0.0078125      Successful search (ES-ell)        
    22        1413         17724.2          4.7716       0.0078125      Successful search (ES-ell)        
    22        1414         17711.9          5.8471       0.0078125      Successful search (ES-ell)        
    22        1415         17691.1         8.11704       0.0078125      Successful search (ES-ell)        
    22        1416         17678.9         10.6351       0.0078125      Successful search (ES-ell)        
    22        1471         17678.9         10.6351      0.00390625          Refine grid             
    23        1472         17755.7         3.76333      0.00390625      Successful search (ES-wcm)        
    23        1473         17748.7          4.1151      0.00390625      Successful search (ES-wcm)        
    23        1474         17742.6         4.63084      0.00390625      Successful search (ES-wcm)        
    23        1475         17738.3         5.56442      0.00390625      Successful search (ES-wcm)        
    23        1476         17727.4          7.0445      0.00390625      Successful search (ES-wcm)        
    23        1477         17722.1         9.83584      0.00390625      Successful search (ES-wcm)        
    23        1531         17722.1         9.83584      0.00195312          Refine grid             
    24        1532           17744         3.85945      0.00195312      Successful search (ES-wcm)        
    24        1533         17740.9         3.78255      0.00195312      Successful search (ES-wcm)        
    24        1534         17737.5         4.03218      0.00195312      Successful search (ES-wcm)        
    24        1535         17723.5         4.63264      0.00195312      Successful search (ES-ell)        
    24        1536         17706.4         5.91994      0.00195312      Successful search (ES-ell)        
    24        1537         17689.3         8.77435      0.00195312      Successful search (ES-ell)        
    24        1538         17662.6         11.4141      0.00195312      Successful search (ES-ell)        
    24        1591         17662.6         11.4141     0.000976562          Refine grid             
Optimization terminated: change in the function value less than options['tol_mesh']
Estimated function value at minimum: 17740.625570371267 ± 2.7531392904520655 (mean ± SEM from 100 samples)
BADS minimum at: x_min = [ 1.3831  1.9458  6.2864 10.2491  1.4511  6.5829  0.4773  0.4618  8.1356
  9.9     0.5567  0.4733  0.1836  0.1631  1.0593], training NLL = 17740.6256
total f-count: 1691, time: 86.58 min

 ------- Finish Optimization for Subject 6 ---------- 

 ------- Start Optimization for Subject 11 ---------- 

 Cross Validation fold 0/1

 -- Start Optimization: method BADS --

 Optimization Run 1/2
Initial params: [0.4764, 4.7395, 7.056, 26.5789, 19.3308, -48.709, 3.3866, 0.3024, 27.2538, 23.184, 0.1135, 0.537, 0.1975, 0.1292, -0.409]
bads:TooCloseBounds: For each variable, hard and plausible bounds should not be too close. Moving plausible bounds.
Variables (index) internally transformed to log coordinates: [[0 0]
 [0 3]
 [0 4]
 [0 6]]
Beginning optimization of a STOCHASTIC objective function

 Iteration    f-count      E[f(x)]        SD[f(x)]           MeshScale          Method              Actions
     0           1         25766.6             nan               1                                  
     0          33         24226.9             nan               1          Initial mesh            Initial points
     0          50         23625.7         1.02055               1        Successful poll           Train
     1          53         22184.7         1.02046               1      Successful search (ES-ell)        
     1          63         22108.8        0.978919               1      Successful search (ES-ell)        
     1          64         22072.6        0.997624               1      Successful search (ES-ell)        
     1          65         22040.4        0.995045               1      Successful search (ES-ell)        
     1          66         21865.3        0.997045               1      Successful search (ES-ell)        
     1          67         21447.2        0.997046               1      Successful search (ES-ell)        
     1          71         21402.8        0.996981               1      Successful search (ES-ell)        
     1          75         21311.1        0.996896               1      Successful search (ES-ell)        
     1          78         21245.9        0.996745               1      Successful search (ES-ell)        
     1          84         21069.1        0.996621               1      Successful search (ES-ell)        
     1          85         20927.3        0.996944               1      Successful search (ES-ell)        
     1          86         20857.8        0.996822               1      Successful search (ES-ell)        
     1          89         20844.8        0.996746               1      Successful search (ES-ell)        
     1          94         20683.5        0.995504               1      Successful search (ES-ell)        
     1         100         20365.4        0.990243               1      Successful search (ES-wcm)        
     1         105         20280.1        0.990194               1      Successful search (ES-wcm)        
     1         107         20174.9        0.990203               1      Successful search (ES-wcm)        
     1         122         20164.4        0.988587               1      Successful search (ES-wcm)        
     1         152         20107.3        0.983086               1        Successful poll           
     2         159         20103.6         33.9356               1      Successful search (ES-wcm)        
     2         161         20029.3         34.3077               1      Successful search (ES-wcm)        
     2         162         19935.9         35.8682               1      Successful search (ES-wcm)        
     2         163         19897.3         36.3415               1      Successful search (ES-ell)        
     2         172         19886.4         34.5461               1      Successful search (ES-ell)        
     2         173         19869.9         35.2432               1      Successful search (ES-ell)        
     2         175         19796.3         36.4261               1      Successful search (ES-ell)        
     2         182         19780.8         25.3111               1      Successful search (ES-wcm)        
     2         185         19484.3         38.6987               1      Successful search (ES-wcm)        
     2         189         19411.1         40.7269               1      Successful search (ES-wcm)        
     2         195           19389         32.8463               1      Successful search (ES-wcm)        
     2         196         19362.7         34.5311               1      Successful search (ES-wcm)        
     2         200         19222.4         39.5019               1      Successful search (ES-wcm)        
     2         202         19183.4         40.6681               1      Successful search (ES-wcm)        
     2         205           19107         40.6577               1      Successful search (ES-ell)        
     2         209         19075.6         35.0371               1      Successful search (ES-ell)        
     2         210         18872.5         36.8521               1      Successful search (ES-ell)        
     2         216         18847.3         39.2565               1      Successful search (ES-ell)        
     2         218         18788.2          38.152               1      Successful search (ES-ell)        
     2         219         18705.3         40.3038               1      Successful search (ES-ell)        
     2         222         18704.4           39.42               1      Incremental search (ES-ell)        
     2         226         18683.1         36.0058               1      Successful search (ES-ell)        
     2         231         18586.3         33.8178               1      Successful search (ES-ell)        
     2         245         18509.4         33.8795               1      Successful search (ES-ell)        
     2         294         18285.8         34.9688               1        Successful poll           
     3         299         18214.5         33.0443               1      Successful search (ES-wcm)        
     3         302         18198.3         27.5732               1      Successful search (ES-ell)        
     3         303         18127.8         37.4454               1      Successful search (ES-ell)        
     3         345         18127.8         37.4454             0.5          Refine grid             Train
     4         348         18024.8         29.8278             0.5      Successful search (ES-ell)        
     4         349         17952.4         31.1201             0.5      Successful search (ES-ell)        
     4         350         17780.9         32.2951             0.5      Successful search (ES-ell)        
     4         365         17706.9          26.055             0.5      Successful search (ES-wcm)        
     4         367         17700.8         21.7377             0.5      Successful search (ES-wcm)        
     4         369         17686.3         26.8769             0.5      Successful search (ES-ell)        
     4         370           17670         26.6009             0.5      Successful search (ES-wcm)        
     4         381         17657.2         16.8748             0.5      Successful search (ES-wcm)        
     4         393         17656.7         12.6115             0.5      Successful search (ES-wcm)        
     4         397         17655.1         12.4089             0.5      Successful search (ES-wcm)        
     4         417         17652.7         10.9883             0.5      Successful search (ES-wcm)        
     4         418         17652.3         17.1508             0.5      Successful search (ES-wcm)        
     4         419         17644.6         16.9705             0.5      Successful search (ES-wcm)        
     4         420         17626.9          17.309             0.5      Successful search (ES-wcm)        
     4         427         17622.9         18.1122             0.5      Successful search (ES-wcm)        
     4         431           17621         14.0062             0.5      Successful search (ES-wcm)        
     4         440         17596.3         14.0637             0.5      Successful search (ES-wcm)        
     4         491         17596.3         14.0637            0.25          Refine grid             
     5         496         17605.3         13.4069            0.25      Successful search (ES-ell)        
     5         497         17581.6          20.346            0.25      Successful search (ES-ell)        
     5         549         17581.6          20.346           0.125          Refine grid             
     6         551         17584.1         16.9415           0.125      Successful search (ES-ell)        
     6         609         17571.2         16.1448            0.25        Successful poll           
     7         652         17574.5         14.7463           0.125          Refine grid             Train
     8         654           17587          17.861           0.125      Successful search (ES-ell)        
     8         712           17587          17.861          0.0625          Refine grid             
     9         715         17586.3         8.65891          0.0625      Successful search (ES-wcm)        
     9         719         17582.3         7.76088          0.0625      Successful search (ES-ell)        
     9         720         17581.3         8.62887          0.0625      Successful search (ES-ell)        
     9         721         17570.3         8.90642          0.0625      Successful search (ES-ell)        
     9         772         17570.3         8.90642         0.03125          Refine grid             
    10         773         17595.1         7.23871         0.03125      Successful search (ES-ell)        
    10         774         17580.8         8.26518         0.03125      Successful search (ES-ell)        
    10         775         17567.8         12.0604         0.03125      Successful search (ES-ell)        
    10         807         17561.9         17.9303          0.0625        Successful poll           
    11         808         17568.2         13.2471          0.0625      Successful search (ES-ell)        
    11         811         17553.8         14.7302          0.0625      Successful search (ES-ell)        
    11         865         17553.8         14.7302         0.03125          Refine grid             Train
    12         908         17602.9         6.45634        0.015625          Refine grid             Train
    13         909         17597.8          4.8141        0.015625      Successful search (ES-wcm)        
    13         911         17592.3         8.03576        0.015625      Successful search (ES-wcm)        
    13         912         17592.2         13.3642        0.015625      Successful search (ES-wcm)        
    13         914         17590.3         6.28283        0.015625      Successful search (ES-wcm)        
    13         915         17588.7         8.75725        0.015625      Successful search (ES-ell)        
    13         916         17581.7         11.0062        0.015625      Successful search (ES-wcm)        
    13         968         17581.7         11.0062       0.0078125          Refine grid             
    14         969         17605.9         4.24183       0.0078125      Successful search (ES-ell)        
    14        1028         17605.9         4.24183      0.00390625          Refine grid             
    15        1029         17603.1         3.03696      0.00390625      Successful search (ES-ell)        
    15        1030         17599.3         3.34949      0.00390625      Successful search (ES-ell)        
    15        1031         17595.5         3.95768      0.00390625      Successful search (ES-ell)        
    15        1032           17591         5.39226      0.00390625      Successful search (ES-ell)        
    15        1034         17587.8         7.50845      0.00390625      Successful search (ES-ell)        
    15        1035         17585.2         10.6598      0.00390625      Successful search (ES-wcm)        
    15        1088         17585.2         10.6598      0.00195312          Refine grid             
    16        1089         17597.4         6.17826      0.00195312      Successful search (ES-wcm)        
    16        1090         17594.5         5.89224      0.00195312      Successful search (ES-wcm)        
    16        1091         17593.5         5.85441      0.00195312      Successful search (ES-wcm)        
    16        1148         17593.5         5.85441     0.000976562          Refine grid             Train
Optimization terminated: change in the function value less than options['tol_mesh']
Estimated function value at minimum: 17602.03053278591 ± 2.426579139984649 (mean ± SEM from 100 samples)
BADS minimum at: x_min = [ 0.7175  2.4741  5.8558  8.8909  1.7111  6.4995  0.2649  0.2427  7.403
 14.882   0.57    0.3516  0.1795  0.2615  0.8129], training NLL = 17602.0305
total f-count: 1248, time: 72.71 min

 Optimization Run 2/2
Initial params: [0.4375, 2.0551, 13.53, 22.1088, 2.0318, 27.3067, 3.5874, 0.4231, 21.4071, 21.8932, 0.728, 0.7235, 0.1431, 0.2225, 0.1172]
bads:TooCloseBounds: For each variable, hard and plausible bounds should not be too close. Moving plausible bounds.
Variables (index) internally transformed to log coordinates: [[0 0]
 [0 3]
 [0 4]
 [0 6]]
Beginning optimization of a STOCHASTIC objective function

 Iteration    f-count      E[f(x)]        SD[f(x)]           MeshScale          Method              Actions
     0           1         25766.6             nan               1                                  
     0          33         24199.2             nan               1          Initial mesh            Initial points
     0          49         23668.3         1.01736               1        Successful poll           Train
     1          53         23143.8         1.01722               1      Successful search (ES-wcm)        
     1          58         22929.9          1.0141               1      Successful search (ES-wcm)        
     1          61         22788.4         1.01353               1      Successful search (ES-ell)        
     1          63         22417.2         1.01424               1      Successful search (ES-ell)        
     1          69         22266.3          1.0004               1      Successful search (ES-ell)        
     1          70         21953.4         1.00058               1      Successful search (ES-ell)        
     1          71         21778.5         1.00065               1      Successful search (ES-ell)        
     1          74         21623.9         1.00048               1      Successful search (ES-ell)        
     1          77         21584.7         1.00002               1      Successful search (ES-ell)        
     1          79         21527.8         1.00026               1      Successful search (ES-ell)        
     1          85           21444        0.992102               1      Successful search (ES-ell)        
     1          88         21335.3        0.986876               1      Successful search (ES-ell)        
     1          92         21307.1        0.992021               1      Successful search (ES-wcm)        
     1          93         21250.7        0.937368               1      Successful search (ES-ell)        
     1         100           21239        0.999676               1      Successful search (ES-ell)        
     1         103         21221.4         0.99942               1      Successful search (ES-ell)        
     1         105         21175.7        0.996457               1      Successful search (ES-ell)        
     1         106         21113.1        0.999963               1      Successful search (ES-wcm)        
     1         114           21089         1.00006               1      Successful search (ES-wcm)        
     1         119         21056.2        0.999767               1      Successful search (ES-wcm)        
     1         123         21050.1        0.978591               1      Successful search (ES-wcm)        
     1         127         20887.1          1.0333               1      Successful search (ES-wcm)        
     1         177         20049.7          1.0152               1        Successful poll           Train
     2         185         20023.5          1.0152               1      Successful search (ES-wcm)        
     2         186         20005.7         1.01513               1      Successful search (ES-ell)        
     2         227         19619.7         1.04962               1        Successful poll           
     3         233         19571.2         29.5205               1      Successful search (ES-ell)        
     3         234         19529.6         31.1315               1      Successful search (ES-ell)        
     3         244         19469.4         34.6277               1      Successful search (ES-ell)        
     3         249         19392.6         32.0262               1      Successful search (ES-ell)        
     3         252         19367.8         30.1757               1      Successful search (ES-ell)        
     3         254         19309.1         28.7468               1      Successful search (ES-ell)        
     3         255         19233.8         30.8112               1      Successful search (ES-ell)        
     3         295         19233.8         30.8112             0.5          Refine grid             Train
     4         299         19206.4         25.0731             0.5      Successful search (ES-ell)        
     4         354         19206.4         25.0731            0.25          Refine grid             Train
     5         357         19204.7         23.5697            0.25      Successful search (ES-ell)        
     5         414         19204.7         23.5697           0.125          Refine grid             Train
     6         415         19250.5         12.9713           0.125      Successful search (ES-ell)        
     6         416         19234.3         22.2242           0.125      Successful search (ES-ell)        
     6         417         19193.7         25.0525           0.125      Successful search (ES-ell)        
     6         421         19173.2         24.9633           0.125      Successful search (ES-ell)        
     6         422         19147.6         29.5356           0.125      Successful search (ES-ell)        
     6         474         19145.4         34.6821            0.25        Successful poll           
     7         519         19147.4         21.4914             0.5        Successful poll           Train
     8         521         19066.6         32.7818             0.5      Successful search (ES-ell)        
     8         542         19066.5         14.7425             0.5      Incremental search (ES-ell)        
     8         543         19060.6         23.0634             0.5      Successful search (ES-ell)        
     8         546         19060.2         20.5601             0.5      Successful search (ES-ell)        
     8         547         19057.4          23.836             0.5      Successful search (ES-ell)        
     8         548         19045.1         24.1707             0.5      Successful search (ES-ell)        
     8         573         18849.7         17.6471               1        Successful poll           Train
     9         611         18849.9         17.6475             0.5          Refine grid             Train
    10         612           19112         30.8171             0.5      Successful search (ES-ell)        
    10         618         19083.3         25.5889             0.5      Successful search (ES-ell)        
    10         620         19062.9         23.8612             0.5      Successful search (ES-ell)        
    10         621         19032.4         28.4966             0.5      Successful search (ES-ell)        
    10         622         19030.3         31.7719             0.5      Successful search (ES-ell)        
    10         629           19021         32.1093             0.5      Successful search (ES-ell)        
    10         636         19015.1         15.7344             0.5      Successful search (ES-ell)        
    10         637           18994         20.2455             0.5      Successful search (ES-ell)        
    10         685           18994         20.2455            0.25          Refine grid             Train
    11         687         19086.9          27.278            0.25      Successful search (ES-ell)        
    11         692         19074.2         20.0023            0.25      Successful search (ES-ell)        
    11         693         19048.8         23.8957            0.25      Successful search (ES-ell)        
    11         696         19012.1         18.2107            0.25      Successful search (ES-ell)        
    11         745         19012.1         18.2107           0.125          Refine grid             Train
    12         746         19022.5          20.517           0.125      Successful search (ES-wcm)        
    12         748         18985.3         30.2694           0.125      Successful search (ES-wcm)        
    12         805         18985.3         30.2694          0.0625          Refine grid             
    13         806         18996.4         12.0179          0.0625      Successful search (ES-wcm)        
    13         808         18986.2         15.7251          0.0625      Successful search (ES-ell)        
    13         821         18901.3         12.3424          0.0625      Successful search (ES-ell)        
    13         822         18827.7          14.541          0.0625      Successful search (ES-ell)        
    13         880         18827.7          14.541         0.03125          Refine grid             
    14         881         19016.9         7.61176         0.03125      Successful search (ES-ell)        
    14         882         19007.7          11.547         0.03125      Successful search (ES-ell)        
    14         883         18993.1         15.4088         0.03125      Successful search (ES-ell)        
    14         884         18982.6         18.8224         0.03125      Successful search (ES-ell)        
    14         938         18914.4         6.92774          0.0625        Successful poll           
    15         939         18826.3          12.914          0.0625      Successful search (ES-ell)        
    15         940         18813.1         15.5871          0.0625      Successful search (ES-ell)        
    15         998         18813.1         15.5871         0.03125          Refine grid             Train
    16         999         18956.3         7.28045         0.03125      Successful search (ES-ell)        
    16        1000           18934         10.1795         0.03125      Successful search (ES-ell)        
    16        1058           18934         10.1795        0.015625          Refine grid             Train
    17        1059         18984.2         3.90577        0.015625      Successful search (ES-wcm)        
    17        1062         18982.9         3.95493        0.015625      Successful search (ES-wcm)        
    17        1063         18974.9         4.50897        0.015625      Successful search (ES-wcm)        
    17        1118         18974.9         4.50897       0.0078125          Refine grid             Train
    18        1119         19003.1          3.7894       0.0078125      Successful search (ES-wcm)        
    18        1120         18995.7         4.31858       0.0078125      Successful search (ES-wcm)        
    18        1121           18982         6.01472       0.0078125      Successful search (ES-wcm)        
    18        1127         18980.6         5.11589       0.0078125      Successful search (ES-ell)        
    18        1128         18977.3         5.26223       0.0078125      Successful search (ES-ell)        
    18        1160         18951.8         8.84581        0.015625        Successful poll           
    19        1161         18948.5         11.4395        0.015625      Successful search (ES-wcm)        
    19        1220         18948.5         11.4395       0.0078125          Refine grid             
    20        1221         18994.9         3.88243       0.0078125      Successful search (ES-wcm)        
    20        1222         18983.3           6.493       0.0078125      Successful search (ES-wcm)        
    20        1223         18971.7         8.05345       0.0078125      Successful search (ES-ell)        
    20        1224           18968         10.2342       0.0078125      Successful search (ES-ell)        
    20        1225         18966.6         12.5731       0.0078125      Successful search (ES-ell)        
    20        1280         18966.6         12.5731      0.00390625          Refine grid             Train
    21        1281         19000.8         3.18576      0.00390625      Successful search (ES-ell)        
    21        1282         18997.6         3.46539      0.00390625      Successful search (ES-ell)        
    21        1283         18996.1         4.13403      0.00390625      Successful search (ES-ell)        
    21        1284         18990.1         4.98575      0.00390625      Successful search (ES-ell)        
    21        1285         18982.6         6.27344      0.00390625      Successful search (ES-ell)        
    21        1286         18974.8         10.4223      0.00390625      Successful search (ES-ell)        
    21        1288         18972.5         10.3654      0.00390625      Successful search (ES-ell)        
    21        1290         18970.1         13.4547      0.00390625      Successful search (ES-wcm)        
    21        1291         18963.9         17.7398      0.00390625      Successful search (ES-wcm)        
    21        1311         18953.6         21.4441       0.0078125        Successful poll           
    22        1312         18997.1         3.54425       0.0078125      Successful search (ES-ell)        
    22        1313         18991.9         5.56131       0.0078125      Successful search (ES-ell)        
    22        1314         18987.5         8.15901       0.0078125      Successful search (ES-ell)        
    22        1315         18979.9         9.96557       0.0078125      Successful search (ES-ell)        
    22        1316         18979.9         14.6378       0.0078125      Successful search (ES-ell)        
    22        1317         18977.1         16.2264       0.0078125      Successful search (ES-ell)        
    22        1318         18966.8         17.5691       0.0078125      Successful search (ES-ell)        
    22        1320         18951.2         17.4173       0.0078125      Successful search (ES-ell)        
    22        1352         18937.2         10.3645        0.015625        Successful poll           
    23        1354         18999.5         9.57777        0.015625      Successful search (ES-ell)        
    23        1355         18986.4         10.1046        0.015625      Successful search (ES-ell)        
    23        1357         18985.4          9.8399        0.015625      Successful search (ES-ell)        
    23        1358         18984.9         11.9617        0.015625      Successful search (ES-ell)        
    23        1360         18981.2         12.7742        0.015625      Successful search (ES-ell)        
    23        1361         18979.4         16.6473        0.015625      Successful search (ES-ell)        
    23        1412         18928.9         16.4827         0.03125        Successful poll           Train
    24        1413         18954.8         11.6163         0.03125      Successful search (ES-ell)        
    24        1472         18954.8         11.6163        0.015625          Refine grid             Train
    25        1473         18998.8         7.14903        0.015625      Successful search (ES-wcm)        
    25        1474         18979.9         7.57266        0.015625      Successful search (ES-ell)        
    25        1524         18974.5         9.46034         0.03125        Successful poll           
    26        1526         18948.6         11.9731         0.03125      Successful search (ES-ell)        
    26        1584         18948.6         11.9731        0.015625          Refine grid             
    27        1585         18966.8         6.03672        0.015625      Successful search (ES-ell)        
    27        1586           18965         9.32642        0.015625      Successful search (ES-ell)        
    27        1587           18963         13.3826        0.015625      Successful search (ES-ell)        
    27        1644         18942.4         23.0239         0.03125        Successful poll           
    28        1679         18966.6         16.0817          0.0625        Successful poll           Train
    29        1724         18969.8         11.6942         0.03125          Refine grid             Train
    30        1769         18972.6         4.89423        0.015625          Refine grid             Train
    31        1770         18974.3         6.03949        0.015625      Successful search (ES-ell)        
    31        1771         18973.4         8.04646        0.015625      Successful search (ES-ell)        
    31        1772         18964.3         10.4922        0.015625      Successful search (ES-ell)        
    31        1829         18964.3         10.4922       0.0078125          Refine grid             Train
    32        1830         18974.8         5.84611       0.0078125      Successful search (ES-ell)        
    32        1831         18965.7         6.95897       0.0078125      Successful search (ES-ell)        
    32        1832         18961.6         10.4046       0.0078125      Successful search (ES-ell)        
    32        1833         18956.1         13.5438       0.0078125      Successful search (ES-ell)        
    32        1869         18945.6          19.389        0.015625        Successful poll           
    33        1870         18970.9         7.57338        0.015625      Successful search (ES-ell)        
    33        1872         18970.1         10.0954        0.015625      Successful search (ES-ell)        
    33        1873         18957.7         13.0179        0.015625      Successful search (ES-ell)        
    33        1929         18948.4         24.9634         0.03125        Successful poll           
    34        1963         18958.6         6.14885          0.0625        Successful poll           
    35        1964         18975.1         17.1486          0.0625      Successful search (ES-ell)        
    35        1967         18955.9         11.7977          0.0625      Successful search (ES-ell)        
    35        2023         18955.9         11.7977         0.03125          Refine grid             Train
    36        2025           18973          5.9753         0.03125      Successful search (ES-wcm)        
    36        2027         18971.7         7.43007         0.03125      Successful search (ES-ell)        
    36        2079         18970.3         13.1531          0.0625        Successful poll           Train
    37        2082         18971.3         11.9948          0.0625      Successful search (ES-ell)        
    37        2139         18971.3         11.9948         0.03125          Refine grid             Train
    38        2160         18943.2         26.5582          0.0625        Successful poll           Train
    39        2196         18965.3         24.1305           0.125        Successful poll           Train
    40        2198         18711.7         8.68311           0.125      Successful search (ES-ell)        
    40        2199         18564.3         12.7419           0.125      Successful search (ES-ell)        
    40        2256         18564.3         12.7419          0.0625          Refine grid             
    41        2301         18979.8         3.73611         0.03125          Refine grid             Train
    42        2346         18980.9         3.22228        0.015625          Refine grid             Train
    43        2347         18969.7           5.382        0.015625      Successful search (ES-ell)        
    43        2348         18965.3         8.43565        0.015625      Successful search (ES-ell)        
    43        2349         18962.1         12.4737        0.015625      Successful search (ES-ell)        
    43        2350           18961         14.2534        0.015625      Successful search (ES-ell)        
    43        2406           18961         14.2534       0.0078125          Refine grid             Train
    44        2407         18970.7         5.33199       0.0078125      Successful search (ES-wcm)        
    44        2408         18968.2         6.37945       0.0078125      Successful search (ES-ell)        
    44        2410         18966.5         7.67918       0.0078125      Successful search (ES-wcm)        
    44        2444         18936.9         23.5863        0.015625        Successful poll           
    45        2448         18976.1         9.80205        0.015625      Successful search (ES-ell)        
    45        2460         18955.7         14.2229        0.015625      Successful search (ES-wcm)        
    45        2499         18935.7         23.6641         0.03125        Successful poll           
    46        2500         18954.7         12.2665         0.03125      Successful search (ES-wcm)        
    46        2559         18954.7         12.2665        0.015625          Refine grid             Train
    47        2571         18977.1         3.51138        0.015625      Successful search (ES-ell)        
    47        2572           18977         3.48083        0.015625      Successful search (ES-ell)        
    47        2573         18975.9         3.47106        0.015625      Successful search (ES-ell)        
    47        2574         18975.3         3.50292        0.015625      Successful search (ES-ell)        
    47        2575         18972.6         5.16544        0.015625      Successful search (ES-ell)        
    47        2576         18963.9         9.66654        0.015625      Successful search (ES-ell)        
    47        2615         18938.7         12.8562         0.03125        Successful poll           Train
    48        2660         18936.9         24.7316          0.0625        Successful poll           Train
    49        2705           18969          9.0029           0.125        Successful poll           Train
    50        2750         18959.8         7.91022          0.0625          Refine grid             Train
    51        2751         18967.8         17.2265          0.0625      Successful search (ES-ell)        
    51        2810         18967.8         17.2265         0.03125          Refine grid             Train
    52        2811           18969         8.89743         0.03125      Successful search (ES-ell)        
    52        2813         18956.1         11.8746         0.03125      Successful search (ES-ell)        
    52        2870         18956.1         11.8746        0.015625          Refine grid             Train
    53        2871         18973.1         5.99323        0.015625      Successful search (ES-ell)        
    53        2872         18964.1         10.1174        0.015625      Successful search (ES-ell)        
    53        2930         18964.1         10.1174       0.0078125          Refine grid             Train
    54        2931         18975.8         4.65594       0.0078125      Successful search (ES-ell)        
    54        2932         18965.6         6.76656       0.0078125      Successful search (ES-ell)        
    54        2933         18962.3          10.413       0.0078125      Successful search (ES-ell)        
    54        2990         18962.3          10.413      0.00390625          Refine grid             
    55        3006           18976         12.2313       0.0078125        Successful poll           Train
    56        3007         18972.6         5.72101       0.0078125      Successful search (ES-wcm)        
    56        3048         18947.9         14.3871        0.015625        Successful poll           
    57        3049         18977.9         13.8359        0.015625      Successful search (ES-wcm)        
    57        3050         18960.3         14.0967        0.015625      Successful search (ES-wcm)        
    57        3108         18960.3         14.0967       0.0078125          Refine grid             Train
    58        3109         18975.5          4.6186       0.0078125      Successful search (ES-wcm)        
    58        3111         18970.5         6.32693       0.0078125      Successful search (ES-wcm)        
    58        3124         18968.8         4.84532       0.0078125      Successful search (ES-ell)        
    58        3126         18966.3         5.25177       0.0078125      Successful search (ES-ell)        
    58        3127         18960.8         6.03661       0.0078125      Successful search (ES-wcm)        
    58        3183         18960.8         6.03661      0.00390625          Refine grid             Train
    59        3228         18979.2         10.1544     0.000976562          Refine grid             Train
Optimization terminated: change in the function value less than options['tol_mesh']
Estimated function value at minimum: 18979.231083677892 ± 2.8497629053513522 (mean ± SEM from 100 samples)
BADS minimum at: x_min = [ 0.4749  9.6082  5.8896 24.4039  1.5608 14.3034  1.3612  0.3874 13.735
 14.7012  0.3761  0.4574  0.1196  0.0864  1.5573], training NLL = 18979.2311
total f-count: 3328, time: 198.66 min

 ------- Finish Optimization for Subject 11 ---------- 

 ------- Start Optimization for Subject 15 ---------- 

 Cross Validation fold 0/1

 -- Start Optimization: method BADS --

 Optimization Run 1/2
Initial params: [0.7925, 8.6036, 2.5833, 46.8073, 24.173, 9.8566, 2.4104, 0.6291, 24.8024, 26.7814, 0.7725, 0.8782, 0.1538, 0.1787, 1.1505]
bads:TooCloseBounds: For each variable, hard and plausible bounds should not be too close. Moving plausible bounds.
Variables (index) internally transformed to log coordinates: [[0 0]
 [0 3]
 [0 4]
 [0 6]]
Beginning optimization of a STOCHASTIC objective function

 Iteration    f-count      E[f(x)]        SD[f(x)]           MeshScale          Method              Actions
     0           1         24745.3             nan               1                                  
     0          33         20317.2             nan               1          Initial mesh            Initial points
     0          58         20137.6        0.999962               1        Successful poll           Train
     1          61         20112.3        0.999867               1      Successful search (ES-wcm)        
     1          62         20033.5        0.999894               1      Successful search (ES-wcm)        
     1          65         19703.5         1.02883               1      Successful search (ES-ell)        
     1          66         19507.8         1.02887               1      Successful search (ES-ell)        
     1          82         19500.3        0.972669               1      Successful search (ES-ell)        
     1          83         19495.4         1.01378               1      Successful search (ES-ell)        
     1          85         19486.4        0.995073               1      Successful search (ES-ell)        
     1          97           19484        0.916442               1      Successful search (ES-ell)        
     1         103         19480.9        0.859846               1      Successful search (ES-ell)        
     1         127         19468.2        0.915825               1        Successful poll           Train
     2         129         19476.7         29.3345               1      Successful search (ES-ell)        
     2         130         19476.5         31.4357               1      Incremental search (ES-ell)        
     2         135         19415.2         26.3188               1      Successful search (ES-ell)        
     2         138         19411.6         21.3864               1      Successful search (ES-ell)        
     2         139         19396.8         25.6493               1      Successful search (ES-ell)        
     2         140         19391.9         28.8712               1      Successful search (ES-ell)        
     2         146         19390.3          19.026               1      Successful search (ES-wcm)        
     2         147         19377.4         27.2682               1      Successful search (ES-wcm)        
     2         148         19347.6         27.4127               1      Successful search (ES-ell)        
     2         196         19347.6         27.4127             0.5          Refine grid             Train
     3         197         19321.5         12.1691             0.5      Successful search (ES-ell)        
     3         199         19320.2         18.6197             0.5      Successful search (ES-wcm)        
     3         202         19310.5         15.0594             0.5      Successful search (ES-wcm)        
     3         203         19267.7         23.7122             0.5      Successful search (ES-wcm)        
     3         224         19266.4         6.78919             0.5      Successful search (ES-wcm)        
     3         225         19264.3         6.70862             0.5      Successful search (ES-wcm)        
     3         226         19261.1         6.74355             0.5      Successful search (ES-wcm)        
     3         228         19260.7         11.4067             0.5      Successful search (ES-wcm)        
     3         243         19256.5         7.71624             0.5      Successful search (ES-wcm)        
     3         244         19249.6         14.7829             0.5      Successful search (ES-wcm)        
     3         298         19249.6         14.7829            0.25          Refine grid             
     4         299         19257.7         10.5394            0.25      Successful search (ES-ell)        
     4         302         19255.4         10.2645            0.25      Successful search (ES-ell)        
     4         304         19249.6         10.3092            0.25      Successful search (ES-ell)        
     4         305         19240.6         13.7984            0.25      Successful search (ES-ell)        
     4         310           19240         7.64994            0.25      Successful search (ES-ell)        
     4         311         19229.9         12.6809            0.25      Successful search (ES-wcm)        
     4         341         19223.4         10.2621             0.5        Successful poll           Train
     5         343         18878.6         11.7384             0.5      Successful search (ES-ell)        
     5         398         18878.6         11.7384            0.25          Refine grid             
     6         399         19110.2         7.19163            0.25      Successful search (ES-ell)        
     6         400         18945.9         9.12399            0.25      Successful search (ES-ell)        
     6         401         18866.6         13.4748            0.25      Successful search (ES-ell)        
     6         455         18866.6         13.4748           0.125          Refine grid             
     7         456           19220         6.94183           0.125      Successful search (ES-ell)        
     7         493         19218.2         3.94757            0.25        Successful poll           Train
     8         494         19225.4         8.23372            0.25      Successful search (ES-ell)        
     8         496         19223.8         8.82006            0.25      Successful search (ES-ell)        
     8         509         19146.3         6.30372            0.25      Successful search (ES-ell)        
     8         510         19061.2         12.8892            0.25      Successful search (ES-ell)        
     8         566         19061.2         12.8892           0.125          Refine grid             Train
     9         567         19177.7         4.79957           0.125      Successful search (ES-ell)        
     9         569         19132.7          4.3992           0.125      Successful search (ES-ell)        
     9         570         19093.2         6.56663           0.125      Successful search (ES-ell)        
     9         623         19093.2         6.56663          0.0625          Refine grid             
    10         624         19204.5         4.31022          0.0625      Successful search (ES-ell)        
    10         626         19185.8         4.94815          0.0625      Successful search (ES-ell)        
    10         628         19163.9          5.2864          0.0625      Successful search (ES-ell)        
    10         680         19163.9          5.2864         0.03125          Refine grid             
    11         681         19226.9         3.60159         0.03125      Successful search (ES-ell)        
    11         682         19223.2         4.49085         0.03125      Successful search (ES-ell)        
    11         683           19223         5.92864         0.03125      Successful search (ES-ell)        
    11         684         19220.2         7.00148         0.03125      Successful search (ES-ell)        
    11         738         19220.2         7.00148        0.015625          Refine grid             
    12         739         19220.1         3.49839        0.015625      Successful search (ES-ell)        
    12         740         19213.5         3.66778        0.015625      Successful search (ES-ell)        
    12         741         19204.8         4.15159        0.015625      Successful search (ES-ell)        
    12         742         19203.1         4.77824        0.015625      Successful search (ES-ell)        
    12         743         19198.4         6.16574        0.015625      Successful search (ES-ell)        
    12         798         19198.4         6.16574       0.0078125          Refine grid             
    13         799         19230.2         3.12195       0.0078125      Successful search (ES-ell)        
    13         800         19227.5         3.33042       0.0078125      Successful search (ES-ell)        
    13         802         19225.3         3.62018       0.0078125      Successful search (ES-ell)        
    13         803         19222.4         4.13828       0.0078125      Successful search (ES-ell)        
    13         804         19221.3         4.41881       0.0078125      Successful search (ES-ell)        
    13         805         19221.2         6.07283       0.0078125      Successful search (ES-ell)        
    13         806         19217.5         7.25338       0.0078125      Successful search (ES-ell)        
    13         856         19217.5         7.25338      0.00390625          Refine grid             
    14         857         19225.3         1.94124      0.00390625      Successful search (ES-ell)        
    14         858         19223.3         1.99584      0.00390625      Successful search (ES-ell)        
    14         859         19220.6         2.11302      0.00390625      Successful search (ES-ell)        
    14         860         19215.4         2.47347      0.00390625      Successful search (ES-ell)        
    14         861         19209.8         2.82157      0.00390625      Successful search (ES-ell)        
    14         862         19201.7         3.89659      0.00390625      Successful search (ES-ell)        
    14         863         19194.4         5.36033      0.00390625      Successful search (ES-ell)        
    14         864         19193.7         6.61374      0.00390625      Successful search (ES-ell)        
    14         865         19191.4         8.22411      0.00390625      Successful search (ES-ell)        
    14         914         19191.4         8.22411      0.00195312          Refine grid             Train
    15         915         19226.8          1.8381      0.00195312      Successful search (ES-ell)        
    15         916         19226.2          1.8394      0.00195312      Successful search (ES-ell)        
    15         917         19225.3         1.80144      0.00195312      Successful search (ES-wcm)        
    15         918         19224.4         1.87119      0.00195312      Successful search (ES-wcm)        
    15         919         19223.3         2.01301      0.00195312      Successful search (ES-wcm)        
    15         920           19220         2.37433      0.00195312      Successful search (ES-wcm)        
    15         974           19220         2.37433     0.000976562          Refine grid             Train
Optimization terminated: change in the function value less than options['tol_mesh']
Estimated function value at minimum: 19228.173336048283 ± 1.1837409992409795 (mean ± SEM from 100 samples)
BADS minimum at: x_min = [  0.5475   3.6972  16.7909   0.       1.3657 -35.9564   0.9612   0.4133
  16.8377  26.7342   0.641    0.5528   0.1827   0.253   -0.3144], training NLL = 19228.1733
total f-count: 1074, time: 63.29 min

 Optimization Run 2/2
Initial params: [1.8179, 2.6779, 6.5099, 10.2681, 25.3206, 11.6929, 1.7964, 0.3525, 22.4054, 23.9738, 0.7228, 0.2479, 0.1463, 0.1711, 1.4732]
bads:TooCloseBounds: For each variable, hard and plausible bounds should not be too close. Moving plausible bounds.
Variables (index) internally transformed to log coordinates: [[0 0]
 [0 3]
 [0 4]
 [0 6]]
Beginning optimization of a STOCHASTIC objective function

 Iteration    f-count      E[f(x)]        SD[f(x)]           MeshScale          Method              Actions
     0           1         24745.3             nan               1                                  
     0          33         20323.2             nan               1          Initial mesh            Initial points
     0          58         20147.6        0.999962               1        Successful poll           Train
     1          62         20035.8        0.999734               1      Successful search (ES-wcm)        
     1          67         19909.2        0.962588               1      Successful search (ES-wcm)        
     1          70         19829.6        0.962386               1      Successful search (ES-wcm)        
     1          72         19740.8        0.962491               1      Successful search (ES-wcm)        
     1          73         19703.2        0.962621               1      Successful search (ES-wcm)        
     1          81         19685.3        0.961479               1      Successful search (ES-wcm)        
     1          88         19684.5        0.874435               1      Incremental search (ES-wcm)        
     1          94         19637.4        0.962113               1      Successful search (ES-ell)        
     1          95         19613.8        0.962396               1      Successful search (ES-ell)        
     1          96         19576.6         17.9482               1      Successful search (ES-ell)        
     1          97         19558.6         18.6414               1      Successful search (ES-ell)        
     1          99         19554.7         17.9907               1      Successful search (ES-ell)        
     1         140         18948.3         12.1114               1        Successful poll           Train
     2         145         18883.4         11.8671               1      Successful search (ES-ell)        
     2         146         18105.3         11.9547               1      Successful search (ES-ell)        
     2         189         18059.6         13.0341               1        Successful poll           Train
     3         226         18069.6         30.2398             0.5          Refine grid             Train
     4         229           18114         22.7775             0.5      Successful search (ES-ell)        
     4         244         18079.5         27.4789             0.5      Successful search (ES-wcm)        
     4         251         18056.6         20.5223             0.5      Successful search (ES-wcm)        
     4         252         18044.8         22.9372             0.5      Successful search (ES-wcm)        
     4         253         18036.3         20.9075             0.5      Successful search (ES-ell)        
     4         265         18019.3         10.5643             0.5      Successful search (ES-ell)        
     4         266         18006.5         12.8236             0.5      Successful search (ES-ell)        
     4         267         17998.9         14.3559             0.5      Successful search (ES-ell)        
     4         268         17959.4         14.6903             0.5      Successful search (ES-ell)        
     4         275         17943.6         17.0892             0.5      Successful search (ES-ell)        
     4         276         17918.7         18.9092             0.5      Successful search (ES-ell)        
     4         279         17862.7         17.6485             0.5      Successful search (ES-ell)        
     4         280         17837.5         18.8507             0.5      Successful search (ES-ell)        
     4         281           17805         19.9686             0.5      Successful search (ES-ell)        
     4         284         17684.4         21.0847             0.5      Successful search (ES-wcm)        
     4         327         17684.4         21.0847            0.25          Refine grid             Train
     5         328         17683.9         19.2058            0.25      Successful search (ES-wcm)        
     5         331           17676         19.7187            0.25      Successful search (ES-wcm)        
     5         333         17630.3          19.257            0.25      Successful search (ES-wcm)        
     5         335           17629         21.5179            0.25      Successful search (ES-wcm)        
     5         337         17574.9          19.588            0.25      Successful search (ES-ell)        
     5         344         17559.7         15.8882            0.25      Successful search (ES-ell)        
     5         348         17558.8          13.342            0.25      Successful search (ES-ell)        
     5         353         17531.5         16.8903            0.25      Successful search (ES-wcm)        
     5         354         17502.5         17.9682            0.25      Successful search (ES-wcm)        
     5         361         17483.9         17.8149            0.25      Successful search (ES-wcm)        
     5         365         17469.9         12.7085            0.25      Successful search (ES-wcm)        
     5         414         17469.9         12.7085           0.125          Refine grid             Train
     6         415         17492.5         20.5751           0.125      Successful search (ES-wcm)        
     6         417           17491          20.346           0.125      Successful search (ES-wcm)        
     6         419         17487.7         22.6852           0.125      Successful search (ES-wcm)        
     6         420         17474.1         20.6618           0.125      Successful search (ES-wcm)        
     6         422           17472         19.8259           0.125      Successful search (ES-ell)        
     6         471           17472         19.8259          0.0625          Refine grid             Train
     7         472         17502.2         5.62242          0.0625      Successful search (ES-ell)        
     7         474           17491         6.36919          0.0625      Successful search (ES-ell)        
     7         476         17489.4         6.52138          0.0625      Successful search (ES-ell)        
     7         477         17489.4         8.72409          0.0625      Successful search (ES-ell)        
     7         478           17479         11.7386          0.0625      Successful search (ES-ell)        
     7         482         17477.5         10.4166          0.0625      Successful search (ES-ell)        
     7         486         17476.2         8.98406          0.0625      Successful search (ES-ell)        
     7         487         17471.2         10.9398          0.0625      Successful search (ES-ell)        
     7         488         17450.9         13.8169          0.0625      Successful search (ES-ell)        
     7         489         17447.1         16.0114          0.0625      Successful search (ES-ell)        
     7         490         17433.5         18.9295          0.0625      Successful search (ES-ell)        
     7         491         17427.8         24.0414          0.0625      Successful search (ES-ell)        
     7         544         17427.8         24.0414         0.03125          Refine grid             Train
     8         545         17429.6         9.43855         0.03125      Successful search (ES-wcm)        
     8         546         17385.6         13.1597         0.03125      Successful search (ES-wcm)        
     8         602         17385.6         13.1597        0.015625          Refine grid             
     9         603         17406.1         3.68119        0.015625      Successful search (ES-wcm)        
     9         604         17398.5         5.93635        0.015625      Successful search (ES-wcm)        
     9         606         17396.5         7.21749        0.015625      Successful search (ES-wcm)        
     9         607         17394.8         9.61454        0.015625      Successful search (ES-wcm)        
     9         662         17394.8         9.61454       0.0078125          Refine grid             
    10         663         17410.4         3.28281       0.0078125      Successful search (ES-wcm)        
    10         664           17407         3.69519       0.0078125      Successful search (ES-wcm)        
    10         665         17396.1         4.77223       0.0078125      Successful search (ES-ell)        
    10         666         17386.8         5.73591       0.0078125      Successful search (ES-ell)        
    10         667         17380.9         9.01866       0.0078125      Successful search (ES-ell)        
    10         669         17376.8         9.71103       0.0078125      Successful search (ES-ell)        
    10         722         17376.8         9.71103      0.00390625          Refine grid             Train
    11         723         17382.6         2.99966      0.00390625      Successful search (ES-ell)        
    11         724         17380.4         3.79063      0.00390625      Successful search (ES-ell)        
    11         725           17376          4.7313      0.00390625      Successful search (ES-ell)        
    11         726         17374.9          6.2289      0.00390625      Successful search (ES-ell)        
    11         727         17368.7         7.90381      0.00390625      Successful search (ES-ell)        
    11         728         17361.8         11.4071      0.00390625      Successful search (ES-ell)        
    11         729         17358.8         13.6506      0.00390625      Successful search (ES-ell)        
    11         780         17358.8         13.6506      0.00195312          Refine grid             Train
    12         781         17376.5         2.84293      0.00195312      Successful search (ES-ell)        
    12         782         17375.8         2.91326      0.00195312      Successful search (ES-ell)        
    12         783         17373.9         2.98144      0.00195312      Successful search (ES-ell)        
    12         784           17371         3.40399      0.00195312      Successful search (ES-ell)        
    12         785         17370.6         3.85721      0.00195312      Successful search (ES-wcm)        
    12         838         17370.6         3.85721     0.000976562          Refine grid             
Optimization terminated: change in the function value less than options['tol_mesh']
Estimated function value at minimum: 17380.220796024147 ± 1.8522526129034262 (mean ± SEM from 100 samples)
BADS minimum at: x_min = [ 0.46    2.2565 16.1878 16.5894  1.3596 10.1395  0.2984  0.526  16.1899
 18.0591  0.607   0.5162  0.2209  0.3625  0.3639], training NLL = 17380.2208
total f-count: 938, time: 54.64 min

 ------- Finish Optimization for Subject 15 ---------- 

 ------- Start Optimization for Subject 20 ---------- 

 Cross Validation fold 0/1

 -- Start Optimization: method BADS --

 Optimization Run 1/2
Initial params: [1.3353, 9.6491, 13.536, 18.4828, 21.5381, 21.2536, 0.9904, 0.5806, 27.3759, 19.8615, 0.6909, 0.1182, 0.1955, 0.2215, 1.1662]
bads:TooCloseBounds: For each variable, hard and plausible bounds should not be too close. Moving plausible bounds.
Variables (index) internally transformed to log coordinates: [[0 0]
 [0 3]
 [0 4]
 [0 6]]
Beginning optimization of a STOCHASTIC objective function

 Iteration    f-count      E[f(x)]        SD[f(x)]           MeshScale          Method              Actions
     0           1         25256.5             nan               1                                  
     0          33         23972.5             nan               1          Initial mesh            Initial points
     0          35         23574.5        0.999819               1        Successful poll           Train
     1          41         23560.7         0.99736               1      Successful search (ES-wcm)        
     1          42         23328.4        0.999269               1      Successful search (ES-wcm)        
     1          43         22773.3        0.999417               1      Successful search (ES-wcm)        
     1          48         22549.9        0.997142               1      Successful search (ES-wcm)        
     1          57         22512.6        0.974634               1      Successful search (ES-wcm)        
     1          65           22416         1.00692               1      Successful search (ES-wcm)        
     1          77         22377.6          1.0067               1      Successful search (ES-wcm)        
     1          84         22264.5         1.00715               1      Successful search (ES-wcm)        
     1          86         22263.1         1.00717               1      Successful search (ES-wcm)        
     1          89         22005.7         1.00716               1      Successful search (ES-ell)        
     1          91         21997.7         1.00715               1      Successful search (ES-ell)        
     1         104         21908.3        0.973673               1      Successful search (ES-wcm)        
     1         106         21888.2        0.973672               1      Successful search (ES-wcm)        
     1         127         21672.7        0.973685               1        Successful poll           Train
     2         158         21234.7         1.00584               1        Successful poll           Train
     3         189         21018.8         53.0119               1        Successful poll           Train
     4         193         20949.4         44.5022               1      Successful search (ES-wcm)        
     4         194         20790.3         43.4112               1      Successful search (ES-ell)        
     4         197         20686.9         39.9627               1      Successful search (ES-ell)        
     4         198         20623.3         42.9581               1      Successful search (ES-ell)        
     4         205         20547.1         44.5954               1      Successful search (ES-ell)        
     4         206         20496.8         47.8151               1      Successful search (ES-wcm)        
     4         213           20419         44.5076               1      Successful search (ES-wcm)        
     4         226           20373         36.4502               1      Successful search (ES-wcm)        
     4         229         20341.9          26.856               1      Successful search (ES-wcm)        
     4         230         20261.8         31.8208               1      Successful search (ES-ell)        
     4         231         20192.4         35.2373               1      Successful search (ES-ell)        
     4         272         20192.4         35.2373             0.5          Refine grid             Train
     5         273         20069.8         47.0504             0.5      Successful search (ES-ell)        
     5         289         20062.3         41.7437             0.5      Successful search (ES-ell)        
     5         293         20040.3         26.4502             0.5      Successful search (ES-ell)        
     5         294         20039.9         36.9104             0.5      Successful search (ES-ell)        
     5         295         19958.5         47.1596             0.5      Successful search (ES-ell)        
     5         341           19923         53.2896               1        Successful poll           Train
     6         351         19877.3         35.1285               1      Successful search (ES-wcm)        
     6         394         19877.3         35.1285             0.5          Refine grid             
     7         395         19941.6         37.0772             0.5      Successful search (ES-wcm)        
     7         398         19890.5         36.6588             0.5      Successful search (ES-ell)        
     7         401         19839.2         36.1646             0.5      Successful search (ES-ell)        
     7         405         19699.6         33.1046             0.5      Successful search (ES-ell)        
     7         407         19697.1         34.1529             0.5      Successful search (ES-ell)        
     7         408         19578.1         35.0598             0.5      Successful search (ES-ell)        
     7         409         19530.4           35.66             0.5      Successful search (ES-ell)        
     7         418         19517.8         15.9877             0.5      Successful search (ES-ell)        
     7         419         19491.1         17.6864             0.5      Successful search (ES-ell)        
     7         420         19441.5         20.6275             0.5      Successful search (ES-ell)        
     7         463         19441.5         20.6275            0.25          Refine grid             
     8         469           19542         13.4048            0.25      Successful search (ES-wcm)        
     8         470         19531.8         16.0206            0.25      Successful search (ES-wcm)        
     8         481         19526.3         14.4954            0.25      Successful search (ES-wcm)        
     8         497           19518         18.7034            0.25      Successful search (ES-ell)        
     8         550           19518         18.7034           0.125          Refine grid             
     9         551         19535.7         18.0094           0.125      Successful search (ES-ell)        
     9         553         19529.4         19.2998           0.125      Successful search (ES-ell)        
     9         555         19518.5         23.5924           0.125      Successful search (ES-ell)        
     9         570         19494.5          12.479           0.125      Successful search (ES-ell)        
     9         571         19443.8         15.8167           0.125      Successful search (ES-ell)        
     9         623         19443.8         15.8167          0.0625          Refine grid             
    10         624         19524.2         10.9658          0.0625      Successful search (ES-ell)        
    10         630         19520.1          11.168          0.0625      Successful search (ES-wcm)        
    10         632         19515.9         9.83242          0.0625      Successful search (ES-ell)        
    10         642         19507.9         9.49147          0.0625      Successful search (ES-wcm)        
    10         643         19500.2         10.4641          0.0625      Successful search (ES-ell)        
    10         694         19491.9         14.6193           0.125        Successful poll           
    11         697         19478.7         25.8955           0.125      Successful search (ES-wcm)        
    11         699         19474.5         24.0633           0.125      Successful search (ES-ell)        
    11         710         19463.8          26.962           0.125      Successful search (ES-ell)        
    11         713         19448.2         25.7852           0.125      Successful search (ES-ell)        
    11         716           19435         22.2297           0.125      Successful search (ES-ell)        
    11         718         19425.5         22.9119           0.125      Successful search (ES-ell)        
    11         719         19415.3         25.9338           0.125      Successful search (ES-ell)        
    11         765         19415.3         25.9338          0.0625          Refine grid             Train
    12         766           19419         10.1586          0.0625      Successful search (ES-ell)        
    12         768         19414.5         12.0279          0.0625      Successful search (ES-ell)        
    12         769         19396.6          14.447          0.0625      Successful search (ES-ell)        
    12         771         19396.5         17.7449          0.0625      Successful search (ES-ell)        
    12         772         19391.7         20.0519          0.0625      Successful search (ES-ell)        
    12         775         19385.4         16.8855          0.0625      Successful search (ES-ell)        
    12         823         19385.4         16.8855         0.03125          Refine grid             
    13         824         19416.9         11.0598         0.03125      Successful search (ES-wcm)        
    13         825         19409.1          12.775         0.03125      Successful search (ES-wcm)        
    13         827           19404         12.9487         0.03125      Successful search (ES-wcm)        
    13         831         19402.8         9.60828         0.03125      Successful search (ES-wcm)        
    13         881         19402.8         9.60828        0.015625          Refine grid             
    14         882         19440.8         5.86589        0.015625      Successful search (ES-wcm)        
    14         883         19433.6         9.32798        0.015625      Successful search (ES-wcm)        
    14         886         19433.3         9.95064        0.015625      Successful search (ES-wcm)        
    14         888         19428.5          9.3917        0.015625      Successful search (ES-wcm)        
    14         889         19420.3         9.46089        0.015625      Successful search (ES-ell)        
    14         890         19414.7         10.8688        0.015625      Successful search (ES-ell)        
    14         891         19411.4         12.8445        0.015625      Successful search (ES-ell)        
    14         941         19411.4         12.8445       0.0078125          Refine grid             Train
    15         942         19442.3         5.96492       0.0078125      Successful search (ES-ell)        
    15         943         19437.3         6.17793       0.0078125      Successful search (ES-ell)        
    15         944         19427.4         6.55642       0.0078125      Successful search (ES-wcm)        
    15         946         19422.2         8.64318       0.0078125      Successful search (ES-wcm)        
    15         999         19422.2         8.64318      0.00390625          Refine grid             Train
    16        1000         19443.5         4.98006      0.00390625      Successful search (ES-wcm)        
    16        1001         19437.7         5.51745      0.00390625      Successful search (ES-wcm)        
    16        1002           19432         6.29584      0.00390625      Successful search (ES-wcm)        
    16        1003         19426.7         6.97042      0.00390625      Successful search (ES-wcm)        
    16        1004         19422.4          8.8133      0.00390625      Successful search (ES-wcm)        
    16        1005         19420.6         11.2579      0.00390625      Successful search (ES-wcm)        
    16        1033         19404.2         13.2231       0.0078125        Successful poll           
    17        1034         19440.7          12.629       0.0078125      Successful search (ES-ell)        
    17        1043           19429         9.03997       0.0078125      Successful search (ES-wcm)        
    17        1044         19426.3         9.01634       0.0078125      Successful search (ES-wcm)        
    17        1065         19340.3         5.85398        0.015625        Successful poll           Train
    18        1066           19433          7.3156        0.015625      Successful search (ES-ell)        
    18        1067         19431.7         9.64473        0.015625      Successful search (ES-ell)        
    18        1123         19431.7         9.64473       0.0078125          Refine grid             
    19        1124         19436.1         6.07938       0.0078125      Successful search (ES-wcm)        
    19        1125           19433         7.35469       0.0078125      Successful search (ES-ell)        
    19        1126         19426.6         9.82395       0.0078125      Successful search (ES-ell)        
    19        1127         19425.6         19.7791       0.0078125      Successful search (ES-wcm)        
    19        1136         19424.1         9.22676       0.0078125      Successful search (ES-wcm)        
    19        1137         19420.8          9.2619       0.0078125      Successful search (ES-wcm)        
    19        1138         19416.9         9.77589       0.0078125      Successful search (ES-wcm)        
    19        1139         19415.6         10.6455       0.0078125      Successful search (ES-wcm)        
    19        1183         19395.3         12.0822        0.015625        Successful poll           
    20        1184         19438.7         9.57952        0.015625      Successful search (ES-wcm)        
    20        1186         19430.4         12.1327        0.015625      Successful search (ES-wcm)        
    20        1188         19424.1          8.7104        0.015625      Successful search (ES-wcm)        
    20        1216         19409.3         24.6116         0.03125        Successful poll           Train
    21        1240         19386.8         26.7474          0.0625        Successful poll           Train
    22        1263         19205.6         26.6925           0.125        Successful poll           Train
    23        1305         19307.2         26.9726          0.0625          Refine grid             Train
    24        1322           19337         34.3292           0.125        Successful poll           Train
    25        1323         19364.5         26.4249           0.125      Successful search (ES-ell)        
    25        1380         19364.5         26.4249          0.0625          Refine grid             Train
    26        1381         19377.5          13.829          0.0625      Successful search (ES-ell)        
    26        1440         19377.5          13.829         0.03125          Refine grid             Train
    27        1485         19398.5         9.35624          0.0625        Successful poll           Train
    28        1486         19394.3         13.7598          0.0625      Successful search (ES-ell)        
    28        1489         19390.8         22.3249          0.0625      Successful search (ES-wcm)        
    28        1490         19368.7         21.2772          0.0625      Successful search (ES-ell)        
    28        1515         19366.9         7.37475          0.0625      Successful search (ES-ell)        
    28        1516         19318.4         17.0081          0.0625      Successful search (ES-ell)        
    28        1573         19318.4         17.0081         0.03125          Refine grid             Train
    29        1574         19386.6         10.6433         0.03125      Successful search (ES-ell)        
    29        1576         19375.7         11.5053         0.03125      Successful search (ES-ell)        
    29        1577         19365.9          13.901         0.03125      Successful search (ES-ell)        
    29        1579         19350.9          15.166         0.03125      Successful search (ES-ell)        
    29        1631         19338.4         22.9127          0.0625        Successful poll           
    30        1669         19327.4         15.2534           0.125        Successful poll           Train
    31        1670         19334.9          25.616           0.125      Successful search (ES-ell)        
    31        1725         19334.9          25.616          0.0625          Refine grid             
    32        1726         19347.3         16.9482          0.0625      Successful search (ES-ell)        
    32        1783         19347.3         16.9482         0.03125          Refine grid             
    33        1784         19335.1         9.16625         0.03125      Successful search (ES-ell)        
    33        1785         19315.9         13.6866         0.03125      Successful search (ES-ell)        
    33        1787         19298.2         16.6836         0.03125      Successful search (ES-ell)        
    33        1789         19285.8         18.7967         0.03125      Successful search (ES-ell)        
    33        1841         19285.8         18.7967        0.015625          Refine grid             Train
    34        1842           19339         6.59734        0.015625      Successful search (ES-ell)        
    34        1843         19328.1          11.241        0.015625      Successful search (ES-ell)        
    34        1845         19325.7         13.5526        0.015625      Successful search (ES-ell)        
    34        1901         19325.7         13.5526       0.0078125          Refine grid             Train
    35        1902         19341.6          5.8029       0.0078125      Successful search (ES-ell)        
    35        1906         19340.4         6.50021       0.0078125      Successful search (ES-wcm)        
    35        1909         19339.9         6.91179       0.0078125      Successful search (ES-wcm)        
    35        1910         19336.8         6.92055       0.0078125      Successful search (ES-wcm)        
    35        1913         19334.5         6.55669       0.0078125      Successful search (ES-ell)        
    35        1959         19324.2         23.5459        0.015625        Successful poll           
    36        1960         19334.8         16.0925        0.015625      Successful search (ES-ell)        
    36        1961         19326.7         15.4799        0.015625      Successful search (ES-ell)        
    36        1973         19325.5         7.77902        0.015625      Successful search (ES-wcm)        
    36        2017         19325.5         7.77902       0.0078125          Refine grid             
    37        2018           19339         5.31234       0.0078125      Successful search (ES-ell)        
    37        2019           19332         6.39307       0.0078125      Successful search (ES-ell)        
    37        2020         19316.6         8.83236       0.0078125      Successful search (ES-ell)        
    37        2021         19298.2         12.2185       0.0078125      Successful search (ES-ell)        
    37        2022         19287.4         16.8123       0.0078125      Successful search (ES-ell)        
    37        2077         19287.4         16.8123      0.00390625          Refine grid             Train
    38        2078         19322.9         4.70612      0.00390625      Successful search (ES-wcm)        
    38        2079         19317.5         5.16347      0.00390625      Successful search (ES-wcm)        
    38        2080         19312.4         6.81967      0.00390625      Successful search (ES-wcm)        
    38        2081         19308.4         9.45626      0.00390625      Successful search (ES-wcm)        
    38        2082         19302.7         10.3342      0.00390625      Successful search (ES-ell)        
    38        2083         19300.9         12.5002      0.00390625      Successful search (ES-ell)        
    38        2137         19300.9         12.5002      0.00195312          Refine grid             Train
    39        2138         19335.1         4.48854      0.00195312      Successful search (ES-ell)        
    39        2139         19332.8         4.60305      0.00195312      Successful search (ES-ell)        
    39        2140         19331.6         5.03314      0.00195312      Successful search (ES-wcm)        
    39        2141         19327.2         5.47906      0.00195312      Successful search (ES-ell)        
    39        2142         19324.1         6.49449      0.00195312      Successful search (ES-ell)        
    39        2143         19322.9         7.90866      0.00195312      Successful search (ES-ell)        
    39        2197         19322.9         7.90866     0.000976562          Refine grid             
Optimization terminated: change in the function value less than options['tol_mesh']
Estimated function value at minimum: 19332.47348959607 ± 3.4885041383337123 (mean ± SEM from 100 samples)
BADS minimum at: x_min = [ 3.60030e+00  6.83610e+00  9.48800e+00  2.15613e+01  1.64050e+00
  1.98401e+01  3.54000e-02  4.34000e-02  1.02143e+01  1.35606e+01
  6.85900e-01  5.09700e-01  1.66500e-01  1.84600e-01 -2.09000e-02], training NLL = 19332.4735
total f-count: 2297, time: 136.9 min

 Optimization Run 2/2
Initial params: [1.906, 9.869, 13.4779, 44.7677, 35.1318, -25.6631, 2.8628, 0.4867, 17.2762, 19.0161, 0.6371, 0.8656, 0.2927, 0.202, 0.6979]
bads:TooCloseBounds: For each variable, hard and plausible bounds should not be too close. Moving plausible bounds.
Variables (index) internally transformed to log coordinates: [[0 0]
 [0 3]
 [0 4]
 [0 6]]
Beginning optimization of a STOCHASTIC objective function

 Iteration    f-count      E[f(x)]        SD[f(x)]           MeshScale          Method              Actions
     0           1         25256.5             nan               1                                  
     0          33           23934             nan               1          Initial mesh            Initial points
     0          47         23173.4        0.999712               1        Successful poll           Train
     1          55         22436.9        0.965589               1      Successful search (ES-wcm)        
     1          56           22225        0.981406               1      Successful search (ES-wcm)        
     1          57         21811.6         0.99093               1      Successful search (ES-wcm)        
     1          73         21777.2        0.972836               1      Successful search (ES-wcm)        
     1          76         21724.1        0.972786               1      Successful search (ES-wcm)        
     1          87         21689.2        0.972881               1      Successful search (ES-wcm)        
     1          90         21637.1        0.972892               1      Successful search (ES-wcm)        
     1          91         21623.1        0.966521               1      Successful search (ES-ell)        
     1         114           21513        0.990344               1        Successful poll           
     2         116         21497.5        0.990364               1      Successful search (ES-wcm)        
     2         117         21039.5        0.990371               1      Successful search (ES-wcm)        
     2         124         21018.3        0.990342               1      Successful search (ES-wcm)        
     2         126         20985.8        0.990358               1      Successful search (ES-wcm)        
     2         128         20977.9        0.996018               1      Successful search (ES-wcm)        
     2         131         20843.2        0.996018               1      Successful search (ES-wcm)        
     2         134         20572.7        0.995977               1      Successful search (ES-ell)        
     2         138         20498.9        0.995637               1      Successful search (ES-ell)        
     2         139         20328.3        0.995879               1      Successful search (ES-ell)        
     2         140         20036.8        0.995938               1      Successful search (ES-ell)        
     2         143         20014.3        0.995826               1      Successful search (ES-ell)        
     2         144         19933.8        0.995776               1      Successful search (ES-ell)        
     2         150         19823.7        0.993617               1      Successful search (ES-ell)        
     2         166         19806.3         14.3735               1      Successful search (ES-ell)        
     2         213         19806.3         14.3735             0.5          Refine grid             Train
     3         214         19842.1         26.1595             0.5      Successful search (ES-ell)        
     3         216         19805.3         25.3461             0.5      Successful search (ES-ell)        
     3         218         19748.6           27.41             0.5      Successful search (ES-ell)        
     3         219           19504          28.415             0.5      Successful search (ES-wcm)        
     3         226         19498.9         23.8015             0.5      Successful search (ES-ell)        
     3         227         19438.6         28.0394             0.5      Successful search (ES-wcm)        
     3         230         19385.8         27.0618             0.5      Successful search (ES-wcm)        
     3         235         19258.1         24.4703             0.5      Successful search (ES-ell)        
     3         236         19204.1         25.7673             0.5      Successful search (ES-ell)        
     3         239         19162.3         21.8365             0.5      Successful search (ES-ell)        
     3         244         19113.1         26.5248             0.5      Successful search (ES-ell)        
     3         245         18901.6          28.149             0.5      Successful search (ES-ell)        
     3         250         18848.2         25.5361             0.5      Successful search (ES-ell)        
     3         258           18707         26.0204             0.5      Successful search (ES-wcm)        
     3         260         18607.8         26.9364             0.5      Successful search (ES-ell)        
     3         263         18421.5         26.2298             0.5      Successful search (ES-ell)        
     3         267         18268.9         27.3468             0.5      Successful search (ES-ell)        
     3         278         18253.4         23.3119             0.5      Successful search (ES-ell)        
     3         279         18138.1         25.2914             0.5      Successful search (ES-ell)        
     3         281         18105.2         25.6986             0.5      Successful search (ES-ell)        
     3         285         18101.3         20.1192             0.5      Successful search (ES-ell)        
     3         286         18094.1           24.11             0.5      Successful search (ES-ell)        
     3         287         18050.3          24.746             0.5      Successful search (ES-wcm)        
     3         292         18047.5         18.1655             0.5      Successful search (ES-wcm)        
     3         294         18046.2         18.5774             0.5      Successful search (ES-ell)        
     3         296           18017         19.9458             0.5      Successful search (ES-wcm)        
     3         298         18005.4         17.5575             0.5      Successful search (ES-wcm)        
     3         299         18005.1          21.068             0.5      Incremental search (ES-wcm)        
     3         301         17992.5         18.5821             0.5      Successful search (ES-wcm)        
     3         303         17957.5         16.7842             0.5      Successful search (ES-wcm)        
     3         304         17949.3         25.8264             0.5      Successful search (ES-wcm)        
     3         307         17889.7         21.0354             0.5      Successful search (ES-wcm)        
     3         312         17880.2         20.4773             0.5      Successful search (ES-ell)        
     3         313         17877.1          24.834             0.5      Successful search (ES-ell)        
     3         315         17839.4         22.9375             0.5      Successful search (ES-ell)        
     3         358         17839.4         22.9375            0.25          Refine grid             Train
     4         362         17819.7         23.7534            0.25      Successful search (ES-wcm)        
     4         414         17819.7         23.7534           0.125          Refine grid             
     5         416         17781.1         15.3507           0.125      Successful search (ES-wcm)        
     5         418         17754.3         31.3734           0.125      Successful search (ES-wcm)        
     5         470         17754.3         31.3734          0.0625          Refine grid             
     6         472         17755.2          13.885          0.0625      Successful search (ES-wcm)        
     6         527         17755.2          13.885         0.03125          Refine grid             
     7         528         17802.1         7.84699         0.03125      Successful search (ES-ell)        
     7         529         17791.5         12.0469         0.03125      Successful search (ES-ell)        
     7         530         17770.7         19.2435         0.03125      Successful search (ES-wcm)        
     7         584         17770.7         19.2435        0.015625          Refine grid             Train
     8         585         17784.2         5.42968        0.015625      Successful search (ES-wcm)        
     8         586         17753.9         6.40044        0.015625      Successful search (ES-ell)        
     8         643         17753.9         6.40044       0.0078125          Refine grid             
     9         644         17797.2         5.10746       0.0078125      Successful search (ES-ell)        
     9         694         17763.8         6.03345        0.015625        Successful poll           
    10         695         17749.7         6.15124        0.015625      Successful search (ES-ell)        
    10         696         17714.2         6.51878        0.015625      Successful search (ES-ell)        
    10         697         17681.2         8.32602        0.015625      Successful search (ES-ell)        
    10         698         17627.7         11.0032        0.015625      Successful search (ES-ell)        
    10         752         17627.7         11.0032       0.0078125          Refine grid             
    11         797         17796.9         3.34489      0.00390625          Refine grid             
    12         798         17794.7         3.17778      0.00390625      Successful search (ES-wcm)        
    12         799         17788.6         3.53325      0.00390625      Successful search (ES-wcm)        
    12         800         17775.6         3.81585      0.00390625      Successful search (ES-ell)        
    12         801         17759.9         4.48129      0.00390625      Successful search (ES-ell)        
    12         802         17736.1         6.34522      0.00390625      Successful search (ES-wcm)        
    12         803         17695.5         10.2895      0.00390625      Successful search (ES-wcm)        
    12         855         17695.5         10.2895      0.00195312          Refine grid             Train
    13         856         17795.8         3.62685      0.00195312      Successful search (ES-wcm)        
    13         857         17793.1         4.02687      0.00195312      Successful search (ES-wcm)        
    13         858         17791.5         4.71644      0.00195312      Successful search (ES-wcm)        
    13         859         17787.9          5.8604      0.00195312      Successful search (ES-wcm)        
    13         860         17784.8         7.93411      0.00195312      Successful search (ES-wcm)        
    13         864         17781.9         7.71608      0.00195312      Successful search (ES-wcm)        
    13         869         17781.3         6.95761      0.00195312      Successful search (ES-wcm)        
    13         870         17780.8         6.85119      0.00195312      Successful search (ES-ell)        
    13         871         17780.1         6.77377      0.00195312      Successful search (ES-ell)        
    13         872         17778.3         6.74381      0.00195312      Successful search (ES-ell)        
    13         929         17778.3         6.74381     0.000976562          Refine grid             Train
Optimization terminated: change in the function value less than options['tol_mesh']
Estimated function value at minimum: 17786.118285893528 ± 2.7392224483607586 (mean ± SEM from 100 samples)
BADS minimum at: x_min = [3.16170e+00 6.30990e+00 6.99300e+00 1.55692e+01 1.50410e+00 9.63040e+00
 4.87700e-01 1.02000e-02 7.02650e+00 9.72980e+00 5.90500e-01 5.17700e-01
 2.26500e-01 2.34700e-01 1.55300e+00], training NLL = 17786.1183
total f-count: 1029, time: 61.26 min

 ------- Finish Optimization for Subject 20 ---------- 

 ------- Start Optimization for Subject 25 ---------- 

 Cross Validation fold 0/1

 -- Start Optimization: method BADS --

 Optimization Run 1/2
Initial params: [0.5143, 3.9663, 6.229, 43.0906, 23.6698, -31.7961, 4.0658, 0.4541, 20.973, 28.0627, 0.2943, 0.8854, 0.29, 0.1053, 0.0423]
bads:TooCloseBounds: For each variable, hard and plausible bounds should not be too close. Moving plausible bounds.
Variables (index) internally transformed to log coordinates: [[0 0]
 [0 3]
 [0 4]
 [0 6]]
Beginning optimization of a STOCHASTIC objective function

 Iteration    f-count      E[f(x)]        SD[f(x)]           MeshScale          Method              Actions
     0           1           25262             nan               1                                  
     0          33         23095.2             nan               1          Initial mesh            Initial points
     0          58         22892.4        0.999824               1        Successful poll           Train
     1          69         22832.5        0.971013               1      Successful search (ES-wcm)        
     1          70         22803.6        0.966108               1      Successful search (ES-ell)        
     1          71         22801.8        0.969373               1      Successful search (ES-ell)        
     1          81         22799.3        0.952455               1      Successful search (ES-ell)        
     1          83         22789.5        0.932025               1      Successful search (ES-ell)        
     1          86         22776.9        0.943668               1      Successful search (ES-ell)        
     1          87         22769.2        0.942775               1      Successful search (ES-ell)        
     1          88         22764.8        0.949331               1      Successful search (ES-ell)        
     1          93           22734        0.970723               1      Successful search (ES-ell)        
     1          96         22731.8         14.4369               1      Successful search (ES-ell)        
     1          98         22728.2         13.4069               1      Successful search (ES-ell)        
     1          99         22691.8         20.2395               1      Successful search (ES-wcm)        
     1         101         22596.3         19.6023               1      Successful search (ES-wcm)        
     1         105         22553.9         19.5432               1      Successful search (ES-ell)        
     1         107           22507         19.3556               1      Successful search (ES-ell)        
     1         112         22480.4         14.3204               1      Successful search (ES-ell)        
     1         115         22479.6         11.8014               1      Incremental search (ES-ell)        
     1         116         22479.1         15.9807               1      Incremental search (ES-ell)        
     1         123         22461.9          10.533               1      Successful search (ES-ell)        
     1         124           22460         13.5905               1      Successful search (ES-ell)        
     1         126         22452.6         15.1852               1      Successful search (ES-ell)        
     1         134         22445.6          22.699               1      Successful search (ES-ell)        
     1         136         22371.8         23.1682               1      Successful search (ES-ell)        
     1         149         22368.3         22.8675               1      Successful search (ES-ell)        
     1         157         22367.9         12.9286               1      Incremental search (ES-ell)        
     1         158         22345.8         14.4452               1      Successful search (ES-ell)        
     1         189         22329.6          15.107               1        Successful poll           Train
     2         227         22329.7          15.107             0.5          Refine grid             Train
     3         229         22330.7          11.163             0.5      Successful search (ES-ell)        
     3         231         22325.2          11.687             0.5      Successful search (ES-ell)        
     3         282         22325.2          11.687            0.25          Refine grid             Train
     4         283         22318.1         7.29066            0.25      Successful search (ES-ell)        
     4         285         22314.8         7.47762            0.25      Successful search (ES-ell)        
     4         286         22306.3         9.35257            0.25      Successful search (ES-ell)        
     4         340         22291.4         9.18527             0.5        Successful poll           
     5         380         21326.9         10.4505               1        Successful poll           
     6         388         21284.6         9.46456               1      Successful search (ES-wcm)        
     6         390         21085.9         9.22726               1      Successful search (ES-wcm)        
     6         392         21010.7         10.3333               1      Successful search (ES-wcm)        
     6         399         20609.9         10.7725               1      Successful search (ES-ell)        
     6         403         20431.5         10.3813               1      Successful search (ES-ell)        
     6         440         19726.4         8.42962               1        Successful poll           
     7         443         19637.3         9.30357               1      Successful search (ES-ell)        
     7         451         19595.9         7.92525               1      Successful search (ES-wcm)        
     7         460         19446.9         9.82984               1      Successful search (ES-wcm)        
     7         470         19416.5         21.5145               1      Successful search (ES-wcm)        
     7         474         19243.3         33.2674               1      Successful search (ES-wcm)        
     7         480         19234.8         31.5321               1      Successful search (ES-wcm)        
     7         482         19194.3         32.4269               1      Successful search (ES-wcm)        
     7         485         19174.1          27.299               1      Successful search (ES-ell)        
     7         488         19148.9         33.4819               1      Successful search (ES-ell)        
     7         493         19037.5         30.5922               1      Successful search (ES-ell)        
     7         507         19028.6         23.5596               1      Successful search (ES-ell)        
     7         509         19021.8         24.1565               1      Successful search (ES-ell)        
     7         554         19021.8         24.1565             0.5          Refine grid             Train
     8         555         19046.9         35.1637             0.5      Successful search (ES-ell)        
     8         572         19024.5         34.9664             0.5      Successful search (ES-ell)        
     8         577           19013         25.2862             0.5      Successful search (ES-ell)        
     8         578         18994.3          30.569             0.5      Successful search (ES-ell)        
     8         579         18979.7         32.2955             0.5      Successful search (ES-ell)        
     8         581         18973.2         33.2682             0.5      Successful search (ES-ell)        
     8         584         18967.4         30.9387             0.5      Successful search (ES-ell)        
     8         589         18953.7         28.9663             0.5      Successful search (ES-ell)        
     8         591         18931.8         26.0263             0.5      Successful search (ES-ell)        
     8         602         18927.1         32.2087             0.5      Successful search (ES-ell)        
     8         608         18895.5         24.9337             0.5      Successful search (ES-wcm)        
     8         619         18895.2         20.8198             0.5      Incremental search (ES-wcm)        
     8         654         18885.2         26.7661               1        Successful poll           
     9         691         18909.2         23.0949             0.5          Refine grid             Train
    10         694         18899.5         16.2364             0.5      Successful search (ES-ell)        
    10         699         18896.8         13.8056             0.5      Successful search (ES-ell)        
    10         700         18888.9         16.2188             0.5      Successful search (ES-ell)        
    10         747         18888.9         16.2188            0.25          Refine grid             
    11         748         18899.6         19.7443            0.25      Successful search (ES-ell)        
    11         768         18898.7         16.2774            0.25      Successful search (ES-wcm)        
    11         770         18888.8         12.6983            0.25      Successful search (ES-wcm)        
    11         771         18882.5         14.3138            0.25      Successful search (ES-ell)        
    11         820         18882.5         14.3138           0.125          Refine grid             Train
    12         821         18896.5         11.2206           0.125      Successful search (ES-ell)        
    12         822         18880.7         20.8119           0.125      Successful search (ES-wcm)        
    12         838         18876.4         10.3072           0.125      Successful search (ES-ell)        
    12         839         18874.3         14.5832           0.125      Successful search (ES-ell)        
    12         840         18866.3         20.9795           0.125      Successful search (ES-ell)        
    12         845         18862.4         14.6454           0.125      Successful search (ES-wcm)        
    12         846         18857.4          20.128           0.125      Successful search (ES-wcm)        
    12         848         18855.7          17.181           0.125      Successful search (ES-wcm)        
    12         857         18855.3         10.1231           0.125      Successful search (ES-wcm)        
    12         858         18848.3         10.2773           0.125      Successful search (ES-wcm)        
    12         861         18847.8         10.3898           0.125      Successful search (ES-wcm)        
    12         869         18844.2         8.55774           0.125      Successful search (ES-wcm)        
    12         872         18842.2          8.6239           0.125      Successful search (ES-wcm)        
    12         877         18841.3         8.00714           0.125      Successful search (ES-wcm)        
    12         923         18832.6         19.5749            0.25        Successful poll           Train
    13         929         18831.1         13.5778            0.25      Successful search (ES-ell)        
    13         930         18813.4         14.6594            0.25      Successful search (ES-ell)        
    13         981         18813.4         14.6594           0.125          Refine grid             Train
    14         982         18802.3          12.064           0.125      Successful search (ES-ell)        
    14        1039         18802.3          12.064          0.0625          Refine grid             Train
    15        1040         18840.5         9.53546          0.0625      Successful search (ES-ell)        
    15        1041         18810.6         12.2984          0.0625      Successful search (ES-ell)        
    15        1097         18810.6         12.2984         0.03125          Refine grid             Train
    16        1098         18811.5         4.64902         0.03125      Successful search (ES-wcm)        
    16        1099         18801.5          6.3566         0.03125      Successful search (ES-wcm)        
    16        1100         18787.7         9.58402         0.03125      Successful search (ES-wcm)        
    16        1101         18774.6         9.48697         0.03125      Successful search (ES-wcm)        
    16        1155         18774.6         9.48697        0.015625          Refine grid             Train
    17        1156         18804.8         5.23822        0.015625      Successful search (ES-wcm)        
    17        1158         18795.1         5.79055        0.015625      Successful search (ES-ell)        
    17        1159         18780.8         7.01465        0.015625      Successful search (ES-ell)        
    17        1213         18780.8         7.01465       0.0078125          Refine grid             
    18        1214           18838         7.81131       0.0078125      Successful search (ES-ell)        
    18        1215         18834.2         7.57049       0.0078125      Successful search (ES-ell)        
    18        1216           18833         7.80643       0.0078125      Successful search (ES-ell)        
    18        1217         18832.9         8.32058       0.0078125      Successful search (ES-ell)        
    18        1218         18830.4         8.91715       0.0078125      Successful search (ES-ell)        
    18        1221         18827.3         7.62498       0.0078125      Successful search (ES-ell)        
    18        1222         18824.3         8.31368       0.0078125      Successful search (ES-ell)        
    18        1271         18824.3         8.31368      0.00390625          Refine grid             Train
    19        1274           18835         3.51978      0.00390625      Successful search (ES-ell)        
    19        1275         18833.5         3.47821      0.00390625      Successful search (ES-ell)        
    19        1276         18832.4         3.56767      0.00390625      Successful search (ES-ell)        
    19        1277         18829.9         3.66289      0.00390625      Successful search (ES-ell)        
    19        1278         18827.1         4.08235      0.00390625      Successful search (ES-ell)        
    19        1279         18822.1         5.02831      0.00390625      Successful search (ES-ell)        
    19        1280         18819.7         6.71734      0.00390625      Successful search (ES-wcm)        
    19        1329         18815.1         16.3254       0.0078125        Successful poll           
    20        1330         18835.3         8.19584       0.0078125      Successful search (ES-wcm)        
    20        1332         18831.8         8.00354       0.0078125      Successful search (ES-wcm)        
    20        1334         18822.4         7.74359       0.0078125      Successful search (ES-ell)        
    20        1335           18819         7.92181       0.0078125      Successful search (ES-ell)        
    20        1360         18779.4         5.64305        0.015625        Successful poll           
    21        1361         18772.2         6.73647        0.015625      Successful search (ES-ell)        
    21        1418         18772.2         6.73647       0.0078125          Refine grid             Train
    22        1419         18834.4         5.27793       0.0078125      Successful search (ES-ell)        
    22        1420         18829.3         5.97823       0.0078125      Successful search (ES-ell)        
    22        1421           18817          8.0163       0.0078125      Successful search (ES-ell)        
    22        1476           18817          8.0163      0.00390625          Refine grid             Train
    23        1477         18832.3         4.98002      0.00390625      Successful search (ES-wcm)        
    23        1492         18831.3         4.22884      0.00390625      Successful search (ES-ell)        
    23        1493         18830.9         4.97388      0.00390625      Successful search (ES-ell)        
    23        1495         18829.8         5.94386      0.00390625      Successful search (ES-wcm)        
    23        1496         18827.6         7.33557      0.00390625      Successful search (ES-wcm)        
    23        1535         18813.8         19.8933       0.0078125        Successful poll           
    24        1536         18825.8         4.16699       0.0078125      Successful search (ES-wcm)        
    24        1537         18822.7         5.94642       0.0078125      Successful search (ES-wcm)        
    24        1580         18778.2         8.66668        0.015625        Successful poll           
    25        1581         18821.9         11.7274        0.015625      Successful search (ES-ell)        
    25        1615         18768.5         15.3135         0.03125        Successful poll           
    26        1616           18816         8.94446         0.03125      Successful search (ES-ell)        
    26        1627         18814.6         7.58148         0.03125      Successful search (ES-wcm)        
    26        1628         18810.7         8.12232         0.03125      Successful search (ES-wcm)        
    26        1629         18805.4          8.7856         0.03125      Successful search (ES-wcm)        
    26        1632         18799.8         11.9825         0.03125      Successful search (ES-ell)        
    26        1688         18799.8         11.9825        0.015625          Refine grid             
    27        1689         18815.4         7.14165        0.015625      Successful search (ES-ell)        
    27        1692         18813.3         8.62515        0.015625      Successful search (ES-ell)        
    27        1746         18806.6         10.8562         0.03125        Successful poll           
    28        1778         18802.8         22.0348          0.0625        Successful poll           Train
    29        1821         18826.5         7.89002           0.125        Successful poll           Train
    30        1854         18792.6         24.1734            0.25        Successful poll           Train
    31        1858         18821.9         12.9694            0.25      Successful search (ES-ell)        
    31        1860         18817.6         13.4631            0.25      Successful search (ES-ell)        
    31        1864         18788.7         20.4148            0.25      Successful search (ES-wcm)        
    31        1868         18783.8         16.1698            0.25      Successful search (ES-wcm)        
    31        1911         18783.8         16.1698           0.125          Refine grid             
    32        1912           18784         14.8746           0.125      Successful search (ES-ell)        
    32        1930         18782.3         9.18502           0.125      Successful search (ES-wcm)        
    32        1931         18704.8         11.3142           0.125      Successful search (ES-ell)        
    32        1984         18704.8         11.3142          0.0625          Refine grid             
    33        1985         18795.4         14.5551          0.0625      Successful search (ES-wcm)        
    33        1990         18791.5         8.66396          0.0625      Successful search (ES-wcm)        
    33        2001         18788.4         8.32159          0.0625      Successful search (ES-wcm)        
    33        2002         18784.5          12.401          0.0625      Successful search (ES-ell)        
    33        2057         18784.5          12.401         0.03125          Refine grid             
    34        2058         18799.8          5.7549         0.03125      Successful search (ES-ell)        
    34        2059         18790.7         7.30932         0.03125      Successful search (ES-ell)        
    34        2060         18788.3          10.495         0.03125      Successful search (ES-ell)        
    34        2115         18781.1         7.91863          0.0625        Successful poll           
    35        2116         18776.9         10.9759          0.0625      Successful search (ES-ell)        
    35        2117         18759.4         13.5477          0.0625      Successful search (ES-ell)        
    35        2173         18759.4         13.5477         0.03125          Refine grid             
    36        2216         18792.7         6.38033        0.015625          Refine grid             Train
    37        2217         18784.3         5.05747        0.015625      Successful search (ES-ell)        
    37        2218         18766.3         8.65442        0.015625      Successful search (ES-ell)        
    37        2274         18766.3         8.65442       0.0078125          Refine grid             
    38        2275         18797.3         3.70265       0.0078125      Successful search (ES-ell)        
    38        2276         18788.4         4.96501       0.0078125      Successful search (ES-ell)        
    38        2277         18776.9         6.63073       0.0078125      Successful search (ES-ell)        
    38        2278         18765.2         9.92094       0.0078125      Successful search (ES-ell)        
    38        2279         18761.2         12.8352       0.0078125      Successful search (ES-ell)        
    38        2332         18761.2         12.8352      0.00390625          Refine grid             
    39        2333         18801.8         3.18006      0.00390625      Successful search (ES-ell)        
    39        2334         18795.1         3.80435      0.00390625      Successful search (ES-ell)        
    39        2335         18782.2           5.317      0.00390625      Successful search (ES-wcm)        
    39        2336         18762.7         7.48042      0.00390625      Successful search (ES-wcm)        
    39        2337         18753.7         9.16043      0.00390625      Successful search (ES-ell)        
    39        2338         18752.7         12.2248      0.00390625      Successful search (ES-ell)        
    39        2339         18750.6         13.7169      0.00390625      Successful search (ES-ell)        
    39        2392         18750.6         13.7169      0.00195312          Refine grid             Train
    40        2393         18807.4         5.56762      0.00195312      Successful search (ES-ell)        
    40        2394         18805.3         5.46746      0.00195312      Successful search (ES-ell)        
    40        2395         18802.4         5.30403      0.00195312      Successful search (ES-ell)        
    40        2396         18799.3         5.30992      0.00195312      Successful search (ES-ell)        
    40        2397         18796.7         5.40278      0.00195312      Successful search (ES-ell)        
    40        2398         18791.7         5.50072      0.00195312      Successful search (ES-ell)        
    40        2399         18790.5         6.32494      0.00195312      Successful search (ES-ell)        
    40        2400         18784.2         6.96436      0.00195312      Successful search (ES-ell)        
    40        2401         18775.9         8.99897      0.00195312      Successful search (ES-ell)        
    40        2402         18769.4         11.2031      0.00195312      Successful search (ES-ell)        
    40        2404         18767.2         10.7068      0.00195312      Successful search (ES-ell)        
    40        2450         18767.2         10.7068     0.000976562          Refine grid             Train
Optimization terminated: change in the function value less than options['tol_mesh']
Estimated function value at minimum: 18788.645789349448 ± 3.1630810549193056 (mean ± SEM from 100 samples)
BADS minimum at: x_min = [ 0.4475  1.3652  8.348  17.6808  1.2542 11.1931  1.9114  0.573   8.3828
 31.7971  0.6024  0.4155  0.2762  0.3819  0.6657], training NLL = 18788.6458
total f-count: 2550, time: 151.82 min

 Optimization Run 2/2
Initial params: [1.7093, 9.4916, 11.0237, 45.5207, 28.2398, 26.594, 1.5015, 0.2705, 16.61, 19.1986, 0.3086, 0.3166, 0.2614, 0.1569, 0.7537]
bads:TooCloseBounds: For each variable, hard and plausible bounds should not be too close. Moving plausible bounds.
Variables (index) internally transformed to log coordinates: [[0 0]
 [0 3]
 [0 4]
 [0 6]]
Beginning optimization of a STOCHASTIC objective function

 Iteration    f-count      E[f(x)]        SD[f(x)]           MeshScale          Method              Actions
     0           1           25262             nan               1                                  
     0          33         23081.6             nan               1          Initial mesh            Initial points
     0          58         22872.6        0.999838               1        Successful poll           Train
     1          63         22736.5        0.998678               1      Successful search (ES-ell)        
     1          66         22699.8        0.968916               1      Successful search (ES-ell)        
     1          68         22655.9        0.968389               1      Successful search (ES-ell)        
     1          73         22635.4        0.959386               1      Successful search (ES-ell)        
     1          79         22623.6        0.967659               1      Successful search (ES-ell)        
     1          83         22606.6        0.893848               1      Successful search (ES-ell)        
     1          92         22601.1        0.966045               1      Successful search (ES-ell)        
     1          96         22597.1         11.2027               1      Successful search (ES-ell)        
     1         107         22589.4         12.3094               1      Successful search (ES-ell)        
     1         157         22589.4         12.3094             0.5          Refine grid             
     2         158         22597.5         11.6085             0.5      Successful search (ES-ell)        
     2         160           22585          12.128             0.5      Successful search (ES-ell)        
     2         162         22557.7         11.9902             0.5      Successful search (ES-ell)        
     2         163         22524.2         13.3467             0.5      Successful search (ES-ell)        
     2         168         22517.6         12.0496             0.5      Successful search (ES-ell)        
     2         169         22512.2         12.4432             0.5      Successful search (ES-ell)        
     2         173         22501.5           12.84             0.5      Successful search (ES-ell)        
     2         175         22499.5         12.9818             0.5      Successful search (ES-ell)        
     2         180         22489.9         10.1229             0.5      Successful search (ES-ell)        
     2         188         22483.3         12.6652             0.5      Successful search (ES-ell)        
     2         189         22481.3         15.7179             0.5      Successful search (ES-wcm)        
     2         193         22465.2         15.7514             0.5      Successful search (ES-wcm)        
     2         195           22449         15.7871             0.5      Successful search (ES-wcm)        
     2         198         22404.7         14.8423             0.5      Successful search (ES-ell)        
     2         202         22399.4         12.4968             0.5      Successful search (ES-ell)        
     2         206         22390.3         13.4597             0.5      Successful search (ES-ell)        
     2         257         22390.3         13.4597            0.25          Refine grid             
     3         258         22389.4          9.7293            0.25      Successful search (ES-ell)        
     3         261         22387.6         9.15014            0.25      Successful search (ES-ell)        
     3         263         22385.3         9.75976            0.25      Successful search (ES-ell)        
     3         266         22365.7         7.76729            0.25      Successful search (ES-ell)        
     3         267           22342         8.93249            0.25      Successful search (ES-ell)        
     3         268         22312.4         8.75194            0.25      Successful search (ES-ell)        
     3         269         22309.3         10.4078            0.25      Successful search (ES-ell)        
     3         314         22309.3         10.4078           0.125          Refine grid             
     4         315         22405.8         4.09753           0.125      Successful search (ES-ell)        
     4         316         22400.5         6.94835           0.125      Successful search (ES-ell)        
     4         318         22398.5          13.774           0.125      Successful search (ES-wcm)        
     4         327         22397.6         6.21491           0.125      Successful search (ES-wcm)        
     4         328         22397.1          6.5877           0.125      Successful search (ES-wcm)        
     4         341         22396.4          3.0153           0.125      Successful search (ES-wcm)        
     4         342         22396.2         2.94741           0.125      Successful search (ES-ell)        
     4         343         22394.7         2.89178           0.125      Successful search (ES-wcm)        
     4         344         22393.2         2.87948           0.125      Successful search (ES-wcm)        
     4         345         22383.2         5.97389           0.125      Successful search (ES-wcm)        
     4         402         22383.2         5.97389          0.0625          Refine grid             
     5         403         22389.9         2.43929          0.0625      Successful search (ES-wcm)        
     5         404         22383.1         2.92977          0.0625      Successful search (ES-wcm)        
     5         405         22377.5          5.2298          0.0625      Successful search (ES-wcm)        
     5         407         22376.2         5.72814          0.0625      Successful search (ES-wcm)        
     5         409         22375.2         5.54817          0.0625      Successful search (ES-wcm)        
     5         411         22371.6         6.48017          0.0625      Successful search (ES-ell)        
     5         412         22368.8         7.31865          0.0625      Successful search (ES-ell)        
     5         413         22362.6         9.53319          0.0625      Successful search (ES-ell)        
     5         415         22360.3         9.75681          0.0625      Successful search (ES-ell)        
     5         460         22360.3         9.75681         0.03125          Refine grid             
     6         461         22365.2         2.42088         0.03125      Successful search (ES-ell)        
     6         462         22359.2         3.19609         0.03125      Successful search (ES-ell)        
     6         463         22354.2         4.55718         0.03125      Successful search (ES-ell)        
     6         464         22353.2         5.81013         0.03125      Successful search (ES-ell)        
     6         465         22336.6          7.2101         0.03125      Successful search (ES-ell)        
     6         467         22335.5         7.89593         0.03125      Successful search (ES-ell)        
     6         468           22335         9.04387         0.03125      Successful search (ES-ell)        
     6         519           22335         9.04387        0.015625          Refine grid             Train
     7         520         22344.5         1.68476        0.015625      Successful search (ES-ell)        
     7         521         22342.6         1.81875        0.015625      Successful search (ES-ell)        
     7         522         22340.5         2.63034        0.015625      Successful search (ES-ell)        
     7         523         22340.5         4.28113        0.015625      Successful search (ES-ell)        
     7         524         22338.8         5.64563        0.015625      Successful search (ES-ell)        
     7         579         22338.8         5.64563       0.0078125          Refine grid             Train
     8         580         22345.4          1.6557       0.0078125      Successful search (ES-ell)        
     8         581         22343.3         1.75787       0.0078125      Successful search (ES-ell)        
     8         582         22341.4         2.14776       0.0078125      Successful search (ES-ell)        
     8         583         22339.9         2.76196       0.0078125      Successful search (ES-ell)        
     8         584         22338.7         3.24354       0.0078125      Successful search (ES-ell)        
     8         638         22338.7         3.24354      0.00390625          Refine grid             
     9         639         22348.8         1.47392      0.00390625      Successful search (ES-wcm)        
     9         640         22348.2         1.50263      0.00390625      Successful search (ES-wcm)        
     9         641         22347.3         1.56925      0.00390625      Successful search (ES-wcm)        
     9         642         22346.3         1.64945      0.00390625      Successful search (ES-wcm)        
     9         643         22344.9         1.81333      0.00390625      Successful search (ES-wcm)        
     9         644         22342.2         2.15333      0.00390625      Successful search (ES-wcm)        
     9         697         22342.2         2.15333      0.00195312          Refine grid             
    10         698         22344.6         1.18907      0.00195312      Successful search (ES-wcm)        
    10         699         22343.8         1.21254      0.00195312      Successful search (ES-wcm)        
    10         700         22342.9         1.29215      0.00195312      Successful search (ES-wcm)        
    10         701         22342.1         1.42406      0.00195312      Successful search (ES-wcm)        
    10         702         22340.9         1.60189      0.00195312      Successful search (ES-wcm)        
    10         703         22338.5         2.17845      0.00195312      Successful search (ES-wcm)        
    10         704         22336.8         2.46826      0.00195312      Successful search (ES-wcm)        
    10         705         22334.7         3.16311      0.00195312      Successful search (ES-wcm)        
    10         706         22331.6         3.57425      0.00195312      Successful search (ES-ell)        
    10         757         22331.6         3.57425     0.000976562          Refine grid             
Optimization terminated: change in the function value less than options['tol_mesh']
Estimated function value at minimum: 22339.70189412213 ± 1.0339460062529067 (mean ± SEM from 100 samples)
BADS minimum at: x_min = [  0.9925   2.0535  14.803   81.1071   1.2783 -16.1016   0.7464   0.5937
  15.3248  28.6386   0.5504   0.469    0.2056   0.2441   0.626 ], training NLL = 22339.7019
total f-count: 857, time: 50.77 min

 ------- Finish Optimization for Subject 25 ---------- 
Tue Aug 11 05:48:20 2026       
+---------------------------------------------------------------------------------------+
| NVIDIA-SMI 535.113.01             Driver Version: 535.113.01   CUDA Version: 12.2     |
|-----------------------------------------+----------------------+----------------------+
| GPU  Name                 Persistence-M | Bus-Id        Disp.A | Volatile Uncorr. ECC |
| Fan  Temp   Perf          Pwr:Usage/Cap |         Memory-Usage | GPU-Util  Compute M. |
|                                         |                      |               MIG M. |
|=========================================+======================+======================|
|   0  Tesla P100-PCIE-16GB           On  | 00000000:82:00.0 Off |                    0 |
| N/A   40C    P0              33W / 250W |      0MiB / 16384MiB |     37%      Default |
|                                         |                      |                  N/A |
+-----------------------------------------+----------------------+----------------------+
                                                                                         
+---------------------------------------------------------------------------------------+
| Processes:                                                                            |
|  GPU   GI   CI        PID   Type   Process name                            GPU Memory |
|        ID   ID                                                             Usage      |
|=======================================================================================|
|  No running processes found                                                           |
+---------------------------------------------------------------------------------------+
----------------------------------------
Start job epilogue Tue Aug 11 05:48:20 CEST 2026
----------------------------------------
Job ID:          54715333
Job Exit Code:   0:0
Username:        wenlou
Group:           mpla
Queue:           gpu
Compute nodes:   dccn-c052
Asked resources: walltime=1-00:00:00,nodes=1,cpus=8,mem=2G
Used resources:  cputime=5-06:53:20,walltime=15:51:40,memory=0
----------------------------------------
End job epilogue Tue Aug 11 05:48:21 CEST 2026
----------------------------------------
