----------------------------------------
Start task prologue Wed Aug  6 10:04:35 CEST 2025
----------------------------------------
Step ID:         48455211.
Username:        wenlou
Group:           mpla
Asked resources: walltime=20:00:00,nodes=1,cpus=8,mem=4G
Queue:           batch
Compute nodes:   dccn-c089
----------------------------------------
End task prologue Wed Aug  6 10:04:35 CEST 2025
----------------------------------------
CUDA version:
nvcc: NVIDIA (R) Cuda compiler driver
Copyright (c) 2005-2024 NVIDIA Corporation
Built on Thu_Mar_28_02:18:24_PDT_2024
Cuda compilation tools, release 12.4, V12.4.131
Build cuda_12.4.r12.4/compiler.34097967_0
Running model for sub_id=6, m_id=6, method=bads
device is : cpu

 ------- Start Optimization for Subject 6 ---------- 

 -- Start Optimization: method BADS --

 Optimization Run 1/10
Initial params: [0.6891, 2.7963, 14.7392, 0.0477, 0.269, 0.3316, 34.8486, 1.2778, 11.2076]
bads:TooCloseBounds: For each variable, hard and plausible bounds should not be too close. Moving plausible bounds.
Variables (index) internally transformed to log coordinates: [[0 0]
 [0 3]
 [0 4]
 [0 5]
 [0 6]
 [0 7]
 [0 8]]
Beginning optimization of a STOCHASTIC objective function

 Iteration    f-count      E[f(x)]        SD[f(x)]           MeshScale          Method              Actions
     0           1         24581.1             nan               1                                  
     0          33         23358.5             nan               1          Initial mesh            Initial points
     0          34         22956.4        0.999476               1        Successful poll           Train
     1          36         22754.3        0.999474               1      Successful search (ES-wcm)        
     1          37         21885.8        0.999395               1      Successful search (ES-wcm)        
     1          50           21869        0.785387               1      Successful search (ES-wcm)        
     1          53         21861.2         1.05287               1      Successful search (ES-ell)        
     1          60         21854.9         1.05148               1      Successful search (ES-wcm)        
     1          66         21848.8         1.05124               1      Successful search (ES-ell)        
     1          69         21841.8          1.0172               1      Successful search (ES-ell)        
     1          74           21815         1.11256               1      Successful search (ES-ell)        
     1          81         21807.8         1.11111               1      Successful search (ES-ell)        
     1          87         21806.3         1.07277               1      Successful search (ES-ell)        
     1          89         21331.5         1.11654               1      Successful search (ES-ell)        
     1          91           21191         16.9994               1      Successful search (ES-ell)        
     1          96         21178.2         16.5256               1      Successful search (ES-ell)        
     1          97         21148.1         15.4639               1      Successful search (ES-wcm)        
     1          98         21117.6         16.4882               1      Successful search (ES-ell)        
     1          99         21099.5         16.2986               1      Successful search (ES-ell)        
     1         113         21097.5         7.40397               1      Successful search (ES-wcm)        
     1         114         21096.3         7.99641               1      Successful search (ES-wcm)        
     1         115         21092.4         7.32017               1      Successful search (ES-wcm)        
     1         121         21085.2         11.3019               1      Successful search (ES-wcm)        
     1         143         21085.2         11.3019             0.5          Refine grid             
     2         148         21090.1         5.85449             0.5      Successful search (ES-wcm)        
     2         175         21090.1         5.85449            0.25          Refine grid             Train
     3         178           21094         5.09756            0.25      Successful search (ES-ell)        
     3         186         21092.3         5.63913            0.25      Successful search (ES-wcm)        
     3         188         21090.9         8.06575            0.25      Successful search (ES-wcm)        
     3         190         21084.7         11.3876            0.25      Successful search (ES-wcm)        
     3         217         21084.7         11.3876           0.125          Refine grid             
     4         218         21092.4         3.30052           0.125      Successful search (ES-wcm)        
     4         219         21090.6         4.80388           0.125      Successful search (ES-wcm)        
     4         221         21087.3         5.50101           0.125      Successful search (ES-wcm)        
     4         250         21087.3         5.50101          0.0625          Refine grid             
     5         251         21094.5         3.89149          0.0625      Successful search (ES-wcm)        
     5         252         21091.2         3.33286          0.0625      Successful search (ES-wcm)        
     5         253           21089         3.39329          0.0625      Successful search (ES-wcm)        
     5         254         21087.3         4.34526          0.0625      Successful search (ES-wcm)        
     5         258         21085.5         4.60864          0.0625      Successful search (ES-wcm)        
     5         261         21085.3         4.72907          0.0625      Successful search (ES-wcm)        
     5         262         21084.2         5.36372          0.0625      Successful search (ES-wcm)        
     5         263         21081.7         5.82031          0.0625      Successful search (ES-wcm)        
     5         265         21079.3         5.54493          0.0625      Successful search (ES-ell)        
     5         266         21079.1         5.72201          0.0625      Successful search (ES-ell)        
     5         268         21076.9         5.54615          0.0625      Successful search (ES-ell)        
     5         269         21075.6         5.69655          0.0625      Successful search (ES-wcm)        
     5         270         21075.1          6.1651          0.0625      Successful search (ES-wcm)        
     5         271         21073.9         6.71748          0.0625      Successful search (ES-wcm)        
     5         275         21071.9         5.92674          0.0625      Successful search (ES-ell)        
     5         276         21070.3         6.35652          0.0625      Successful search (ES-ell)        
     5         279           21070         6.20422          0.0625      Successful search (ES-ell)        
     5         309           21070         6.20422         0.03125          Refine grid             
     6         310         21074.6         3.68722         0.03125      Successful search (ES-ell)        
     6         311         21073.8          3.8425         0.03125      Successful search (ES-ell)        
     6         312         21073.4         4.06373         0.03125      Successful search (ES-ell)        
     6         313         21071.3         4.36144         0.03125      Successful search (ES-ell)        
     6         314         21069.5         4.91238         0.03125      Successful search (ES-ell)        
     6         316         21068.4         5.39078         0.03125      Successful search (ES-ell)        
     6         342         21068.4         5.39078        0.015625          Refine grid             
     7         343         21074.4         3.65665        0.015625      Successful search (ES-ell)        
     7         345         21074.1          3.6185        0.015625      Successful search (ES-ell)        
     7         346         21073.4         3.63224        0.015625      Successful search (ES-ell)        
     7         375         21073.4         3.63224       0.0078125          Refine grid             Train
     8         376         21073.8         2.92229       0.0078125      Successful search (ES-ell)        
     8         377         21073.5         2.94133       0.0078125      Successful search (ES-ell)        
     8         379         21073.3         2.93435       0.0078125      Successful search (ES-wcm)        
     8         380         21072.4         2.94507       0.0078125      Successful search (ES-wcm)        
     8         381         21072.2         3.10153       0.0078125      Successful search (ES-wcm)        
     8         382         21072.2         3.43191       0.0078125      Successful search (ES-wcm)        
     8         383         21070.6         3.80466       0.0078125      Successful search (ES-wcm)        
     8         388         21069.7         3.60949       0.0078125      Successful search (ES-ell)        
     8         389         21068.9         3.62238       0.0078125      Successful search (ES-ell)        
     8         390         21068.6         3.71513       0.0078125      Successful search (ES-wcm)        
     8         391         21068.1         3.89909       0.0078125      Successful search (ES-wcm)        
     8         392         21067.6         4.13622       0.0078125      Successful search (ES-wcm)        
     8         393         21066.5         4.24192       0.0078125      Successful search (ES-ell)        
     8         395         21065.8         4.16938       0.0078125      Successful search (ES-ell)        
     8         396         21065.7          4.2293       0.0078125      Successful search (ES-ell)        
     8         397         21065.4         4.30839       0.0078125      Successful search (ES-ell)        
     8         426         21065.4         4.30839      0.00390625          Refine grid             Train
     9         427         21073.7         2.53099      0.00390625      Successful search (ES-ell)        
     9         428         21073.3         2.45937      0.00390625      Successful search (ES-wcm)        
     9         429         21072.8         2.39905      0.00390625      Successful search (ES-wcm)        
     9         430         21072.1         2.28812      0.00390625      Successful search (ES-wcm)        
     9         431         21071.4         2.19487      0.00390625      Successful search (ES-wcm)        
     9         432         21070.2          2.1505      0.00390625      Successful search (ES-wcm)        
     9         433         21069.5         2.45355      0.00390625      Successful search (ES-wcm)        
     9         434         21067.3          2.9988      0.00390625      Successful search (ES-wcm)        
     9         460         21067.3          2.9988      0.00195312          Refine grid             
    10         461         21068.4         2.74809      0.00195312      Successful search (ES-ell)        
    10         494         21068.4         2.74809     0.000976562          Refine grid             
    11         496         21071.2         2.34247     0.000976562      Successful search (ES-wcm)        
    11         499         21070.9         2.35069     0.000976562      Successful search (ES-ell)        
    11         502         21070.8         2.32263     0.000976562      Successful search (ES-ell)        
    11         527         21070.8         2.32263     0.000488281          Refine grid             
    12         552         21070.3         3.34581     0.000244141          Refine grid             
    13         555         21069.8         2.26641     0.000244141      Successful search (ES-ell)        
    13         556         21069.7         2.27524     0.000244141      Successful search (ES-ell)        
    13         559         21069.6         2.26315     0.000244141      Successful search (ES-ell)        
    13         560         21069.1         2.27771     0.000244141      Successful search (ES-ell)        
    13         561         21068.9         2.30405     0.000244141      Successful search (ES-ell)        
    13         586         21068.9         2.30405      0.00012207          Refine grid             
    14         587         21068.5         3.50982      0.00012207      Successful search (ES-wcm)        
    14         588         21068.4         3.47425      0.00012207      Successful search (ES-ell)        
    14         589         21068.3         3.54807      0.00012207      Successful search (ES-ell)        
    14         620         21068.3         3.54807     6.10352e-05          Refine grid             
    15         621         21070.4         1.79387     6.10352e-05      Successful search (ES-wcm)        
    15         622         21070.2         1.79197     6.10352e-05      Successful search (ES-wcm)        
    15         623         21070.2         1.79088     6.10352e-05      Successful search (ES-wcm)        
    15         624         21069.6         1.78791     6.10352e-05      Successful search (ES-wcm)        
    15         654         21069.6         1.78791     3.05176e-05          Refine grid             Train
    16         655         21069.9          1.9366     3.05176e-05      Successful search (ES-ell)        
    16         656         21069.7         1.93637     3.05176e-05      Successful search (ES-ell)        
    16         657         21069.6         1.93879     3.05176e-05      Successful search (ES-ell)        
    16         660         21069.6         1.93062     3.05176e-05      Successful search (ES-ell)        
    16         665         21069.3         1.91863     3.05176e-05      Successful search (ES-ell)        
    16         666         21069.2         1.91647     3.05176e-05      Successful search (ES-ell)        
    16         667           21069         1.91492     3.05176e-05      Successful search (ES-ell)        
    16         669         21068.9         1.91378     3.05176e-05      Successful search (ES-ell)        
    16         670         21068.6         1.91483     3.05176e-05      Successful search (ES-ell)        
    16         671         21068.6          1.9293     3.05176e-05      Successful search (ES-wcm)        
    16         692         21067.1         2.79996     6.10352e-05        Successful poll           Train
    17         717         21066.5         2.78539     3.05176e-05          Refine grid             Train
    18         718         21068.8         2.56991     3.05176e-05      Successful search (ES-ell)        
    18         719         21068.1         2.61211     3.05176e-05      Successful search (ES-ell)        
    18         720         21067.6         2.69898     3.05176e-05      Successful search (ES-ell)        
    18         721         21066.9         2.84852     3.05176e-05      Successful search (ES-ell)        
    18         722         21065.6         3.07423     3.05176e-05      Successful search (ES-ell)        
    18         723         21063.7         3.54885     3.05176e-05      Successful search (ES-ell)        
    18         724         21061.6         4.29479     3.05176e-05      Successful search (ES-ell)        
    18         725         21059.2         5.72639     3.05176e-05      Successful search (ES-ell)        
    18         726           21058          7.3189     3.05176e-05      Successful search (ES-ell)        
    18         750           21058          7.3189     1.52588e-05          Refine grid             Train
    19         751         21067.2         4.35163     1.52588e-05      Successful search (ES-ell)        
    19         752         21066.6         4.33696     1.52588e-05      Successful search (ES-ell)        
    19         753         21065.8         4.45108     1.52588e-05      Successful search (ES-wcm)        
    19         759         21065.2         4.08627     1.52588e-05      Successful search (ES-ell)        
    19         760         21064.9         4.03505     1.52588e-05      Successful search (ES-ell)        
    19         761         21064.1         4.12289     1.52588e-05      Successful search (ES-wcm)        
    19         762         21063.6          4.2347     1.52588e-05      Successful search (ES-wcm)        
    19         763         21061.5          4.4481     1.52588e-05      Successful search (ES-wcm)        
    19         764         21061.1         4.75419     1.52588e-05      Successful search (ES-wcm)        
    19         765         21059.1         5.05379     1.52588e-05      Successful search (ES-ell)        
    19         766           21055         5.32146     1.52588e-05      Successful search (ES-ell)        
    19         792           21055         5.32146     7.62939e-06          Refine grid             Train
    20         793         21067.5          3.0665     7.62939e-06      Successful search (ES-ell)        
    20         794         21066.8         3.06785     7.62939e-06      Successful search (ES-wcm)        
    20         827         21066.8         3.06785      3.8147e-06          Refine grid             
    21         853         21069.1         2.51862     1.90735e-06          Refine grid             
    22         854         21069.3         1.79258     1.90735e-06      Successful search (ES-ell)        
    22         855         21069.1         1.79251     1.90735e-06      Successful search (ES-ell)        
    22         856           21069         1.79245     1.90735e-06      Successful search (ES-ell)        
    22         857         21068.8         1.79244     1.90735e-06      Successful search (ES-ell)        
    22         858         21068.6         1.79248     1.90735e-06      Successful search (ES-wcm)        
    22         860         21068.6         1.79222     1.90735e-06      Successful search (ES-wcm)        
    22         868         21068.5         1.79198     1.90735e-06      Successful search (ES-wcm)        
    22         869         21068.5         1.79185     1.90735e-06      Successful search (ES-wcm)        
    22         874         21068.4         1.79156     1.90735e-06      Successful search (ES-wcm)        
    22         876         21067.5         2.11461     1.90735e-06      Successful search (ES-wcm)        
    22         877         21067.3         2.10747     1.90735e-06      Successful search (ES-wcm)        
    22         881         21067.2         2.10305     1.90735e-06      Successful search (ES-wcm)        
    22         900         21067.2         2.10305     9.53674e-07          Refine grid             
Optimization terminated: change in the function value less than options['tol_mesh']
Estimated function value at minimum: 21072.30953833807 ± 2.4534861204579386 (mean ± SEM from 100 samples)
BADS minimum at: x_min = [ 4.2546 20.      3.3553  0.9981  1.      0.3932  2.7098  0.      3.8756], NLL = 21072.3095
total f-count: 1000, time: 45.7 min

 Optimization Run 2/10
Initial params: [0.4417, 8.3828, 10.0609, 0.315, 0.3384, 0.0783, 7.816, 1.0882, 10.5043]
bads:TooCloseBounds: For each variable, hard and plausible bounds should not be too close. Moving plausible bounds.
Variables (index) internally transformed to log coordinates: [[0 0]
 [0 3]
 [0 4]
 [0 5]
 [0 6]
 [0 7]
 [0 8]]
Beginning optimization of a STOCHASTIC objective function

 Iteration    f-count      E[f(x)]        SD[f(x)]           MeshScale          Method              Actions
     0           1         24578.5             nan               1                                  
     0          33         23352.5             nan               1          Initial mesh            Initial points
     0          34         22910.2        0.999579               1        Successful poll           Train
     1          37           21936        0.999519               1      Successful search (ES-wcm)        
     1          47         21832.9        0.998682               1      Successful search (ES-wcm)        
     1          61         21810.4        0.999367               1      Successful search (ES-wcm)        
     1          72         21750.5         1.01333               1        Successful poll           Train
     2          74         21702.5         1.01322               1      Successful search (ES-wcm)        
     2          75         21252.9         1.01329               1      Successful search (ES-wcm)        
     2          80         21205.2         1.01331               1      Successful search (ES-wcm)        
     2          81         21192.3         1.01325               1      Successful search (ES-ell)        
     2          87         21083.6          1.0127               1      Successful search (ES-wcm)        
     2          89         21070.4         1.01139               1      Successful search (ES-ell)        
     2         110         21056.5        0.978413               1        Successful poll           Train
     3         113         20938.8        0.934102               1      Successful search (ES-wcm)        
     3         117           20874        0.934037               1      Successful search (ES-wcm)        
     3         119           20762        0.932799               1      Successful search (ES-ell)        
     3         138           20762        0.932799             0.5          Refine grid             Train
     4         139         20696.6         1.23797             0.5      Successful search (ES-ell)        
     4         144         20677.3           1.237             0.5      Successful search (ES-ell)        
     4         145         20670.5         1.23778             0.5      Successful search (ES-ell)        
     4         149         20670.2         14.4444             0.5      Incremental search (ES-ell)        
     4         153         20582.4         16.7963             0.5      Successful search (ES-wcm)        
     4         154           20547         16.6471             0.5      Successful search (ES-ell)        
     4         157         20383.8         17.7244             0.5      Successful search (ES-wcm)        
     4         158         20310.3         17.9759             0.5      Successful search (ES-wcm)        
     4         160         20280.1         18.2889             0.5      Successful search (ES-wcm)        
     4         162         20110.1         18.2125             0.5      Successful search (ES-wcm)        
     4         169         20035.9         17.7865             0.5      Successful search (ES-wcm)        
     4         170         20000.3         18.0859             0.5      Successful search (ES-wcm)        
     4         178         19990.6          15.866             0.5      Successful search (ES-wcm)        
     4         180         19966.5         14.5725             0.5      Successful search (ES-wcm)        
     4         182         19960.7         13.9504             0.5      Successful search (ES-ell)        
     4         183           19938         15.9414             0.5      Successful search (ES-ell)        
     4         184         19912.8         18.5449             0.5      Successful search (ES-ell)        
     4         189         19894.3         13.7619             0.5      Successful search (ES-ell)        
     4         194         19872.3         15.1753             0.5      Successful search (ES-ell)        
     4         196         19834.2          17.994             0.5      Successful search (ES-ell)        
     4         199         19822.7         13.6001             0.5      Successful search (ES-ell)        
     4         201         19817.7         15.6259             0.5      Successful search (ES-ell)        
     4         204         19805.7         12.1114             0.5      Successful search (ES-ell)        
     4         207         19803.9         11.4657             0.5      Successful search (ES-ell)        
     4         209         19801.8         13.3757             0.5      Successful search (ES-ell)        
     4         210         19771.2         16.4434             0.5      Successful search (ES-ell)        
     4         211         19750.8         19.5996             0.5      Successful search (ES-ell)        
     4         212         19708.4          20.879             0.5      Successful search (ES-ell)        
     4         217         19664.2          18.668             0.5      Successful search (ES-ell)        
     4         220         19625.4         18.7872             0.5      Successful search (ES-ell)        
     4         223         19606.4         17.0762             0.5      Successful search (ES-ell)        
     4         226         19587.1          16.834             0.5      Successful search (ES-ell)        
     4         232         19586.6         18.4267             0.5      Successful search (ES-wcm)        
     4         234         19584.8          15.844             0.5      Successful search (ES-ell)        
     4         237         19580.5         12.6384             0.5      Successful search (ES-ell)        
     4         240         19564.1         14.0976             0.5      Successful search (ES-ell)        
     4         241         19554.8         16.1511             0.5      Successful search (ES-ell)        
     4         245         19533.9         12.3269             0.5      Successful search (ES-ell)        
     4         247         19530.6         16.4965             0.5      Successful search (ES-ell)        
     4         259         19502.1         15.6558             0.5      Successful search (ES-wcm)        
     4         287         19502.1         15.6558            0.25          Refine grid             Train
     5         288         19519.4         13.6139            0.25      Successful search (ES-wcm)        
     5         290         19510.7         10.6789            0.25      Successful search (ES-wcm)        
     5         291         19498.9         15.8141            0.25      Successful search (ES-ell)        
     5         320         19498.9         15.8141           0.125          Refine grid             
     6         321         19523.2          5.1685           0.125      Successful search (ES-ell)        
     6         323         19513.5         6.53374           0.125      Successful search (ES-ell)        
     6         324         19512.2         9.94273           0.125      Successful search (ES-ell)        
     6         325         19511.2         13.9553           0.125      Successful search (ES-ell)        
     6         327         19508.9         13.4385           0.125      Successful search (ES-ell)        
     6         328         19490.5         13.9076           0.125      Successful search (ES-ell)        
     6         329         19479.5         19.0221           0.125      Successful search (ES-ell)        
     6         332         19474.8         11.3332           0.125      Successful search (ES-ell)        
     6         363         19474.8         11.3332          0.0625          Refine grid             
     7         364         19476.6         5.57926          0.0625      Successful search (ES-ell)        
     7         365         19461.3         7.92358          0.0625      Successful search (ES-ell)        
     7         366         19445.3          10.875          0.0625      Successful search (ES-ell)        
     7         398         19445.3          10.875         0.03125          Refine grid             
     8         399         19472.4         3.41933         0.03125      Successful search (ES-wcm)        
     8         400         19471.1         3.46294         0.03125      Successful search (ES-wcm)        
     8         402         19470.6         3.59288         0.03125      Successful search (ES-wcm)        
     8         408         19470.6         3.53713         0.03125      Successful search (ES-ell)        
     8         409         19469.5         4.12793         0.03125      Successful search (ES-ell)        
     8         412         19469.4         4.42885         0.03125      Successful search (ES-ell)        
     8         414         19467.5         4.90091         0.03125      Successful search (ES-ell)        
     8         442         19467.5         4.90091        0.015625          Refine grid             
     9         443           19472         3.12201        0.015625      Successful search (ES-wcm)        
     9         444         19471.4         3.33274        0.015625      Successful search (ES-wcm)        
     9         475         19464.7          2.8467         0.03125        Successful poll           Train
    10         476         19471.3         2.60844         0.03125      Successful search (ES-wcm)        
    10         477         19469.9         2.84932         0.03125      Successful search (ES-wcm)        
    10         479         19469.7         3.26434         0.03125      Successful search (ES-ell)        
    10         510         19469.7         3.26434        0.015625          Refine grid             Train
    11         511           19472         2.55181        0.015625      Successful search (ES-wcm)        
    11         512           19469         3.45791        0.015625      Successful search (ES-ell)        
    11         513         19468.2         5.28014        0.015625      Successful search (ES-ell)        
    11         545         19468.2         5.28014       0.0078125          Refine grid             
    12         546         19471.9         3.88203       0.0078125      Successful search (ES-ell)        
    12         547         19468.6         4.03477       0.0078125      Successful search (ES-ell)        
    12         548         19468.6         4.14217       0.0078125      Incremental search (ES-ell)        
    12         549         19466.8         4.46544       0.0078125      Successful search (ES-ell)        
    12         550         19465.1          5.4469       0.0078125      Successful search (ES-ell)        
    12         581         19465.1          5.4469      0.00390625          Refine grid             
    13         608         19474.4         3.58093      0.00195312          Refine grid             Train
    14         609         19472.6         3.52987      0.00195312      Successful search (ES-ell)        
    14         610         19471.9         3.59126      0.00195312      Successful search (ES-ell)        
    14         644         19469.4          4.3815      0.00390625        Successful poll           
    15         645         19468.3         4.40531      0.00390625      Successful search (ES-ell)        
    15         680         19466.1         6.76394       0.0078125        Successful poll           
    16         681         19465.8          6.6663       0.0078125      Successful search (ES-ell)        
    16         716         19465.8          6.6663      0.00390625          Refine grid             
    17         738         19471.3         3.01444       0.0078125        Successful poll           Train
    18         739         19472.7         3.38945       0.0078125      Successful search (ES-ell)        
    18         740         19472.1         3.62698       0.0078125      Successful search (ES-ell)        
    18         741         19471.4         4.35068       0.0078125      Successful search (ES-ell)        
    18         742         19468.1         5.15205       0.0078125      Successful search (ES-ell)        
    18         747           19467         5.68979       0.0078125      Successful search (ES-wcm)        
    18         748         19466.5         5.89949       0.0078125      Successful search (ES-ell)        
    18         750         19464.1         6.35388       0.0078125      Successful search (ES-wcm)        
    18         783         19464.1         6.35388      0.00390625          Refine grid             
    19         784           19474         2.01606      0.00390625      Successful search (ES-ell)        
    19         785         19473.6         2.30627      0.00390625      Successful search (ES-ell)        
    19         786         19473.4         2.91802      0.00390625      Successful search (ES-ell)        
    19         787         19473.1         3.87125      0.00390625      Successful search (ES-ell)        
    19         788         19472.7         5.39366      0.00390625      Successful search (ES-ell)        
    19         819         19472.2         4.83583       0.0078125        Successful poll           
    20         830         19466.6         9.59917        0.015625        Successful poll           Train
    21         831         19473.5         2.33727        0.015625      Successful search (ES-wcm)        
    21         834         19472.4         3.28947        0.015625      Successful search (ES-ell)        
    21         835         19469.4         4.56345        0.015625      Successful search (ES-ell)        
    21         841         19468.8         5.12452        0.015625      Successful search (ES-wcm)        
    21         843         19467.3         6.43204        0.015625      Successful search (ES-wcm)        
    21         844         19464.3         8.24266        0.015625      Successful search (ES-wcm)        
    21         874         19464.3         8.24266       0.0078125          Refine grid             
    22         875         19471.8         2.32159       0.0078125      Successful search (ES-wcm)        
    22         900         19470.3         5.76849        0.015625        Successful poll           
Optimization terminated: reached maximum number of function evaluations options['max_fun_evals'].
Estimated function value at minimum: 19473.275273819043 ± 2.14451456481653 (mean ± SEM from 100 samples)
BADS minimum at: x_min = [1.9303 0.2738 3.5244 0.     0.9587 0.4516 0.087  4.9363 2.1263], NLL = 19473.2753
total f-count: 1000, time: 45.84 min

 Optimization Run 3/10
Initial params: [0.008, 3.4595, 4.9837, 0.3485, 0.164, 0.3124, 30.0811, 4.3045, 18.0537]
bads:TooCloseBounds: For each variable, hard and plausible bounds should not be too close. Moving plausible bounds.
Variables (index) internally transformed to log coordinates: [[0 0]
 [0 3]
 [0 4]
 [0 5]
 [0 6]
 [0 7]
 [0 8]]
Beginning optimization of a STOCHASTIC objective function

 Iteration    f-count      E[f(x)]        SD[f(x)]           MeshScale          Method              Actions
     0           1         24581.1             nan               1                                  
     0          33         23363.1             nan               1          Initial mesh            Initial points
     0          34         22952.4        0.999499               1        Successful poll           Train
     1          38         22334.1        0.999063               1      Successful search (ES-wcm)        
     1          40         22111.6        0.998997               1      Successful search (ES-wcm)        
     1          41         21881.2        0.999123               1      Successful search (ES-wcm)        
     1          42         21796.3         0.99899               1      Successful search (ES-wcm)        
     1          43         21325.8        0.999363               1      Successful search (ES-wcm)        
     1          50         21237.2        0.990014               1      Successful search (ES-wcm)        
     1          52         21167.5        0.983615               1      Successful search (ES-wcm)        
     1          57         21152.8        0.903321               1      Successful search (ES-wcm)        
     1          60         21151.3        0.903271               1      Successful search (ES-wcm)        
     1          67         21093.4        0.901394               1      Successful search (ES-wcm)        
     1          77         21088.5          1.0258               1      Successful search (ES-ell)        
     1          83         21052.2         1.02429               1      Successful search (ES-ell)        
     1         108         20904.8         1.00308               1        Successful poll           
     2         115         20791.7         1.09015               1      Successful search (ES-ell)        
     2         121         20750.2         1.08921               1      Successful search (ES-ell)        
     2         122         20733.7         1.08978               1      Successful search (ES-ell)        
     2         128         20681.1         1.09109               1      Successful search (ES-ell)        
     2         132         20560.3         1.40519               1      Successful search (ES-ell)        
     2         140           20526         1.40497               1      Successful search (ES-ell)        
     2         141         20520.4         1.40505               1      Successful search (ES-ell)        
     2         142         20480.6         1.40514               1      Successful search (ES-ell)        
     2         143           20476         1.40515               1      Successful search (ES-ell)        
     2         146         20407.7         1.40512               1      Successful search (ES-ell)        
     2         147         20357.7         1.40516               1      Successful search (ES-ell)        
     2         149         20336.1         14.9946               1      Successful search (ES-ell)        
     2         152         20231.8         14.9369               1      Successful search (ES-ell)        
     2         154         20169.3         14.9812               1      Successful search (ES-ell)        
     2         157         20139.9         15.0009               1      Successful search (ES-ell)        
     2         161         20051.2         13.4415               1      Successful search (ES-ell)        
     2         166           20031         13.2071               1      Successful search (ES-ell)        
     2         168         20009.5         14.1442               1      Successful search (ES-wcm)        
     2         169         19926.5           15.15               1      Successful search (ES-wcm)        
     2         175           19880         15.0698               1      Successful search (ES-wcm)        
     2         179         19851.6          13.257               1      Successful search (ES-wcm)        
     2         180         19803.5         13.9363               1      Successful search (ES-wcm)        
     2         183         19801.1         15.0897               1      Successful search (ES-ell)        
     2         184         19771.9         15.1871               1      Successful search (ES-ell)        
     2         190         19724.2         12.6209               1      Successful search (ES-ell)        
     2         192         19635.5         12.6516               1      Successful search (ES-ell)        
     2         195         19595.2         12.6252               1      Successful search (ES-ell)        
     2         200         19585.1         12.5158               1      Successful search (ES-ell)        
     2         206         19581.6         10.3817               1      Successful search (ES-ell)        
     2         211         19563.4         9.66818               1      Successful search (ES-ell)        
     2         214         19554.3         7.77307               1      Successful search (ES-ell)        
     2         236         19554.3         7.77307             0.5          Refine grid             Train
     3         257         19577.6         6.18237            0.25          Refine grid             Train
     4         258           19543         12.2807            0.25      Successful search (ES-wcm)        
     4         260         19531.1         21.4863            0.25      Successful search (ES-wcm)        
     4         262         19479.6         23.1352            0.25      Successful search (ES-wcm)        
     4         289         19479.6         23.1352           0.125          Refine grid             Train
     5         290         19472.6         7.86077           0.125      Successful search (ES-wcm)        
     5         291         19470.1         11.9192           0.125      Successful search (ES-wcm)        
     5         292         19458.7         14.6604           0.125      Successful search (ES-ell)        
     5         293         19450.4         17.4925           0.125      Successful search (ES-ell)        
     5         322         19450.4         17.4925          0.0625          Refine grid             
     6         323         19470.9         5.04748          0.0625      Successful search (ES-ell)        
     6         324         19464.6         5.87412          0.0625      Successful search (ES-ell)        
     6         326         19463.2         7.02563          0.0625      Successful search (ES-ell)        
     6         355         19463.2         7.02563         0.03125          Refine grid             
     7         356         19467.3          4.9596         0.03125      Successful search (ES-wcm)        
     7         365         19467.1         4.26204         0.03125      Successful search (ES-ell)        
     7         366         19465.6         4.70285         0.03125      Successful search (ES-ell)        
     7         367         19463.2         5.14637         0.03125      Successful search (ES-ell)        
     7         369         19460.7         5.41818         0.03125      Successful search (ES-ell)        
     7         398         19460.7         5.41818        0.015625          Refine grid             
     8         400           19466         3.19565        0.015625      Successful search (ES-wcm)        
     8         401           19466         3.91269        0.015625      Successful search (ES-wcm)        
     8         404         19465.1         3.95921        0.015625      Successful search (ES-wcm)        
     8         408           19465         3.82593        0.015625      Successful search (ES-ell)        
     8         409         19464.7         3.90464        0.015625      Successful search (ES-ell)        
     8         410           19464         4.18272        0.015625      Successful search (ES-ell)        
     8         418         19463.6          3.5103        0.015625      Successful search (ES-ell)        
     8         431         19463.5         3.10385        0.015625      Successful search (ES-wcm)        
     8         459         19463.5         3.10385       0.0078125          Refine grid             
     9         460         19465.3         2.65402       0.0078125      Successful search (ES-wcm)        
     9         461         19465.2         3.04023       0.0078125      Successful search (ES-wcm)        
     9         493         19465.2         3.04023      0.00390625          Refine grid             
    10         494         19465.9         2.11652      0.00390625      Successful search (ES-ell)        
    10         495         19465.2          2.1374      0.00390625      Successful search (ES-ell)        
    10         496         19464.3         2.16039      0.00390625      Successful search (ES-ell)        
    10         502           19464         2.15397      0.00390625      Successful search (ES-wcm)        
    10         503         19463.7         2.18946      0.00390625      Successful search (ES-ell)        
    10         504         19463.2         2.25521      0.00390625      Successful search (ES-ell)        
    10         505         19462.4         2.42218      0.00390625      Successful search (ES-ell)        
    10         506         19462.3         2.64638      0.00390625      Successful search (ES-ell)        
    10         507         19461.2         3.10651      0.00390625      Successful search (ES-ell)        
    10         538         19461.2         3.10651      0.00195312          Refine grid             
    11         554         19464.6          2.9846      0.00390625        Successful poll           Train
    12         555         19464.6         2.26447      0.00390625      Successful search (ES-wcm)        
    12         556         19464.5         2.55104      0.00390625      Successful search (ES-wcm)        
    12         559           19464         2.98317      0.00390625      Successful search (ES-wcm)        
    12         561         19463.6            3.48      0.00390625      Successful search (ES-wcm)        
    12         588         19462.2         6.55831       0.0078125        Successful poll           
    13         589         19464.3         2.30545       0.0078125      Successful search (ES-ell)        
    13         590         19463.4         3.21594       0.0078125      Successful search (ES-ell)        
    13         593         19462.8         5.20392       0.0078125      Successful search (ES-wcm)        
    13         594         19460.7         6.12532       0.0078125      Successful search (ES-ell)        
    13         595         19459.7         7.16286       0.0078125      Successful search (ES-ell)        
    13         597         19458.9         7.80497       0.0078125      Successful search (ES-ell)        
    13         622         19458.9         7.80497      0.00390625          Refine grid             
    14         623         19450.5         6.90946      0.00390625      Successful search (ES-ell)        
    14         657         19450.5         6.90946      0.00195312          Refine grid             Train
    15         658         19464.4         3.86527      0.00195312      Successful search (ES-wcm)        
    15         662         19464.1         3.84636      0.00195312      Successful search (ES-wcm)        
    15         663         19462.8           4.172      0.00195312      Successful search (ES-wcm)        
    15         691         19462.8           4.172     0.000976562          Refine grid             
    16         716         19465.5         2.15055     0.000488281          Refine grid             
    17         741           19466         2.25225     0.000244141          Refine grid             Train
    18         742         19466.6         1.89492     0.000244141      Successful search (ES-ell)        
    18         743         19466.5         1.96264     0.000244141      Successful search (ES-ell)        
    18         744         19466.3         2.04423     0.000244141      Successful search (ES-ell)        
    18         748         19466.2         2.06517     0.000244141      Successful search (ES-ell)        
    18         749         19465.9         2.12034     0.000244141      Successful search (ES-ell)        
    18         750         19465.3          2.2133     0.000244141      Successful search (ES-ell)        
    18         751           19465         2.27886     0.000244141      Successful search (ES-wcm)        
    18         752         19464.9         2.38204     0.000244141      Successful search (ES-wcm)        
    18         753         19464.9          2.5213     0.000244141      Successful search (ES-wcm)        
    18         756         19464.7         2.58033     0.000244141      Successful search (ES-ell)        
    18         760         19464.6         2.57666     0.000244141      Successful search (ES-ell)        
    18         761         19464.4         2.65764     0.000244141      Successful search (ES-ell)        
    18         763         19464.2         2.72623     0.000244141      Successful search (ES-ell)        
    18         765         19464.1         2.78391     0.000244141      Successful search (ES-ell)        
    18         795         19464.1         2.78391      0.00012207          Refine grid             Train
    19         822         19466.7         2.65298     6.10352e-05          Refine grid             Train
    20         849         19467.8         2.67558     3.05176e-05          Refine grid             Train
    21         876         19464.4         4.26146     1.52588e-05          Refine grid             Train
    22         877         19463.3         4.55311     1.52588e-05      Successful search (ES-ell)        
    22         878         19460.9         4.46134     1.52588e-05      Successful search (ES-ell)        
    22         880           19460            4.28     1.52588e-05      Successful search (ES-ell)        
    22         881         19459.9         4.21216     1.52588e-05      Successful search (ES-ell)        
    22         882         19458.5         4.15786     1.52588e-05      Successful search (ES-ell)        
    22         883         19457.8         4.14668     1.52588e-05      Successful search (ES-ell)        
    22         884         19456.7         4.13174     1.52588e-05      Successful search (ES-ell)        
    22         885         19455.3         4.12731     1.52588e-05      Successful search (ES-ell)        
    22         886         19454.7         4.05884     1.52588e-05      Successful search (ES-ell)        
Optimization terminated: reached maximum number of function evaluations options['max_fun_evals'].
Estimated function value at minimum: 19465.58101476045 ± 1.8657393275245588 (mean ± SEM from 100 samples)
BADS minimum at: x_min = [1.3357 0.5627 3.4012 0.9999 0.9997 0.4406 0.1039 4.9265 2.1236], NLL = 19465.581
total f-count: 1000, time: 45.62 min

 Optimization Run 4/10
Initial params: [1.1941, 2.335, 8.3166, 0.2708, 0.3203, 0.1203, 6.3512, 1.2495, 11.3372]
bads:TooCloseBounds: For each variable, hard and plausible bounds should not be too close. Moving plausible bounds.
Variables (index) internally transformed to log coordinates: [[0 0]
 [0 3]
 [0 4]
 [0 5]
 [0 6]
 [0 7]
 [0 8]]
Beginning optimization of a STOCHASTIC objective function

 Iteration    f-count      E[f(x)]        SD[f(x)]           MeshScale          Method              Actions
     0           1         24378.6             nan               1                                  
     0          33         23357.2             nan               1          Initial mesh            Initial points
     0          34         22989.2        0.999641               1        Successful poll           Train
     1          38         22683.9        0.999131               1      Successful search (ES-wcm)        
     1          39         22235.7         0.99951               1      Successful search (ES-ell)        
     1          46         22046.9        0.999459               1      Successful search (ES-ell)        
     1          53           21894        0.996592               1      Successful search (ES-ell)        
     1          55         21796.7        0.996585               1      Successful search (ES-ell)        
     1          61         21795.8          0.9954               1      Incremental search (ES-ell)        
     1          83         21765.7         1.13031               1        Successful poll           Train
     2          88         21759.1         1.13012               1      Successful search (ES-ell)        
     2          89         21749.5         1.13019               1      Successful search (ES-ell)        
     2          90         21706.2         1.13029               1      Successful search (ES-ell)        
     2          96         21701.2         1.56205               1      Successful search (ES-ell)        
     2          97         21324.7          1.5622               1      Successful search (ES-ell)        
     2          99         21321.6         1.56212               1      Successful search (ES-ell)        
     2         100         21288.3         1.56217               1      Successful search (ES-ell)        
     2         101         21274.4         1.56222               1      Successful search (ES-ell)        
     2         103         21207.7         1.56211               1      Successful search (ES-ell)        
     2         105         21139.7         1.56216               1      Successful search (ES-ell)        
     2         106         21134.4         1.56217               1      Successful search (ES-ell)        
     2         111         21099.2         14.1393               1      Successful search (ES-ell)        
     2         113         21031.5         14.3202               1      Successful search (ES-ell)        
     2         114         21030.8         14.4324               1      Incremental search (ES-ell)        
     2         115         20988.2         14.1909               1      Successful search (ES-ell)        
     2         119         20911.2         12.6712               1      Successful search (ES-ell)        
     2         139         20911.2         12.6712             0.5          Refine grid             Train
     3         140         21170.1         23.6102             0.5      Successful search (ES-ell)        
     3         142         21127.6          17.716             0.5      Successful search (ES-ell)        
     3         149         21088.2         9.68427             0.5      Successful search (ES-ell)        
     3         150         21019.1         13.5676             0.5      Successful search (ES-ell)        
     3         180         21019.1         13.5676            0.25          Refine grid             Train
     4         181         21115.7         10.7758            0.25      Successful search (ES-ell)        
     4         190         21093.9         5.83515            0.25      Successful search (ES-ell)        
     4         191         21023.5         7.41844            0.25      Successful search (ES-ell)        
     4         222         21023.5         7.41844           0.125          Refine grid             
     5         223         21109.6         3.79393           0.125      Successful search (ES-ell)        
     5         224         21095.2         4.06245           0.125      Successful search (ES-ell)        
     5         225         21069.4          4.9683           0.125      Successful search (ES-wcm)        
     5         226         21012.1         7.70272           0.125      Successful search (ES-wcm)        
     5         227         20989.4         13.2738           0.125      Successful search (ES-wcm)        
     5         255         20989.4         13.2738          0.0625          Refine grid             
     6         256         21123.5         3.37612          0.0625      Successful search (ES-wcm)        
     6         257           21119         3.54402          0.0625      Successful search (ES-wcm)        
     6         258         21114.2         3.82092          0.0625      Successful search (ES-wcm)        
     6         259         21109.6         4.37257          0.0625      Successful search (ES-wcm)        
     6         260         21100.1         6.16533          0.0625      Successful search (ES-wcm)        
     6         261         21093.6          8.7848          0.0625      Successful search (ES-wcm)        
     6         288         21093.6          8.7848         0.03125          Refine grid             Train
     7         289         21131.4         3.06968         0.03125      Successful search (ES-ell)        
     7         290           21130         2.99685         0.03125      Successful search (ES-ell)        
     7         291           21128         2.99597         0.03125      Successful search (ES-wcm)        
     7         292         21125.9         3.04717         0.03125      Successful search (ES-wcm)        
     7         293         21119.8         3.23524         0.03125      Successful search (ES-wcm)        
     7         294         21113.1         3.59466         0.03125      Successful search (ES-ell)        
     7         295         21105.6         4.26956         0.03125      Successful search (ES-ell)        
     7         296         21095.4         5.88551         0.03125      Successful search (ES-ell)        
     7         297         21088.2         7.76706         0.03125      Successful search (ES-ell)        
     7         321         21088.2         7.76706        0.015625          Refine grid             
     8         322         21098.5         3.91459        0.015625      Successful search (ES-ell)        
     8         323         21098.4         3.88567        0.015625      Successful search (ES-ell)        
     8         354         21098.4         3.88567       0.0078125          Refine grid             
     9         355         21096.7         2.79245       0.0078125      Successful search (ES-ell)        
     9         356         21095.5          2.7748       0.0078125      Successful search (ES-wcm)        
     9         357         21094.8         2.78743       0.0078125      Successful search (ES-wcm)        
     9         358         21094.2         2.78031       0.0078125      Successful search (ES-wcm)        
     9         387         21094.2         2.78031      0.00390625          Refine grid             
    10         411         21110.3         2.48621       0.0078125        Successful poll           
    11         415         21110.5          2.3377       0.0078125      Successful search (ES-wcm)        
    11         419         21110.3         2.73777       0.0078125      Successful search (ES-wcm)        
    11         420         21110.1           2.728       0.0078125      Successful search (ES-wcm)        
    11         421         21108.5         2.70634       0.0078125      Successful search (ES-ell)        
    11         422         21108.3         2.75996       0.0078125      Successful search (ES-wcm)        
    11         423         21107.3         2.84628       0.0078125      Successful search (ES-wcm)        
    11         424         21105.7         2.96782       0.0078125      Successful search (ES-wcm)        
    11         425         21104.6          3.0965       0.0078125      Successful search (ES-wcm)        
    11         426         21103.2          3.5045       0.0078125      Successful search (ES-wcm)        
    11         427         21100.6         4.03707       0.0078125      Successful search (ES-wcm)        
    11         428         21096.2         4.93687       0.0078125      Successful search (ES-wcm)        
    11         451         21093.4         5.54287        0.015625        Successful poll           
    12         452         21091.5         5.30091        0.015625      Successful search (ES-ell)        
    12         484         21087.8         7.13005         0.03125        Successful poll           
    13         485         21084.6         7.63421         0.03125      Successful search (ES-wcm)        
    13         508         21061.1         11.4787          0.0625        Successful poll           Train
    14         509         21085.5         14.8292          0.0625      Successful search (ES-wcm)        
    14         518         21083.8         9.33839          0.0625      Successful search (ES-ell)        
    14         550         21083.8         9.33839         0.03125          Refine grid             
    15         551         21089.8         3.95755         0.03125      Successful search (ES-ell)        
    15         552         21083.8         6.26739         0.03125      Successful search (ES-ell)        
    15         553         21076.8         7.71481         0.03125      Successful search (ES-wcm)        
    15         560         21072.7         6.83114         0.03125      Successful search (ES-ell)        
    15         561         21015.2         7.37721         0.03125      Successful search (ES-ell)        
    15         563         21002.6         8.04067         0.03125      Successful search (ES-ell)        
    15         592         21002.6         8.04067        0.015625          Refine grid             
    16         593         21090.8         6.78094        0.015625      Successful search (ES-ell)        
    16         594           21086          6.6031        0.015625      Successful search (ES-ell)        
    16         595         21079.6         6.89511        0.015625      Successful search (ES-ell)        
    16         596         21074.6         7.53864        0.015625      Successful search (ES-ell)        
    16         597         21073.6         8.84915        0.015625      Successful search (ES-ell)        
    16         626         21073.6         8.84915       0.0078125          Refine grid             
    17         627         21099.3         3.17277       0.0078125      Successful search (ES-ell)        
    17         633         21098.9         3.04334       0.0078125      Successful search (ES-ell)        
    17         635         21097.8         3.00946       0.0078125      Successful search (ES-ell)        
    17         646         21083.4         9.05525        0.015625        Successful poll           Train
    18         647         21091.9         5.66013        0.015625      Successful search (ES-ell)        
    18         648         21090.1         7.48136        0.015625      Successful search (ES-ell)        
    18         649         21084.8         10.3155        0.015625      Successful search (ES-ell)        
    18         679         21084.8         10.3155       0.0078125          Refine grid             
    19         680         21096.9         2.69599       0.0078125      Successful search (ES-ell)        
    19         684         21096.4         2.64246       0.0078125      Successful search (ES-ell)        
    19         688         21096.4         2.59321       0.0078125      Successful search (ES-ell)        
    19         691           21096         2.57057       0.0078125      Successful search (ES-ell)        
    19         721         21092.1         5.95399        0.015625        Successful poll           
    20         722         21096.1         2.24468        0.015625      Successful search (ES-ell)        
    20         724         21095.3         2.24682        0.015625      Successful search (ES-ell)        
    20         727         21095.2         2.26082        0.015625      Successful search (ES-ell)        
    20         728         21094.9          2.3908        0.015625      Successful search (ES-wcm)        
    20         729         21094.4         2.58791        0.015625      Successful search (ES-ell)        
    20         754         21094.4         2.58791       0.0078125          Refine grid             
    21         755         21094.5         2.48489       0.0078125      Successful search (ES-wcm)        
    21         756         21094.5         2.76385       0.0078125      Successful search (ES-wcm)        
    21         757         21093.4         3.28358       0.0078125      Successful search (ES-wcm)        
    21         762         21093.2         3.54147       0.0078125      Successful search (ES-wcm)        
    21         766         21092.3         3.68178       0.0078125      Successful search (ES-wcm)        
    21         784         21073.3         16.9073        0.015625        Successful poll           Train
    22         785           21095         2.79179        0.015625      Successful search (ES-ell)        
    22         786         21094.2         4.28789        0.015625      Successful search (ES-ell)        
    22         788         21093.9         5.38603        0.015625      Successful search (ES-ell)        
    22         789           21091         7.40666        0.015625      Successful search (ES-ell)        
    22         791         21087.2         8.37535        0.015625      Successful search (ES-ell)        
    22         818         21087.2         8.37535       0.0078125          Refine grid             
    23         819         21086.5         6.87148       0.0078125      Successful search (ES-wcm)        
    23         823         21086.2         6.37124       0.0078125      Successful search (ES-wcm)        
    23         853         21078.6         5.96611        0.015625        Successful poll           
    24         854         21084.2         6.86996        0.015625      Successful search (ES-ell)        
    24         855         21083.1         8.08096        0.015625      Successful search (ES-ell)        
    24         887         21083.1         8.08096       0.0078125          Refine grid             Train
    25         900         21086.1         3.41106        0.015625        Successful poll           Train
Optimization terminated: reached maximum number of function evaluations options['max_fun_evals'].
Estimated function value at minimum: 21093.957678343562 ± 2.3749657688868333 (mean ± SEM from 100 samples)
BADS minimum at: x_min = [4.50690e+00 1.79568e+01 3.26830e+00 1.77000e-02 9.99800e-01 4.02000e-01
 2.71270e+00 0.00000e+00 4.32900e+00], NLL = 21093.9577
total f-count: 1000, time: 45.82 min

 Optimization Run 5/10
Initial params: [0.9852, 8.2375, 13.4065, 0.197, 0.0491, 0.0703, 33.5879, 0.1687, 16.9195]
bads:TooCloseBounds: For each variable, hard and plausible bounds should not be too close. Moving plausible bounds.
Variables (index) internally transformed to log coordinates: [[0 0]
 [0 3]
 [0 4]
 [0 5]
 [0 6]
 [0 7]
 [0 8]]
Beginning optimization of a STOCHASTIC objective function

 Iteration    f-count      E[f(x)]        SD[f(x)]           MeshScale          Method              Actions
     0           1         24581.1             nan               1                                  
     0          33         23359.5             nan               1          Initial mesh            Initial points
     0          34         22972.9        0.999327               1        Successful poll           Train
     1          41         22663.3        0.993925               1      Successful search (ES-wcm)        
     1          42         22263.5        0.996787               1      Successful search (ES-wcm)        
     1          46         22180.1        0.998913               1      Successful search (ES-ell)        
     1          49         22039.3        0.997583               1      Successful search (ES-ell)        
     1          52         21995.2        0.993558               1      Successful search (ES-ell)        
     1          57         21986.3        0.966975               1      Successful search (ES-ell)        
     1          60         21941.7        0.962141               1      Successful search (ES-ell)        
     1          62         21856.3        0.967678               1      Successful search (ES-ell)        
     1          69         21838.8        0.961969               1      Successful search (ES-ell)        
     1          88         21799.9        0.987968               1        Successful poll           
     2          91           21750         9.89699               1      Successful search (ES-ell)        
     2          92         21689.8         9.94561               1      Successful search (ES-ell)        
     2          93         21072.8         9.94611               1      Successful search (ES-ell)        
     2          95         20802.4         9.94697               1      Successful search (ES-ell)        
     2          98         20663.9         9.91515               1      Successful search (ES-ell)        
     2         104         20525.7         9.37723               1      Successful search (ES-wcm)        
     2         106         20466.2         8.93742               1      Successful search (ES-wcm)        
     2         109         20448.1           8.059               1      Successful search (ES-wcm)        
     2         113         20424.3         1.10737               1      Successful search (ES-wcm)        
     2         117           20376         1.10894               1      Successful search (ES-wcm)        
     2         124         20361.2         1.10747               1      Successful search (ES-ell)        
     2         131         20341.8         1.38506               1      Successful search (ES-ell)        
     2         137         20282.4         1.38551               1      Successful search (ES-ell)        
     2         141         20249.5         1.37939               1      Successful search (ES-ell)        
     2         142         20232.8         1.38455               1      Successful search (ES-ell)        
     2         161         20232.8         1.38455             0.5          Refine grid             
     3         182         20237.2         1.27286            0.25          Refine grid             
     4         205           20244         1.00711           0.125          Refine grid             
     5         209         20237.2         1.26509           0.125      Successful search (ES-wcm)        
     5         211         20219.7         1.23419           0.125      Successful search (ES-wcm)        
     5         217         20206.7          1.2806           0.125      Successful search (ES-wcm)        
     5         233         20159.6         26.0855            0.25        Successful poll           Train
     6         235         20126.2         26.0768            0.25      Successful search (ES-wcm)        
     6         237         20085.4         25.6845            0.25      Successful search (ES-wcm)        
     6         240         19981.5         26.4893            0.25      Successful search (ES-wcm)        
     6         246           19955         19.9027            0.25      Successful search (ES-wcm)        
     6         247           19930         23.9495            0.25      Successful search (ES-wcm)        
     6         248         19873.2         23.8596            0.25      Successful search (ES-wcm)        
     6         249         19849.6         25.2555            0.25      Successful search (ES-wcm)        
     6         251         19800.4         23.3439            0.25      Successful search (ES-wcm)        
     6         252         19746.4         25.8969            0.25      Successful search (ES-wcm)        
     6         260         19741.6         11.2908            0.25      Successful search (ES-wcm)        
     6         262         19720.8         17.7024            0.25      Successful search (ES-wcm)        
     6         263         19685.7         23.2074            0.25      Successful search (ES-wcm)        
     6         265         19633.3         24.0695            0.25      Successful search (ES-wcm)        
     6         266         19631.2         25.0769            0.25      Successful search (ES-ell)        
     6         270         19607.2           24.85            0.25      Successful search (ES-wcm)        
     6         271         19576.2         24.8022            0.25      Successful search (ES-wcm)        
     6         275         19563.6         25.5998            0.25      Successful search (ES-wcm)        
     6         278         19538.2         23.1156            0.25      Successful search (ES-wcm)        
     6         279         19531.1         23.3954            0.25      Successful search (ES-wcm)        
     6         282         19512.8         23.1513            0.25      Successful search (ES-wcm)        
     6         284         19494.2         24.0957            0.25      Successful search (ES-wcm)        
     6         311         19492.7         24.4738             0.5        Successful poll           
     7         316         19496.5         20.6357             0.5      Successful search (ES-wcm)        
     7         317         19464.4         24.4753             0.5      Successful search (ES-wcm)        
     7         324         19437.8         19.8702             0.5      Successful search (ES-ell)        
     7         351         19437.8         19.8702            0.25          Refine grid             
     8         355         19462.5         8.70145            0.25      Successful search (ES-ell)        
     8         359           19452         8.56171            0.25      Successful search (ES-wcm)        
     8         384           19452         8.56171           0.125          Refine grid             Train
     9         385         19457.4          5.7627           0.125      Successful search (ES-ell)        
     9         390         19456.4          7.1811           0.125      Successful search (ES-wcm)        
     9         418         19456.4          7.1811          0.0625          Refine grid             Train
    10         420         19452.1         4.40282          0.0625      Successful search (ES-ell)        
    10         421           19452         8.30851          0.0625      Successful search (ES-wcm)        
    10         452           19452         8.30851         0.03125          Refine grid             
    11         453         19452.7         3.50538         0.03125      Successful search (ES-ell)        
    11         454         19450.6         4.42664         0.03125      Successful search (ES-ell)        
    11         455         19448.2         6.23513         0.03125      Successful search (ES-ell)        
    11         486         19448.2         6.23513        0.015625          Refine grid             
    12         487         19457.4          3.2336        0.015625      Successful search (ES-ell)        
    12         489         19456.9          3.3122        0.015625      Successful search (ES-wcm)        
    12         491         19456.2         3.53086        0.015625      Successful search (ES-wcm)        
    12         492         19454.9         3.79133        0.015625      Successful search (ES-wcm)        
    12         493         19453.6         4.37751        0.015625      Successful search (ES-ell)        
    12         494         19452.7         6.99667        0.015625      Successful search (ES-wcm)        
    12         521         19452.7         6.99667       0.0078125          Refine grid             Train
    13         522         19457.6         2.74969       0.0078125      Successful search (ES-wcm)        
    13         523         19457.2         2.86492       0.0078125      Successful search (ES-wcm)        
    13         524         19456.9         3.19447       0.0078125      Successful search (ES-wcm)        
    13         525         19456.1         4.03881       0.0078125      Successful search (ES-ell)        
    13         556         19456.1         4.03881      0.00390625          Refine grid             Train
    14         558         19459.5          2.9654      0.00390625      Successful search (ES-wcm)        
    14         559         19458.1         3.06822      0.00390625      Successful search (ES-wcm)        
    14         591         19458.1         3.06822      0.00195312          Refine grid             
    15         617         19459.3         5.28598     0.000976562          Refine grid             Train
    16         618         19458.7          2.6572     0.000976562      Successful search (ES-wcm)        
    16         619         19458.4         2.69083     0.000976562      Successful search (ES-wcm)        
    16         620           19458         2.68562     0.000976562      Successful search (ES-wcm)        
    16         622         19457.7         2.67744     0.000976562      Successful search (ES-wcm)        
    16         623           19457         2.67934     0.000976562      Successful search (ES-wcm)        
    16         624         19456.7          2.8012     0.000976562      Successful search (ES-wcm)        
    16         629         19456.5          2.6965     0.000976562      Successful search (ES-wcm)        
    16         630         19456.2         2.70288     0.000976562      Successful search (ES-ell)        
    16         631         19455.9         2.71402     0.000976562      Successful search (ES-ell)        
    16         632         19455.2         2.72053     0.000976562      Successful search (ES-ell)        
    16         633         19454.4         2.77586     0.000976562      Successful search (ES-ell)        
    16         634         19453.6         2.84114     0.000976562      Successful search (ES-ell)        
    16         635         19452.1         3.03037     0.000976562      Successful search (ES-ell)        
    16         636         19451.7         3.04737     0.000976562      Successful search (ES-wcm)        
    16         637         19451.4         3.12556     0.000976562      Successful search (ES-wcm)        
    16         638         19450.5         3.25511     0.000976562      Successful search (ES-wcm)        
    16         639         19449.7         3.38751     0.000976562      Successful search (ES-wcm)        
    16         640         19449.1         3.56979     0.000976562      Successful search (ES-wcm)        
    16         641         19448.8         3.97724     0.000976562      Successful search (ES-wcm)        
    16         642         19447.7         4.97623     0.000976562      Successful search (ES-wcm)        
    16         670         19447.7         4.97623     0.000488281          Refine grid             
    17         696           19456          4.8297     0.000244141          Refine grid             Train
    18         697         19457.3         2.69328     0.000244141      Successful search (ES-ell)        
    18         698           19457         2.69508     0.000244141      Successful search (ES-ell)        
    18         699         19456.3         2.72669     0.000244141      Successful search (ES-ell)        
    18         709         19455.9         2.58555     0.000244141      Successful search (ES-ell)        
    18         710         19455.3         2.59483     0.000244141      Successful search (ES-ell)        
    18         740         19455.3         2.59483      0.00012207          Refine grid             Train
    19         741         19457.1         2.19557      0.00012207      Successful search (ES-ell)        
    19         775         19457.1         2.19557     6.10352e-05          Refine grid             
    20         776         19457.8         1.88429     6.10352e-05      Successful search (ES-ell)        
    20         777         19457.5         1.87961     6.10352e-05      Successful search (ES-ell)        
    20         810         19457.5         1.87961     3.05176e-05          Refine grid             
    21         811         19458.5         1.70654     3.05176e-05      Successful search (ES-wcm)        
    21         812         19458.5         1.69672     3.05176e-05      Successful search (ES-ell)        
    21         813         19458.3         1.68352     3.05176e-05      Successful search (ES-ell)        
    21         814         19458.1         1.67889     3.05176e-05      Successful search (ES-ell)        
    21         846         19457.8         1.42025     6.10352e-05        Successful poll           Train
    22         848         19457.4         1.53195     6.10352e-05      Successful search (ES-wcm)        
    22         856         19457.4         1.52262     6.10352e-05      Successful search (ES-wcm)        
    22         876         19456.4          1.9215      0.00012207        Successful poll           Train
    23         900         19455.4         3.57265     0.000244141        Successful poll           Train
Optimization terminated: reached maximum number of function evaluations options['max_fun_evals'].
Estimated function value at minimum: 19455.49270931575 ± 2.1297973842406637 (mean ± SEM from 100 samples)
BADS minimum at: x_min = [0.9501 9.7842 3.5044 0.9998 0.9181 0.4478 0.0635 5.0056 2.0175], NLL = 19455.4927
total f-count: 1000, time: 45.33 min

 Optimization Run 6/10
Initial params: [0.7136, 9.0609, 2.0475, 0.059, 0.3565, 0.3494, 49.7689, 0.7906, 16.1756]
bads:TooCloseBounds: For each variable, hard and plausible bounds should not be too close. Moving plausible bounds.
Variables (index) internally transformed to log coordinates: [[0 0]
 [0 3]
 [0 4]
 [0 5]
 [0 6]
 [0 7]
 [0 8]]
Beginning optimization of a STOCHASTIC objective function

 Iteration    f-count      E[f(x)]        SD[f(x)]           MeshScale          Method              Actions
     0           1         24581.1             nan               1                                  
     0          33         23362.2             nan               1          Initial mesh            Initial points
     0          34         22956.3        0.999374               1        Successful poll           Train
     1          36         22168.5        0.999349               1      Successful search (ES-wcm)        
     1          43         22127.3        0.995796               1      Successful search (ES-ell)        
     1          49         22126.2        0.978313               1      Successful search (ES-wcm)        
     1          57         22108.7        0.994624               1      Successful search (ES-wcm)        
     1          64         22076.8        0.994651               1      Successful search (ES-wcm)        
     1          68           22038        0.994324               1      Successful search (ES-wcm)        
     1          70         22017.6         0.99453               1      Successful search (ES-wcm)        
     1          73         22012.3         1.00726               1      Successful search (ES-wcm)        
     1          77         21891.6         1.00724               1      Successful search (ES-wcm)        
     1          82         21824.3         1.00725               1      Successful search (ES-ell)        
     1          83         21781.8         1.00723               1      Successful search (ES-ell)        
     1          85         21763.3          1.0073               1      Successful search (ES-wcm)        
     1          92         21735.5        0.955354               1      Successful search (ES-ell)        
     1          93         21535.1        0.955439               1      Successful search (ES-ell)        
     1          94           21294        0.955436               1      Successful search (ES-ell)        
     1          99         21269.8        0.955385               1      Successful search (ES-ell)        
     1         101         21254.6        0.954927               1      Successful search (ES-ell)        
     1         102         21241.4        0.955175               1      Successful search (ES-ell)        
     1         105         21100.5        0.955004               1      Successful search (ES-ell)        
     1         106         21066.1        0.955374               1      Successful search (ES-ell)        
     1         109         21051.1        0.955166               1      Successful search (ES-ell)        
     1         119         20918.7          1.0007               1      Successful search (ES-wcm)        
     1         123         20903.2         1.00012               1      Successful search (ES-ell)        
     1         126         20484.1         1.00072               1      Successful search (ES-wcm)        
     1         128         20186.7         1.00074               1      Successful search (ES-wcm)        
     1         135         20080.5         1.02618               1      Successful search (ES-wcm)        
     1         137         20041.4         1.02618               1      Successful search (ES-ell)        
     1         139         19959.3         1.02603               1      Successful search (ES-wcm)        
     1         142         19879.9         1.02609               1      Successful search (ES-wcm)        
     1         147         19869.1         1.02559               1      Successful search (ES-ell)        
     1         150           19827         1.11237               1      Successful search (ES-wcm)        
     1         156         19811.4          1.1123               1      Successful search (ES-wcm)        
     1         157         19771.4         1.11161               1      Successful search (ES-ell)        
     1         159         19749.9         1.10976               1      Successful search (ES-ell)        
     1         160           19746         1.11035               1      Successful search (ES-ell)        
     1         162         19721.7         1.11237               1      Successful search (ES-wcm)        
     1         166         19718.2         1.11219               1      Successful search (ES-ell)        
     1         168           19681        0.993349               1      Successful search (ES-ell)        
     1         175         19679.4        0.986467               1      Successful search (ES-ell)        
     1         176         19632.8        0.990927               1      Successful search (ES-wcm)        
     1         178         19621.4        0.991331               1      Successful search (ES-ell)        
     1         179         19615.8        0.993415               1      Successful search (ES-wcm)        
     1         180         19588.7        0.992596               1      Successful search (ES-wcm)        
     1         182         19587.1        0.993767               1      Successful search (ES-ell)        
     1         195         19560.6         1.11283               1      Successful search (ES-ell)        
     1         202         19560.2         1.10347               1      Incremental search (ES-ell)        
     1         204         19551.5         1.10675               1      Successful search (ES-ell)        
     1         207         19544.1         1.13098               1      Successful search (ES-ell)        
     1         219         19541.8         1.07428               1      Successful search (ES-ell)        
     1         222           19521        0.917607               1      Successful search (ES-ell)        
     1         244           19521        0.917607             0.5          Refine grid             Train
     2         245         19528.5         8.73756             0.5      Successful search (ES-ell)        
     2         248           19526         11.6755             0.5      Successful search (ES-ell)        
     2         249         19499.4         20.9276             0.5      Successful search (ES-wcm)        
     2         257         19490.7         10.7797             0.5      Successful search (ES-wcm)        
     2         261           19489         8.54423             0.5      Successful search (ES-wcm)        
     2         264         19480.1         18.1956             0.5      Successful search (ES-wcm)        
     2         292         19480.1         18.1956            0.25          Refine grid             
     3         293         19484.4         6.96314            0.25      Successful search (ES-wcm)        
     3         294         19465.3         14.4578            0.25      Successful search (ES-wcm)        
     3         324         19465.3         14.4578           0.125          Refine grid             Train
     4         325         19472.6         4.85441           0.125      Successful search (ES-wcm)        
     4         334         19472.1         5.33021           0.125      Successful search (ES-wcm)        
     4         335         19469.2           6.137           0.125      Successful search (ES-wcm)        
     4         336         19464.1         7.96685           0.125      Successful search (ES-wcm)        
     4         339         19452.2         9.58435           0.125      Successful search (ES-wcm)        
     4         341         19443.7         12.1302           0.125      Successful search (ES-wcm)        
     4         367         19443.7         12.1302          0.0625          Refine grid             
     5         368         19455.5         4.10276          0.0625      Successful search (ES-wcm)        
     5         369         19453.9         5.15647          0.0625      Successful search (ES-wcm)        
     5         401         19453.9         5.15647         0.03125          Refine grid             
     6         402         19455.4         3.03824         0.03125      Successful search (ES-wcm)        
     6         403         19454.1         3.80539         0.03125      Successful search (ES-wcm)        
     6         435         19454.1         3.80539        0.015625          Refine grid             
     7         436         19461.1         3.41467        0.015625      Successful search (ES-wcm)        
     7         437         19460.4         3.73905        0.015625      Successful search (ES-wcm)        
     7         438         19459.2         5.36216        0.015625      Successful search (ES-wcm)        
     7         470         19459.2         5.36216       0.0078125          Refine grid             Train
     8         471         19461.5         2.63782       0.0078125      Successful search (ES-ell)        
     8         472         19459.8         2.63741       0.0078125      Successful search (ES-wcm)        
     8         473         19458.6         2.49688       0.0078125      Successful search (ES-wcm)        
     8         506         19458.6         2.49688      0.00390625          Refine grid             
     9         533         19462.8         2.38228      0.00195312          Refine grid             
    10         535         19463.6         2.13503      0.00195312      Successful search (ES-wcm)        
    10         536         19463.4         2.14766      0.00195312      Successful search (ES-wcm)        
    10         538         19463.3          2.1941      0.00195312      Successful search (ES-wcm)        
    10         546         19463.3          2.1401      0.00195312      Successful search (ES-ell)        
    10         578         19463.3          2.1401     0.000976562          Refine grid             
    11         579         19462.9         3.95532     0.000976562      Successful search (ES-ell)        
    11         580         19462.4         3.96217     0.000976562      Successful search (ES-wcm)        
    11         581         19462.1         4.00925     0.000976562      Successful search (ES-wcm)        
    11         588         19462.1         3.67989     0.000976562      Successful search (ES-wcm)        
    11         591         19461.4          3.5756     0.000976562      Successful search (ES-wcm)        
    11         622         19461.4          3.5756     0.000488281          Refine grid             
    12         623         19461.8         5.75826     0.000488281      Successful search (ES-wcm)        
    12         624         19461.6         5.66991     0.000488281      Successful search (ES-wcm)        
    12         657         19461.6         5.66991     0.000244141          Refine grid             Train
    13         658         19464.7         2.64307     0.000244141      Successful search (ES-ell)        
    13         659         19464.6         2.63564     0.000244141      Successful search (ES-ell)        
    13         660         19464.5         2.63094     0.000244141      Successful search (ES-ell)        
    13         662           19464         2.61185     0.000244141      Successful search (ES-ell)        
    13         663         19463.5         2.60953     0.000244141      Successful search (ES-ell)        
    13         693         19463.5         2.60953      0.00012207          Refine grid             Train
    14         720         19464.9         2.23557     0.000244141        Successful poll           Train
    15         722         19465.6         2.11581     0.000244141      Successful search (ES-wcm)        
    15         723           19465         2.17709     0.000244141      Successful search (ES-wcm)        
    15         724         19463.9         2.24704     0.000244141      Successful search (ES-wcm)        
    15         725         19463.5         2.31668     0.000244141      Successful search (ES-wcm)        
    15         756         19463.5         2.31668      0.00012207          Refine grid             Train
    16         758         19464.1         2.27592      0.00012207      Successful search (ES-ell)        
    16         762           19464         2.25424      0.00012207      Successful search (ES-wcm)        
    16         763         19463.8         2.26002      0.00012207      Successful search (ES-wcm)        
    16         765         19463.8         2.24092      0.00012207      Successful search (ES-ell)        
    16         784         19463.5         2.06342     0.000244141        Successful poll           Train
    17         787         19463.7         1.95629     0.000244141      Successful search (ES-ell)        
    17         820         19463.6         1.73753     0.000488281        Successful poll           
    18         821         19463.7         1.84479     0.000488281      Successful search (ES-ell)        
    18         822         19463.5         2.10279     0.000488281      Successful search (ES-ell)        
    18         823         19463.2         2.63279     0.000488281      Successful search (ES-ell)        
    18         824         19462.8         3.32069     0.000488281      Successful search (ES-ell)        
    18         825         19462.8         4.42331     0.000488281      Successful search (ES-ell)        
    18         856         19462.5         3.03257     0.000976562        Successful poll           
    19         857         19462.1         3.50627     0.000976562      Successful search (ES-ell)        
    19         858         19460.8         4.39032     0.000976562      Successful search (ES-ell)        
    19         876         19459.6         12.2058      0.00195312        Successful poll           Train
    20         877           19460         10.7478      0.00195312      Successful search (ES-wcm)        
    20         878         19456.8         11.8473      0.00195312      Successful search (ES-ell)        
    20         900         19456.8         11.8473     0.000976562          Refine grid             
Optimization terminated: reached maximum number of function evaluations options['max_fun_evals'].
Estimated function value at minimum: 19468.284051019597 ± 2.1150499511553176 (mean ± SEM from 100 samples)
BADS minimum at: x_min = [1.3461 7.7118 3.6051 0.     0.9162 0.4582 0.0667 4.9602 1.9192], NLL = 19468.2841
total f-count: 1000, time: 44.5 min

 Optimization Run 7/10
Initial params: [0.4845, 5.2617, 6.6261, 0.0512, 0.4781, 0.2368, 24.6683, 3.4052, 6.3428]
bads:TooCloseBounds: For each variable, hard and plausible bounds should not be too close. Moving plausible bounds.
Variables (index) internally transformed to log coordinates: [[0 0]
 [0 3]
 [0 4]
 [0 5]
 [0 6]
 [0 7]
 [0 8]]
Beginning optimization of a STOCHASTIC objective function

 Iteration    f-count      E[f(x)]        SD[f(x)]           MeshScale          Method              Actions
     0           1         24581.1             nan               1                                  
     0          33         23368.9             nan               1          Initial mesh            Initial points
     0          34         22968.7        0.999438               1        Successful poll           Train
     1          36         21976.6        0.999355               1      Successful search (ES-wcm)        
     1          42         21900.8        0.995488               1      Successful search (ES-wcm)        
     1          47           21872        0.991876               1      Successful search (ES-wcm)        
     1          50         21842.6        0.971349               1      Successful search (ES-wcm)        
     1          51         21839.1        0.974424               1      Successful search (ES-wcm)        
     1          58         21788.6        0.994163               1      Successful search (ES-ell)        
     1          73         21532.8         8.45275               1        Successful poll           Train
     2          74         21358.1          9.1287               1      Successful search (ES-ell)        
     2          77         21291.2         8.59308               1      Successful search (ES-ell)        
     2         102         21291.2         8.59308             0.5          Refine grid             Train
     3         103         21289.4         15.1588             0.5      Successful search (ES-ell)        
     3         104         21166.5         15.6525             0.5      Successful search (ES-ell)        
     3         107         21138.9         15.6059             0.5      Successful search (ES-ell)        
     3         110         21121.9         13.9327             0.5      Successful search (ES-ell)        
     3         112         21076.2         15.5599             0.5      Successful search (ES-ell)        
     3         143         21076.2         15.5599            0.25          Refine grid             Train
     4         144         21102.9         8.02317            0.25      Successful search (ES-ell)        
     4         146           21102         7.46821            0.25      Successful search (ES-ell)        
     4         151           21096          5.9145            0.25      Successful search (ES-wcm)        
     4         152         21095.3         6.77576            0.25      Successful search (ES-ell)        
     4         153           21095         8.44161            0.25      Successful search (ES-ell)        
     4         155         21090.8         6.96501            0.25      Successful search (ES-ell)        
     4         156         21087.2         7.96067            0.25      Successful search (ES-ell)        
     4         157         21075.4         9.31321            0.25      Successful search (ES-ell)        
     4         158         21063.1         11.8832            0.25      Successful search (ES-ell)        
     4         184         21063.1         11.8832           0.125          Refine grid             
     5         185         21079.5         4.42079           0.125      Successful search (ES-ell)        
     5         188         21078.8         4.27177           0.125      Successful search (ES-ell)        
     5         216         21078.8         4.27177          0.0625          Refine grid             
     6         217         21079.1         3.16404          0.0625      Successful search (ES-wcm)        
     6         218         21078.6          3.5057          0.0625      Successful search (ES-wcm)        
     6         219         21078.5         4.22552          0.0625      Successful search (ES-wcm)        
     6         242         21074.7         9.37011           0.125        Successful poll           
     7         265           21076         9.33666          0.0625          Refine grid             
     8         267         21076.6         4.08397          0.0625      Successful search (ES-ell)        
     8         268         21076.5         4.00135          0.0625      Successful search (ES-ell)        
     8         269           21074           3.884          0.0625      Successful search (ES-ell)        
     8         297           21074           3.884         0.03125          Refine grid             
     9         298         21077.9         3.03023         0.03125      Successful search (ES-ell)        
     9         307         21077.4         2.85011         0.03125      Successful search (ES-ell)        
     9         308         21076.6         2.87358         0.03125      Successful search (ES-wcm)        
     9         309           21076         2.96478         0.03125      Successful search (ES-ell)        
     9         311         21074.7         2.98871         0.03125      Successful search (ES-ell)        
     9         312         21074.1         3.38633         0.03125      Successful search (ES-ell)        
     9         313         21072.8         3.80154         0.03125      Successful search (ES-ell)        
     9         316         21072.7         3.83504         0.03125      Successful search (ES-wcm)        
     9         318         21071.1         4.11751         0.03125      Successful search (ES-wcm)        
     9         319         21070.3         4.60531         0.03125      Successful search (ES-wcm)        
     9         323         21069.8         4.59846         0.03125      Successful search (ES-wcm)        
     9         326         21069.5          3.9997         0.03125      Successful search (ES-ell)        
     9         327         21068.8         4.09599         0.03125      Successful search (ES-ell)        
     9         328         21067.6         4.17308         0.03125      Successful search (ES-ell)        
     9         332         21067.4         4.09062         0.03125      Successful search (ES-ell)        
     9         333         21066.9         4.17834         0.03125      Successful search (ES-ell)        
     9         334         21066.6         4.33498         0.03125      Successful search (ES-ell)        
     9         366         21066.6         4.33498        0.015625          Refine grid             
    10         367         21069.2         3.25923        0.015625      Successful search (ES-ell)        
    10         368         21068.3         3.30423        0.015625      Successful search (ES-ell)        
    10         369         21067.7         3.53867        0.015625      Successful search (ES-ell)        
    10         370         21065.2         3.98473        0.015625      Successful search (ES-ell)        
    10         371           21064          4.8465        0.015625      Successful search (ES-wcm)        
    10         374           21064         5.30124        0.015625      Successful search (ES-wcm)        
    10         375         21063.9          6.7411        0.015625      Successful search (ES-wcm)        
    10         376         21063.4          6.8128        0.015625      Successful search (ES-wcm)        
    10         377         21063.1         7.16843        0.015625      Successful search (ES-wcm)        
    10         409         21063.1         7.16843       0.0078125          Refine grid             
    11         410           21070         2.61019       0.0078125      Successful search (ES-ell)        
    11         428         21049.2         5.10465        0.015625        Successful poll           
    12         429         21057.4         4.12967        0.015625      Successful search (ES-ell)        
    12         430         21056.3         4.18778        0.015625      Successful search (ES-ell)        
    12         431         21055.2         4.34669        0.015625      Successful search (ES-ell)        
    12         460         21054.7         9.20357         0.03125        Successful poll           
    13         484         21063.2         3.27976        0.015625          Refine grid             
    14         508         21063.5         4.10142      0.00390625          Refine grid             Train
    15         532         21069.3         2.59974      0.00195312          Refine grid             Train
    16         533           21070         2.59283      0.00195312      Successful search (ES-ell)        
    16         534         21069.6         2.56472      0.00195312      Successful search (ES-ell)        
    16         535         21069.4           2.541      0.00195312      Successful search (ES-ell)        
    16         536         21068.9         2.51514      0.00195312      Successful search (ES-ell)        
    16         537         21067.8         2.49065      0.00195312      Successful search (ES-ell)        
    16         538         21067.2         2.53832      0.00195312      Successful search (ES-ell)        
    16         539         21065.7         2.60946      0.00195312      Successful search (ES-ell)        
    16         540         21063.1          2.8726      0.00195312      Successful search (ES-ell)        
    16         541         21062.3         3.42883      0.00195312      Successful search (ES-wcm)        
    16         566         21062.3         3.42883     0.000976562          Refine grid             Train
    17         567           21071         2.42106     0.000976562      Successful search (ES-wcm)        
    17         568           21071         2.41699     0.000976562      Successful search (ES-wcm)        
    17         569         21070.9          2.3928     0.000976562      Successful search (ES-wcm)        
    17         570         21070.8          2.4008     0.000976562      Successful search (ES-ell)        
    17         571         21070.8         2.37119     0.000976562      Successful search (ES-ell)        
    17         572         21070.3         2.44604     0.000976562      Successful search (ES-ell)        
    17         574           21070           2.482     0.000976562      Successful search (ES-wcm)        
    17         575         21069.7         2.53275     0.000976562      Successful search (ES-ell)        
    17         583         21069.7         2.46003     0.000976562      Successful search (ES-ell)        
    17         584         21069.6         2.44758     0.000976562      Successful search (ES-ell)        
    17         609         21069.6         2.44758     0.000488281          Refine grid             Train
    18         610         21072.1         2.38674     0.000488281      Successful search (ES-wcm)        
    18         611         21071.6         2.41218     0.000488281      Successful search (ES-ell)        
    18         612         21071.5         2.48798     0.000488281      Successful search (ES-ell)        
    18         614           21071         2.48679     0.000488281      Successful search (ES-wcm)        
    18         615         21070.7         2.50779     0.000488281      Successful search (ES-wcm)        
    18         617         21070.7          2.5246     0.000488281      Successful search (ES-wcm)        
    18         622         21070.5         2.47933     0.000488281      Successful search (ES-ell)        
    18         646         21069.8         2.39168     0.000976562        Successful poll           Train
    19         647         21066.2         3.44444     0.000976562      Successful search (ES-wcm)        
    19         657         21066.1         3.34729     0.000976562      Successful search (ES-wcm)        
    19         658         21065.9         3.38071     0.000976562      Successful search (ES-wcm)        
    19         659         21065.5         3.41049     0.000976562      Successful search (ES-ell)        
    19         663         21065.3         3.36617     0.000976562      Successful search (ES-wcm)        
    19         664         21064.8         3.42725     0.000976562      Successful search (ES-wcm)        
    19         665         21064.7         3.48121     0.000976562      Successful search (ES-wcm)        
    19         698         21064.7         3.48121     0.000488281          Refine grid             Train
    20         699         21067.1         2.53693     0.000488281      Successful search (ES-ell)        
    20         732         21066.7         2.70434     0.000976562        Successful poll           
    21         757         21066.2         2.58041     0.000488281          Refine grid             
    22         758         21067.9         2.29125     0.000488281      Successful search (ES-ell)        
    22         768         21067.8         2.22612     0.000488281      Successful search (ES-ell)        
    22         771         21067.8         2.21624     0.000488281      Successful search (ES-ell)        
    22         772         21067.8         2.21733     0.000488281      Successful search (ES-ell)        
    22         773         21067.7         2.23727     0.000488281      Successful search (ES-ell)        
    22         777         21067.5         2.22806     0.000488281      Successful search (ES-ell)        
    22         778         21067.3         2.28221     0.000488281      Successful search (ES-wcm)        
    22         779         21067.1         2.30704     0.000488281      Successful search (ES-wcm)        
    22         780         21066.7         2.36561     0.000488281      Successful search (ES-wcm)        
    22         809         21063.6         17.8522     0.000976562        Successful poll           
    23         830         21066.8         3.37228      0.00195312        Successful poll           Train
    24         831         21067.3         2.20459      0.00195312      Successful search (ES-ell)        
    24         835         21067.3         2.22257      0.00195312      Successful search (ES-ell)        
    24         838         21067.2         2.23213      0.00195312      Successful search (ES-ell)        
    24         839         21067.2         2.26779      0.00195312      Successful search (ES-ell)        
    24         840         21066.9         2.37835      0.00195312      Successful search (ES-ell)        
    24         873         21066.9         6.86217      0.00390625        Successful poll           
    25         874         21060.9         7.05684      0.00390625      Successful search (ES-ell)        
    25         900         21060.9         7.05684      0.00195312          Refine grid             
Optimization terminated: reached maximum number of function evaluations options['max_fun_evals'].
Estimated function value at minimum: 21067.36008272062 ± 2.5547269434422963 (mean ± SEM from 100 samples)
BADS minimum at: x_min = [ 4.0626 19.926   3.3016  1.      0.9999  0.398   2.6911  0.      3.9922], NLL = 21067.3601
total f-count: 1000, time: 44.71 min

 Optimization Run 8/10
Initial params: [1.8264, 4.0304, 2.2056, 0.3474, 0.4697, 0.3146, 37.3596, 1.6012, 19.5537]
bads:TooCloseBounds: For each variable, hard and plausible bounds should not be too close. Moving plausible bounds.
Variables (index) internally transformed to log coordinates: [[0 0]
 [0 3]
 [0 4]
 [0 5]
 [0 6]
 [0 7]
 [0 8]]
Beginning optimization of a STOCHASTIC objective function

 Iteration    f-count      E[f(x)]        SD[f(x)]           MeshScale          Method              Actions
     0           1         24581.1             nan               1                                  
     0          33         23356.9             nan               1          Initial mesh            Initial points
     0          34         22951.9        0.999423               1        Successful poll           Train
     1          35         22792.4        0.999429               1      Successful search (ES-ell)        
     1          38           22612        0.999359               1      Successful search (ES-ell)        
     1          39         22593.4        0.999385               1      Successful search (ES-ell)        
     1          41         22392.3        0.999283               1      Successful search (ES-ell)        
     1          47         21479.7         0.99826               1      Successful search (ES-ell)        
     1          50         21421.1        0.989714               1      Successful search (ES-wcm)        
     1          57         21407.5        0.992234               1      Successful search (ES-ell)        
     1          60         21370.3         0.99111               1      Successful search (ES-ell)        
     1          61         21314.2        0.991075               1      Successful search (ES-ell)        
     1          82         21314.2        0.991075             0.5          Refine grid             Train
     2          89         21321.6         3.96124             0.5      Successful search (ES-ell)        
     2          90         21305.6         6.08939             0.5      Successful search (ES-ell)        
     2         113         21305.6         6.08939            0.25          Refine grid             Train
     3         114           21314         9.20721            0.25      Successful search (ES-ell)        
     3         117         21285.3         9.24831            0.25      Successful search (ES-ell)        
     3         147         21285.3         9.24831           0.125          Refine grid             
     4         148         21299.5          8.6329           0.125      Successful search (ES-ell)        
     4         149         21289.3         13.8617           0.125      Successful search (ES-ell)        
     4         181         21289.3         13.8617          0.0625          Refine grid             Train
     5         182         21298.2         5.51748          0.0625      Successful search (ES-ell)        
     5         185         21297.1         5.70711          0.0625      Successful search (ES-wcm)        
     5         192         21295.8         4.41703          0.0625      Successful search (ES-wcm)        
     5         225         21295.8         4.41703         0.03125          Refine grid             
     6         226         21299.7         3.34904         0.03125      Successful search (ES-wcm)        
     6         227         21298.5         3.91391         0.03125      Successful search (ES-wcm)        
     6         229         21297.5         4.42741         0.03125      Successful search (ES-wcm)        
     6         232         21297.5         4.28058         0.03125      Successful search (ES-ell)        
     6         234         21296.9         4.58228         0.03125      Successful search (ES-ell)        
     6         235         21295.3         4.97826         0.03125      Successful search (ES-ell)        
     6         241         21295.3         4.44551         0.03125      Successful search (ES-ell)        
     6         268         21295.3         4.44551        0.015625          Refine grid             
     7         272           21295         3.06381        0.015625      Successful search (ES-ell)        
     7         278         21294.1          3.0098        0.015625      Successful search (ES-ell)        
     7         279         21293.3         3.15153        0.015625      Successful search (ES-ell)        
     7         280           21292         3.27122        0.015625      Successful search (ES-ell)        
     7         281         21291.3         3.51671        0.015625      Successful search (ES-ell)        
     7         282         21290.2         4.00058        0.015625      Successful search (ES-ell)        
     7         283         21289.5         4.91938        0.015625      Successful search (ES-ell)        
     7         310         21289.5         4.91938       0.0078125          Refine grid             
     8         311         21297.7         2.75657       0.0078125      Successful search (ES-ell)        
     8         312         21297.7         2.79567       0.0078125      Successful search (ES-ell)        
     8         313         21296.6         3.06555       0.0078125      Successful search (ES-wcm)        
     8         314           21295         3.69394       0.0078125      Successful search (ES-wcm)        
     8         344         21293.9         3.93758        0.015625        Successful poll           
     9         345         21294.1         4.85046        0.015625      Successful search (ES-wcm)        
     9         378         21294.1         4.85046       0.0078125          Refine grid             Train
    10         379           21299          3.6233       0.0078125      Successful search (ES-wcm)        
    10         380         21298.2         3.58477       0.0078125      Successful search (ES-wcm)        
    10         381         21297.2         3.54524       0.0078125      Successful search (ES-wcm)        
    10         382         21296.1         4.20323       0.0078125      Successful search (ES-ell)        
    10         386           21296         4.31105       0.0078125      Successful search (ES-ell)        
    10         413         21290.4         7.42865        0.015625        Successful poll           
    11         415         21297.2         5.70408        0.015625      Successful search (ES-ell)        
    11         448         21297.2         5.70408       0.0078125          Refine grid             
    12         449         21299.2         3.01757       0.0078125      Successful search (ES-ell)        
    12         450         21298.7         3.58753       0.0078125      Successful search (ES-ell)        
    12         457         21298.4          3.3892       0.0078125      Successful search (ES-ell)        
    12         460         21298.2          3.4846       0.0078125      Successful search (ES-ell)        
    12         461         21297.9         3.67232       0.0078125      Successful search (ES-ell)        
    12         491         21294.3         9.92059        0.015625        Successful poll           
    13         492         21295.7         7.31709        0.015625      Successful search (ES-ell)        
    13         495         21294.9          6.9956        0.015625      Successful search (ES-ell)        
    13         504         21294.6         5.45862        0.015625      Successful search (ES-wcm)        
    13         535         21286.9         20.6412         0.03125        Successful poll           
    14         536         21296.6         3.49742         0.03125      Successful search (ES-wcm)        
    14         537         21295.1         4.51388         0.03125      Successful search (ES-wcm)        
    14         538         21294.9         6.89636         0.03125      Successful search (ES-wcm)        
    14         545         21294.6         6.63042         0.03125      Successful search (ES-ell)        
    14         550         21294.3         6.27335         0.03125      Successful search (ES-wcm)        
    14         579         21294.3         6.27335        0.015625          Refine grid             
    15         580           21299         3.04908        0.015625      Successful search (ES-wcm)        
    15         581         21297.4         3.17631        0.015625      Successful search (ES-wcm)        
    15         583         21296.3         3.98705        0.015625      Successful search (ES-ell)        
    15         587         21295.6          4.2353        0.015625      Successful search (ES-ell)        
    15         614         21295.6          4.2353       0.0078125          Refine grid             Train
    16         615         21300.4         5.17532       0.0078125      Successful search (ES-wcm)        
    16         646         21293.4         6.39296        0.015625        Successful poll           Train
    17         647         21300.1         2.55792        0.015625      Successful search (ES-wcm)        
    17         649         21299.5         3.12605        0.015625      Successful search (ES-wcm)        
    17         650           21299          3.7686        0.015625      Successful search (ES-wcm)        
    17         658         21297.6         3.71195        0.015625      Successful search (ES-ell)        
    17         659         21297.6         4.24449        0.015625      Incremental search (ES-ell)        
    17         660         21292.7         5.48731        0.015625      Successful search (ES-ell)        
    17         689         21284.3         13.8848         0.03125        Successful poll           
    18         690         21296.4         11.0615         0.03125      Successful search (ES-wcm)        
    18         722         21282.5          12.762          0.0625        Successful poll           
    19         723         21291.3         7.12358          0.0625      Successful search (ES-ell)        
    19         726         21290.1         8.61923          0.0625      Successful search (ES-ell)        
    19         727         21284.7         11.4168          0.0625      Successful search (ES-ell)        
    19         756         21277.4         12.6917           0.125        Successful poll           
    20         782         21275.3         12.6136          0.0625          Refine grid             
    21         808         21294.3          3.6164         0.03125          Refine grid             
    22         809         21285.4         5.78858         0.03125      Successful search (ES-ell)        
    22         811         21281.8         5.90322         0.03125      Successful search (ES-ell)        
    22         842         21281.8         5.90322        0.015625          Refine grid             Train
    23         867         21295.9         7.88138       0.0078125          Refine grid             Train
    24         868         21295.4         3.65712       0.0078125      Successful search (ES-ell)        
    24         869         21295.2         3.89806       0.0078125      Successful search (ES-ell)        
    24         900         21293.5         8.00953        0.015625        Successful poll           
Optimization terminated: reached maximum number of function evaluations options['max_fun_evals'].
Estimated function value at minimum: 21289.534254636634 ± 2.9609314975902192 (mean ± SEM from 100 samples)
BADS minimum at: x_min = [2.3196 5.1452 2.9162 0.9783 0.9975 0.4043 2.391  0.0277 0.0757], NLL = 21289.5343
total f-count: 1000, time: 45.35 min

 Optimization Run 9/10
Initial params: [1.2574, 5.7265, 12.6118, 0.3361, 0.1506, 0.262, 23.8387, 2.8055, 2.9438]
bads:TooCloseBounds: For each variable, hard and plausible bounds should not be too close. Moving plausible bounds.
Variables (index) internally transformed to log coordinates: [[0 0]
 [0 3]
 [0 4]
 [0 5]
 [0 6]
 [0 7]
 [0 8]]
Beginning optimization of a STOCHASTIC objective function

 Iteration    f-count      E[f(x)]        SD[f(x)]           MeshScale          Method              Actions
     0           1         24581.1             nan               1                                  
     0          33         23352.4             nan               1          Initial mesh            Initial points
     0          34           22950        0.999473               1        Successful poll           Train
     1          37         22750.7        0.999246               1      Successful search (ES-wcm)        
     1          38           22353        0.999307               1      Successful search (ES-wcm)        
     1          43         22212.6         0.99869               1      Successful search (ES-wcm)        
     1          47         22194.6        0.994076               1      Successful search (ES-wcm)        
     1          48         22135.8        0.991681               1      Successful search (ES-wcm)        
     1          49         22067.5        0.980395               1      Successful search (ES-wcm)        
     1          50         22039.5        0.995018               1      Successful search (ES-ell)        
     1          53         21895.5         1.00876               1      Successful search (ES-wcm)        
     1          55         21894.4         1.00874               1      Successful search (ES-wcm)        
     1          59         21879.9         1.00799               1      Successful search (ES-wcm)        
     1          63         21863.9          1.0079               1      Successful search (ES-wcm)        
     1          64           21854         1.00689               1      Successful search (ES-wcm)        
     1          66         21817.3          1.0084               1      Successful search (ES-ell)        
     1          70         21451.7         1.00733               1      Successful search (ES-ell)        
     1          74         21214.5         0.99348               1      Successful search (ES-ell)        
     1          79         21196.7        0.991595               1      Successful search (ES-ell)        
     1          81         21190.9        0.992823               1      Successful search (ES-wcm)        
     1          86         21190.6        0.992785               1      Incremental search (ES-ell)        
     1          90         21175.1        0.992565               1      Successful search (ES-ell)        
     1          94         21157.8         1.26481               1      Successful search (ES-ell)        
     1          95         21123.9         1.26502               1      Successful search (ES-ell)        
     1          96         21102.3         1.26522               1      Successful search (ES-ell)        
     1         101         21039.8         1.26444               1      Successful search (ES-ell)        
     1         102         21027.4          1.2651               1      Successful search (ES-ell)        
     1         104         21000.2         1.26499               1      Successful search (ES-ell)        
     1         106         20895.8         1.26491               1      Successful search (ES-ell)        
     1         124         20862.4        0.954841               1        Successful poll           
     2         143         20862.4        0.954838             0.5          Refine grid             
     3         145         20812.3         1.01093             0.5      Successful search (ES-ell)        
     3         148         20796.9         25.4913             0.5      Successful search (ES-ell)        
     3         149         20777.1         27.5023             0.5      Successful search (ES-ell)        
     3         153         20763.5         27.3314             0.5      Successful search (ES-ell)        
     3         154         20695.7         28.1505             0.5      Successful search (ES-ell)        
     3         156         20665.7         28.2795             0.5      Successful search (ES-ell)        
     3         158         20611.4         29.0416             0.5      Successful search (ES-ell)        
     3         160         20559.3         27.9013             0.5      Successful search (ES-wcm)        
     3         161         20545.4         29.9977             0.5      Successful search (ES-wcm)        
     3         163         20291.1         29.6759             0.5      Successful search (ES-wcm)        
     3         165         20263.2         23.5905             0.5      Successful search (ES-wcm)        
     3         166         20245.4         23.5749             0.5      Successful search (ES-wcm)        
     3         168         20244.4          16.557             0.5      Successful search (ES-wcm)        
     3         170         20243.6         16.1949             0.5      Successful search (ES-wcm)        
     3         171         20219.5         15.8569             0.5      Successful search (ES-wcm)        
     3         173         20208.9         15.8689             0.5      Successful search (ES-wcm)        
     3         183         20208.1         8.00271             0.5      Successful search (ES-wcm)        
     3         184         20170.3         12.0727             0.5      Successful search (ES-wcm)        
     3         185         20077.3         16.0998             0.5      Successful search (ES-wcm)        
     3         186         19996.6          19.426             0.5      Successful search (ES-wcm)        
     3         191         19994.5         16.6912             0.5      Successful search (ES-wcm)        
     3         192         19924.7          18.874             0.5      Successful search (ES-wcm)        
     3         194         19862.9         18.6761             0.5      Successful search (ES-wcm)        
     3         200         19853.6         17.4776             0.5      Successful search (ES-wcm)        
     3         201           19800         18.6997             0.5      Successful search (ES-wcm)        
     3         203         19744.7         19.7207             0.5      Successful search (ES-wcm)        
     3         208         19697.9          19.676             0.5      Successful search (ES-wcm)        
     3         212         19691.9         18.8852             0.5      Successful search (ES-ell)        
     3         237         19691.9         18.8852            0.25          Refine grid             Train
     4         238         19574.2         11.6444            0.25      Successful search (ES-ell)        
     4         270         19574.2         11.6444           0.125          Refine grid             
     5         271         19652.7         5.20152           0.125      Successful search (ES-ell)        
     5         272         19631.1         7.31198           0.125      Successful search (ES-ell)        
     5         274         19606.4         24.4737           0.125      Successful search (ES-wcm)        
     5         277         19595.3         20.8483           0.125      Successful search (ES-wcm)        
     5         280         19575.7         20.5733           0.125      Successful search (ES-wcm)        
     5         282         19559.2         21.1118           0.125      Successful search (ES-wcm)        
     5         286           19556         14.3364           0.125      Successful search (ES-wcm)        
     5         287         19530.5         18.5405           0.125      Successful search (ES-wcm)        
     5         288         19528.5         21.3901           0.125      Successful search (ES-ell)        
     5         289         19492.5         19.2896           0.125      Successful search (ES-ell)        
     5         291         19470.7         19.8793           0.125      Successful search (ES-ell)        
     5         299         19470.7         12.8487           0.125      Incremental search (ES-ell)        
     5         300         19465.2         21.2197           0.125      Successful search (ES-ell)        
     5         331         19465.2         21.2197          0.0625          Refine grid             Train
     6         332         19482.6         6.12678          0.0625      Successful search (ES-ell)        
     6         333         19471.6         9.81318          0.0625      Successful search (ES-ell)        
     6         334         19459.7         12.9311          0.0625      Successful search (ES-ell)        
     6         336         19453.8         11.5567          0.0625      Successful search (ES-ell)        
     6         337         19446.3         14.5771          0.0625      Successful search (ES-ell)        
     6         365         19446.3         14.5771         0.03125          Refine grid             
     7         366         19458.1         4.60747         0.03125      Successful search (ES-ell)        
     7         367         19455.6         5.33704         0.03125      Successful search (ES-ell)        
     7         400         19455.6         5.33704        0.015625          Refine grid             
     8         401         19466.3         3.03597        0.015625      Successful search (ES-ell)        
     8         402           19465          3.2091        0.015625      Successful search (ES-ell)        
     8         403         19464.3         3.56992        0.015625      Successful search (ES-ell)        
     8         404         19463.1         4.30081        0.015625      Successful search (ES-ell)        
     8         405           19461          5.8213        0.015625      Successful search (ES-ell)        
     8         406         19458.6         7.58427        0.015625      Successful search (ES-ell)        
     8         407         19457.4         7.85827        0.015625      Successful search (ES-ell)        
     8         415         19456.2         5.63234        0.015625      Successful search (ES-ell)        
     8         416           19456         5.10225        0.015625      Successful search (ES-ell)        
     8         417         19455.2         5.00387        0.015625      Successful search (ES-ell)        
     8         425         19454.9         4.25804        0.015625      Successful search (ES-ell)        
     8         432         19454.7         3.79548        0.015625      Successful search (ES-wcm)        
     8         433         19453.6          3.7646        0.015625      Successful search (ES-wcm)        
     8         434         19452.3         3.75438        0.015625      Successful search (ES-wcm)        
     8         435         19451.9         3.77699        0.015625      Successful search (ES-ell)        
     8         436         19451.4          3.9267        0.015625      Successful search (ES-wcm)        
     8         460         19451.4          3.9267       0.0078125          Refine grid             
     9         485         19456.3         2.65261        0.015625        Successful poll           
    10         486         19455.3         2.60824        0.015625      Successful search (ES-wcm)        
    10         519         19455.3         2.60824       0.0078125          Refine grid             Train
    11         520         19458.8         2.19594       0.0078125      Successful search (ES-wcm)        
    11         521         19458.6         2.21363       0.0078125      Successful search (ES-wcm)        
    11         522         19457.4         2.25792       0.0078125      Successful search (ES-wcm)        
    11         523         19451.3         4.59917       0.0078125      Successful search (ES-ell)        
    11         524         19443.2         9.04218       0.0078125      Successful search (ES-ell)        
    11         554         19443.2         9.04218      0.00390625          Refine grid             Train
    12         580         19458.3         2.88167      0.00195312          Refine grid             Train
    13         600         19453.7         6.87907      0.00390625        Successful poll           Train
    14         601         19458.8         2.12629      0.00390625      Successful search (ES-wcm)        
    14         602         19458.4         2.33088      0.00390625      Successful search (ES-wcm)        
    14         603         19458.1         2.62756      0.00390625      Successful search (ES-wcm)        
    14         604         19457.5         3.17838      0.00390625      Successful search (ES-wcm)        
    14         606           19456         3.95068      0.00390625      Successful search (ES-ell)        
    14         607         19455.7         5.01398      0.00390625      Successful search (ES-ell)        
    14         618         19455.7         3.86356      0.00390625      Successful search (ES-wcm)        
    14         620         19455.6         3.88908      0.00390625      Successful search (ES-ell)        
    14         653         19455.6         3.88908      0.00195312          Refine grid             Train
    15         654         19460.1         1.78836      0.00195312      Successful search (ES-wcm)        
    15         663         19459.9         1.83088      0.00195312      Successful search (ES-ell)        
    15         664         19459.2         1.93827      0.00195312      Successful search (ES-ell)        
    15         665         19459.1         2.20706      0.00195312      Successful search (ES-ell)        
    15         666         19458.8         2.62514      0.00195312      Successful search (ES-ell)        
    15         667         19458.7         3.41717      0.00195312      Successful search (ES-ell)        
    15         668         19456.9         4.41709      0.00195312      Successful search (ES-ell)        
    15         669         19456.6         5.97095      0.00195312      Successful search (ES-ell)        
    15         671         19456.4         6.90648      0.00195312      Successful search (ES-ell)        
    15         674         19454.9         6.06549      0.00195312      Successful search (ES-ell)        
    15         675         19454.8         5.94678      0.00195312      Successful search (ES-ell)        
    15         691         19423.2         15.5549      0.00390625        Successful poll           Train
    16         692         19450.5         8.42486      0.00390625      Successful search (ES-ell)        
    16         693           19448         8.00644      0.00390625      Successful search (ES-ell)        
    16         725           19448         8.00644      0.00195312          Refine grid             
    17         727         19455.6          3.4938      0.00195312      Successful search (ES-wcm)        
    17         759         19455.6          3.4938     0.000976562          Refine grid             
    18         766         19458.5          2.3849     0.000976562      Successful search (ES-ell)        
    18         767         19458.4         2.37089     0.000976562      Successful search (ES-ell)        
    18         769         19458.3         2.39302     0.000976562      Successful search (ES-wcm)        
    18         802         19458.3         2.39302     0.000488281          Refine grid             
    19         827         19460.7         2.30415     0.000244141          Refine grid             
    20         852           19461         1.74691      0.00012207          Refine grid             
    21         853         19460.5         2.31683      0.00012207      Successful search (ES-ell)        
    21         870         19460.4         2.36187      0.00012207      Successful search (ES-wcm)        
    21         875         19460.1         2.31434      0.00012207      Successful search (ES-ell)        
    21         900         19460.1         2.31434     6.10352e-05          Refine grid             
Optimization terminated: reached maximum number of function evaluations options['max_fun_evals'].
Estimated function value at minimum: 19461.089691481553 ± 2.14038617332229 (mean ± SEM from 100 samples)
BADS minimum at: x_min = [ 1.5097 20.      3.5809  0.      0.9449  0.4465  0.0769  4.9813  2.0475], NLL = 19461.0897
total f-count: 1000, time: 46.06 min

 Optimization Run 10/10
Initial params: [0.4617, 9.7642, 13.6683, 0.4998, 0.1755, 0.1385, 28.9196, 0.7749, 15.7957]
bads:TooCloseBounds: For each variable, hard and plausible bounds should not be too close. Moving plausible bounds.
Variables (index) internally transformed to log coordinates: [[0 0]
 [0 3]
 [0 4]
 [0 5]
 [0 6]
 [0 7]
 [0 8]]
Beginning optimization of a STOCHASTIC objective function

 Iteration    f-count      E[f(x)]        SD[f(x)]           MeshScale          Method              Actions
     0           1         24581.1             nan               1                                  
     0          33         23376.7             nan               1          Initial mesh            Initial points
     0          34         22966.1        0.999414               1        Successful poll           Train
     1          36           22936        0.999417               1      Successful search (ES-wcm)        
     1          41         22693.3        0.998294               1      Successful search (ES-wcm)        
     1          43         22680.5        0.997603               1      Successful search (ES-wcm)        
     1          44         22451.8         0.99894               1      Successful search (ES-wcm)        
     1          49         22413.9        0.995927               1      Successful search (ES-wcm)        
     1          51         22316.6        0.994114               1      Successful search (ES-wcm)        
     1          54         22307.2         1.00743               1      Successful search (ES-ell)        
     1          60         22253.6         1.00667               1      Successful search (ES-wcm)        
     1          66         22214.2         1.00716               1      Successful search (ES-wcm)        
     1          68         22209.6         1.00647               1      Successful search (ES-wcm)        
     1          70         22165.2         1.00619               1      Successful search (ES-wcm)        
     1          75         22160.4        0.999736               1      Successful search (ES-wcm)        
     1          84         22154.6        0.998415               1      Successful search (ES-wcm)        
     1          86         22117.4        0.998763               1      Successful search (ES-wcm)        
     1          89         21531.8        0.999927               1      Successful search (ES-ell)        
     1          91         21480.7         1.01303               1      Successful search (ES-ell)        
     1          94         21474.7         1.01303               1      Successful search (ES-ell)        
     1          95         21402.4         1.01299               1      Successful search (ES-ell)        
     1          98         21395.6          1.0129               1      Successful search (ES-ell)        
     1          99         21346.2         1.01298               1      Successful search (ES-ell)        
     1         125         21346.2         1.01298             0.5          Refine grid             
     2         147         21355.8        0.966334            0.25          Refine grid             
     3         148         21371.8         6.50901            0.25      Successful search (ES-ell)        
     3         149           21358         6.90035            0.25      Successful search (ES-ell)        
     3         150         21355.6         10.0883            0.25      Successful search (ES-ell)        
     3         151         21338.7         13.8089            0.25      Successful search (ES-ell)        
     3         152         21321.3         16.3908            0.25      Successful search (ES-ell)        
     3         155         21152.1         14.6176            0.25      Successful search (ES-ell)        
     3         156         21040.1         16.4814            0.25      Successful search (ES-ell)        
     3         182         21040.1         16.4814           0.125          Refine grid             Train
     4         183         21313.7         4.28766           0.125      Successful search (ES-ell)        
     4         184         21246.8         6.18802           0.125      Successful search (ES-ell)        
     4         185         21205.9         7.88272           0.125      Successful search (ES-ell)        
     4         215         21205.9         7.88272          0.0625          Refine grid             
     5         216         21351.2        0.914694          0.0625      Successful search (ES-ell)        
     5         250         21351.2        0.914694         0.03125          Refine grid             
     6         251         21377.1         5.93826         0.03125      Successful search (ES-wcm)        
     6         261         21374.5         4.15463         0.03125      Successful search (ES-ell)        
     6         262         21368.1         4.63505         0.03125      Successful search (ES-ell)        
     6         263         21360.8         5.19639         0.03125      Successful search (ES-ell)        
     6         264         21357.9         3.72557         0.03125      Successful search (ES-ell)        
     6         265         21337.8          3.8878         0.03125      Successful search (ES-wcm)        
     6         266         21316.4         4.84643         0.03125      Successful search (ES-wcm)        
     6         267           21278         6.44863         0.03125      Successful search (ES-ell)        
     6         268           21266         9.85268         0.03125      Successful search (ES-ell)        
     6         293           21266         9.85268        0.015625          Refine grid             
     7         294         21374.9         3.91749        0.015625      Successful search (ES-ell)        
     7         295         21373.2         3.79577        0.015625      Successful search (ES-ell)        
     7         296         21369.8         3.66113        0.015625      Successful search (ES-ell)        
     7         297         21366.6          3.4376        0.015625      Successful search (ES-ell)        
     7         298         21360.9         3.31848        0.015625      Successful search (ES-ell)        
     7         299         21352.2         3.20623        0.015625      Successful search (ES-ell)        
     7         300         21337.4         4.22054        0.015625      Successful search (ES-ell)        
     7         301         21316.6         5.40037        0.015625      Successful search (ES-ell)        
     7         302         21261.4         8.19478        0.015625      Successful search (ES-wcm)        
     7         326         21261.4         8.19478       0.0078125          Refine grid             
     8         349         21369.8         5.38406        0.015625        Successful poll           
     9         350         21365.8         5.15292        0.015625      Successful search (ES-wcm)        
     9         370         21355.9         5.64886         0.03125        Successful poll           
    10         371           21352         5.23196         0.03125      Successful search (ES-wcm)        
    10         372         21346.7         4.73211         0.03125      Successful search (ES-wcm)        
    10         373         21341.5         4.29573         0.03125      Successful search (ES-wcm)        
    10         374         21330.6         4.18555         0.03125      Successful search (ES-wcm)        
    10         375         21317.9           4.385         0.03125      Successful search (ES-wcm)        
    10         376         21304.1         4.95551         0.03125      Successful search (ES-wcm)        
    10         377         21296.1         5.96839         0.03125      Successful search (ES-wcm)        
    10         404         21296.1         5.96839        0.015625          Refine grid             Train
    11         405         21369.1         3.27671        0.015625      Successful search (ES-wcm)        
    11         406         21367.8         3.33542        0.015625      Successful search (ES-wcm)        
    11         407         21365.7         3.94615        0.015625      Successful search (ES-ell)        
    11         408         21363.2         4.93309        0.015625      Successful search (ES-ell)        
    11         409         21360.3         6.88387        0.015625      Successful search (ES-ell)        
    11         410         21357.9         8.97316        0.015625      Successful search (ES-ell)        
    11         412         21349.4         8.53141        0.015625      Successful search (ES-ell)        
    11         438         21349.4         8.53141       0.0078125          Refine grid             
    12         439         21354.3         3.63115       0.0078125      Successful search (ES-wcm)        
    12         440         21353.5         3.73151       0.0078125      Successful search (ES-wcm)        
    12         441         21352.3         3.91978       0.0078125      Successful search (ES-wcm)        
    12         442         21351.3         3.97884       0.0078125      Successful search (ES-ell)        
    12         443         21347.3         4.32069       0.0078125      Successful search (ES-ell)        
    12         444         21346.3          5.2719       0.0078125      Successful search (ES-wcm)        
    12         472         21346.3          5.2719      0.00390625          Refine grid             
    13         473         21353.3         3.23149      0.00390625      Successful search (ES-wcm)        
    13         474         21353.1         3.22716      0.00390625      Successful search (ES-wcm)        
    13         475         21352.8         3.17602      0.00390625      Successful search (ES-wcm)        
    13         476         21352.5         3.18386      0.00390625      Successful search (ES-wcm)        
    13         477         21352.5         3.15423      0.00390625      Successful search (ES-wcm)        
    13         478         21351.9         3.31402      0.00390625      Successful search (ES-wcm)        
    13         506         21351.9         3.31402      0.00195312          Refine grid             Train
    14         507         21353.9         2.17543      0.00195312      Successful search (ES-wcm)        
    14         508         21353.9         2.16474      0.00195312      Successful search (ES-wcm)        
    14         509         21353.6         2.16209      0.00195312      Successful search (ES-wcm)        
    14         510         21348.5         2.14951      0.00195312      Successful search (ES-ell)        
    14         511         21340.8         2.15427      0.00195312      Successful search (ES-ell)        
    14         512         21331.7         2.17705      0.00195312      Successful search (ES-ell)        
    14         513           21320         2.23499      0.00195312      Successful search (ES-ell)        
    14         514         21302.1         2.42173      0.00195312      Successful search (ES-ell)        
    14         515         21273.3         2.78719      0.00195312      Successful search (ES-ell)        
    14         540         21214.7          2.5682      0.00390625        Successful poll           Train
    15         541         21355.3         2.94586      0.00390625      Successful search (ES-ell)        
    15         542         21355.2         3.11495      0.00390625      Successful search (ES-ell)        
    15         543         21354.6         3.15888      0.00390625      Successful search (ES-wcm)        
    15         546         21353.8          3.1261      0.00390625      Successful search (ES-wcm)        
    15         547         21353.6         3.22455      0.00390625      Successful search (ES-wcm)        
    15         548         21352.8         3.36651      0.00390625      Successful search (ES-wcm)        
    15         549         21351.9         3.59362      0.00390625      Successful search (ES-wcm)        
    15         550         21351.2         3.61288      0.00390625      Successful search (ES-wcm)        
    15         551         21351.1         3.83053      0.00390625      Successful search (ES-ell)        
    15         554           21351         3.80787      0.00390625      Successful search (ES-ell)        
    15         558         21350.9         3.62004      0.00390625      Successful search (ES-wcm)        
    15         559         21350.4         3.64215      0.00390625      Successful search (ES-wcm)        
    15         561         21349.7         3.62383      0.00390625      Successful search (ES-wcm)        
    15         562         21349.3         3.72057      0.00390625      Successful search (ES-wcm)        
    15         565         21348.3         3.64292      0.00390625      Successful search (ES-wcm)        
    15         566         21347.9         3.75024      0.00390625      Successful search (ES-wcm)        
    15         592         21347.9         3.75024      0.00195312          Refine grid             Train
    16         593         21346.6         1.80566      0.00195312      Successful search (ES-wcm)        
    16         594         21346.3         1.80642      0.00195312      Successful search (ES-wcm)        
    16         595           21345         1.85439      0.00195312      Successful search (ES-ell)        
    16         596         21343.6         1.92354      0.00195312      Successful search (ES-ell)        
    16         597         21342.4         1.96147      0.00195312      Successful search (ES-wcm)        
    16         598         21340.8         2.02763      0.00195312      Successful search (ES-wcm)        
    16         599           21339         2.12202      0.00195312      Successful search (ES-wcm)        
    16         600         21333.1          2.6545      0.00195312      Successful search (ES-ell)        
    16         601         21325.1         3.47665      0.00195312      Successful search (ES-ell)        
    16         626         21325.1         3.47665     0.000976562          Refine grid             
    17         627         21352.1         2.60832     0.000976562      Successful search (ES-ell)        
    17         630           21352         2.55639     0.000976562      Successful search (ES-ell)        
    17         631         21351.5         2.55238     0.000976562      Successful search (ES-ell)        
    17         660         21351.5         2.55238     0.000488281          Refine grid             
    18         661         21353.9         2.07998     0.000488281      Successful search (ES-wcm)        
    18         662         21353.8         2.06976     0.000488281      Successful search (ES-wcm)        
    18         663         21353.6         2.05798     0.000488281      Successful search (ES-wcm)        
    18         665         21353.6         2.04335     0.000488281      Successful search (ES-wcm)        
    18         694         21353.6         2.04335     0.000244141          Refine grid             Train
    19         719         21354.2         3.07262      0.00012207          Refine grid             Train
    20         744         21354.8         3.05797     6.10352e-05          Refine grid             Train
    21         745         21352.9         3.40346     6.10352e-05      Successful search (ES-wcm)        
    21         748         21352.9         3.28109     6.10352e-05      Successful search (ES-ell)        
    21         749         21352.7         3.37757     6.10352e-05      Successful search (ES-ell)        
    21         754         21352.3         3.19185     6.10352e-05      Successful search (ES-wcm)        
    21         787         21352.3         3.19185     3.05176e-05          Refine grid             
    22         788         21353.4         2.43785     3.05176e-05      Successful search (ES-ell)        
    22         790           21353         2.40709     3.05176e-05      Successful search (ES-wcm)        
    22         821           21353         2.40709     1.52588e-05          Refine grid             Train
    23         822         21353.5         1.94772     1.52588e-05      Successful search (ES-ell)        
    23         834         21353.5         1.89262     1.52588e-05      Successful search (ES-ell)        
    23         840         21353.4          1.8575     1.52588e-05      Successful search (ES-ell)        
    23         849         21353.3         1.79471     1.52588e-05      Successful search (ES-ell)        
    23         862         21353.2         1.61188     1.52588e-05      Successful search (ES-ell)        
    23         863         21353.1         1.60663     1.52588e-05      Successful search (ES-ell)        
    23         864           21353         1.60145     1.52588e-05      Successful search (ES-ell)        
    23         873         21352.9         1.55626     1.52588e-05      Successful search (ES-ell)        
    23         874         21352.9         1.55151     1.52588e-05      Incremental search (ES-ell)        
    23         876         21352.9         1.54181     1.52588e-05      Successful search (ES-wcm)        
    23         877         21352.9         1.53721     1.52588e-05      Successful search (ES-wcm)        
    23         900         21352.9         1.53721     7.62939e-06          Refine grid             
Optimization terminated: reached maximum number of function evaluations options['max_fun_evals'].
Estimated function value at minimum: 21356.523595055613 ± 1.9687003611744895 (mean ± SEM from 100 samples)
BADS minimum at: x_min = [1.4091 0.2926 3.3528 1.     1.     0.5118 4.3527 0.     4.1462], NLL = 21356.5236
total f-count: 1000, time: 45.55 min

 ------- Finish Optimization for Subject 6 ---------- 
----------------------------------------
Start job epilogue Wed Aug  6 17:39:08 CEST 2025
----------------------------------------
Job ID:          48455211
Job Exit Code:   0:0
Username:        wenlou
Group:           mpla
Queue:           batch
Compute nodes:   dccn-c089
Asked resources: walltime=20:00:00,nodes=1,cpus=8,mem=4G
Used resources:  cputime=2-12:36:24,walltime=07:34:33,memory=0
----------------------------------------
End job epilogue Wed Aug  6 17:39:08 CEST 2025
----------------------------------------
