----------------------------------------
Start task prologue Thu Jul  2 08:22:31 CEST 2026
----------------------------------------
Step ID:         54054775.
Username:        wenlou
Group:           mpla
Asked resources: walltime=1-00:00:00,nodes=1,cpus=8,mem=2G
Queue:           gpu
Compute nodes:   dccn-c077
----------------------------------------
End task prologue Thu Jul  2 08:22:31 CEST 2026
----------------------------------------
CUDA version:
nvcc: NVIDIA (R) Cuda compiler driver
Copyright (c) 2005-2024 NVIDIA Corporation
Built on Thu_Mar_28_02:18:24_PDT_2024
Cuda compilation tools, release 12.4, V12.4.131
Build cuda_12.4.r12.4/compiler.34097967_0

[WARNING] Please note the interface change for (de-)activating conda environment:

  - DO NOT use `conda activate` to enter the conda environment as it requires extra step to modify your ~/.bashrc file, which will force you to use this Anaconda version (2024.06).  Therefore keep using `source activate` instead.

  - DO use `conda deactivate` to leave your conda environment as `source deactivate` will be deprecated in future release.

Running model for expriment=with_dn, m_id=2, method=bads
device is : cuda
['with_dn', '2', 'all', 'bads', '2']

 ------- Start Optimization for Subject 2 ---------- 

 Cross Validation fold 0/1

 -- Start Optimization: method BADS --

 Optimization Run 1/2
Initial params: [0.7884, 8.9074, 13.4116, 14.169, -2.7163, 21.5531, 2.4518, 0.1558, 17.2735, 18.4969, 0.8962, 0.4288, 0.2632, 0.2465, 0.6152]
bads:TooCloseBounds: For each variable, hard and plausible bounds should not be too close. Moving plausible bounds.
Variables (index) internally transformed to log coordinates: [[0 0]
 [0 3]
 [0 5]
 [0 6]]
Beginning optimization of a STOCHASTIC objective function

 Iteration    f-count      E[f(x)]        SD[f(x)]           MeshScale          Method              Actions
     0           1         26151.5             nan               1                                  
     0          33           24530             nan               1          Initial mesh            Initial points
     0          58         24301.6        0.989932               1        Successful poll           Train
     1          60           24265        0.989895               1      Successful search (ES-wcm)        
     1          63         24253.1        0.989695               1      Successful search (ES-wcm)        
     1          68         24031.8         1.09868               1      Successful search (ES-wcm)        
     1          69           23980         1.09872               1      Successful search (ES-wcm)        
     1          70         22977.6         1.09875               1      Successful search (ES-wcm)        
     1          77         22840.3          1.0983               1      Successful search (ES-ell)        
     1          78         22709.5          1.0985               1      Successful search (ES-ell)        
     1          81         22626.3         1.09826               1      Successful search (ES-ell)        
     1          83         22619.2         1.09826               1      Successful search (ES-ell)        
     1          93         22576.8         1.09663               1      Successful search (ES-wcm)        
     1          96         22519.3         1.05704               1      Successful search (ES-wcm)        
     1         104           22413         1.05753               1      Successful search (ES-wcm)        
     1         113         22409.5         1.05722               1      Successful search (ES-wcm)        
     1         117         22378.6         1.05555               1      Successful search (ES-wcm)        
     1         122         22354.8         1.05736               1      Successful search (ES-wcm)        
     1         127         22345.8         1.27821               1      Successful search (ES-wcm)        
     1         134         21928.4         1.27826               1      Successful search (ES-wcm)        
     1         138         21867.9         1.27821               1      Successful search (ES-wcm)        
     1         141         21768.5         1.27817               1      Successful search (ES-wcm)        
     1         143         21671.1         1.27821               1      Successful search (ES-wcm)        
     1         144         21657.8         1.27819               1      Successful search (ES-wcm)        
     1         151         21590.2         1.27803               1      Successful search (ES-ell)        
     1         153         21584.7         1.27804               1      Successful search (ES-ell)        
     1         157           21422         1.27609               1      Successful search (ES-ell)        
     1         189           21212         19.9327               1        Successful poll           Train
     2         192         20989.1         19.7594               1      Successful search (ES-ell)        
     2         193         20720.9         19.8577               1      Successful search (ES-ell)        
     2         197         20540.3         19.5562               1      Successful search (ES-ell)        
     2         199         20518.1         19.6188               1      Successful search (ES-ell)        
     2         202         20508.6         19.1083               1      Successful search (ES-ell)        
     2         209         20432.8         17.9176               1      Successful search (ES-ell)        
     2         221         20374.6         19.5098               1      Successful search (ES-ell)        
     2         229         20365.9         10.9371               1      Successful search (ES-ell)        
     2         231         20309.9          12.468               1      Successful search (ES-ell)        
     2         232         20220.4         15.5276               1      Successful search (ES-ell)        
     2         262         20102.6         19.8571               1        Successful poll           
     3         267         20077.1         23.5185               1      Successful search (ES-ell)        
     3         268         19968.7         23.9458               1      Successful search (ES-ell)        
     3         270         19770.3         24.0986               1      Successful search (ES-ell)        
     3         271         19640.2         24.0704               1      Successful search (ES-ell)        
     3         278         19554.3         24.1551               1      Successful search (ES-wcm)        
     3         279         19501.6         24.3987               1      Successful search (ES-wcm)        
     3         284         19337.8         24.1959               1      Successful search (ES-wcm)        
     3         286         19098.8         24.1353               1      Successful search (ES-wcm)        
     3         292         19086.9         21.6592               1      Successful search (ES-wcm)        
     3         297         19060.9         21.8187               1      Successful search (ES-wcm)        
     3         299         18985.3         21.7799               1      Successful search (ES-wcm)        
     3         300         18944.4         22.1187               1      Successful search (ES-wcm)        
     3         344         18944.4         22.1187             0.5          Refine grid             Train
     4         347           18948         18.9955             0.5      Successful search (ES-wcm)        
     4         349         18902.5         23.6034             0.5      Successful search (ES-wcm)        
     4         351         18887.8         25.1242             0.5      Successful search (ES-wcm)        
     4         394         18830.6         17.3605               1        Successful poll           Train
     5         396         18846.4         22.7827               1      Successful search (ES-ell)        
     5         398         18818.9         27.1958               1      Successful search (ES-ell)        
     5         400         18809.2         28.0979               1      Successful search (ES-ell)        
     5         403           18784         26.9165               1      Successful search (ES-ell)        
     5         404         18743.6         27.6818               1      Successful search (ES-ell)        
     5         409           18705         24.8191               1      Successful search (ES-ell)        
     5         412         18557.7         26.8217               1      Successful search (ES-ell)        
     5         415         18556.3         25.3598               1      Successful search (ES-ell)        
     5         460         18556.3         25.3598             0.5          Refine grid             
     6         461         18518.4         21.5036             0.5      Successful search (ES-ell)        
     6         479         18512.2         15.6562             0.5      Successful search (ES-ell)        
     6         480         18505.6         25.1046             0.5      Successful search (ES-ell)        
     6         530         18504.8         14.9388               1        Successful poll           
     7         536         18472.4         21.3986               1      Successful search (ES-wcm)        
     7         538         18452.4         24.1917               1      Successful search (ES-wcm)        
     7         544         18447.9         19.0312               1      Successful search (ES-wcm)        
     7         545         18447.8          20.255               1      Incremental search (ES-wcm)        
     7         552         18437.8          20.547               1      Successful search (ES-wcm)        
     7         558         18432.5         12.3008               1      Successful search (ES-wcm)        
     7         559           18413         13.9051               1      Successful search (ES-ell)        
     7         560         18403.6          16.691               1      Successful search (ES-ell)        
     7         567         18371.3         15.5821               1      Successful search (ES-ell)        
     7         570         18349.1         17.1306               1      Successful search (ES-ell)        
     7         610         18349.1         17.1306             0.5          Refine grid             
     8         615         18353.7         12.4243             0.5      Successful search (ES-ell)        
     8         619         18353.2         10.5908             0.5      Successful search (ES-ell)        
     8         620         18340.9         13.3922             0.5      Successful search (ES-ell)        
     8         624         18334.5         8.88231             0.5      Successful search (ES-ell)        
     8         630         18332.6         14.6646             0.5      Successful search (ES-ell)        
     8         631           18306         17.8687             0.5      Successful search (ES-ell)        
     8         682           18306         17.8687            0.25          Refine grid             
     9         686         18303.9         11.9789            0.25      Successful search (ES-wcm)        
     9         687         18273.6         14.9802            0.25      Successful search (ES-wcm)        
     9         690         18248.9         14.9567            0.25      Successful search (ES-wcm)        
     9         740         18248.9         14.9567           0.125          Refine grid             Train
    10         741         18192.5         14.6929           0.125      Successful search (ES-ell)        
    10         798         18192.5         14.6929          0.0625          Refine grid             
    11         799         18229.2         5.72423          0.0625      Successful search (ES-ell)        
    11         800         18214.2         10.5496          0.0625      Successful search (ES-ell)        
    11         856         18214.2         10.5496         0.03125          Refine grid             
    12         857         18269.3         5.36301         0.03125      Successful search (ES-ell)        
    12         858         18259.3         6.73471         0.03125      Successful search (ES-ell)        
    12         859         18249.3         8.91914         0.03125      Successful search (ES-ell)        
    12         861         18238.9         11.5475         0.03125      Successful search (ES-ell)        
    12         893         18200.4         7.84113          0.0625        Successful poll           Train
    13         895         18176.7         11.4873          0.0625      Successful search (ES-wcm)        
    13         896         18167.6         14.1676          0.0625      Successful search (ES-wcm)        
    13         898         18127.8         13.3349          0.0625      Successful search (ES-ell)        
    13         899         18092.6         14.5672          0.0625      Successful search (ES-wcm)        
    13         951         18092.6         14.5672         0.03125          Refine grid             
    14         952         18258.5         5.00824         0.03125      Successful search (ES-wcm)        
    14         953         18240.6         5.92875         0.03125      Successful search (ES-wcm)        
    14         967         18238.1         7.83939         0.03125      Successful search (ES-ell)        
    14         968         18235.7         12.5001         0.03125      Successful search (ES-wcm)        
    14        1024         18235.7         12.5001        0.015625          Refine grid             Train
    15        1025         18266.2         3.76461        0.015625      Successful search (ES-wcm)        
    15        1026         18255.9         3.96109        0.015625      Successful search (ES-wcm)        
    15        1027         18252.2         6.35004        0.015625      Successful search (ES-wcm)        
    15        1082         18242.2         8.88766         0.03125        Successful poll           
    16        1083         18223.7         13.0953         0.03125      Successful search (ES-ell)        
    16        1140         18223.7         13.0953        0.015625          Refine grid             
    17        1141         18248.4         7.12588        0.015625      Successful search (ES-wcm)        
    17        1142         18218.8         6.75526        0.015625      Successful search (ES-ell)        
    17        1143         18183.5         8.75637        0.015625      Successful search (ES-ell)        
    17        1144         18141.5         10.8045        0.015625      Successful search (ES-ell)        
    17        1145         18097.1         12.7996        0.015625      Successful search (ES-ell)        
    17        1198         18097.1         12.7996       0.0078125          Refine grid             Train
    18        1199         18256.9          4.0397       0.0078125      Successful search (ES-ell)        
    18        1200         18256.7          5.2491       0.0078125      Successful search (ES-ell)        
    18        1201         18253.7         7.50994       0.0078125      Successful search (ES-wcm)        
    18        1202         18250.8         10.6305       0.0078125      Successful search (ES-wcm)        
    18        1205           18249         8.15313       0.0078125      Successful search (ES-ell)        
    18        1206         18246.6         9.73509       0.0078125      Successful search (ES-ell)        
    18        1253         18235.4         7.26562        0.015625        Successful poll           Train
    19        1296         18231.9         17.5691         0.03125        Successful poll           Train
    20        1297         18230.5         10.0645         0.03125      Successful search (ES-ell)        
    20        1354         18230.5         10.0645        0.015625          Refine grid             Train
    21        1355         18244.7         8.30217        0.015625      Successful search (ES-wcm)        
    21        1356         18244.5         10.8654        0.015625      Successful search (ES-wcm)        
    21        1358         18235.8         12.7074        0.015625      Successful search (ES-wcm)        
    21        1412         18235.8         12.7074       0.0078125          Refine grid             Train
    22        1413           18253         4.33682       0.0078125      Successful search (ES-wcm)        
    22        1414           18246         5.76323       0.0078125      Successful search (ES-ell)        
    22        1415         18239.4         8.47135       0.0078125      Successful search (ES-ell)        
    22        1416         18234.9         11.2293       0.0078125      Successful search (ES-ell)        
    22        1418         18230.4         11.5304       0.0078125      Successful search (ES-ell)        
    22        1419         18226.3         16.1748       0.0078125      Successful search (ES-wcm)        
    22        1470         18226.3         16.1748      0.00390625          Refine grid             
    23        1513         18253.2         3.32423      0.00195312          Refine grid             
    24        1514         18254.5         3.15773      0.00195312      Successful search (ES-wcm)        
    24        1515         18252.7         3.49245      0.00195312      Successful search (ES-wcm)        
    24        1516         18251.4         4.03309      0.00195312      Successful search (ES-wcm)        
    24        1517         18250.3         4.55724      0.00195312      Successful search (ES-wcm)        
    24        1520           18249         5.02946      0.00195312      Successful search (ES-wcm)        
    24        1521         18247.6         5.90359      0.00195312      Successful search (ES-wcm)        
    24        1572         18247.6         5.90359     0.000976562          Refine grid             Train
Optimization terminated: change in the function value less than options['tol_mesh']
Estimated function value at minimum: 18256.61204566998 ± 2.727505680511427 (mean ± SEM from 100 samples)
BADS minimum at: x_min = [ 0.5336  3.4054  5.0862  7.9214  5.607   1.4062  2.5228  0.4369  5.1006
 10.0023  0.6471  0.4711  0.36    0.2632  0.5117], training NLL = 18256.612
total f-count: 1672, time: 72.52 min

 Optimization Run 2/2
Initial params: [0.0892, 5.3303, 2.5259, 13.734, -0.8798, 47.1813, 3.6126, 0.6529, 20.643, 19.4821, 0.845, 0.1192, 0.1241, 0.1394, 0.2029]
bads:TooCloseBounds: For each variable, hard and plausible bounds should not be too close. Moving plausible bounds.
Variables (index) internally transformed to log coordinates: [[0 0]
 [0 3]
 [0 5]
 [0 6]]
Beginning optimization of a STOCHASTIC objective function

 Iteration    f-count      E[f(x)]        SD[f(x)]           MeshScale          Method              Actions
     0           1         26005.1             nan               1                                  
     0          33         24515.3             nan               1          Initial mesh            Initial points
     0          58         24279.7         1.07595               1        Successful poll           Train
     1          60         23986.3         1.07591               1      Successful search (ES-wcm)        
     1          62           23757         1.07591               1      Successful search (ES-wcm)        
     1          65         23397.9        0.980565               1      Successful search (ES-wcm)        
     1          69         23339.4         0.98054               1      Successful search (ES-wcm)        
     1          73         23140.9        0.980014               1      Successful search (ES-wcm)        
     1          75         23133.6        0.980458               1      Successful search (ES-wcm)        
     1          77         22955.5        0.980492               1      Successful search (ES-wcm)        
     1          84         22950.3        0.978674               1      Successful search (ES-ell)        
     1          88         22850.3        0.973807               1      Successful search (ES-wcm)        
     1          90         22439.5        0.980197               1      Successful search (ES-ell)        
     1          97         22435.9        0.970258               1      Successful search (ES-ell)        
     1         100         22431.9        0.969376               1      Successful search (ES-ell)        
     1         109         22425.7        0.969246               1      Successful search (ES-ell)        
     1         112         22384.3        0.950378               1      Successful search (ES-ell)        
     1         113         22381.8        0.967459               1      Successful search (ES-ell)        
     1         122         22375.7        0.957549               1      Successful search (ES-ell)        
     1         126         22346.4        0.963681               1      Successful search (ES-wcm)        
     1         129         22295.3          15.468               1      Successful search (ES-wcm)        
     1         132         22270.4          11.665               1      Successful search (ES-ell)        
     1         133         22209.3         13.1337               1      Successful search (ES-ell)        
     1         136         22146.1         15.4317               1      Successful search (ES-ell)        
     1         159         22128.9          12.942               1      Successful search (ES-wcm)        
     1         160         22091.6         13.9323               1      Successful search (ES-wcm)        
     1         161         22072.6         12.4582               1      Successful search (ES-ell)        
     1         165         22029.4          15.936               1      Successful search (ES-wcm)        
     1         167         21968.6         15.7787               1      Successful search (ES-wcm)        
     1         169         21936.4         15.9846               1      Successful search (ES-wcm)        
     1         177         21798.5         15.7152               1      Successful search (ES-wcm)        
     1         178         21471.2         16.0023               1      Successful search (ES-wcm)        
     1         179         21348.8         16.0113               1      Successful search (ES-wcm)        
     1         180           21257         16.0698               1      Successful search (ES-wcm)        
     1         184         21085.4         15.9582               1      Successful search (ES-wcm)        
     1         185         20948.6         16.0484               1      Successful search (ES-wcm)        
     1         188         20713.7         15.9197               1      Successful search (ES-wcm)        
     1         189         20677.5         14.6255               1      Successful search (ES-wcm)        
     1         190           20620         14.6388               1      Successful search (ES-wcm)        
     1         192         20601.5         14.6324               1      Successful search (ES-wcm)        
     1         197           20385         14.5239               1      Successful search (ES-wcm)        
     1         203         20288.5         14.3429               1      Successful search (ES-wcm)        
     1         207         20262.6         12.0924               1      Successful search (ES-wcm)        
     1         208         20236.3         13.7127               1      Successful search (ES-wcm)        
     1         210         20190.3         14.2319               1      Successful search (ES-wcm)        
     1         217         20142.9         14.0682               1      Successful search (ES-wcm)        
     1         221         20096.6         12.1906               1      Successful search (ES-ell)        
     1         223         20071.7         11.9611               1      Successful search (ES-ell)        
     1         227         19996.6         14.1516               1      Successful search (ES-ell)        
     1         231         19975.4         19.1257               1      Successful search (ES-ell)        
     1         246         19948.2         19.0089               1      Successful search (ES-wcm)        
     1         247         19866.4         20.2388               1      Successful search (ES-wcm)        
     1         248         19697.6         21.8866               1      Successful search (ES-wcm)        
     1         250         19665.2         20.2723               1      Successful search (ES-ell)        
     1         252         19634.6         19.6043               1      Successful search (ES-ell)        
     1         255           19586         21.8298               1      Successful search (ES-ell)        
     1         260         19546.3         20.1426               1      Successful search (ES-ell)        
     1         261         19491.3         20.8632               1      Successful search (ES-ell)        
     1         269         19462.4         21.0125               1      Successful search (ES-ell)        
     1         270         19448.8         21.8601               1      Successful search (ES-ell)        
     1         272         19439.9         21.5977               1      Successful search (ES-ell)        
     1         276         19430.5         21.5774               1      Successful search (ES-ell)        
     1         278         19345.9         21.5234               1      Successful search (ES-ell)        
     1         279         19216.9         21.8209               1      Successful search (ES-wcm)        
     1         289         19166.1         19.6554               1      Successful search (ES-wcm)        
     1         293         19129.1         15.0123               1      Successful search (ES-wcm)        
     1         294         19125.5         17.3707               1      Successful search (ES-wcm)        
     1         296         19090.6         15.4077               1      Successful search (ES-wcm)        
     1         301         19089.8         18.9637               1      Incremental search (ES-wcm)        
     1         308         19085.5         23.2934               1      Successful search (ES-wcm)        
     1         311         19082.5         19.1287               1      Successful search (ES-wcm)        
     1         312         19075.5         23.7138               1      Successful search (ES-wcm)        
     1         314         19061.5         29.6872               1      Successful search (ES-wcm)        
     1         319         19022.8         28.1217               1      Successful search (ES-ell)        
     1         320         19000.4         29.1644               1      Successful search (ES-ell)        
     1         363         18931.3          24.667               1        Successful poll           
     2         365         18912.4          29.156               1      Successful search (ES-wcm)        
     2         366         18882.4         29.4283               1      Successful search (ES-wcm)        
     2         367         18612.2         29.3577               1      Successful search (ES-wcm)        
     2         370         18573.8         29.6576               1      Successful search (ES-wcm)        
     2         375         18506.6         27.1258               1      Successful search (ES-ell)        
     2         382           18502         27.2916               1      Successful search (ES-ell)        
     2         384         18397.5         29.7519               1      Successful search (ES-ell)        
     2         396         18369.5         30.7215               1      Successful search (ES-ell)        
     2         401         18355.1         24.8186               1      Successful search (ES-ell)        
     2         403         18351.4         23.9134               1      Successful search (ES-ell)        
     2         407         18340.4          15.874               1      Successful search (ES-ell)        
     2         415         18339.6         18.5263               1      Incremental search (ES-ell)        
     2         417           18313         20.2844               1      Successful search (ES-ell)        
     2         427         18294.9         24.6669               1      Successful search (ES-wcm)        
     2         442         18273.4         20.3295               1      Successful search (ES-wcm)        
     2         447           18268         26.4347               1      Successful search (ES-wcm)        
     2         449         18255.2         26.3209               1      Successful search (ES-wcm)        
     2         451         18251.3         24.1579               1      Successful search (ES-ell)        
     2         458         18227.1         27.1795               1      Successful search (ES-ell)        
     2         459         18224.9         30.9331               1      Successful search (ES-ell)        
     2         462         18198.1         29.6286               1      Successful search (ES-ell)        
     2         501         18198.1         29.6286             0.5          Refine grid             
     3         504         18224.9          19.705             0.5      Successful search (ES-ell)        
     3         507         18202.9         19.9311             0.5      Successful search (ES-ell)        
     3         512         18200.2         14.2289             0.5      Successful search (ES-ell)        
     3         513           18190         16.9993             0.5      Successful search (ES-ell)        
     3         514         18174.1         21.1364             0.5      Successful search (ES-ell)        
     3         555         18174.1         21.1364            0.25          Refine grid             Train
     4         556         18138.6         24.2163            0.25      Successful search (ES-wcm)        
     4         562         18128.6         16.6074            0.25      Successful search (ES-ell)        
     4         563           18097         21.5789            0.25      Successful search (ES-ell)        
     4         564           18041         24.8805            0.25      Successful search (ES-ell)        
     4         566         18013.5         24.2145            0.25      Successful search (ES-ell)        
     4         611         18013.5         24.2145           0.125          Refine grid             Train
     5         612         18033.9         15.2096           0.125      Successful search (ES-ell)        
     5         614         18022.6         17.9946           0.125      Successful search (ES-ell)        
     5         616         18007.8         21.6485           0.125      Successful search (ES-ell)        
     5         617         17991.7         26.3133           0.125      Successful search (ES-ell)        
     5         620         17985.9         23.2171           0.125      Successful search (ES-ell)        
     5         622           17970         22.1777           0.125      Successful search (ES-ell)        
     5         668           17970         22.1777          0.0625          Refine grid             
     6         669           17975          9.9359          0.0625      Successful search (ES-ell)        
     6         670         17965.2         15.1042          0.0625      Successful search (ES-ell)        
     6         671         17958.7         22.3681          0.0625      Successful search (ES-ell)        
     6         673         17930.4         22.5317          0.0625      Successful search (ES-wcm)        
     6         676         17927.6         23.6913          0.0625      Successful search (ES-ell)        
     6         680         17922.7         17.6351          0.0625      Successful search (ES-wcm)        
     6         725         17904.9         26.4247           0.125        Successful poll           
     7         727         17890.9         23.3961           0.125      Successful search (ES-ell)        
     7         763         17878.4         21.0892            0.25        Successful poll           Train
     8         805         17861.9         22.5152             0.5        Successful poll           Train
     9         845         17863.9         22.3719            0.25          Refine grid             Train
    10         846         17823.7         14.9313            0.25      Successful search (ES-ell)        
    10         902         17823.7         14.9313           0.125          Refine grid             
    11         903         17864.9          6.6326           0.125      Successful search (ES-ell)        
    11         904           17856         11.0675           0.125      Successful search (ES-ell)        
    11         918         17333.6         15.1642           0.125      Successful search (ES-ell)        
    11         974         17333.6         15.1642          0.0625          Refine grid             
    12         975         17883.2         7.11549          0.0625      Successful search (ES-ell)        
    12         977         17877.2          7.7249          0.0625      Successful search (ES-ell)        
    12         979         17872.6          8.7308          0.0625      Successful search (ES-ell)        
    12         991         17857.9         10.0055          0.0625      Successful search (ES-wcm)        
    12         992         17683.6         14.2597          0.0625      Successful search (ES-wcm)        
    12         994           17663         11.5256          0.0625      Successful search (ES-wcm)        
    12        1032         17651.2         16.6519           0.125        Successful poll           Train
    13        1034         17903.1          10.413           0.125      Successful search (ES-wcm)        
    13        1039         17888.1         5.47518           0.125      Successful search (ES-wcm)        
    13        1040         17871.4         6.98179           0.125      Successful search (ES-ell)        
    13        1041         17856.6         10.0259           0.125      Successful search (ES-ell)        
    13        1089         17856.6         10.0259          0.0625          Refine grid             
    14        1090         17886.2         7.40634          0.0625      Successful search (ES-ell)        
    14        1091         17872.5         12.7058          0.0625      Successful search (ES-ell)        
    14        1146         17872.5         12.7058         0.03125          Refine grid             Train
    15        1147         17893.9         6.80234         0.03125      Successful search (ES-ell)        
    15        1148         17882.1         8.96049         0.03125      Successful search (ES-ell)        
    15        1149         17880.3         12.5738         0.03125      Successful search (ES-ell)        
    15        1204         17880.3         12.5738        0.015625          Refine grid             
    16        1205         17885.6         4.78889        0.015625      Successful search (ES-wcm)        
    16        1206         17879.4         7.53232        0.015625      Successful search (ES-wcm)        
    16        1235         17840.6         8.31068         0.03125        Successful poll           
    17        1236         17835.2         9.24739         0.03125      Successful search (ES-ell)        
    17        1293         17835.2         9.24739        0.015625          Refine grid             Train
    18        1294         17888.8         3.56353        0.015625      Successful search (ES-ell)        
    18        1295         17880.1         6.24663        0.015625      Successful search (ES-ell)        
    18        1298         17879.7          6.3846        0.015625      Successful search (ES-ell)        
    18        1299         17877.5         8.62266        0.015625      Successful search (ES-ell)        
    18        1351         17877.5         8.62266       0.0078125          Refine grid             
    19        1352         17894.4         3.83254       0.0078125      Successful search (ES-ell)        
    19        1353         17894.4          5.0076       0.0078125      Successful search (ES-ell)        
    19        1354         17893.6         4.68279       0.0078125      Successful search (ES-ell)        
    19        1355         17890.2         5.80575       0.0078125      Successful search (ES-ell)        
    19        1356         17879.8         8.83943       0.0078125      Successful search (ES-wcm)        
    19        1357         17873.2         13.6264       0.0078125      Successful search (ES-wcm)        
    19        1409         17873.2         13.6264      0.00390625          Refine grid             
    20        1410         17891.2         3.92922      0.00390625      Successful search (ES-ell)        
    20        1411         17888.1         3.75187      0.00390625      Successful search (ES-wcm)        
    20        1412           17885         3.88537      0.00390625      Successful search (ES-wcm)        
    20        1413         17882.8         4.62662      0.00390625      Successful search (ES-wcm)        
    20        1414         17862.5         6.01151      0.00390625      Successful search (ES-ell)        
    20        1415         17849.2         9.44139      0.00390625      Successful search (ES-ell)        
    20        1469         17849.2         9.44139      0.00195312          Refine grid             Train
    21        1470         17897.1         5.50268      0.00195312      Successful search (ES-wcm)        
    21        1471         17896.8         5.35415      0.00195312      Successful search (ES-wcm)        
    21        1472           17896          5.5304      0.00195312      Successful search (ES-wcm)        
    21        1519         17894.3         11.3131      0.00390625        Successful poll           Train
    22        1520         17889.8         3.97771      0.00390625      Successful search (ES-wcm)        
    22        1521         17885.4         4.91609      0.00390625      Successful search (ES-wcm)        
    22        1522         17880.3         6.63813      0.00390625      Successful search (ES-wcm)        
    22        1523         17869.3          8.6859      0.00390625      Successful search (ES-wcm)        
    22        1525         17869.1         9.71557      0.00390625      Successful search (ES-wcm)        
    22        1528         17868.4         9.09072      0.00390625      Successful search (ES-ell)        
    22        1529         17863.4         10.3166      0.00390625      Successful search (ES-ell)        
    22        1554           17839         14.8249       0.0078125        Successful poll           
    23        1557         17863.3         7.47446       0.0078125      Successful search (ES-wcm)        
    23        1595           17853         14.7362        0.015625        Successful poll           Train
    24        1596         17864.2         7.02639        0.015625      Successful search (ES-ell)        
    24        1597         17858.6         9.12152        0.015625      Successful search (ES-ell)        
    24        1598         17846.2         11.8972        0.015625      Successful search (ES-ell)        
    24        1653         17846.2         11.8972       0.0078125          Refine grid             
    25        1696         17872.1         5.82522      0.00390625          Refine grid             Train
    26        1697         17869.3         3.86575      0.00390625      Successful search (ES-ell)        
    26        1698         17867.4         4.17367      0.00390625      Successful search (ES-ell)        
    26        1699         17862.7         4.47104      0.00390625      Successful search (ES-ell)        
    26        1700           17856         4.93891      0.00390625      Successful search (ES-ell)        
    26        1701         17847.6         6.53933      0.00390625      Successful search (ES-ell)        
    26        1756         17847.6         6.53933      0.00195312          Refine grid             Train
    27        1757         17873.9         3.52143      0.00195312      Successful search (ES-ell)        
    27        1758         17872.2         3.84385      0.00195312      Successful search (ES-ell)        
    27        1759         17871.7         4.33308      0.00195312      Successful search (ES-ell)        
    27        1760         17869.7         5.13027      0.00195312      Successful search (ES-ell)        
    27        1761         17868.1         5.73322      0.00195312      Successful search (ES-wcm)        
    27        1814         17868.1         5.73322     0.000976562          Refine grid             
Optimization terminated: change in the function value less than options['tol_mesh']
Estimated function value at minimum: 17874.62421680363 ± 2.9428076665680707 (mean ± SEM from 100 samples)
BADS minimum at: x_min = [ 2.0217  6.8176  5.2071 10.4052  6.9772  1.6908  1.7093  0.0598  5.2091
 10.4005  0.6204  0.4696  0.3426  0.2923  0.8006], training NLL = 17874.6242
total f-count: 1914, time: 82.62 min

 ------- Finish Optimization for Subject 2 ---------- 

 ------- Start Optimization for Subject 3 ---------- 

 Cross Validation fold 0/1

 -- Start Optimization: method BADS --

 Optimization Run 1/2
Initial params: [1.5233, 5.0934, 8.3039, 17.3209, -0.6234, 7.4725, 4.9697, 0.1885, 25.3981, 17.0759, 0.4047, 0.4999, 0.17, 0.2515, 0.6466]
bads:TooCloseBounds: For each variable, hard and plausible bounds should not be too close. Moving plausible bounds.
Variables (index) internally transformed to log coordinates: [[0 0]
 [0 3]
 [0 5]
 [0 6]]
Beginning optimization of a STOCHASTIC objective function

 Iteration    f-count      E[f(x)]        SD[f(x)]           MeshScale          Method              Actions
     0           1         25342.4             nan               1                                  
     0          33           23935             nan               1          Initial mesh            Initial points
     0          59         23780.2        0.998928               1        Successful poll           Train
     1          63         23712.9        0.998739               1      Successful search (ES-ell)        
     1          65         23635.8        0.704533               1      Successful search (ES-wcm)        
     1          67         23267.5        0.704529               1      Successful search (ES-wcm)        
     1          68           23105        0.704529               1      Successful search (ES-wcm)        
     1          71         23042.3        0.704367               1      Successful search (ES-ell)        
     1          72         22984.3        0.704529               1      Successful search (ES-wcm)        
     1          73           22867         0.70452               1      Successful search (ES-wcm)        
     1          82         22861.3        0.702744               1      Successful search (ES-wcm)        
     1          84         22795.5        0.704112               1      Successful search (ES-wcm)        
     1          87         22783.2        0.696792               1      Successful search (ES-wcm)        
     1          89         22763.9        0.697775               1      Successful search (ES-wcm)        
     1          95         22731.3        0.703054               1      Successful search (ES-wcm)        
     1          99         22714.4        0.850972               1      Successful search (ES-wcm)        
     1         107         22587.5        0.851302               1      Successful search (ES-wcm)        
     1         115         22580.3         0.85118               1      Successful search (ES-wcm)        
     1         129         22574.1        0.907417               1      Successful search (ES-wcm)        
     1         130         22540.2        0.907491               1      Successful search (ES-wcm)        
     1         145           22540        0.906613               1      Incremental search (ES-wcm)        
     1         149         22528.8        0.866829               1      Successful search (ES-ell)        
     1         186         22503.4        0.811725               1        Successful poll           
     2         189         22486.2         7.94627               1      Successful search (ES-ell)        
     2         191         21923.6         7.96938               1      Successful search (ES-ell)        
     2         192         21208.6         7.97359               1      Successful search (ES-ell)        
     2         195         21158.4         7.91192               1      Successful search (ES-ell)        
     2         201         21111.1         6.28965               1      Successful search (ES-ell)        
     2         205         21059.6          7.5753               1      Successful search (ES-ell)        
     2         254         21059.6          7.5753             0.5          Refine grid             Train
     3         256         21098.8         16.2582             0.5      Successful search (ES-ell)        
     3         257         20793.3         17.3341             0.5      Successful search (ES-wcm)        
     3         260         20618.1         17.3358             0.5      Successful search (ES-wcm)        
     3         261         20327.5         17.1216             0.5      Successful search (ES-ell)        
     3         263           20009         17.0571             0.5      Successful search (ES-ell)        
     3         265         19965.4          17.036             0.5      Successful search (ES-ell)        
     3         273         19952.3         15.1911             0.5      Successful search (ES-ell)        
     3         274         19936.9         15.4358             0.5      Successful search (ES-ell)        
     3         276           19919          15.201             0.5      Successful search (ES-ell)        
     3         278         19742.1         17.1707             0.5      Successful search (ES-wcm)        
     3         283           19715         15.1513             0.5      Successful search (ES-wcm)        
     3         284         19708.4         16.1079             0.5      Successful search (ES-wcm)        
     3         286         19632.6         16.2222             0.5      Successful search (ES-ell)        
     3         287         19532.1         17.2606             0.5      Successful search (ES-wcm)        
     3         290         19418.2         17.1178             0.5      Successful search (ES-wcm)        
     3         291         19324.5         17.1022             0.5      Successful search (ES-wcm)        
     3         293         19181.5         17.3239             0.5      Successful search (ES-wcm)        
     3         297         19170.7          16.575             0.5      Successful search (ES-wcm)        
     3         302         19143.5         16.6521             0.5      Successful search (ES-wcm)        
     3         303         19142.4         16.5653             0.5      Successful search (ES-ell)        
     3         321         19112.4         14.2925             0.5      Successful search (ES-wcm)        
     3         322         19000.3         17.0562             0.5      Successful search (ES-wcm)        
     3         323         18999.9         14.2007             0.5      Successful search (ES-ell)        
     3         325         18997.7         15.5555             0.5      Successful search (ES-wcm)        
     3         327         18954.7         15.8117             0.5      Successful search (ES-ell)        
     3         329         18895.4         15.6964             0.5      Successful search (ES-ell)        
     3         334         18891.6          15.079             0.5      Successful search (ES-ell)        
     3         335         18855.6         16.4513             0.5      Successful search (ES-ell)        
     3         336         18839.8         17.1888             0.5      Successful search (ES-ell)        
     3         339         18807.9         15.9693             0.5      Successful search (ES-ell)        
     3         348         18753.6         17.8946             0.5      Successful search (ES-wcm)        
     3         349         18632.5         18.2781             0.5      Successful search (ES-wcm)        
     3         354         18592.3         16.6239             0.5      Successful search (ES-wcm)        
     3         355         18591.7         16.7117             0.5      Successful search (ES-wcm)        
     3         357         18546.7         16.5837             0.5      Successful search (ES-wcm)        
     3         362         18526.9          16.007             0.5      Successful search (ES-wcm)        
     3         366         18509.4         13.1672             0.5      Successful search (ES-wcm)        
     3         375         18507.6         17.0425             0.5      Successful search (ES-wcm)        
     3         378         18454.1         16.1732             0.5      Successful search (ES-wcm)        
     3         379         18450.8         16.9738             0.5      Successful search (ES-wcm)        
     3         385         18448.5         16.1056             0.5      Successful search (ES-wcm)        
     3         391         18442.2         13.6125             0.5      Successful search (ES-wcm)        
     3         393         18410.5         13.9921             0.5      Successful search (ES-wcm)        
     3         397           18393         14.1378             0.5      Successful search (ES-wcm)        
     3         414         18385.7         9.86702             0.5      Successful search (ES-wcm)        
     3         415         18367.8         20.5307             0.5      Successful search (ES-wcm)        
     3         419         18356.4          12.357             0.5      Successful search (ES-ell)        
     3         425         18348.3         12.6208             0.5      Successful search (ES-ell)        
     3         427         18336.5         13.7727             0.5      Successful search (ES-ell)        
     3         476         18336.5         13.7727            0.25          Refine grid             Train
     4         477         18177.7         14.2114            0.25      Successful search (ES-ell)        
     4         533         18177.7         14.2114           0.125          Refine grid             Train
     5         534         18353.1         6.25662           0.125      Successful search (ES-ell)        
     5         535         18167.1          9.6841           0.125      Successful search (ES-ell)        
     5         536         18051.4         15.0225           0.125      Successful search (ES-ell)        
     5         592         18051.4         15.0225          0.0625          Refine grid             Train
     6         593         18362.8         5.52831          0.0625      Successful search (ES-ell)        
     6         594         18332.3         6.71381          0.0625      Successful search (ES-wcm)        
     6         595         18320.1         11.5976          0.0625      Successful search (ES-wcm)        
     6         596         18312.6         13.3726          0.0625      Successful search (ES-ell)        
     6         598         18302.6         8.26247          0.0625      Successful search (ES-wcm)        
     6         652         18302.6         8.26247         0.03125          Refine grid             Train
     7         653         18344.7         4.16324         0.03125      Successful search (ES-ell)        
     7         654         18331.8         4.80796         0.03125      Successful search (ES-ell)        
     7         655         18320.5         6.42149         0.03125      Successful search (ES-ell)        
     7         656         18313.2         9.46028         0.03125      Successful search (ES-ell)        
     7         657         18295.1          12.856         0.03125      Successful search (ES-ell)        
     7         712         18295.1          12.856        0.015625          Refine grid             
     8         713         18330.8         3.47831        0.015625      Successful search (ES-wcm)        
     8         714         18324.2         3.80671        0.015625      Successful search (ES-wcm)        
     8         715         18318.1         4.49262        0.015625      Successful search (ES-ell)        
     8         716         18310.4         6.88918        0.015625      Successful search (ES-ell)        
     8         745         18270.9         5.77292         0.03125        Successful poll           
     9         746         18255.4          6.5518         0.03125      Successful search (ES-ell)        
     9         747         18238.1         7.46783         0.03125      Successful search (ES-ell)        
     9         805         18238.1         7.46783        0.015625          Refine grid             Train
    10         806         18313.3         5.06586        0.015625      Successful search (ES-wcm)        
    10         807         18306.5         6.89163        0.015625      Successful search (ES-wcm)        
    10         808           18305         9.22725        0.015625      Successful search (ES-wcm)        
    10         865           18305         9.22725       0.0078125          Refine grid             
    11         866         18332.8         3.05808       0.0078125      Successful search (ES-wcm)        
    11         867         18329.6         3.04811       0.0078125      Successful search (ES-wcm)        
    11         868         18327.5         3.25065       0.0078125      Successful search (ES-ell)        
    11         869         18326.1         4.60724       0.0078125      Successful search (ES-ell)        
    11         870           18313         6.16892       0.0078125      Successful search (ES-ell)        
    11         925           18313         6.16892      0.00390625          Refine grid             
    12         926         18328.4         3.61834      0.00390625      Successful search (ES-ell)        
    12         927         18322.3         3.77061      0.00390625      Successful search (ES-ell)        
    12         928         18313.2          4.2683      0.00390625      Successful search (ES-ell)        
    12         929         18304.4         4.89315      0.00390625      Successful search (ES-ell)        
    12         930         18283.3         5.81628      0.00390625      Successful search (ES-ell)        
    12         931         18250.8         8.62015      0.00390625      Successful search (ES-wcm)        
    12         932         18230.4          12.288      0.00390625      Successful search (ES-wcm)        
    12         985         18230.4          12.288      0.00195312          Refine grid             
    13         986         18335.8         3.18316      0.00195312      Successful search (ES-wcm)        
    13         987         18335.7         3.10428      0.00195312      Successful search (ES-wcm)        
    13         988         18334.7         3.02331      0.00195312      Successful search (ES-wcm)        
    13         989         18333.5         3.07357      0.00195312      Successful search (ES-wcm)        
    13         990         18331.4         3.12996      0.00195312      Successful search (ES-wcm)        
    13         991         18329.1         3.38458      0.00195312      Successful search (ES-ell)        
    13         992         18327.3         3.97961      0.00195312      Successful search (ES-ell)        
    13         993         18325.6         5.37735      0.00195312      Successful search (ES-ell)        
    13         994           18323         7.49005      0.00195312      Successful search (ES-ell)        
    13         995         18320.7         10.5729      0.00195312      Successful search (ES-ell)        
    13         997         18318.9         11.2809      0.00195312      Successful search (ES-ell)        
    13        1022           18315         13.1785      0.00390625        Successful poll           Train
    14        1023         18337.9         3.01127      0.00390625      Successful search (ES-wcm)        
    14        1024         18336.1         2.93956      0.00390625      Successful search (ES-ell)        
    14        1025         18334.6         2.92091      0.00390625      Successful search (ES-ell)        
    14        1026         18333.2         3.26592      0.00390625      Successful search (ES-ell)        
    14        1027         18330.8         4.30327      0.00390625      Successful search (ES-ell)        
    14        1028         18328.1          5.7568      0.00390625      Successful search (ES-ell)        
    14        1029         18327.2         8.04053      0.00390625      Successful search (ES-ell)        
    14        1030         18325.3          10.145      0.00390625      Successful search (ES-ell)        
    14        1031         18319.9         13.0256      0.00390625      Successful search (ES-ell)        
    14        1032         18305.5          14.908      0.00390625      Successful search (ES-ell)        
    14        1033         18286.8         18.4834      0.00390625      Successful search (ES-ell)        
    14        1034         18269.2         20.1429      0.00390625      Successful search (ES-ell)        
    14        1082         18269.2         20.1429      0.00195312          Refine grid             
    15        1083         18315.5         3.72885      0.00195312      Successful search (ES-ell)        
    15        1084         18314.1         3.65483      0.00195312      Successful search (ES-wcm)        
    15        1085         18312.9          3.6173      0.00195312      Successful search (ES-wcm)        
    15        1086         18312.6         3.63439      0.00195312      Successful search (ES-wcm)        
    15        1087         18310.7         3.79208      0.00195312      Successful search (ES-wcm)        
    15        1088         18308.6         4.22694      0.00195312      Successful search (ES-wcm)        
    15        1089         18306.9         4.80378      0.00195312      Successful search (ES-wcm)        
    15        1090         18301.7         5.82434      0.00195312      Successful search (ES-ell)        
    15        1142         18301.7         5.82434     0.000976562          Refine grid             
Optimization terminated: change in the function value less than options['tol_mesh']
Estimated function value at minimum: 18309.919826889123 ± 2.433811233158847 (mean ± SEM from 100 samples)
BADS minimum at: x_min = [ 2.7535  5.9474  4.49    6.263   4.2659  2.5261  2.5857  0.0376 28.3129
 31.7219  0.6313  0.3672  0.2316  0.1541  0.7578], training NLL = 18309.9198
total f-count: 1242, time: 53.68 min

 Optimization Run 2/2
Initial params: [1.6863, 9.4908, 10.1581, 12.9934, 3.9833, 28.4388, 1.3013, 0.1797, 20.1799, 16.0721, 0.1347, 0.1883, 0.288, 0.1608, 0.7008]
bads:TooCloseBounds: For each variable, hard and plausible bounds should not be too close. Moving plausible bounds.
Variables (index) internally transformed to log coordinates: [[0 0]
 [0 3]
 [0 5]
 [0 6]]
Beginning optimization of a STOCHASTIC objective function

 Iteration    f-count      E[f(x)]        SD[f(x)]           MeshScale          Method              Actions
     0           1         25411.3             nan               1                                  
     0          33         23958.9             nan               1          Initial mesh            Initial points
     0          34         23952.5        0.986061               1        Successful poll           Train
     1          41         23931.4        0.984984               1      Successful search (ES-wcm)        
     1          44         23925.2         0.98366               1      Successful search (ES-wcm)        
     1          49         23891.7        0.931789               1      Successful search (ES-wcm)        
     1          51         23584.3        0.985783               1      Successful search (ES-wcm)        
     1          52         23519.6        0.986041               1      Successful search (ES-wcm)        
     1          55         23366.6        0.986017               1      Successful search (ES-wcm)        
     1          58         23355.8        0.985853               1      Successful search (ES-wcm)        
     1          60           23041        0.985636               1      Successful search (ES-wcm)        
     1          63         22490.5        0.985391               1      Successful search (ES-wcm)        
     1          64         22471.6        0.985905               1      Successful search (ES-wcm)        
     1          65         22250.6         1.00758               1      Successful search (ES-wcm)        
     1          72         22195.5         1.00753               1      Successful search (ES-wcm)        
     1          74         22008.1         1.00752               1      Successful search (ES-wcm)        
     1          76           21988         1.00728               1      Successful search (ES-wcm)        
     1          77         21943.5         1.00745               1      Successful search (ES-wcm)        
     1          79         21889.8         1.00738               1      Successful search (ES-wcm)        
     1          89         21871.3        0.992508               1      Successful search (ES-wcm)        
     1          96         21534.2         17.4647               1      Successful search (ES-wcm)        
     1          99         21436.3         17.4046               1      Successful search (ES-ell)        
     1         103         21342.8         17.0233               1      Successful search (ES-ell)        
     1         109         21328.2         14.0294               1      Successful search (ES-ell)        
     1         112         21309.6         17.2818               1      Successful search (ES-ell)        
     1         116         21228.4          15.214               1      Successful search (ES-ell)        
     1         117           21189         16.5776               1      Successful search (ES-ell)        
     1         122           21171         14.7917               1      Successful search (ES-ell)        
     1         124         21159.4         13.9277               1      Successful search (ES-ell)        
     1         127         20535.9         16.9719               1      Successful search (ES-ell)        
     1         131         20480.3          15.833               1      Successful search (ES-ell)        
     1         133         20479.6         14.6934               1      Incremental search (ES-ell)        
     1         136         20370.2          16.306               1      Successful search (ES-ell)        
     1         138         20348.2         15.7305               1      Successful search (ES-ell)        
     1         141         20197.4         17.0859               1      Successful search (ES-ell)        
     1         145         20174.3          15.947               1      Successful search (ES-ell)        
     1         146           20136         16.5042               1      Successful search (ES-ell)        
     1         151         20128.7         10.7304               1      Successful search (ES-ell)        
     1         153           20098         11.5584               1      Successful search (ES-ell)        
     1         155         20069.3         14.9315               1      Successful search (ES-ell)        
     1         156         20037.8         15.1317               1      Successful search (ES-ell)        
     1         166           20021         12.7762               1      Successful search (ES-ell)        
     1         167           20004         16.8476               1      Successful search (ES-ell)        
     1         170         19996.4         21.7428               1      Successful search (ES-ell)        
     1         174         19951.9         20.8675               1      Successful search (ES-ell)        
     1         179         19943.5         13.4997               1      Successful search (ES-ell)        
     1         188         19928.9         15.0607               1      Successful search (ES-ell)        
     1         189         19923.7         24.4607               1      Successful search (ES-ell)        
     1         193           19913         22.0729               1      Successful search (ES-ell)        
     1         194         19822.9         24.0423               1      Successful search (ES-ell)        
     1         196         19736.7         23.8933               1      Successful search (ES-ell)        
     1         199         19693.4         21.5336               1      Successful search (ES-ell)        
     1         210         19692.9         17.2707               1      Incremental search (ES-wcm)        
     1         212         19674.2         16.5699               1      Successful search (ES-wcm)        
     1         214         19657.4         14.1972               1      Successful search (ES-wcm)        
     1         221         19642.8         18.2742               1      Successful search (ES-wcm)        
     1         223         19606.8         16.6115               1      Successful search (ES-wcm)        
     1         233         19584.1         19.8709               1      Successful search (ES-wcm)        
     1         236         19560.4         17.0425               1      Successful search (ES-ell)        
     1         281         19560.4         17.0425             0.5          Refine grid             Train
     2         283         19532.5          22.825             0.5      Successful search (ES-ell)        
     2         338         19532.5          22.825            0.25          Refine grid             Train
     3         339         19615.5         16.5507            0.25      Successful search (ES-ell)        
     3         340         19614.1         21.8326            0.25      Successful search (ES-ell)        
     3         396         19614.1         21.8326           0.125          Refine grid             Train
     4         397         19602.1         11.8412           0.125      Successful search (ES-ell)        
     4         454         19602.1         11.8412          0.0625          Refine grid             
     5         455         19656.6         5.12189          0.0625      Successful search (ES-ell)        
     5         456         19609.9           8.279          0.0625      Successful search (ES-ell)        
     5         457         19590.7         13.6461          0.0625      Successful search (ES-ell)        
     5         512         19590.7         13.6461         0.03125          Refine grid             
     6         555         19642.8         5.97774        0.015625          Refine grid             Train
     7         556         19686.9         4.34588        0.015625      Successful search (ES-ell)        
     7         557         19653.9         5.40651        0.015625      Successful search (ES-ell)        
     7         558         19629.5         7.59847        0.015625      Successful search (ES-ell)        
     7         615         19629.5         7.59847       0.0078125          Refine grid             
     8         616           19709         5.90068       0.0078125      Successful search (ES-wcm)        
     8         617         19699.2         6.06746       0.0078125      Successful search (ES-wcm)        
     8         618         19689.5         6.96937       0.0078125      Successful search (ES-wcm)        
     8         619         19674.7         7.80152       0.0078125      Successful search (ES-wcm)        
     8         620         19653.5         8.47343       0.0078125      Successful search (ES-wcm)        
     8         621         19634.4         9.46856       0.0078125      Successful search (ES-ell)        
     8         622         19612.2         12.8409       0.0078125      Successful search (ES-ell)        
     8         623         19580.8         15.8346       0.0078125      Successful search (ES-wcm)        
     8         624         19575.7          22.462       0.0078125      Successful search (ES-wcm)        
     8         675         19575.7          22.462      0.00390625          Refine grid             
     9         676         19600.7         3.92102      0.00390625      Successful search (ES-wcm)        
     9         677         19599.4         3.94546      0.00390625      Successful search (ES-wcm)        
     9         678         19597.4         4.03011      0.00390625      Successful search (ES-wcm)        
     9         679         19595.5         4.23885      0.00390625      Successful search (ES-wcm)        
     9         680         19589.9         4.68703      0.00390625      Successful search (ES-wcm)        
     9         681         19582.8         5.46991      0.00390625      Successful search (ES-wcm)        
     9         682         19574.9         6.45392      0.00390625      Successful search (ES-wcm)        
     9         683         19568.1         7.37044      0.00390625      Successful search (ES-wcm)        
     9         684         19527.7         8.69103      0.00390625      Successful search (ES-ell)        
     9         685         19488.7         11.7845      0.00390625      Successful search (ES-ell)        
     9         735         19488.7         11.7845      0.00195312          Refine grid             
    10         736         19609.9         3.59552      0.00195312      Successful search (ES-ell)        
    10         737         19609.1         3.58302      0.00195312      Successful search (ES-ell)        
    10         738         19606.8         3.57496      0.00195312      Successful search (ES-ell)        
    10         739         19604.7         3.59319      0.00195312      Successful search (ES-ell)        
    10         740         19600.7         3.66882      0.00195312      Successful search (ES-ell)        
    10         741         19595.7         3.85043      0.00195312      Successful search (ES-ell)        
    10         742         19588.2         4.17387      0.00195312      Successful search (ES-ell)        
    10         743         19576.2         4.73994      0.00195312      Successful search (ES-ell)        
    10         744         19558.9         5.80798      0.00195312      Successful search (ES-ell)        
    10         745         19543.1         7.48215      0.00195312      Successful search (ES-ell)        
    10         746         19538.2         10.0253      0.00195312      Successful search (ES-ell)        
    10         747         19490.3         12.4827      0.00195312      Successful search (ES-ell)        
    10         748           19488         15.2599      0.00195312      Successful search (ES-ell)        
    10         749         19478.9         17.1056      0.00195312      Successful search (ES-ell)        
    10         795         19478.9         17.1056     0.000976562          Refine grid             Train
Optimization terminated: change in the function value less than options['tol_mesh']
Estimated function value at minimum: 19603.56223558498 ± 2.6918545763901527 (mean ± SEM from 100 samples)
BADS minimum at: x_min = [ 1.1769 18.4336  7.0953  5.7334  3.8738  2.2292  0.0465  0.3893  9.306
 20.1471  0.2777  0.5055  0.2202  0.229   0.337 ], training NLL = 19603.5622
total f-count: 895, time: 38.58 min

 ------- Finish Optimization for Subject 3 ---------- 

 ------- Start Optimization for Subject 5 ---------- 

 Cross Validation fold 0/1

 -- Start Optimization: method BADS --

 Optimization Run 1/2
Initial params: [0.7403, 9.6835, 13.329, 8.7855, 3.4798, 35.1217, 3.8436, 0.1909, 27.4557, 25.597, 0.3423, 0.4807, 0.1331, 0.2015, 0.7527]
bads:TooCloseBounds: For each variable, hard and plausible bounds should not be too close. Moving plausible bounds.
Variables (index) internally transformed to log coordinates: [[0 0]
 [0 3]
 [0 5]
 [0 6]]
Beginning optimization of a STOCHASTIC objective function

 Iteration    f-count      E[f(x)]        SD[f(x)]           MeshScale          Method              Actions
     0           1         25617.8             nan               1                                  
     0          33         24109.4             nan               1          Initial mesh            Initial points
     0          46         23437.9        0.989467               1        Successful poll           Train
     1          49         22939.5        0.989369               1      Successful search (ES-wcm)        
     1          55         22753.8        0.986676               1      Successful search (ES-wcm)        
     1          59         22719.4        0.977992               1      Successful search (ES-ell)        
     1          76         22718.7        0.882512               1      Incremental search (ES-wcm)        
     1          96           22633        0.910652               1        Successful poll           Train
     2         105         22636.3         8.83242               1      Incremental search (ES-wcm)        
     2         107         22581.4         9.01063               1      Successful search (ES-wcm)        
     2         108         22538.8         9.57287               1      Successful search (ES-wcm)        
     2         116           22523         9.60083               1      Successful search (ES-wcm)        
     2         121         22479.1         8.97695               1      Successful search (ES-wcm)        
     2         122           22462         9.30131               1      Successful search (ES-wcm)        
     2         134         22449.4          9.5715               1      Successful search (ES-wcm)        
     2         135         22426.8         9.66087               1      Successful search (ES-wcm)        
     2         136         22367.8         9.71256               1      Successful search (ES-wcm)        
     2         141         22291.1           9.672               1      Successful search (ES-wcm)        
     2         143         22265.8         9.71234               1      Successful search (ES-wcm)        
     2         148         22225.5         9.71326               1      Successful search (ES-wcm)        
     2         156         22215.6          9.3022               1      Successful search (ES-wcm)        
     2         168         22214.5         13.8627               1      Successful search (ES-wcm)        
     2         169         22179.9         19.6456               1      Successful search (ES-wcm)        
     2         170         22150.4         15.9684               1      Successful search (ES-ell)        
     2         171         22124.5         15.2588               1      Successful search (ES-ell)        
     2         210         21949.4         23.6564               1        Successful poll           Train
     3         212           21877         22.1269               1      Successful search (ES-ell)        
     3         214         21753.7          23.823               1      Successful search (ES-ell)        
     3         262         21726.3         25.1086               1        Successful poll           
     4         265         21672.3         19.3778               1      Successful search (ES-ell)        
     4         271         21660.6         16.4632               1      Successful search (ES-ell)        
     4         273         21652.2         16.2581               1      Successful search (ES-ell)        
     4         276         21604.7           18.03               1      Successful search (ES-wcm)        
     4         314         21545.6         19.4772               1        Successful poll           
     5         317           21540         19.5448               1      Successful search (ES-wcm)        
     5         319         21493.5         19.3425               1      Successful search (ES-wcm)        
     5         320         21468.4          19.577               1      Successful search (ES-wcm)        
     5         324         21445.4         19.5079               1      Successful search (ES-wcm)        
     5         327         21305.8         19.1393               1      Successful search (ES-wcm)        
     5         329         21257.6         18.4677               1      Successful search (ES-ell)        
     5         356         21225.5         21.8609               1        Successful poll           
     6         359         21153.7         21.6233               1      Successful search (ES-ell)        
     6         410         21153.7         21.6233             0.5          Refine grid             
     7         414         21152.7         20.2192             0.5      Successful search (ES-wcm)        
     7         418         21129.7         19.6495             0.5      Successful search (ES-wcm)        
     7         419         21045.3         20.5381             0.5      Successful search (ES-wcm)        
     7         420           20956         21.0669             0.5      Successful search (ES-wcm)        
     7         421         20818.6         21.0903             0.5      Successful search (ES-wcm)        
     7         423         20795.4         21.0908             0.5      Successful search (ES-wcm)        
     7         424         20741.4          21.004             0.5      Successful search (ES-wcm)        
     7         427         20666.1         20.8364             0.5      Successful search (ES-wcm)        
     7         428         20622.9         21.1003             0.5      Successful search (ES-wcm)        
     7         429         20591.7         21.0403             0.5      Successful search (ES-wcm)        
     7         433         20411.8         20.8283             0.5      Successful search (ES-wcm)        
     7         434         20315.6         20.9337             0.5      Successful search (ES-wcm)        
     7         437           20234         20.6191             0.5      Successful search (ES-wcm)        
     7         438         20176.4         20.7894             0.5      Successful search (ES-wcm)        
     7         445         20165.4         18.7633             0.5      Successful search (ES-wcm)        
     7         446           20084         20.5088             0.5      Successful search (ES-wcm)        
     7         448         20069.3         22.6533             0.5      Successful search (ES-ell)        
     7         451         20067.2          21.478             0.5      Successful search (ES-wcm)        
     7         452         20062.3         22.9621             0.5      Successful search (ES-wcm)        
     7         454         19993.9         20.9904             0.5      Successful search (ES-wcm)        
     7         455         19931.3          23.529             0.5      Successful search (ES-wcm)        
     7         456         19929.1         24.7775             0.5      Successful search (ES-wcm)        
     7         457         19872.5         25.2738             0.5      Successful search (ES-wcm)        
     7         461         19783.2         25.3893             0.5      Successful search (ES-wcm)        
     7         466         19776.6         24.4914             0.5      Successful search (ES-wcm)        
     7         471         19616.6          24.561             0.5      Successful search (ES-wcm)        
     7         472         19527.6         25.6073             0.5      Successful search (ES-wcm)        
     7         475           19507         25.5587             0.5      Successful search (ES-wcm)        
     7         478         19442.1         24.6392             0.5      Successful search (ES-wcm)        
     7         479         19418.2         25.0683             0.5      Successful search (ES-wcm)        
     7         485         19407.5         24.0934             0.5      Successful search (ES-wcm)        
     7         487         19268.2         24.8315             0.5      Successful search (ES-ell)        
     7         491         19194.6         22.0892             0.5      Successful search (ES-ell)        
     7         494         19146.1         25.5504             0.5      Successful search (ES-wcm)        
     7         495         19083.9         23.7938             0.5      Successful search (ES-ell)        
     7         497           19023           22.12             0.5      Successful search (ES-ell)        
     7         524         19009.4         22.0574               1        Successful poll           Train
     8         559         19000.4         22.8788             0.5          Refine grid             Train
     9         564         18998.8         17.5665             0.5      Successful search (ES-ell)        
     9         616         18998.8         17.5665            0.25          Refine grid             Train
    10         617         18959.9         19.1486            0.25      Successful search (ES-wcm)        
    10         632         18956.5         20.2445            0.25      Successful search (ES-wcm)        
    10         648           18919         19.9645            0.25      Successful search (ES-ell)        
    10         649         18890.3         26.9559            0.25      Successful search (ES-ell)        
    10         650         18830.7         30.2559            0.25      Successful search (ES-ell)        
    10         652         18791.3         32.4721            0.25      Successful search (ES-wcm)        
    10         658         18787.5         20.5002            0.25      Successful search (ES-wcm)        
    10         661         18778.9         16.1417            0.25      Successful search (ES-wcm)        
    10         664         18772.6         17.4691            0.25      Successful search (ES-wcm)        
    10         666         18767.2         25.3992            0.25      Successful search (ES-ell)        
    10         667         18752.9          27.838            0.25      Successful search (ES-ell)        
    10         668         18720.1         31.1404            0.25      Successful search (ES-ell)        
    10         669         18715.2         31.3997            0.25      Successful search (ES-ell)        
    10         671         18701.2         31.6381            0.25      Successful search (ES-ell)        
    10         674         18695.4         30.1793            0.25      Successful search (ES-ell)        
    10         678         18671.5         28.7478            0.25      Successful search (ES-ell)        
    10         679         18658.3         31.0453            0.25      Successful search (ES-ell)        
    10         692         18640.9         27.9992            0.25      Successful search (ES-ell)        
    10         693         18631.4         30.9655            0.25      Successful search (ES-ell)        
    10         695         18592.7         30.7337            0.25      Successful search (ES-ell)        
    10         696         18508.4         33.3426            0.25      Successful search (ES-wcm)        
    10         698           18409         32.4772            0.25      Successful search (ES-wcm)        
    10         703         18408.7         30.3573            0.25      Successful search (ES-ell)        
    10         704         18392.3         31.8927            0.25      Successful search (ES-wcm)        
    10         709           18388         30.1666            0.25      Successful search (ES-ell)        
    10         714         18382.1         16.7266            0.25      Successful search (ES-wcm)        
    10         715         18378.9         19.5405            0.25      Successful search (ES-wcm)        
    10         717           18367         18.2554            0.25      Successful search (ES-wcm)        
    10         718         18366.8         19.6394            0.25      Successful search (ES-wcm)        
    10         761           18294         32.2804             0.5        Successful poll           
    11         766           18276         25.6117             0.5      Successful search (ES-wcm)        
    11         767         18265.6         30.1473             0.5      Successful search (ES-wcm)        
    11         815         18265.6         30.1473            0.25          Refine grid             Train
    12         816         18322.5         16.7798            0.25      Successful search (ES-ell)        
    12         818         18303.1         18.5581            0.25      Successful search (ES-ell)        
    12         824         18296.1         12.7663            0.25      Successful search (ES-wcm)        
    12         825         18294.9         14.0262            0.25      Successful search (ES-ell)        
    12         826         18274.4          16.647            0.25      Successful search (ES-ell)        
    12         827         18243.4         30.0617            0.25      Successful search (ES-wcm)        
    12         871           18238         23.9113             0.5        Successful poll           Train
    13         874         18197.5         31.2919             0.5      Successful search (ES-wcm)        
    13         875         18162.5         29.4012             0.5      Successful search (ES-ell)        
    13         876         18120.9         31.6038             0.5      Successful search (ES-ell)        
    13         878           18099         30.7324             0.5      Successful search (ES-ell)        
    13         889         18061.5         26.7451             0.5      Successful search (ES-ell)        
    13         891         18020.3         27.6921             0.5      Successful search (ES-ell)        
    13         941         18020.3         27.6921            0.25          Refine grid             
    14         942         18059.9         19.1665            0.25      Successful search (ES-ell)        
    14         943         18020.8         26.6206            0.25      Successful search (ES-ell)        
    14         945         18008.9         31.2615            0.25      Successful search (ES-wcm)        
    14         946         17971.7         31.9736            0.25      Successful search (ES-ell)        
    14         949         17933.9         31.7252            0.25      Successful search (ES-ell)        
    14         951         17878.6          31.408            0.25      Successful search (ES-ell)        
    14         998         17878.6          31.408           0.125          Refine grid             
    15         999         17904.4         16.9655           0.125      Successful search (ES-ell)        
    15        1000         17877.8         22.4885           0.125      Successful search (ES-ell)        
    15        1056         17877.8         22.4885          0.0625          Refine grid             Train
    16        1057         17905.2         7.52188          0.0625      Successful search (ES-ell)        
    16        1058         17885.9         9.47716          0.0625      Successful search (ES-ell)        
    16        1059         17876.7         13.2168          0.0625      Successful search (ES-wcm)        
    16        1115         17876.7         13.2168         0.03125          Refine grid             
    17        1116         17891.5         5.61303         0.03125      Successful search (ES-wcm)        
    17        1118         17885.2         7.95825         0.03125      Successful search (ES-wcm)        
    17        1121         17884.4         7.47219         0.03125      Successful search (ES-ell)        
    17        1131         17879.5         6.40703         0.03125      Successful search (ES-ell)        
    17        1132         17871.5         9.84995         0.03125      Successful search (ES-ell)        
    17        1190         17870.6         5.17322          0.0625        Successful poll           
    18        1191         17873.2         8.22251          0.0625      Successful search (ES-ell)        
    18        1248         17873.2         8.22251         0.03125          Refine grid             
    19        1249         17884.2         6.40487         0.03125      Successful search (ES-ell)        
    19        1250         17869.8         9.08038         0.03125      Successful search (ES-ell)        
    19        1251         17865.1         11.1927         0.03125      Successful search (ES-ell)        
    19        1252         17858.1         14.4412         0.03125      Successful search (ES-ell)        
    19        1254         17852.5         11.4052         0.03125      Successful search (ES-wcm)        
    19        1255         17817.1         13.7016         0.03125      Successful search (ES-ell)        
    19        1308         17817.1         13.7016        0.015625          Refine grid             Train
    20        1309         17889.9         4.29524        0.015625      Successful search (ES-wcm)        
    20        1310         17885.6         5.03715        0.015625      Successful search (ES-ell)        
    20        1311         17880.3         6.05505        0.015625      Successful search (ES-ell)        
    20        1312         17871.9           7.169        0.015625      Successful search (ES-ell)        
    20        1313         17869.6         9.62255        0.015625      Successful search (ES-ell)        
    20        1362         17867.3         3.60423         0.03125        Successful poll           Train
    21        1363           17867         5.11688         0.03125      Successful search (ES-wcm)        
    21        1364         17845.5         7.82098         0.03125      Successful search (ES-wcm)        
    21        1398         17840.4         15.1875          0.0625        Successful poll           
    22        1415         17726.6         8.64921           0.125        Successful poll           Train
    23        1458         17842.1         26.0437            0.25        Successful poll           Train
    24        1459           17843         26.0969            0.25      Successful search (ES-wcm)        
    24        1466         17820.7         21.1886            0.25      Successful search (ES-wcm)        
    24        1467         17809.7         22.6971            0.25      Successful search (ES-wcm)        
    24        1468         17791.4         24.0999            0.25      Successful search (ES-wcm)        
    24        1470         17741.5         20.7318            0.25      Successful search (ES-wcm)        
    24        1515         17741.5         20.7318           0.125          Refine grid             Train
    25        1516         17764.6         20.9383           0.125      Successful search (ES-wcm)        
    25        1518           17764         18.1952           0.125      Successful search (ES-ell)        
    25        1572           17764         18.1952          0.0625          Refine grid             
    26        1573         17809.7         6.83983          0.0625      Successful search (ES-ell)        
    26        1574         17775.1         11.0635          0.0625      Successful search (ES-ell)        
    26        1576         17773.6         13.8134          0.0625      Successful search (ES-ell)        
    26        1577           17717         17.9108          0.0625      Successful search (ES-wcm)        
    26        1629           17717         17.9108         0.03125          Refine grid             
    27        1630         17744.8         4.38104         0.03125      Successful search (ES-wcm)        
    27        1631         17740.7         5.21905         0.03125      Successful search (ES-wcm)        
    27        1632         17739.1         7.69721         0.03125      Successful search (ES-wcm)        
    27        1688         17739.1         7.69721        0.015625          Refine grid             Train
    28        1689         17751.5         4.77501        0.015625      Successful search (ES-ell)        
    28        1690           17749         6.69576        0.015625      Successful search (ES-ell)        
    28        1691         17744.3         7.95118        0.015625      Successful search (ES-ell)        
    28        1692         17742.8         11.2256        0.015625      Successful search (ES-ell)        
    28        1747         17742.8         11.2256       0.0078125          Refine grid             
    29        1748         17752.7         3.65929       0.0078125      Successful search (ES-ell)        
    29        1749         17747.9         4.19674       0.0078125      Successful search (ES-ell)        
    29        1807         17747.9         4.19674      0.00390625          Refine grid             
    30        1808         17748.6         4.98868      0.00390625      Successful search (ES-ell)        
    30        1809         17745.8         5.43668      0.00390625      Successful search (ES-ell)        
    30        1810         17738.2         6.39281      0.00390625      Successful search (ES-ell)        
    30        1812         17737.4         6.99536      0.00390625      Successful search (ES-wcm)        
    30        1813           17736         8.56322      0.00390625      Successful search (ES-wcm)        
    30        1814         17731.8         10.0426      0.00390625      Successful search (ES-wcm)        
    30        1815         17725.5         12.0723      0.00390625      Successful search (ES-wcm)        
    30        1866         17725.5         12.0723      0.00195312          Refine grid             
    31        1867         17754.3         3.03374      0.00195312      Successful search (ES-wcm)        
    31        1868         17753.6         2.97813      0.00195312      Successful search (ES-wcm)        
    31        1869         17751.7         2.89118      0.00195312      Successful search (ES-wcm)        
    31        1870         17749.1         2.93448      0.00195312      Successful search (ES-wcm)        
    31        1871         17746.1         3.11044      0.00195312      Successful search (ES-wcm)        
    31        1872         17742.7         3.66794      0.00195312      Successful search (ES-wcm)        
    31        1873           17735         4.90495      0.00195312      Successful search (ES-wcm)        
    31        1874           17723         8.59947      0.00195312      Successful search (ES-ell)        
    31        1926           17723         8.59947     0.000976562          Refine grid             Train
Optimization terminated: change in the function value less than options['tol_mesh']
Estimated function value at minimum: 17748.38859077769 ± 2.780115800459412 (mean ± SEM from 100 samples)
BADS minimum at: x_min = [4.42970e+00 6.10200e+00 4.73410e+00 1.37836e+01 9.95770e+00 2.08120e+00
 0.00000e+00 2.38000e-02 2.69202e+01 1.09148e+01 3.15300e-01 4.13900e-01
 3.41900e-01 2.57600e-01 9.82500e-01], training NLL = 17748.3886
total f-count: 2026, time: 88.02 min

 Optimization Run 2/2
Initial params: [0.7638, 9.9884, 9.4971, 5.5082, 2.5598, 9.0655, 0.748, 0.5469, 29.3938, 17.231, 0.596, 0.2574, 0.2918, 0.1825, -0.0175]
bads:TooCloseBounds: For each variable, hard and plausible bounds should not be too close. Moving plausible bounds.
Variables (index) internally transformed to log coordinates: [[0 0]
 [0 3]
 [0 5]
 [0 6]]
Beginning optimization of a STOCHASTIC objective function

 Iteration    f-count      E[f(x)]        SD[f(x)]           MeshScale          Method              Actions
     0           1         25359.5             nan               1                                  
     0          33         24112.2             nan               1          Initial mesh            Initial points
     0          45         23434.9        0.943475               1        Successful poll           Train
     1          49           23078        0.943385               1      Successful search (ES-wcm)        
     1          51         22936.6        0.943211               1      Successful search (ES-wcm)        
     1          54         22762.9        0.942334               1      Successful search (ES-wcm)        
     1          56         22726.6        0.942768               1      Successful search (ES-wcm)        
     1          59         22667.3        0.938386               1      Successful search (ES-wcm)        
     1          66         22472.1        0.998193               1      Successful search (ES-wcm)        
     1          71         22412.3        0.993947               1      Successful search (ES-ell)        
     1          84         22396.9         0.94386               1      Successful search (ES-ell)        
     1          85         22379.9        0.979232               1      Successful search (ES-ell)        
     1          86         22339.5        0.980968               1      Successful search (ES-ell)        
     1          88         22311.5        0.983859               1      Successful search (ES-ell)        
     1          89           22269        0.988956               1      Successful search (ES-ell)        
     1          91         22258.1        0.997422               1      Successful search (ES-ell)        
     1          95         22244.2        0.996475               1      Successful search (ES-ell)        
     1         100         22203.4         14.8098               1      Successful search (ES-ell)        
     1         101         22163.4          17.619               1      Successful search (ES-wcm)        
     1         103           22069         17.3611               1      Successful search (ES-wcm)        
     1         107         21990.8         18.2292               1      Successful search (ES-wcm)        
     1         108           21837         18.1904               1      Successful search (ES-wcm)        
     1         110         21805.6         17.7873               1      Successful search (ES-wcm)        
     1         116         21777.6         17.9322               1      Successful search (ES-wcm)        
     1         120         21726.8         15.7651               1      Successful search (ES-wcm)        
     1         121         21699.4         17.9102               1      Successful search (ES-wcm)        
     1         122         21622.4         18.1138               1      Successful search (ES-ell)        
     1         126         21545.3         17.7469               1      Successful search (ES-ell)        
     1         133         21534.9         16.6841               1      Successful search (ES-wcm)        
     1         135         21507.8         16.6444               1      Successful search (ES-wcm)        
     1         143         21497.8         15.1286               1      Successful search (ES-wcm)        
     1         144         21448.2         14.0855               1      Successful search (ES-ell)        
     1         146         21404.7         13.6798               1      Successful search (ES-ell)        
     1         147         21355.4         16.8072               1      Successful search (ES-wcm)        
     1         149         21234.3         16.4605               1      Successful search (ES-wcm)        
     1         150         21175.8         16.9173               1      Successful search (ES-wcm)        
     1         151         21124.4         16.9163               1      Successful search (ES-wcm)        
     1         158         20920.8         19.8716               1      Successful search (ES-wcm)        
     1         160         20832.9         19.3344               1      Successful search (ES-wcm)        
     1         170         20821.1         19.8627               1      Successful search (ES-wcm)        
     1         171         20814.7         19.2876               1      Successful search (ES-ell)        
     1         174         20666.8         18.5124               1      Successful search (ES-ell)        
     1         175         20446.3         19.4107               1      Successful search (ES-ell)        
     1         178         20414.4         18.2181               1      Successful search (ES-ell)        
     1         179           20413         17.9872               1      Successful search (ES-ell)        
     1         185         20411.2         16.4977               1      Successful search (ES-ell)        
     1         186           20345         18.5112               1      Successful search (ES-ell)        
     1         233         20072.8         25.5004               1        Successful poll           
     2         236         19939.9         25.2034               1      Successful search (ES-ell)        
     2         239         19937.4         24.7801               1      Successful search (ES-ell)        
     2         240           19773         25.2351               1      Successful search (ES-ell)        
     2         245         19729.6         22.6348               1      Successful search (ES-ell)        
     2         248         19714.4         21.0458               1      Successful search (ES-ell)        
     2         285         19409.8         25.6182               1        Successful poll           Train
     3         291         19330.8         23.6399               1      Successful search (ES-ell)        
     3         294         19259.5         22.6355               1      Successful search (ES-ell)        
     3         295         19244.2         24.0502               1      Successful search (ES-ell)        
     3         296         19215.8         24.6123               1      Successful search (ES-ell)        
     3         305         19166.7         21.3802               1      Successful search (ES-ell)        
     3         306         19154.6         23.1405               1      Successful search (ES-ell)        
     3         314         19154.2         14.9314               1      Incremental search (ES-wcm)        
     3         315         19105.8         17.5974               1      Successful search (ES-ell)        
     3         317         19031.8         24.8983               1      Successful search (ES-wcm)        
     3         332         19027.2              22               1      Successful search (ES-wcm)        
     3         337         18995.8         23.3342               1      Successful search (ES-ell)        
     3         339         18961.7         23.3144               1      Successful search (ES-ell)        
     3         348         18914.2         27.0475               1      Successful search (ES-ell)        
     3         351           18905         25.8356               1      Successful search (ES-ell)        
     3         394         18732.9          29.794               1        Successful poll           Train
     4         397         18699.3         21.9354               1      Successful search (ES-ell)        
     4         402         18694.6         20.8168               1      Successful search (ES-ell)        
     4         404         18644.5         22.0337               1      Successful search (ES-wcm)        
     4         406         18599.5          21.423               1      Successful search (ES-wcm)        
     4         407         18442.8         21.9786               1      Successful search (ES-wcm)        
     4         411         18384.7         22.1114               1      Successful search (ES-wcm)        
     4         413         18370.4         22.1137               1      Successful search (ES-wcm)        
     4         417         18138.3         22.0675               1      Successful search (ES-wcm)        
     4         420         18089.1              22               1      Successful search (ES-wcm)        
     4         423         18002.1         21.4466               1      Successful search (ES-ell)        
     4         426         17991.4         22.0533               1      Successful search (ES-ell)        
     4         431         17943.7         22.1114               1      Successful search (ES-wcm)        
     4         438         17940.5         20.1982               1      Successful search (ES-wcm)        
     4         439         17894.7         19.1275               1      Successful search (ES-wcm)        
     4         445         17841.2         20.5263               1      Successful search (ES-wcm)        
     4         488         17833.7         23.5253               1        Successful poll           Train
     5         492         17757.8         22.6879               1      Successful search (ES-wcm)        
     5         496         17737.1         20.1985               1      Successful search (ES-ell)        
     5         537         17737.1         20.1985             0.5          Refine grid             
     6         540         17780.2         16.5537             0.5      Successful search (ES-ell)        
     6         544         17775.9         14.2976             0.5      Successful search (ES-ell)        
     6         546         17769.7         15.6775             0.5      Successful search (ES-ell)        
     6         547         17762.1         17.0681             0.5      Successful search (ES-ell)        
     6         594         17762.1         17.0681            0.25          Refine grid             
     7         595           17755         15.3085            0.25      Successful search (ES-wcm)        
     7         598         17752.4          14.879            0.25      Successful search (ES-wcm)        
     7         599         17741.2         20.4906            0.25      Successful search (ES-wcm)        
     7         602         17704.3         15.8832            0.25      Successful search (ES-wcm)        
     7         603         17688.6         22.7294            0.25      Successful search (ES-wcm)        
     7         651         17688.6         22.7294           0.125          Refine grid             
     8         652           17708          8.9191           0.125      Successful search (ES-wcm)        
     8         653         17681.8         17.7154           0.125      Successful search (ES-ell)        
     8         654         17645.3         23.7751           0.125      Successful search (ES-ell)        
     8         657         17640.7         19.7015           0.125      Successful search (ES-ell)        
     8         709         17640.7         19.7015          0.0625          Refine grid             Train
     9         710         17671.8          7.0935          0.0625      Successful search (ES-ell)        
     9         711         17659.9         11.4376          0.0625      Successful search (ES-ell)        
     9         712         17632.3          16.913          0.0625      Successful search (ES-ell)        
     9         713         17607.7         20.6809          0.0625      Successful search (ES-ell)        
     9         715         17604.9         21.0574          0.0625      Successful search (ES-ell)        
     9         716           17580          24.835          0.0625      Successful search (ES-ell)        
     9         718         17546.8         25.6504          0.0625      Successful search (ES-ell)        
     9         720         17539.2         27.4029          0.0625      Successful search (ES-ell)        
     9         723         17464.5         29.1991          0.0625      Successful search (ES-wcm)        
     9         769         17454.6         16.7468           0.125        Successful poll           
    10         770         17429.2         21.9851           0.125      Successful search (ES-ell)        
    10         771         17406.1         26.2336           0.125      Successful search (ES-ell)        
    10         773         17385.4         26.0264           0.125      Successful search (ES-ell)        
    10         827           17378         20.2688            0.25        Successful poll           
    11         833         17356.6         15.7814            0.25      Successful search (ES-wcm)        
    11         834         17346.4         14.7307            0.25      Successful search (ES-ell)        
    11         835         17344.1         14.8152            0.25      Successful search (ES-ell)        
    11         884         17344.1         14.8152           0.125          Refine grid             
    12         885         17352.6         6.59551           0.125      Successful search (ES-ell)        
    12         886         17335.5         10.0518           0.125      Successful search (ES-ell)        
    12         887         17324.7         15.6807           0.125      Successful search (ES-ell)        
    12         944         17324.7         15.6807          0.0625          Refine grid             Train
    13         945         17352.6         4.29767          0.0625      Successful search (ES-ell)        
    13         946         17350.3         7.02469          0.0625      Successful search (ES-ell)        
    13        1002         17343.9         20.9394           0.125        Successful poll           Train
    14        1005         17357.6         16.1883           0.125      Successful search (ES-wcm)        
    14        1008         17341.4         9.18616           0.125      Successful search (ES-wcm)        
    14        1010           17340         8.30517           0.125      Successful search (ES-ell)        
    14        1018         17326.6         9.38839           0.125      Successful search (ES-ell)        
    14        1077         17326.6         9.38839          0.0625          Refine grid             
    15        1096         17114.4         18.0413           0.125        Successful poll           
    16        1137         17343.5         25.5389            0.25        Successful poll           
    17        1179         17335.9         24.0078             0.5        Successful poll           
    18        1218         17368.6         3.10319            0.25          Refine grid             
    19        1219         17354.2         22.4319            0.25      Successful search (ES-ell)        
    19        1222         17348.1         21.4369            0.25      Successful search (ES-ell)        
    19        1224         17341.1         19.3138            0.25      Successful search (ES-ell)        
    19        1275         17341.1         19.3138           0.125          Refine grid             Train
    20        1277         17340.1         9.09332           0.125      Successful search (ES-wcm)        
    20        1279         17312.7         9.59275           0.125      Successful search (ES-wcm)        
    20        1283         17312.2         8.71464           0.125      Successful search (ES-ell)        
    20        1285         17311.2         8.39409           0.125      Successful search (ES-wcm)        
    20        1286         17308.8         10.0874           0.125      Successful search (ES-wcm)        
    20        1293         17304.1         9.99223           0.125      Successful search (ES-ell)        
    20        1306         17285.8         9.82251           0.125      Successful search (ES-ell)        
    20        1365         17285.8         9.82251          0.0625          Refine grid             
    21        1366         17360.7         6.67647          0.0625      Successful search (ES-ell)        
    21        1368         17360.2          8.8138          0.0625      Successful search (ES-ell)        
    21        1369           17352         11.0451          0.0625      Successful search (ES-ell)        
    21        1370         17340.3         12.2326          0.0625      Successful search (ES-ell)        
    21        1371         17331.9         16.5938          0.0625      Successful search (ES-ell)        
    21        1375         17307.3         10.1662          0.0625      Successful search (ES-ell)        
    21        1425         17307.3         10.1662         0.03125          Refine grid             
    22        1426         17364.9          4.1441         0.03125      Successful search (ES-ell)        
    22        1427         17360.3          5.8534         0.03125      Successful search (ES-ell)        
    22        1428         17352.9         8.37175         0.03125      Successful search (ES-ell)        
    22        1429           17350         11.4299         0.03125      Successful search (ES-ell)        
    22        1431           17335         9.19389         0.03125      Successful search (ES-wcm)        
    22        1432         17331.1          13.467         0.03125      Successful search (ES-wcm)        
    22        1435         17322.5         11.5424         0.03125      Successful search (ES-ell)        
    22        1459           17297         20.8855          0.0625        Successful poll           
    23        1460         17316.1         10.1349          0.0625      Successful search (ES-wcm)        
    23        1461         17284.8         11.5606          0.0625      Successful search (ES-wcm)        
    23        1463         17281.9         8.47164          0.0625      Successful search (ES-wcm)        
    23        1464           17262         10.3561          0.0625      Successful search (ES-wcm)        
    23        1467         17250.1         9.08087          0.0625      Successful search (ES-ell)        
    23        1519         17250.1         9.08087         0.03125          Refine grid             
    24        1520         17361.1          3.9413         0.03125      Successful search (ES-ell)        
    24        1521         17351.1          5.4139         0.03125      Successful search (ES-ell)        
    24        1522         17340.5          6.9074         0.03125      Successful search (ES-wcm)        
    24        1523         17319.2         6.56836         0.03125      Successful search (ES-wcm)        
    24        1524         17314.4         12.8382         0.03125      Successful search (ES-ell)        
    24        1526         17257.4         9.07791         0.03125      Successful search (ES-ell)        
    24        1527           17164         12.4523         0.03125      Successful search (ES-ell)        
    24        1528           17126         12.8285         0.03125      Successful search (ES-ell)        
    24        1579           17126         12.8285        0.015625          Refine grid             
    25        1580         17366.2         3.44139        0.015625      Successful search (ES-ell)        
    25        1581         17360.4         3.69229        0.015625      Successful search (ES-ell)        
    25        1582         17358.8         5.33028        0.015625      Successful search (ES-ell)        
    25        1583         17358.4         7.83559        0.015625      Successful search (ES-ell)        
    25        1585         17358.3          7.8443        0.015625      Successful search (ES-ell)        
    25        1586           17354         11.3576        0.015625      Successful search (ES-ell)        
    25        1587         17351.1         13.6482        0.015625      Successful search (ES-ell)        
    25        1588         17345.2         15.7185        0.015625      Successful search (ES-ell)        
    25        1589         17316.9         13.8506        0.015625      Successful search (ES-wcm)        
    25        1639         17316.9         13.8506       0.0078125          Refine grid             
    26        1640         17366.2         3.43428       0.0078125      Successful search (ES-wcm)        
    26        1641         17362.7         3.38121       0.0078125      Successful search (ES-wcm)        
    26        1642         17359.8         3.39239       0.0078125      Successful search (ES-wcm)        
    26        1643         17338.3         3.71951       0.0078125      Successful search (ES-ell)        
    26        1644         17311.8         4.79402       0.0078125      Successful search (ES-ell)        
    26        1645         17268.1         6.80218       0.0078125      Successful search (ES-ell)        
    26        1646         17215.4         8.81505       0.0078125      Successful search (ES-ell)        
    26        1699         17215.4         8.81505      0.00390625          Refine grid             
    27        1700         17368.2         3.26074      0.00390625      Successful search (ES-ell)        
    27        1701         17365.8         3.19168      0.00390625      Successful search (ES-wcm)        
    27        1702         17362.6         3.24494      0.00390625      Successful search (ES-wcm)        
    27        1703         17358.7         3.50855      0.00390625      Successful search (ES-wcm)        
    27        1704         17353.3         3.98353      0.00390625      Successful search (ES-wcm)        
    27        1705           17348         4.67846      0.00390625      Successful search (ES-wcm)        
    27        1706         17340.2         5.14925      0.00390625      Successful search (ES-wcm)        
    27        1707           17331         5.62724      0.00390625      Successful search (ES-wcm)        
    27        1708         17328.4         6.31056      0.00390625      Successful search (ES-wcm)        
    27        1709         17316.8         5.53332      0.00390625      Successful search (ES-wcm)        
    27        1710         17316.3         9.33462      0.00390625      Successful search (ES-wcm)        
    27        1713         17313.8         9.60958      0.00390625      Successful search (ES-wcm)        
    27        1718         17312.6         7.33905      0.00390625      Successful search (ES-wcm)        
    27        1774         17312.6         7.33905      0.00195312          Refine grid             
    28        1775         17317.3         2.99797      0.00195312      Successful search (ES-ell)        
    28        1776         17315.5         2.98294      0.00195312      Successful search (ES-ell)        
    28        1777         17314.1          2.9688      0.00195312      Successful search (ES-ell)        
    28        1778         17311.4         2.96871      0.00195312      Successful search (ES-ell)        
    28        1779         17307.1         2.99382      0.00195312      Successful search (ES-ell)        
    28        1780           17303         3.08686      0.00195312      Successful search (ES-ell)        
    28        1781         17300.2         3.36311      0.00195312      Successful search (ES-wcm)        
    28        1782         17294.5         3.75867      0.00195312      Successful search (ES-wcm)        
    28        1834         17294.5         3.75867     0.000976562          Refine grid             Train
Optimization terminated: change in the function value less than options['tol_mesh']
Estimated function value at minimum: 17321.866416172183 ± 2.4526800794097285 (mean ± SEM from 100 samples)
BADS minimum at: x_min = [ 0.8251  3.1257  4.9538 11.5412  8.5637  0.3898  5.6544  0.2845  6.2534
 10.2918  0.5648  0.4382  0.4292  0.295   0.9465], training NLL = 17321.8664
total f-count: 1934, time: 84.01 min

 ------- Finish Optimization for Subject 5 ---------- 

 ------- Start Optimization for Subject 6 ---------- 

 Cross Validation fold 0/1

 -- Start Optimization: method BADS --

 Optimization Run 1/2
Initial params: [0.3889, 7.6942, 2.9126, 17.5565, 4.3653, 21.0341, 4.9643, 0.144, 16.1318, 21.1763, 0.6771, 0.6432, 0.2505, 0.2748, 0.3722]
bads:TooCloseBounds: For each variable, hard and plausible bounds should not be too close. Moving plausible bounds.
Variables (index) internally transformed to log coordinates: [[0 0]
 [0 3]
 [0 5]
 [0 6]]
Beginning optimization of a STOCHASTIC objective function

 Iteration    f-count      E[f(x)]        SD[f(x)]           MeshScale          Method              Actions
     0           1         25324.4             nan               1                                  
     0          33         23199.3             nan               1          Initial mesh            Initial points
     0          51         23042.1         1.01316               1        Successful poll           Train
     1          55         22886.3          1.0131               1      Successful search (ES-wcm)        
     1          59         22521.3         1.01285               1      Successful search (ES-ell)        
     1          62         22361.4         1.01198               1      Successful search (ES-ell)        
     1          63         22142.9         1.01189               1      Successful search (ES-ell)        
     1          65           22038        0.997238               1      Successful search (ES-ell)        
     1          67         21970.6        0.998627               1      Successful search (ES-ell)        
     1          71         21885.9        0.998423               1      Successful search (ES-ell)        
     1          73         21768.3        0.998476               1      Successful search (ES-ell)        
     1          77         21744.8        0.995692               1      Successful search (ES-ell)        
     1          79         21731.1        0.996292               1      Successful search (ES-ell)        
     1          80         21314.8        0.998772               1      Successful search (ES-wcm)        
     1          81         21264.5        0.998736               1      Successful search (ES-wcm)        
     1          82         21203.7        0.998522               1      Successful search (ES-wcm)        
     1          87         21125.3         0.99752               1      Successful search (ES-wcm)        
     1          91         20715.7        0.998705               1      Successful search (ES-wcm)        
     1          93         20652.4        0.997965               1      Successful search (ES-wcm)        
     1          99         20550.1        0.980818               1      Successful search (ES-wcm)        
     1         105         20541.6        0.977045               1      Successful search (ES-ell)        
     1         109         20506.3        0.965784               1      Successful search (ES-ell)        
     1         116         20502.4        0.979862               1      Successful search (ES-wcm)        
     1         124         20402.3        0.973339               1      Successful search (ES-wcm)        
     1         158         20302.5         1.24143               1        Successful poll           Train
     2         159         20099.7         37.5626               1      Successful search (ES-wcm)        
     2         160         20081.1         38.2901               1      Successful search (ES-wcm)        
     2         162           19946         37.5368               1      Successful search (ES-ell)        
     2         164         19866.1         38.2566               1      Successful search (ES-ell)        
     2         172           19793         38.2007               1      Successful search (ES-wcm)        
     2         173         19651.1         36.8392               1      Successful search (ES-wcm)        
     2         177           19595          36.503               1      Successful search (ES-wcm)        
     2         178         19451.1         36.2502               1      Successful search (ES-wcm)        
     2         190         19437.5         33.0128               1      Successful search (ES-ell)        
     2         204         19423.7          32.867               1      Successful search (ES-ell)        
     2         210         19411.7         27.4832               1      Successful search (ES-ell)        
     2         214         19407.5          17.618               1      Successful search (ES-ell)        
     2         215         19384.7         22.3538               1      Successful search (ES-ell)        
     2         223         19363.1         31.9938               1      Successful search (ES-wcm)        
     2         224         19317.6         32.9712               1      Successful search (ES-wcm)        
     2         229           19309         22.6125               1      Successful search (ES-ell)        
     2         230         19297.8          25.195               1      Successful search (ES-ell)        
     2         232           19200         25.0633               1      Successful search (ES-ell)        
     2         233         19110.8         30.1271               1      Successful search (ES-wcm)        
     2         234         19029.9         33.1604               1      Successful search (ES-ell)        
     2         249         18870.6         31.9431               1      Successful search (ES-ell)        
     2         264         18863.4         31.2933               1      Successful search (ES-ell)        
     2         281         18751.4          27.459               1      Successful search (ES-ell)        
     2         330         18751.4          27.459             0.5          Refine grid             
     3         332           18886          26.939             0.5      Successful search (ES-wcm)        
     3         336         18852.3         23.8385             0.5      Successful search (ES-wcm)        
     3         338           18806          24.348             0.5      Successful search (ES-wcm)        
     3         340         18719.1         27.1645             0.5      Successful search (ES-wcm)        
     3         343         18718.7         25.5373             0.5      Successful search (ES-wcm)        
     3         345         18687.8          21.426             0.5      Successful search (ES-ell)        
     3         346         18648.2         30.1935             0.5      Successful search (ES-wcm)        
     3         351         18634.8         28.9797             0.5      Successful search (ES-wcm)        
     3         352           18603         29.6967             0.5      Successful search (ES-wcm)        
     3         355         18515.8         27.4614             0.5      Successful search (ES-wcm)        
     3         363         18488.3         28.3418             0.5      Successful search (ES-wcm)        
     3         369         18447.2         18.4678             0.5      Successful search (ES-wcm)        
     3         370         18415.4         23.1006             0.5      Successful search (ES-wcm)        
     3         371         18408.9         26.8881             0.5      Successful search (ES-wcm)        
     3         372         18339.6          27.432             0.5      Successful search (ES-wcm)        
     3         374         18325.3         28.2537             0.5      Successful search (ES-ell)        
     3         375         18285.7         30.0711             0.5      Successful search (ES-wcm)        
     3         379         18219.3         26.3665             0.5      Successful search (ES-wcm)        
     3         384         18212.8         17.0806             0.5      Successful search (ES-wcm)        
     3         433         18212.8         17.0806            0.25          Refine grid             Train
     4         435         18200.3         13.6394            0.25      Successful search (ES-wcm)        
     4         438         18188.1         14.9159            0.25      Successful search (ES-wcm)        
     4         439         18171.7         24.1706            0.25      Successful search (ES-wcm)        
     4         440         18169.9         23.7228            0.25      Successful search (ES-ell)        
     4         441         18107.3         25.2491            0.25      Successful search (ES-ell)        
     4         445           18082         21.5724            0.25      Successful search (ES-ell)        
     4         493           18082         21.5724           0.125          Refine grid             Train
     5         494         18100.8         13.4957           0.125      Successful search (ES-ell)        
     5         495         18071.7         18.2469           0.125      Successful search (ES-ell)        
     5         497         18063.9         17.1569           0.125      Successful search (ES-ell)        
     5         500         18059.2          14.312           0.125      Successful search (ES-ell)        
     5         502         18048.5         13.7124           0.125      Successful search (ES-wcm)        
     5         553         18048.5         13.7124          0.0625          Refine grid             
     6         554         18049.6         4.99221          0.0625      Successful search (ES-wcm)        
     6         555         18043.8         7.92762          0.0625      Successful search (ES-wcm)        
     6         559         18043.4         7.05888          0.0625      Successful search (ES-wcm)        
     6         613         18037.6         8.86796           0.125        Successful poll           
     7         658         18029.6         8.40591          0.0625          Refine grid             Train
     8         659         18043.1          5.3205          0.0625      Successful search (ES-ell)        
     8         660         18032.2         8.40409          0.0625      Successful search (ES-ell)        
     8         718         18032.2         8.40409         0.03125          Refine grid             
     9         719         18044.8          3.7508         0.03125      Successful search (ES-wcm)        
     9         720           18037         4.07816         0.03125      Successful search (ES-wcm)        
     9         722         18033.3         5.29538         0.03125      Successful search (ES-wcm)        
     9         724         18027.5         7.13068         0.03125      Successful search (ES-wcm)        
     9         725         18026.9         11.8703         0.03125      Successful search (ES-wcm)        
     9         754         17984.5         5.67965          0.0625        Successful poll           
    10         755         18036.5         5.62629          0.0625      Successful search (ES-ell)        
    10         756         18026.6         11.4341          0.0625      Successful search (ES-ell)        
    10         757         18017.2         14.4357          0.0625      Successful search (ES-ell)        
    10         814         18017.2         14.4357         0.03125          Refine grid             
    11         815         18050.3           4.623         0.03125      Successful search (ES-ell)        
    11         819         18048.4         6.22544         0.03125      Successful search (ES-wcm)        
    11         820         18046.2         7.16976         0.03125      Successful search (ES-wcm)        
    11         827           18046         5.77279         0.03125      Successful search (ES-wcm)        
    11         829         18045.3         5.69423         0.03125      Successful search (ES-wcm)        
    11         874         18043.6         3.91824          0.0625        Successful poll           Train
    12         915         18034.7         6.49102           0.125        Successful poll           Train
    13         920         18040.3         7.38159           0.125      Successful search (ES-ell)        
    13         932         18034.9         10.1613           0.125      Successful search (ES-ell)        
    13         990         18034.9         10.1613          0.0625          Refine grid             
    14         991         18042.4         13.6296          0.0625      Successful search (ES-ell)        
    14         992         18039.8          21.589          0.0625      Successful search (ES-ell)        
    14         993         18037.2         22.5156          0.0625      Successful search (ES-ell)        
    14         996         18035.8         11.6678          0.0625      Successful search (ES-wcm)        
    14         997         18024.5         17.8447          0.0625      Successful search (ES-wcm)        
    14         998         18013.5         22.1085          0.0625      Successful search (ES-wcm)        
    14        1050         18013.5         22.1085         0.03125          Refine grid             
    15        1053         18042.9         4.41591         0.03125      Successful search (ES-wcm)        
    15        1054           18037         4.46567         0.03125      Successful search (ES-wcm)        
    15        1055         18032.4         4.99659         0.03125      Successful search (ES-wcm)        
    15        1056         18024.7         5.91139         0.03125      Successful search (ES-wcm)        
    15        1057         18017.4         7.58643         0.03125      Successful search (ES-wcm)        
    15        1058         18014.5          10.922         0.03125      Successful search (ES-wcm)        
    15        1060         18014.2         11.7201         0.03125      Successful search (ES-wcm)        
    15        1081         17954.1         6.40346          0.0625        Successful poll           
    16        1082         18050.7         13.3438          0.0625      Successful search (ES-wcm)        
    16        1084         18028.1         14.2175          0.0625      Successful search (ES-ell)        
    16        1112         17616.5         8.58106           0.125        Successful poll           
    17        1157         18052.8         5.31622          0.0625          Refine grid             Train
    18        1158         18051.8         7.96216          0.0625      Successful search (ES-ell)        
    18        1173         18046.9         6.07051          0.0625      Successful search (ES-wcm)        
    18        1232         18046.9         6.07051         0.03125          Refine grid             
    19        1233         18039.5         8.17472         0.03125      Successful search (ES-wcm)        
    19        1292         18039.5         8.17472        0.015625          Refine grid             
    20        1293         18049.6         4.18319        0.015625      Successful search (ES-wcm)        
    20        1294         18045.1         6.52743        0.015625      Successful search (ES-wcm)        
    20        1296         18044.3         8.13025        0.015625      Successful search (ES-wcm)        
    20        1302         18042.7         6.57574        0.015625      Successful search (ES-wcm)        
    20        1303         18042.4         6.44682        0.015625      Successful search (ES-wcm)        
    20        1304         18039.2         6.76944        0.015625      Successful search (ES-ell)        
    20        1306         18038.9         7.22134        0.015625      Successful search (ES-ell)        
    20        1308         18034.9         7.68247        0.015625      Successful search (ES-ell)        
    20        1309         18032.7         9.02891        0.015625      Successful search (ES-ell)        
    20        1367         18032.7         9.02891       0.0078125          Refine grid             
    21        1368         18053.7         2.86384       0.0078125      Successful search (ES-wcm)        
    21        1369         18052.3         3.76671       0.0078125      Successful search (ES-wcm)        
    21        1370         18049.2         5.93975       0.0078125      Successful search (ES-wcm)        
    21        1399         18036.6           19.29        0.015625        Successful poll           Train
    22        1443         18025.7         13.8003         0.03125        Successful poll           Train
    23        1488         18031.9          13.666        0.015625          Refine grid             Train
    24        1489           18051         4.32246        0.015625      Successful search (ES-wcm)        
    24        1490         18050.2         8.14202        0.015625      Successful search (ES-wcm)        
    24        1529         18028.2         20.4023         0.03125        Successful poll           
    25        1548         18017.5         4.15307          0.0625        Successful poll           Train
    26        1593         18056.6         3.85825         0.03125          Refine grid             Train
    27        1594         18052.5         5.35832         0.03125      Successful search (ES-ell)        
    27        1645         18040.6         15.5325          0.0625        Successful poll           
    28        1690         18033.8         12.2776           0.125        Successful poll           
    29        1735         18034.9         13.1385          0.0625          Refine grid             Train
    30        1736         18050.4         8.48213          0.0625      Successful search (ES-ell)        
    30        1738         18028.8         12.3655          0.0625      Successful search (ES-ell)        
    30        1795         18028.8         12.3655         0.03125          Refine grid             
    31        1796         18044.5         5.31423         0.03125      Successful search (ES-ell)        
    31        1797         18040.1         7.81391         0.03125      Successful search (ES-ell)        
    31        1855         18040.1         7.81391        0.015625          Refine grid             Train
    32        1900         18012.5         6.25494       0.0078125          Refine grid             Train
    33        1901         18055.7         3.41991       0.0078125      Successful search (ES-ell)        
    33        1902         18053.7         3.70959       0.0078125      Successful search (ES-ell)        
    33        1904         18052.6         4.38195       0.0078125      Successful search (ES-ell)        
    33        1919         18052.4         3.78448       0.0078125      Successful search (ES-ell)        
    33        1931         18052.1         3.73712       0.0078125      Successful search (ES-ell)        
    33        1932           18052         4.16669       0.0078125      Successful search (ES-ell)        
    33        1933         18049.1         4.53132       0.0078125      Successful search (ES-ell)        
    33        1934         18048.6         5.74521       0.0078125      Successful search (ES-ell)        
    33        1937         18048.3         6.09204       0.0078125      Successful search (ES-ell)        
    33        1940         18045.7         6.27563       0.0078125      Successful search (ES-ell)        
    33        1943         18045.6         6.28754       0.0078125      Successful search (ES-ell)        
    33        1973         18035.7         10.5776        0.015625        Successful poll           
    34        1974         18031.5         11.3221        0.015625      Successful search (ES-ell)        
    34        2033         18031.5         11.3221       0.0078125          Refine grid             Train
    35        2034         18052.9         4.40493       0.0078125      Successful search (ES-ell)        
    35        2037         18052.8         4.94631       0.0078125      Successful search (ES-wcm)        
    35        2047         18052.1         4.34236       0.0078125      Successful search (ES-ell)        
    35        2049           18052         4.56662       0.0078125      Successful search (ES-ell)        
    35        2050         18050.9         5.39289       0.0078125      Successful search (ES-ell)        
    35        2051         18046.6         6.40221       0.0078125      Successful search (ES-ell)        
    35        2052           18041         8.25516       0.0078125      Successful search (ES-ell)        
    35        2099         18030.2         14.3987        0.015625        Successful poll           Train
    36        2100         18033.6         14.1568        0.015625      Successful search (ES-wcm)        
    36        2159         18033.6         14.1568       0.0078125          Refine grid             
    37        2168         18042.8         3.06746       0.0078125      Successful search (ES-ell)        
    37        2169         18042.6         3.05357       0.0078125      Successful search (ES-ell)        
    37        2170         18042.2         3.04849       0.0078125      Successful search (ES-ell)        
    37        2171         18041.7         3.06416       0.0078125      Successful search (ES-ell)        
    37        2172         18041.6          3.1389       0.0078125      Successful search (ES-ell)        
    37        2173         18040.6          3.2289       0.0078125      Successful search (ES-ell)        
    37        2174         18040.1         3.53904       0.0078125      Successful search (ES-ell)        
    37        2212         18034.9         12.2356        0.015625        Successful poll           
    38        2213         18041.9         11.0185        0.015625      Successful search (ES-wcm)        
    38        2251         18041.3         13.8461         0.03125        Successful poll           Train
    39        2296         18043.1         2.50355        0.015625          Refine grid             Train
    40        2316         18026.9         6.45523         0.03125        Successful poll           Train
    41        2317         18036.2         9.13453         0.03125      Successful search (ES-ell)        
    41        2323         18035.3         7.30492         0.03125      Successful search (ES-ell)        
    41        2324         18032.5         7.93012         0.03125      Successful search (ES-ell)        
    41        2325         18026.5         9.42614         0.03125      Successful search (ES-wcm)        
    41        2326         18026.4         12.9956         0.03125      Successful search (ES-wcm)        
    41        2376         18026.4         12.9956        0.015625          Refine grid             
    42        2421           18042         2.68427       0.0078125          Refine grid             Train
    43        2422         18041.3         3.30346       0.0078125      Successful search (ES-wcm)        
    43        2423           18037         4.69206       0.0078125      Successful search (ES-wcm)        
    43        2424         18033.7          6.5455       0.0078125      Successful search (ES-wcm)        
    43        2481         18033.7          6.5455      0.00390625          Refine grid             Train
    44        2482         18043.7         2.35314      0.00390625      Successful search (ES-ell)        
    44        2484         18042.1         2.62442      0.00390625      Successful search (ES-ell)        
    44        2487         18041.2         2.82222      0.00390625      Successful search (ES-ell)        
    44        2488           18040         3.16607      0.00390625      Successful search (ES-ell)        
    44        2489         18037.7         3.63389      0.00390625      Successful search (ES-wcm)        
    44        2490         18033.8         4.96241      0.00390625      Successful search (ES-wcm)        
    44        2498         18032.7         4.54837      0.00390625      Successful search (ES-wcm)        
    44        2527         18016.1         14.1878       0.0078125        Successful poll           
    45        2536         18041.3         7.14617       0.0078125      Successful search (ES-wcm)        
    45        2537         18039.7         7.00785       0.0078125      Successful search (ES-wcm)        
    45        2538         18037.8         6.88533       0.0078125      Successful search (ES-wcm)        
    45        2549         18036.8          5.1329       0.0078125      Successful search (ES-wcm)        
    45        2553         18035.6          4.5912       0.0078125      Successful search (ES-wcm)        
    45        2554         18035.4         4.39512       0.0078125      Successful search (ES-wcm)        
    45        2555         18034.9         3.96139       0.0078125      Successful search (ES-ell)        
    45        2556         18034.3         4.14534       0.0078125      Successful search (ES-wcm)        
    45        2557         18033.2         4.51221       0.0078125      Successful search (ES-wcm)        
    45        2559         18030.4         5.57172       0.0078125      Successful search (ES-wcm)        
    45        2560         18027.9         7.30411       0.0078125      Successful search (ES-wcm)        
    45        2617         18027.9         7.30411      0.00390625          Refine grid             
    46        2661         18032.1         5.48628       0.0078125        Successful poll           
    47        2666         18026.5          7.2886       0.0078125      Successful search (ES-wcm)        
    47        2669           18025         6.70707       0.0078125      Successful search (ES-ell)        
    47        2670           18024         6.56915       0.0078125      Successful search (ES-ell)        
    47        2677         18020.7          6.7868       0.0078125      Successful search (ES-ell)        
    47        2678         18020.1          9.4073       0.0078125      Successful search (ES-ell)        
    47        2679         18009.2         13.2059       0.0078125      Successful search (ES-ell)        
    47        2736         18009.2         13.2059      0.00390625          Refine grid             Train
    48        2737         18026.2         5.10396      0.00390625      Successful search (ES-wcm)        
    48        2783         18024.5         6.63167       0.0078125        Successful poll           Train
    49        2794         18026.5         5.25665       0.0078125      Successful search (ES-ell)        
    49        2795         18025.3         5.17897       0.0078125      Successful search (ES-ell)        
    49        2799         18021.9         6.90589       0.0078125      Successful search (ES-wcm)        
    49        2800           18019          10.215       0.0078125      Successful search (ES-wcm)        
    49        2858           18019          10.215      0.00390625          Refine grid             
    50        2903         18025.9         10.0444       0.0078125        Successful poll           
    51        2948           18028          4.7313      0.00195312          Refine grid             Train
    52        2949         18026.7         3.78992      0.00195312      Successful search (ES-ell)        
    52        2950         18023.1            4.27      0.00195312      Successful search (ES-ell)        
    52        2951         18017.5         5.38929      0.00195312      Successful search (ES-wcm)        
    52        2953         18016.3         6.30963      0.00195312      Successful search (ES-wcm)        
    52        2959         18014.6         5.52326      0.00195312      Successful search (ES-wcm)        
    52        2975         18014.5         4.15289      0.00195312      Successful search (ES-wcm)        
    52        2979         18014.3         4.22704      0.00195312      Successful search (ES-ell)        
    52        3011         17999.2         6.14338      0.00390625        Successful poll           Train
    53        3013         18002.1         6.44819      0.00390625      Successful search (ES-ell)        
    53        3014           17998         9.79544      0.00390625      Successful search (ES-ell)        
    53        3015           17986         12.7248      0.00390625      Successful search (ES-ell)        
    53        3016         17977.8         17.4902      0.00390625      Successful search (ES-wcm)        
    53        3071         17977.8         17.4902      0.00195312          Refine grid             
    54        3072           17999         7.67764      0.00195312      Successful search (ES-wcm)        
    54        3131           17999         7.67764     0.000976562          Refine grid             
Optimization terminated: change in the function value less than options['tol_mesh']
Estimated function value at minimum: 18014.993229643092 ± 2.405595488798487 (mean ± SEM from 100 samples)
BADS minimum at: x_min = [ 1.3025 17.0237  3.3891  6.1908  4.3419  1.8619  2.3354  0.3486 22.8788
 26.9782  0.3911  0.514   0.1967  0.1625  0.4577], training NLL = 18014.9932
total f-count: 3231, time: 139.85 min

 Optimization Run 2/2
Initial params: [1.7311, 4.023, 7.8836, 16.2048, 1.5436, 24.9723, 2.0328, 0.1522, 24.7163, 20.1978, 0.2954, 0.7584, 0.2215, 0.1842, 1.356]
bads:TooCloseBounds: For each variable, hard and plausible bounds should not be too close. Moving plausible bounds.
Variables (index) internally transformed to log coordinates: [[0 0]
 [0 3]
 [0 5]
 [0 6]]
Beginning optimization of a STOCHASTIC objective function

 Iteration    f-count      E[f(x)]        SD[f(x)]           MeshScale          Method              Actions
     0           1         25329.2             nan               1                                  
     0          33         23188.9             nan               1          Initial mesh            Initial points
     0          51         23002.6        0.968308               1        Successful poll           Train
     1          52         22552.7        0.968273               1      Successful search (ES-wcm)        
     1          54         22477.7        0.968288               1      Successful search (ES-wcm)        
     1          58         22281.9        0.968185               1      Successful search (ES-wcm)        
     1          60         21888.3        0.968256               1      Successful search (ES-wcm)        
     1          64           21588        0.967586               1      Successful search (ES-wcm)        
     1          67         21519.9        0.997904               1      Successful search (ES-wcm)        
     1          73         21458.5         0.99785               1      Successful search (ES-wcm)        
     1          77         21412.5        0.997648               1      Successful search (ES-wcm)        
     1          78         21357.7        0.997624               1      Successful search (ES-wcm)        
     1          83         21103.6        0.997858               1      Successful search (ES-wcm)        
     1          86         20951.1        0.997761               1      Successful search (ES-ell)        
     1          88         20816.6        0.997621               1      Successful search (ES-ell)        
     1          89         20519.6        0.997856               1      Successful search (ES-ell)        
     1          99           20224        0.997258               1      Successful search (ES-ell)        
     1         103         19996.8        0.996975               1      Successful search (ES-ell)        
     1         110         19962.5        0.983045               1      Successful search (ES-ell)        
     1         120         19940.1        0.993137               1      Successful search (ES-wcm)        
     1         122         19919.2        0.954051               1      Successful search (ES-ell)        
     1         123         19904.9        0.963007               1      Successful search (ES-ell)        
     1         124         19903.5        0.963604               1      Successful search (ES-ell)        
     1         126         19895.5        0.984975               1      Successful search (ES-ell)        
     1         134         19859.1         1.06112               1      Successful search (ES-ell)        
     1         138         19858.8          1.0386               1      Incremental search (ES-ell)        
     1         180           19839         14.3653               1        Successful poll           Train
     2         218         19832.8         14.2717             0.5          Refine grid             Train
     3         220         19780.5         25.0347             0.5      Successful search (ES-wcm)        
     3         223         19773.6          25.275             0.5      Successful search (ES-wcm)        
     3         225         19753.9         22.0745             0.5      Successful search (ES-ell)        
     3         226         19715.1         22.9889             0.5      Successful search (ES-ell)        
     3         228         19671.5         23.2782             0.5      Successful search (ES-ell)        
     3         230         19636.2         22.8511             0.5      Successful search (ES-ell)        
     3         232         19564.3         22.6527             0.5      Successful search (ES-ell)        
     3         234         19520.9         23.6176             0.5      Successful search (ES-ell)        
     3         238         19495.6         19.6585             0.5      Successful search (ES-ell)        
     3         240         19482.5         17.8982             0.5      Successful search (ES-ell)        
     3         241         19426.8         21.6008             0.5      Successful search (ES-ell)        
     3         244         19383.6         19.5433             0.5      Successful search (ES-ell)        
     3         245         19360.4         21.6528             0.5      Successful search (ES-ell)        
     3         250         19360.3          19.725             0.5      Incremental search (ES-ell)        
     3         254         19354.4         15.0496             0.5      Successful search (ES-ell)        
     3         257         19345.8            14.5             0.5      Successful search (ES-ell)        
     3         266         19345.5         19.9027             0.5      Incremental search (ES-ell)        
     3         269         19315.6         19.7826             0.5      Successful search (ES-ell)        
     3         277           19314         9.15374             0.5      Successful search (ES-wcm)        
     3         278         19311.3         10.3054             0.5      Successful search (ES-wcm)        
     3         282         19299.3         16.6573             0.5      Successful search (ES-wcm)        
     3         286         19297.6         11.0464             0.5      Successful search (ES-wcm)        
     3         334         19297.6         11.0464            0.25          Refine grid             
     4         336           19313         14.0724            0.25      Successful search (ES-wcm)        
     4         339         19312.4         12.4324            0.25      Successful search (ES-wcm)        
     4         340           19299         14.2197            0.25      Successful search (ES-ell)        
     4         343         19295.3         11.1182            0.25      Successful search (ES-ell)        
     4         348         19293.5         8.68172            0.25      Successful search (ES-ell)        
     4         349         19292.5         10.1893            0.25      Successful search (ES-ell)        
     4         353         19288.7         10.8824            0.25      Successful search (ES-ell)        
     4         354         19237.5         23.3319            0.25      Successful search (ES-wcm)        
     4         355         19187.7         23.8022            0.25      Successful search (ES-wcm)        
     4         357         19110.2         23.7119            0.25      Successful search (ES-wcm)        
     4         367           19110         21.3322            0.25      Successful search (ES-wcm)        
     4         369         18977.2         23.3216            0.25      Successful search (ES-wcm)        
     4         382         18952.3         22.6711            0.25      Successful search (ES-wcm)        
     4         387         18946.2         18.1326            0.25      Successful search (ES-ell)        
     4         388         18914.3         19.5584            0.25      Successful search (ES-ell)        
     4         390         18899.9         19.3589            0.25      Successful search (ES-ell)        
     4         436         18899.9         19.3589           0.125          Refine grid             Train
     5         437           18893         14.4641           0.125      Successful search (ES-ell)        
     5         445         18892.6         7.77521           0.125      Successful search (ES-ell)        
     5         446         18889.4          8.0695           0.125      Successful search (ES-ell)        
     5         447         18887.3          8.4141           0.125      Successful search (ES-ell)        
     5         448         18884.9         9.79021           0.125      Successful search (ES-ell)        
     5         450         18884.1         10.6423           0.125      Successful search (ES-ell)        
     5         454         18873.1         17.5222           0.125      Successful search (ES-wcm)        
     5         455         18863.7         23.4127           0.125      Successful search (ES-wcm)        
     5         456         18833.1         24.3491           0.125      Successful search (ES-wcm)        
     5         458         18813.7         23.4241           0.125      Successful search (ES-wcm)        
     5         462         18812.1         18.9618           0.125      Successful search (ES-wcm)        
     5         465         18804.6         16.4319           0.125      Successful search (ES-ell)        
     5         468         18790.5         21.0993           0.125      Successful search (ES-ell)        
     5         469         18770.9         22.3515           0.125      Successful search (ES-ell)        
     5         471         18764.1         23.1973           0.125      Successful search (ES-wcm)        
     5         473         18738.1         22.8231           0.125      Successful search (ES-ell)        
     5         475         18737.7         22.7441           0.125      Successful search (ES-ell)        
     5         477         18659.1         22.5581           0.125      Successful search (ES-ell)        
     5         479         18627.5         22.3854           0.125      Successful search (ES-wcm)        
     5         481         18598.6         20.9656           0.125      Successful search (ES-wcm)        
     5         483         18589.4         21.2393           0.125      Successful search (ES-wcm)        
     5         485         18583.2          22.517           0.125      Successful search (ES-wcm)        
     5         487         18577.7         24.7266           0.125      Successful search (ES-ell)        
     5         539         18557.8         27.3704            0.25        Successful poll           Train
     6         540         18554.1         28.1203            0.25      Successful search (ES-ell)        
     6         598         18554.1         28.1203           0.125          Refine grid             Train
     7         599         18537.8          13.085           0.125      Successful search (ES-ell)        
     7         600         18485.6         23.4035           0.125      Successful search (ES-ell)        
     7         602         18468.5         24.0829           0.125      Successful search (ES-ell)        
     7         603         18461.3         26.4483           0.125      Successful search (ES-ell)        
     7         606         18452.8         23.4797           0.125      Successful search (ES-ell)        
     7         658         18452.8         23.4797          0.0625          Refine grid             
     8         659         18449.1         6.55642          0.0625      Successful search (ES-ell)        
     8         660         18424.2         10.3714          0.0625      Successful search (ES-ell)        
     8         661         18403.6          16.483          0.0625      Successful search (ES-ell)        
     8         663         18399.5         16.0956          0.0625      Successful search (ES-ell)        
     8         664         18382.3         22.2689          0.0625      Successful search (ES-ell)        
     8         668         18349.6          19.702          0.0625      Successful search (ES-wcm)        
     8         718         18349.6          19.702         0.03125          Refine grid             
     9         719         18367.6         6.76455         0.03125      Successful search (ES-ell)        
     9         720         18367.2         11.4979         0.03125      Successful search (ES-wcm)        
     9         722         18365.2         11.9285         0.03125      Successful search (ES-ell)        
     9         723         18354.7         16.4588         0.03125      Successful search (ES-ell)        
     9         778         18354.7         16.4588        0.015625          Refine grid             
    10         779         18382.3          4.6024        0.015625      Successful search (ES-ell)        
    10         780         18370.5         6.12994        0.015625      Successful search (ES-ell)        
    10         781           18360         9.38702        0.015625      Successful search (ES-ell)        
    10         838           18360         9.38702       0.0078125          Refine grid             Train
    11         839         18370.5         3.79153       0.0078125      Successful search (ES-ell)        
    11         840         18367.5         4.44626       0.0078125      Successful search (ES-ell)        
    11         841         18365.2         6.29285       0.0078125      Successful search (ES-ell)        
    11         842         18360.7         9.14791       0.0078125      Successful search (ES-ell)        
    11         895         18359.7          8.0255        0.015625        Successful poll           Train
    12         897         18353.6         5.60079        0.015625      Successful search (ES-ell)        
    12         898         18349.1         7.43359        0.015625      Successful search (ES-ell)        
    12         900         18346.5         9.56535        0.015625      Successful search (ES-wcm)        
    12         955         18332.6         9.80605         0.03125        Successful poll           
    13        1000         18369.8         4.48916        0.015625          Refine grid             Train
    14        1001         18344.1         8.46427        0.015625      Successful search (ES-wcm)        
    14        1016         18342.5         5.86813        0.015625      Successful search (ES-ell)        
    14        1017         18328.6         6.96976        0.015625      Successful search (ES-ell)        
    14        1018         18316.4          9.9044        0.015625      Successful search (ES-ell)        
    14        1075         18316.4          9.9044       0.0078125          Refine grid             Train
    15        1076         18363.7         4.45156       0.0078125      Successful search (ES-ell)        
    15        1077         18358.6         5.22621       0.0078125      Successful search (ES-ell)        
    15        1078         18354.9         6.53248       0.0078125      Successful search (ES-wcm)        
    15        1079         18348.8          8.2745       0.0078125      Successful search (ES-ell)        
    15        1080         18342.7          11.775       0.0078125      Successful search (ES-ell)        
    15        1135         18342.7          11.775      0.00390625          Refine grid             Train
    16        1136         18355.3         4.46922      0.00390625      Successful search (ES-ell)        
    16        1137         18352.7         4.98033      0.00390625      Successful search (ES-ell)        
    16        1138         18346.9         5.67113      0.00390625      Successful search (ES-wcm)        
    16        1140           18343         6.33254      0.00390625      Successful search (ES-wcm)        
    16        1141         18342.3         8.14431      0.00390625      Successful search (ES-wcm)        
    16        1142         18338.8          10.777      0.00390625      Successful search (ES-wcm)        
    16        1195         18338.8          10.777      0.00195312          Refine grid             
    17        1196         18364.6         3.49206      0.00195312      Successful search (ES-wcm)        
    17        1197           18361         3.50895      0.00195312      Successful search (ES-wcm)        
    17        1198         18357.7          3.6527      0.00195312      Successful search (ES-wcm)        
    17        1232         18345.5         16.9418      0.00390625        Successful poll           
    18        1233         18340.9         14.3872      0.00390625      Successful search (ES-wcm)        
    18        1236         18336.4         9.73111      0.00390625      Successful search (ES-ell)        
    18        1237         18331.1         9.45102      0.00390625      Successful search (ES-ell)        
    18        1238         18330.7         9.68124      0.00390625      Successful search (ES-ell)        
    18        1292         18330.7         9.68124      0.00195312          Refine grid             Train
    19        1293         18353.8         4.35338      0.00195312      Successful search (ES-ell)        
    19        1294         18350.7         5.18454      0.00195312      Successful search (ES-ell)        
    19        1352         18350.7         5.18454     0.000976562          Refine grid             Train
Optimization terminated: change in the function value less than options['tol_mesh']
Estimated function value at minimum: 18358.315378397543 ± 2.840881072819077 (mean ± SEM from 100 samples)
BADS minimum at: x_min = [1.23000e-02 5.39190e+00 5.47650e+00 6.37470e+00 4.50710e+00 2.16670e+00
 8.81000e-01 9.88000e-02 3.88547e+01 9.79790e+00 1.17500e-01 4.41900e-01
 1.66000e-01 1.49800e-01 5.21900e-01], training NLL = 18358.3154
total f-count: 1452, time: 62.77 min

 ------- Finish Optimization for Subject 6 ---------- 

 ------- Start Optimization for Subject 11 ---------- 

 Cross Validation fold 0/1

 -- Start Optimization: method BADS --

 Optimization Run 1/2
Initial params: [1.5686, 5.6244, 14.0721, 19.9993, -1.8596, 40.9756, 2.7705, 0.3428, 28.6301, 27.3066, 0.5741, 0.4091, 0.2201, 0.1095, 0.3204]
bads:TooCloseBounds: For each variable, hard and plausible bounds should not be too close. Moving plausible bounds.
Variables (index) internally transformed to log coordinates: [[0 0]
 [0 3]
 [0 5]
 [0 6]]
Beginning optimization of a STOCHASTIC objective function

 Iteration    f-count      E[f(x)]        SD[f(x)]           MeshScale          Method              Actions
     0           1         25766.6             nan               1                                  
     0          33         23376.6             nan               1          Initial mesh            Initial points
     0          58           23131         1.00241               1        Successful poll           Train
     1          62         22982.1         1.00234               1      Successful search (ES-wcm)        
     1          65         22587.2        0.919101               1      Successful search (ES-wcm)        
     1          68         22508.9        0.918781               1      Successful search (ES-ell)        
     1          69           22293        0.918884               1      Successful search (ES-ell)        
     1          70         22277.6        0.918987               1      Successful search (ES-ell)        
     1          71         22197.7        0.919002               1      Successful search (ES-ell)        
     1          72         22045.1         0.91909               1      Successful search (ES-ell)        
     1          80         21782.7        0.918995               1      Successful search (ES-wcm)        
     1          84         21697.7        0.918261               1      Successful search (ES-wcm)        
     1          85         21681.2        0.916961               1      Successful search (ES-wcm)        
     1          86         21596.5        0.917954               1      Successful search (ES-wcm)        
     1          87           21417        0.918661               1      Successful search (ES-wcm)        
     1          88         21343.5        0.918566               1      Successful search (ES-ell)        
     1          89         21300.9        0.919059               1      Successful search (ES-wcm)        
     1          90         21280.7        0.918993               1      Successful search (ES-wcm)        
     1          93         21203.5        0.919004               1      Successful search (ES-ell)        
     1          95         21121.1        0.918974               1      Successful search (ES-ell)        
     1          97         20873.7         1.09807               1      Successful search (ES-ell)        
     1         102           20832         1.09796               1      Successful search (ES-ell)        
     1         108         20535.3         1.09788               1      Successful search (ES-wcm)        
     1         110         20523.2         1.09804               1      Successful search (ES-wcm)        
     1         113         20435.6         1.09801               1      Successful search (ES-wcm)        
     1         117         20337.5         1.09762               1      Successful search (ES-wcm)        
     1         118         20200.2         1.09779               1      Successful search (ES-wcm)        
     1         120         20022.3         1.09801               1      Successful search (ES-wcm)        
     1         123         19641.5         1.09802               1      Successful search (ES-wcm)        
     1         124         19568.7         1.09802               1      Successful search (ES-wcm)        
     1         131         19218.7         1.01543               1      Successful search (ES-wcm)        
     1         132         19191.3         1.01532               1      Successful search (ES-ell)        
     1         133         18852.5         1.01549               1      Successful search (ES-wcm)        
     1         139         18690.8         1.01547               1      Successful search (ES-wcm)        
     1         140         18581.5         1.01542               1      Successful search (ES-wcm)        
     1         143         18404.4         1.01544               1      Successful search (ES-wcm)        
     1         145         18307.6         1.01497               1      Successful search (ES-ell)        
     1         150         18262.4         1.01535               1      Successful search (ES-wcm)        
     1         152         18220.4          1.0147               1      Successful search (ES-wcm)        
     1         156         18214.1         1.01496               1      Successful search (ES-wcm)        
     1         161           18102        0.985019               1      Successful search (ES-ell)        
     1         162         18045.5        0.985072               1      Successful search (ES-ell)        
     1         163         18031.3         0.98546               1      Successful search (ES-ell)        
     1         166         17891.3        0.985723               1      Successful search (ES-ell)        
     1         170         17831.5        0.985471               1      Successful search (ES-ell)        
     1         172         17728.4        0.985255               1      Successful search (ES-ell)        
     1         180         17657.2        0.985593               1      Successful search (ES-ell)        
     1         186         17496.2        0.985227               1      Successful search (ES-wcm)        
     1         189         17400.3         1.31898               1      Successful search (ES-wcm)        
     1         197         17386.4          1.3189               1      Successful search (ES-wcm)        
     1         200           17360         1.31891               1      Successful search (ES-wcm)        
     1         215         17356.3         1.31738               1      Successful search (ES-wcm)        
     1         216         17283.2         1.31889               1      Successful search (ES-wcm)        
     1         232         17243.6         1.31647               1      Successful search (ES-wcm)        
     1         237         17229.2         1.26332               1      Successful search (ES-wcm)        
     1         245         17222.3         1.31549               1      Successful search (ES-wcm)        
     1         287         17222.3         1.31549             0.5          Refine grid             
     2         289         17224.4         31.6225             0.5      Successful search (ES-wcm)        
     2         293         17218.1         22.5493             0.5      Successful search (ES-ell)        
     2         305         17123.1         26.5491             0.5      Successful search (ES-ell)        
     2         307         17090.4          26.393             0.5      Successful search (ES-ell)        
     2         359         17090.4          26.393            0.25          Refine grid             
     3         360         17125.1         24.1676            0.25      Successful search (ES-wcm)        
     3         362         17049.1         25.6645            0.25      Successful search (ES-wcm)        
     3         419         17049.1         25.6645           0.125          Refine grid             
     4         420         17057.1         15.4174           0.125      Successful search (ES-wcm)        
     4         422         17032.6         15.5045           0.125      Successful search (ES-wcm)        
     4         479         17031.5         6.11564            0.25        Successful poll           Train
     5         482         17012.1         12.8603            0.25      Successful search (ES-ell)        
     5         484         17006.4         15.1572            0.25      Successful search (ES-ell)        
     5         487         17006.3         13.1722            0.25      Incremental search (ES-ell)        
     5         539         17006.3         13.1722           0.125          Refine grid             Train
     6         540         17025.1         9.90263           0.125      Successful search (ES-ell)        
     6         556         17023.8         9.61397           0.125      Successful search (ES-wcm)        
     6         559         17021.2         8.96248           0.125      Successful search (ES-wcm)        
     6         562         17018.2         6.16619           0.125      Successful search (ES-wcm)        
     6         564         17017.1         9.47681           0.125      Successful search (ES-wcm)        
     6         614         17017.1         9.47681          0.0625          Refine grid             Train
     7         615         17020.2         5.08618          0.0625      Successful search (ES-wcm)        
     7         618         17018.3          5.3032          0.0625      Successful search (ES-wcm)        
     7         627         17018.1         4.43176          0.0625      Successful search (ES-wcm)        
     7         629         17017.5         4.25909          0.0625      Successful search (ES-wcm)        
     7         632         17016.7         4.01595          0.0625      Successful search (ES-wcm)        
     7         633           17016         5.09182          0.0625      Successful search (ES-wcm)        
     7         689           17016         5.09182         0.03125          Refine grid             Train
     8         690           17022         6.50571         0.03125      Successful search (ES-ell)        
     8         691         17017.9         9.55257         0.03125      Successful search (ES-ell)        
     8         692         17007.9         11.9407         0.03125      Successful search (ES-ell)        
     8         733         16990.9         5.30311          0.0625        Successful poll           Train
     9         734           16962         6.21364          0.0625      Successful search (ES-ell)        
     9         735         16948.8         7.93532          0.0625      Successful search (ES-ell)        
     9         793         16948.8         7.93532         0.03125          Refine grid             Train
    10         794         17024.2         4.95194         0.03125      Successful search (ES-ell)        
    10         795         17019.5         6.06067         0.03125      Successful search (ES-wcm)        
    10         797         17012.4         7.05489         0.03125      Successful search (ES-wcm)        
    10         853         17012.4         7.05489        0.015625          Refine grid             Train
    11         854         17030.2         4.86294        0.015625      Successful search (ES-wcm)        
    11         855         17021.1         5.03688        0.015625      Successful search (ES-wcm)        
    11         860         17020.7         4.39246        0.015625      Successful search (ES-wcm)        
    11         862         17019.5         4.35642        0.015625      Successful search (ES-wcm)        
    11         913         17019.3         3.92998         0.03125        Successful poll           
    12         914         17013.2         7.06419         0.03125      Successful search (ES-ell)        
    12         919         17011.4         4.68771         0.03125      Successful search (ES-ell)        
    12         920         17003.3         6.01055         0.03125      Successful search (ES-ell)        
    12         973         17003.3         6.01055        0.015625          Refine grid             
    13         974         17004.6         5.95652        0.015625      Successful search (ES-ell)        
    13         975         16990.7         9.29909        0.015625      Successful search (ES-ell)        
    13        1033         16990.7         9.29909       0.0078125          Refine grid             
    14        1034           17015         2.72923       0.0078125      Successful search (ES-wcm)        
    14        1035         17010.6         3.54732       0.0078125      Successful search (ES-wcm)        
    14        1036         17008.8         5.10657       0.0078125      Successful search (ES-wcm)        
    14        1093         17008.8         5.10657      0.00390625          Refine grid             Train
    15        1094         17019.8         2.15959      0.00390625      Successful search (ES-wcm)        
    15        1095         17017.2         2.63167      0.00390625      Successful search (ES-ell)        
    15        1096         17013.5         3.27057      0.00390625      Successful search (ES-ell)        
    15        1097         17011.2         4.85947      0.00390625      Successful search (ES-ell)        
    15        1098         17006.7         6.23827      0.00390625      Successful search (ES-ell)        
    15        1099         16994.6         8.45789      0.00390625      Successful search (ES-ell)        
    15        1153         16994.6         8.45789      0.00195312          Refine grid             Train
    16        1154         17014.6         2.63519      0.00195312      Successful search (ES-ell)        
    16        1155         17013.7         2.77134      0.00195312      Successful search (ES-ell)        
    16        1156         17011.9         3.16818      0.00195312      Successful search (ES-ell)        
    16        1157         17011.3         3.95786      0.00195312      Successful search (ES-ell)        
    16        1213         17005.2         6.73477      0.00390625        Successful poll           
    17        1214         17014.5         2.30023      0.00390625      Successful search (ES-ell)        
    17        1215         17012.6         2.83283      0.00390625      Successful search (ES-ell)        
    17        1216         17011.2          4.2784      0.00390625      Successful search (ES-ell)        
    17        1217         17008.6         6.10577      0.00390625      Successful search (ES-ell)        
    17        1218         17003.8         8.18678      0.00390625      Successful search (ES-ell)        
    17        1273         17003.8         8.18678      0.00195312          Refine grid             
    18        1274         17010.2         6.11779      0.00195312      Successful search (ES-ell)        
    18        1275         17006.8         6.51982      0.00195312      Successful search (ES-ell)        
    18        1333         17006.8         6.51982     0.000976562          Refine grid             
Optimization terminated: change in the function value less than options['tol_mesh']
Estimated function value at minimum: 17020.82903005677 ± 2.2951387755249293 (mean ± SEM from 100 samples)
BADS minimum at: x_min = [ 0.6946  3.0701  4.6537  8.2828  6.0174  1.612   2.6871  0.2682 22.1292
 11.7196  0.3962  0.4132  0.2204  0.1786  0.8808], training NLL = 17020.829
total f-count: 1433, time: 62.0 min

 Optimization Run 2/2
Initial params: [1.7131, 9.6745, 2.702, 15.1713, 2.3443, 42.3514, 1.5952, 0.3826, 28.727, 27.4775, 0.7805, 0.6304, 0.2041, 0.2069, 1.122]
bads:TooCloseBounds: For each variable, hard and plausible bounds should not be too close. Moving plausible bounds.
Variables (index) internally transformed to log coordinates: [[0 0]
 [0 3]
 [0 5]
 [0 6]]
Beginning optimization of a STOCHASTIC objective function

 Iteration    f-count      E[f(x)]        SD[f(x)]           MeshScale          Method              Actions
     0           1         25766.6             nan               1                                  
     0          33         23408.5             nan               1          Initial mesh            Initial points
     0          34         23379.3         1.03816               1        Successful poll           Train
     1          40         23201.4          1.0377               1      Successful search (ES-wcm)        
     1          41         22794.6         1.03805               1      Successful search (ES-wcm)        
     1          45         22626.7         1.03761               1      Successful search (ES-wcm)        
     1          46         22599.3         1.03699               1      Successful search (ES-wcm)        
     1          49         22558.4         1.03604               1      Successful search (ES-wcm)        
     1          51         22006.7         1.03795               1      Successful search (ES-wcm)        
     1          58         21880.2         1.03105               1      Successful search (ES-wcm)        
     1          61         21866.3         1.02833               1      Successful search (ES-wcm)        
     1          63         21801.2         1.03162               1      Successful search (ES-wcm)        
     1          68         21618.3        0.959348               1      Successful search (ES-wcm)        
     1          73         21504.5        0.958999               1      Successful search (ES-ell)        
     1          75         21471.4        0.958284               1      Successful search (ES-ell)        
     1          78         21447.2         0.95678               1      Successful search (ES-ell)        
     1          86         21353.3        0.952273               1      Successful search (ES-ell)        
     1          87         21291.6        0.956271               1      Successful search (ES-ell)        
     1          92         21287.6        0.904759               1      Successful search (ES-ell)        
     1         101           21241         1.02896               1      Successful search (ES-ell)        
     1         102         21229.6         1.02901               1      Successful search (ES-ell)        
     1         106         21175.6         1.02872               1      Successful search (ES-ell)        
     1         109         21098.1         1.02753               1      Successful search (ES-ell)        
     1         119         21059.3         1.02834               1      Successful search (ES-wcm)        
     1         122         21043.7         1.02807               1      Successful search (ES-wcm)        
     1         124           21027          1.0276               1      Successful search (ES-wcm)        
     1         125         20927.3         1.02909               1      Successful search (ES-wcm)        
     1         128         20083.6         21.9645               1      Successful search (ES-wcm)        
     1         133           19422         21.6952               1      Successful search (ES-wcm)        
     1         135         19237.6         21.8288               1      Successful search (ES-wcm)        
     1         140         19171.8         21.5944               1      Successful search (ES-wcm)        
     1         144         19130.5         21.3095               1      Successful search (ES-wcm)        
     1         146         19096.4         20.2802               1      Successful search (ES-wcm)        
     1         148         19072.2         19.9265               1      Successful search (ES-wcm)        
     1         156         19037.9         17.6811               1      Successful search (ES-wcm)        
     1         158         18987.4         25.4393               1      Successful search (ES-ell)        
     1         161         18936.1         24.7579               1      Successful search (ES-ell)        
     1         162         18851.4         25.1649               1      Successful search (ES-ell)        
     1         172         18823.4          24.875               1      Successful search (ES-wcm)        
     1         173         18777.4         25.6725               1      Successful search (ES-wcm)        
     1         178         18756.3         24.0504               1      Successful search (ES-ell)        
     1         179         18717.4         24.6688               1      Successful search (ES-ell)        
     1         182         18714.8         23.6114               1      Successful search (ES-ell)        
     1         184         18627.5         21.6006               1      Successful search (ES-ell)        
     1         188         18601.1         23.3437               1      Successful search (ES-ell)        
     1         189         18540.8         25.1811               1      Successful search (ES-ell)        
     1         200         18365.8         25.4135               1      Successful search (ES-wcm)        
     1         206         18343.7          23.373               1      Successful search (ES-ell)        
     1         207         18302.9         23.3641               1      Successful search (ES-ell)        
     1         208         18226.9         25.0546               1      Successful search (ES-ell)        
     1         212         18195.1         22.7306               1      Successful search (ES-ell)        
     1         214           18173         24.8386               1      Successful search (ES-wcm)        
     1         220         18145.9         20.2287               1      Successful search (ES-ell)        
     1         221         18059.7         25.0487               1      Successful search (ES-wcm)        
     1         222         18010.6         25.6774               1      Successful search (ES-wcm)        
     1         225         17937.3         25.4799               1      Successful search (ES-wcm)        
     1         229         17819.5         23.6455               1      Successful search (ES-wcm)        
     1         234           17819         24.9437               1      Incremental search (ES-wcm)        
     1         236         17815.4         25.2497               1      Successful search (ES-wcm)        
     1         237         17797.5         25.3459               1      Successful search (ES-wcm)        
     1         242         17723.4          23.978               1      Successful search (ES-wcm)        
     1         243         17715.8         25.4124               1      Successful search (ES-wcm)        
     1         250         17680.5         24.3513               1      Successful search (ES-wcm)        
     1         252         17675.1         20.2659               1      Successful search (ES-wcm)        
     1         254           17646         21.5609               1      Successful search (ES-wcm)        
     1         263         17633.6         18.5394               1      Successful search (ES-wcm)        
     1         278         17627.1         24.1127               1      Successful search (ES-ell)        
     1         292         17621.7          21.494               1      Successful search (ES-ell)        
     1         293         17591.1         24.5541               1      Successful search (ES-ell)        
     1         296         17581.8         22.8081               1      Successful search (ES-ell)        
     1         297         17507.5         22.8309               1      Successful search (ES-ell)        
     1         300         17489.1         19.6562               1      Successful search (ES-ell)        
     1         303           17465         16.8201               1      Successful search (ES-ell)        
     1         304         17310.6         21.5047               1      Successful search (ES-ell)        
     1         308         17309.1         14.7827               1      Successful search (ES-ell)        
     1         309         17258.3         20.0686               1      Successful search (ES-ell)        
     1         354         17245.5          25.261               1        Successful poll           Train
     2         358         16944.6         22.5014               1      Successful search (ES-ell)        
     2         359         16920.6         23.7125               1      Successful search (ES-ell)        
     2         404         16920.6         23.7125             0.5          Refine grid             
     3         406         17021.2         16.6339             0.5      Successful search (ES-ell)        
     3         460         17021.2         16.6339            0.25          Refine grid             
     4         461           16802           10.78            0.25      Successful search (ES-ell)        
     4         518           16802           10.78           0.125          Refine grid             
     5         519         17185.7         10.1053           0.125      Successful search (ES-ell)        
     5         520         17110.2         15.2116           0.125      Successful search (ES-ell)        
     5         521         17047.3         19.2606           0.125      Successful search (ES-ell)        
     5         524         17014.8         16.3442           0.125      Successful search (ES-ell)        
     5         525         17001.2         20.2168           0.125      Successful search (ES-wcm)        
     5         527         16994.5         22.2018           0.125      Successful search (ES-wcm)        
     5         528         16976.7         22.5773           0.125      Successful search (ES-wcm)        
     5         531         16957.1         21.8476           0.125      Successful search (ES-wcm)        
     5         534         16956.2         19.3662           0.125      Successful search (ES-wcm)        
     5         535         16942.2         19.2327           0.125      Successful search (ES-wcm)        
     5         537         16940.4         19.9965           0.125      Successful search (ES-wcm)        
     5         539         16930.1          19.966           0.125      Successful search (ES-wcm)        
     5         542           16921         19.0929           0.125      Successful search (ES-wcm)        
     5         545         16913.1         19.0565           0.125      Successful search (ES-wcm)        
     5         591         16913.1         19.0565          0.0625          Refine grid             
     6         592         16920.1         7.87313          0.0625      Successful search (ES-wcm)        
     6         593         16913.3         11.4297          0.0625      Successful search (ES-wcm)        
     6         594         16905.7         15.4121          0.0625      Successful search (ES-wcm)        
     6         596         16871.9         14.5633          0.0625      Successful search (ES-wcm)        
     6         641         16863.7         10.3636           0.125        Successful poll           
     7         642         16871.5         19.2353           0.125      Successful search (ES-wcm)        
     7         701         16871.5         19.2353          0.0625          Refine grid             
     8         702         16879.6         15.2653          0.0625      Successful search (ES-wcm)        
     8         761         16879.6         15.2653         0.03125          Refine grid             
     9         762         16911.1         5.50727         0.03125      Successful search (ES-ell)        
     9         764         16895.8         6.34353         0.03125      Successful search (ES-ell)        
     9         765         16883.3         8.63842         0.03125      Successful search (ES-ell)        
     9         766         16865.5         11.8072         0.03125      Successful search (ES-ell)        
     9         767         16854.6         14.3693         0.03125      Successful search (ES-ell)        
     9         768         16842.8         18.0253         0.03125      Successful search (ES-ell)        
     9         770         16834.7         16.7218         0.03125      Successful search (ES-ell)        
     9         773           16833         13.7222         0.03125      Successful search (ES-ell)        
     9         776         16831.6         12.4389         0.03125      Successful search (ES-ell)        
     9         819         16831.6         12.4389        0.015625          Refine grid             Train
    10         820         16853.1         3.91929        0.015625      Successful search (ES-ell)        
    10         821           16845         5.14761        0.015625      Successful search (ES-ell)        
    10         822           16832         7.15981        0.015625      Successful search (ES-ell)        
    10         824         16828.9         7.84844        0.015625      Successful search (ES-ell)        
    10         879         16828.9         7.84844       0.0078125          Refine grid             Train
    11         880         16861.1         3.76593       0.0078125      Successful search (ES-ell)        
    11         881         16855.5         4.19253       0.0078125      Successful search (ES-ell)        
    11         882         16846.3         5.14454       0.0078125      Successful search (ES-ell)        
    11         883           16835         6.48135       0.0078125      Successful search (ES-ell)        
    11         884         16821.2         9.07784       0.0078125      Successful search (ES-ell)        
    11         939         16821.2         9.07784      0.00390625          Refine grid             
    12         940         16859.5         3.51563      0.00390625      Successful search (ES-ell)        
    12         941         16856.8         3.87103      0.00390625      Successful search (ES-ell)        
    12         942         16854.2         4.30869      0.00390625      Successful search (ES-ell)        
    12         943         16851.1         5.06146      0.00390625      Successful search (ES-ell)        
    12         944         16846.4         5.84162      0.00390625      Successful search (ES-ell)        
    12         999         16846.4         5.84162      0.00195312          Refine grid             
    13        1000         16875.6         3.32153      0.00195312      Successful search (ES-ell)        
    13        1001         16873.8         3.36149      0.00195312      Successful search (ES-ell)        
    13        1002         16873.1         3.52737      0.00195312      Successful search (ES-ell)        
    13        1003         16871.5         3.95546      0.00195312      Successful search (ES-ell)        
    13        1004         16869.5         4.66494      0.00195312      Successful search (ES-ell)        
    13        1005           16857         4.24561      0.00195312      Successful search (ES-wcm)        
    13        1006         16848.7         4.59033      0.00195312      Successful search (ES-wcm)        
    13        1007         16846.8          6.8039      0.00195312      Successful search (ES-ell)        
    13        1008         16846.3         9.12355      0.00195312      Successful search (ES-wcm)        
    13        1059         16846.3         9.12355     0.000976562          Refine grid             
Optimization terminated: change in the function value less than options['tol_mesh']
Estimated function value at minimum: 16856.93024015068 ± 1.9991870140253674 (mean ± SEM from 100 samples)
BADS minimum at: x_min = [ 0.736   2.5375  5.3011  8.1148  5.9265  1.0359  2.6288  0.2622  5.4134
 23.8199  0.6137  0.3183  0.3202  0.2823  0.8606], training NLL = 16856.9302
total f-count: 1159, time: 50.34 min

 ------- Finish Optimization for Subject 11 ---------- 

 ------- Start Optimization for Subject 15 ---------- 

 Cross Validation fold 0/1

 -- Start Optimization: method BADS --

 Optimization Run 1/2
Initial params: [0.9265, 6.911, 13.7138, 17.3121, 1.6763, 7.0189, 3.3478, 0.5852, 22.5042, 16.5255, 0.6614, 0.3011, 0.1864, 0.1063, 1.1884]
bads:TooCloseBounds: For each variable, hard and plausible bounds should not be too close. Moving plausible bounds.
Variables (index) internally transformed to log coordinates: [[0 0]
 [0 3]
 [0 5]
 [0 6]]
Beginning optimization of a STOCHASTIC objective function

 Iteration    f-count      E[f(x)]        SD[f(x)]           MeshScale          Method              Actions
     0           1         24175.9             nan               1                                  
     0          33         21376.4             nan               1          Initial mesh            Initial points
     0          34           21171         1.00618               1        Successful poll           Train
     1          37         21020.8         1.00617               1      Successful search (ES-wcm)        
     1          38         20984.6         1.00617               1      Successful search (ES-wcm)        
     1          42         20356.4         1.00615               1      Successful search (ES-wcm)        
     1          48         20217.5         1.00544               1      Successful search (ES-ell)        
     1          50         19557.1         1.00618               1      Successful search (ES-ell)        
     1          56         19386.6         1.00603               1      Successful search (ES-ell)        
     1          61         19334.3         1.00484               1      Successful search (ES-ell)        
     1          64         19298.9        0.999719               1      Successful search (ES-ell)        
     1          68         19297.4        0.978938               1      Successful search (ES-ell)        
     1          69         19208.6        0.978975               1      Successful search (ES-ell)        
     1          74         19063.4        0.978734               1      Successful search (ES-ell)        
     1          78         19022.2        0.976808               1      Successful search (ES-ell)        
     1          83         18985.2        0.978794               1      Successful search (ES-ell)        
     1          86         18924.1        0.978379               1      Successful search (ES-wcm)        
     1          91         18890.7        0.976869               1      Successful search (ES-wcm)        
     1          99         18890.2         1.14975               1      Incremental search (ES-wcm)        
     1         100         18884.5         1.14976               1      Successful search (ES-wcm)        
     1         104         18873.5         1.14968               1      Successful search (ES-ell)        
     1         108         18870.3         1.14872               1      Successful search (ES-ell)        
     1         117         18868.4         1.14941               1      Successful search (ES-wcm)        
     1         121         18856.6         1.14613               1      Successful search (ES-wcm)        
     1         122         18856.4         1.14823               1      Incremental search (ES-wcm)        
     1         123         18848.4         1.14942               1      Successful search (ES-wcm)        
     1         163         18848.4         1.14942             0.5          Refine grid             Train
     2         165         18835.4         12.0946             0.5      Successful search (ES-wcm)        
     2         169         18817.9         11.6812             0.5      Successful search (ES-ell)        
     2         170         18751.1         13.7883             0.5      Successful search (ES-ell)        
     2         171         18593.8         15.1446             0.5      Successful search (ES-ell)        
     2         172         18515.9         16.2614             0.5      Successful search (ES-ell)        
     2         180         18490.1         13.7353             0.5      Successful search (ES-ell)        
     2         195         18478.7         15.8347             0.5      Successful search (ES-ell)        
     2         200         18478.1         12.0068             0.5      Successful search (ES-ell)        
     2         201         18465.6         13.5863             0.5      Successful search (ES-ell)        
     2         249         18465.6         13.5863            0.25          Refine grid             
     3         250         18457.2         9.44416            0.25      Successful search (ES-ell)        
     3         251         18449.9         13.6013            0.25      Successful search (ES-ell)        
     3         305         18449.9         13.6013           0.125          Refine grid             
     4         306         18474.9         12.0548           0.125      Successful search (ES-wcm)        
     4         308         18460.8         6.81579           0.125      Successful search (ES-wcm)        
     4         309         18453.8         7.86731           0.125      Successful search (ES-wcm)        
     4         363         18453.8         7.86731          0.0625          Refine grid             Train
     5         364         18471.8         3.35238          0.0625      Successful search (ES-wcm)        
     5         365         18468.2          6.5945          0.0625      Successful search (ES-wcm)        
     5         367           18464         5.06602          0.0625      Successful search (ES-wcm)        
     5         369         18462.4         5.46258          0.0625      Successful search (ES-wcm)        
     5         371         18461.6         7.43085          0.0625      Successful search (ES-wcm)        
     5         375         18457.5         4.90843          0.0625      Successful search (ES-wcm)        
     5         376         18454.9         6.80435          0.0625      Successful search (ES-wcm)        
     5         421         18454.9         6.80435         0.03125          Refine grid             Train
     6         422         18455.7         1.97664         0.03125      Successful search (ES-wcm)        
     6         423           18449         2.37328         0.03125      Successful search (ES-wcm)        
     6         425           18446         3.19796         0.03125      Successful search (ES-wcm)        
     6         479           18446         3.19796        0.015625          Refine grid             
     7         480         18462.9         1.59828        0.015625      Successful search (ES-wcm)        
     7         481         18461.7         1.93586        0.015625      Successful search (ES-wcm)        
     7         482         18459.9         2.99378        0.015625      Successful search (ES-wcm)        
     7         537         18459.9         2.99378       0.0078125          Refine grid             
     8         538         18463.5         1.97746       0.0078125      Successful search (ES-wcm)        
     8         539         18461.8         2.15203       0.0078125      Successful search (ES-wcm)        
     8         540         18459.7         2.48394       0.0078125      Successful search (ES-wcm)        
     8         541         18455.5         3.40158       0.0078125      Successful search (ES-wcm)        
     8         542         18452.8         4.56166       0.0078125      Successful search (ES-wcm)        
     8         543         18450.5         4.54109       0.0078125      Successful search (ES-ell)        
     8         568         18447.6         6.57523        0.015625        Successful poll           Train
     9         569           18452         2.70477        0.015625      Successful search (ES-ell)        
     9         570         18444.4         2.64934        0.015625      Successful search (ES-ell)        
     9         571         18430.2         2.91769        0.015625      Successful search (ES-wcm)        
     9         572         18408.4         3.65854        0.015625      Successful search (ES-wcm)        
     9         573           18397         5.15245        0.015625      Successful search (ES-wcm)        
     9         574         18386.4         6.26321        0.015625      Successful search (ES-wcm)        
     9         626         18386.4         6.26321       0.0078125          Refine grid             
    10         627           18467         1.52123       0.0078125      Successful search (ES-ell)        
    10         628         18466.1          1.5869       0.0078125      Successful search (ES-ell)        
    10         629         18465.1         1.70948       0.0078125      Successful search (ES-ell)        
    10         630         18464.4         2.00483       0.0078125      Successful search (ES-ell)        
    10         631         18463.5         2.85356       0.0078125      Successful search (ES-ell)        
    10         633         18462.6         3.20022       0.0078125      Successful search (ES-ell)        
    10         635         18458.5         3.26463       0.0078125      Successful search (ES-wcm)        
    10         636         18453.5         4.48249       0.0078125      Successful search (ES-wcm)        
    10         637         18448.4         5.76299       0.0078125      Successful search (ES-wcm)        
    10         678         18446.1         5.84671        0.015625        Successful poll           
    11         679         18434.9         5.10311        0.015625      Successful search (ES-wcm)        
    11         680         18430.6         6.08619        0.015625      Successful search (ES-wcm)        
    11         736         18430.6         6.08619       0.0078125          Refine grid             Train
    12         737         18448.2         2.30894       0.0078125      Successful search (ES-wcm)        
    12         738         18445.5         2.37234       0.0078125      Successful search (ES-wcm)        
    12         740         18444.2         2.33474       0.0078125      Successful search (ES-wcm)        
    12         742         18442.4         2.24655       0.0078125      Successful search (ES-ell)        
    12         794         18440.3          1.5013        0.015625        Successful poll           
    13         795         18444.7         2.20538        0.015625      Successful search (ES-ell)        
    13         796         18440.6         2.71112        0.015625      Successful search (ES-ell)        
    13         797         18437.8          5.1848        0.015625      Successful search (ES-ell)        
    13         852         18437.8          5.1848       0.0078125          Refine grid             
    14         853         18446.3         1.42504       0.0078125      Successful search (ES-wcm)        
    14         855           18446         1.73976       0.0078125      Successful search (ES-ell)        
    14         910           18443         9.80783        0.015625        Successful poll           
    15         928         18436.7         1.89689         0.03125        Successful poll           
    16         940         18445.2         2.07936         0.03125      Successful search (ES-ell)        
    16         944         18444.2         2.79285         0.03125      Successful search (ES-ell)        
    16         945         18442.4         4.24473         0.03125      Successful search (ES-ell)        
    16        1001         18442.4         4.24473        0.015625          Refine grid             
    17        1025         18439.6         5.86377         0.03125        Successful poll           Train
    18        1026         18445.8         2.71088         0.03125      Successful search (ES-ell)        
    18        1027         18444.6         5.10117         0.03125      Successful search (ES-ell)        
    18        1072         18432.3         7.73145          0.0625        Successful poll           
    19        1115         18432.6         9.02352         0.03125          Refine grid             Train
    20        1116         18444.5         3.01451         0.03125      Successful search (ES-ell)        
    20        1117         18441.5         5.20024         0.03125      Successful search (ES-ell)        
    20        1173         18441.5         5.20024        0.015625          Refine grid             Train
    21        1216           18448         1.37009       0.0078125          Refine grid             Train
    22        1217         18447.1         2.70505       0.0078125      Successful search (ES-wcm)        
    22        1232         18446.9         2.52689       0.0078125      Successful search (ES-wcm)        
    22        1266         18430.2         10.4913        0.015625        Successful poll           
    23        1309         18442.6         5.30285       0.0078125          Refine grid             Train
    24        1352         18445.6         1.80693        0.015625        Successful poll           Train
    25        1353         18441.1         3.26543        0.015625      Successful search (ES-ell)        
    25        1354         18434.4         3.69246        0.015625      Successful search (ES-ell)        
    25        1355         18433.4         4.85299        0.015625      Successful search (ES-ell)        
    25        1410         18433.4         4.85299       0.0078125          Refine grid             
    26        1413         18443.5          1.5119       0.0078125      Successful search (ES-ell)        
    26        1414         18443.4         1.66852       0.0078125      Successful search (ES-wcm)        
    26        1468         18440.4         3.77769        0.015625        Successful poll           Train
    27        1469         18441.1         4.48683        0.015625      Successful search (ES-ell)        
    27        1472         18440.3         4.55287        0.015625      Successful search (ES-ell)        
    27        1473         18437.9         5.56903        0.015625      Successful search (ES-ell)        
    27        1476         18436.7         5.00123        0.015625      Successful search (ES-ell)        
    27        1477         18436.7         5.95748        0.015625      Successful search (ES-ell)        
    27        1526         18436.7         5.95748       0.0078125          Refine grid             Train
    28        1527         18441.9         3.67743       0.0078125      Successful search (ES-wcm)        
    28        1528         18437.6         5.05145       0.0078125      Successful search (ES-wcm)        
    28        1584         18437.6         5.05145      0.00390625          Refine grid             
    29        1585         18443.2         1.56635      0.00390625      Successful search (ES-wcm)        
    29        1586           18442         2.09774      0.00390625      Successful search (ES-ell)        
    29        1600         18440.6         2.11859      0.00390625      Successful search (ES-wcm)        
    29        1601         18436.7         3.03671      0.00390625      Successful search (ES-wcm)        
    29        1602         18434.5         4.42565      0.00390625      Successful search (ES-wcm)        
    29        1657         18434.5         4.42565      0.00195312          Refine grid             
    30        1658         18440.1         1.63672      0.00195312      Successful search (ES-ell)        
    30        1659         18439.1         1.94835      0.00195312      Successful search (ES-ell)        
    30        1661         18438.8         2.30893      0.00195312      Successful search (ES-wcm)        
    30        1663         18438.5         2.55342      0.00195312      Successful search (ES-wcm)        
    30        1709           18435         1.92745      0.00390625        Successful poll           
    31        1710         18429.7         1.95723      0.00390625      Successful search (ES-ell)        
    31        1711         18424.6         2.48339      0.00390625      Successful search (ES-ell)        
    31        1712         18419.2         3.13329      0.00390625      Successful search (ES-ell)        
    31        1767         18419.2         3.13329      0.00195312          Refine grid             Train
    32        1768           18439          1.9617      0.00195312      Successful search (ES-ell)        
    32        1769         18437.5         2.48771      0.00195312      Successful search (ES-ell)        
    32        1770         18436.6         3.20349      0.00195312      Successful search (ES-ell)        
    32        1825         18436.6         3.20349     0.000976562          Refine grid             Train
Optimization terminated: change in the function value less than options['tol_mesh']
Estimated function value at minimum: 18443.860138356024 ± 1.217013075505409 (mean ± SEM from 100 samples)
BADS minimum at: x_min = [ 2.60010e+00  6.64970e+00  7.21090e+00  7.02000e-02 -7.52890e+00
  4.02300e+00  2.70000e-03  6.82000e-02  7.21100e+00  1.75675e+01
  6.65700e-01  3.87600e-01  1.76200e-01  1.72000e-01  2.90000e-02], training NLL = 18443.8601
total f-count: 1925, time: 82.82 min

 Optimization Run 2/2
Initial params: [1.9409, 3.1717, 3.3364, 17.2792, -1.6124, 45.1148, 1.2247, 0.4246, 15.9664, 23.7123, 0.8675, 0.7162, 0.1372, 0.1567, 0.364]
bads:TooCloseBounds: For each variable, hard and plausible bounds should not be too close. Moving plausible bounds.
Variables (index) internally transformed to log coordinates: [[0 0]
 [0 3]
 [0 5]
 [0 6]]
Beginning optimization of a STOCHASTIC objective function

 Iteration    f-count      E[f(x)]        SD[f(x)]           MeshScale          Method              Actions
     0           1         24745.3             nan               1                                  
     0          33         21356.3             nan               1          Initial mesh            Initial points
     0          34         21189.3         1.01333               1        Successful poll           Train
     1          36         20118.6         1.01332               1      Successful search (ES-wcm)        
     1          42         19821.3         1.01326               1      Successful search (ES-ell)        
     1          46         19734.4         1.01269               1      Successful search (ES-ell)        
     1          52         19518.6         1.01317               1      Successful search (ES-wcm)        
     1          54         19467.2         1.01325               1      Successful search (ES-wcm)        
     1          61           19383         1.01014               1      Successful search (ES-ell)        
     1          62         19344.3         1.01171               1      Successful search (ES-ell)        
     1          70         19258.8         0.99213               1      Successful search (ES-ell)        
     1          71         19245.6        0.992423               1      Successful search (ES-wcm)        
     1          73         19227.3        0.992357               1      Successful search (ES-wcm)        
     1          74         19168.5        0.992332               1      Successful search (ES-wcm)        
     1          83         19033.6        0.992161               1      Successful search (ES-wcm)        
     1          91         18994.7        0.974065               1      Successful search (ES-wcm)        
     1          97         18978.7         13.9678               1      Successful search (ES-ell)        
     1          99         18937.8         14.0037               1      Successful search (ES-ell)        
     1         100         18896.2         14.0762               1      Successful search (ES-ell)        
     1         102         18812.9         14.0676               1      Successful search (ES-ell)        
     1         108         18802.7         12.0134               1      Successful search (ES-ell)        
     1         109         18746.5         12.8498               1      Successful search (ES-ell)        
     1         112         18734.7          13.714               1      Successful search (ES-ell)        
     1         113         18693.4         13.7861               1      Successful search (ES-ell)        
     1         116           18671          13.787               1      Successful search (ES-ell)        
     1         120         18607.7          13.009               1      Successful search (ES-ell)        
     1         125         18602.9         12.9525               1      Successful search (ES-wcm)        
     1         130         18522.2          11.519               1      Successful search (ES-ell)        
     1         132         18514.6          11.796               1      Successful search (ES-ell)        
     1         134         18504.4         11.5357               1      Successful search (ES-ell)        
     1         136         18496.1         11.4911               1      Successful search (ES-ell)        
     1         142         18471.9         11.9385               1      Successful search (ES-ell)        
     1         190         18471.9         11.9385             0.5          Refine grid             Train
     2         192         18466.7         6.48404             0.5      Successful search (ES-ell)        
     2         245         18461.5         11.1296               1        Successful poll           
     3         250         18458.8         8.61583               1      Successful search (ES-ell)        
     3         254         18453.5            6.78               1      Successful search (ES-ell)        
     3         255         18452.1         8.32016               1      Successful search (ES-ell)        
     3         267         18450.9         9.86972               1      Successful search (ES-wcm)        
     3         270         18444.7         6.64951               1      Successful search (ES-ell)        
     3         271         18440.4         6.22877               1      Successful search (ES-ell)        
     3         311         18434.6         6.09265               1        Successful poll           
     4         314         18433.9         7.61671               1      Incremental search (ES-ell)        
     4         317         18427.9         11.7829               1      Successful search (ES-ell)        
     4         318         18301.9         12.6636               1      Successful search (ES-ell)        
     4         324         18276.2         11.6703               1      Successful search (ES-wcm)        
     4         363         18276.2         11.6703             0.5          Refine grid             Train
     5         364           18101         9.77207             0.5      Successful search (ES-wcm)        
     5         366         18009.8         9.02681             0.5      Successful search (ES-wcm)        
     5         418         18009.8         9.02681            0.25          Refine grid             
     6         419         18360.9         10.4941            0.25      Successful search (ES-wcm)        
     6         475         18360.9         10.4941           0.125          Refine grid             Train
     7         476         18431.6         5.34171           0.125      Successful search (ES-wcm)        
     7         478         18405.7         4.46901           0.125      Successful search (ES-wcm)        
     7         479         18263.5         4.51174           0.125      Successful search (ES-wcm)        
     7         480         18133.9         4.85466           0.125      Successful search (ES-wcm)        
     7         481         18001.3         6.64495           0.125      Successful search (ES-wcm)        
     7         532         18001.3         6.64495          0.0625          Refine grid             Train
     8         533         18442.1         3.18027          0.0625      Successful search (ES-wcm)        
     8         534         18439.1         3.32792          0.0625      Successful search (ES-wcm)        
     8         535         18436.1         3.82774          0.0625      Successful search (ES-wcm)        
     8         536         18434.5         5.29334          0.0625      Successful search (ES-wcm)        
     8         537         18421.9         6.46006          0.0625      Successful search (ES-ell)        
     8         540         18407.2         5.57024          0.0625      Successful search (ES-ell)        
     8         590         18407.2         5.57024         0.03125          Refine grid             
     9         591           18435         1.96769         0.03125      Successful search (ES-wcm)        
     9         592         18432.4         2.13604         0.03125      Successful search (ES-wcm)        
     9         593         18428.6         2.50851         0.03125      Successful search (ES-wcm)        
     9         596         18428.4         2.57196         0.03125      Successful search (ES-wcm)        
     9         625           18406         10.9159          0.0625        Successful poll           
    10         626         18407.4         6.76213          0.0625      Successful search (ES-wcm)        
    10         627         18380.9         5.22062          0.0625      Successful search (ES-wcm)        
    10         628         18356.6         5.14457          0.0625      Successful search (ES-wcm)        
    10         630         18352.2         5.73416          0.0625      Successful search (ES-wcm)        
    10         632         18310.7         5.05033          0.0625      Successful search (ES-ell)        
    10         633         18253.8         5.50522          0.0625      Successful search (ES-ell)        
    10         634         18219.8         6.57757          0.0625      Successful search (ES-ell)        
    10         683         18219.8         6.57757         0.03125          Refine grid             Train
    11         684         18437.7         3.16819         0.03125      Successful search (ES-ell)        
    11         741         18436.9         4.49301          0.0625        Successful poll           
    12         742         18435.9         4.54306          0.0625      Successful search (ES-ell)        
    12         760         18428.7         2.39166          0.0625      Successful search (ES-ell)        
    12         761         18377.9         2.55401          0.0625      Successful search (ES-ell)        
    12         762         18323.2         2.70721          0.0625      Successful search (ES-ell)        
    12         763         18242.5          3.2607          0.0625      Successful search (ES-ell)        
    12         764         18207.6         3.59291          0.0625      Successful search (ES-ell)        
    12         765           18122         5.59289          0.0625      Successful search (ES-wcm)        
    12         766         18092.9         8.63854          0.0625      Successful search (ES-wcm)        
    12         814         18092.9         8.63854         0.03125          Refine grid             
    13         815           18436         1.85081         0.03125      Successful search (ES-wcm)        
    13         816         18433.5         2.09072         0.03125      Successful search (ES-wcm)        
    13         817         18430.5         2.66906         0.03125      Successful search (ES-wcm)        
    13         818         18427.9         3.36532         0.03125      Successful search (ES-wcm)        
    13         819         18424.4         4.77704         0.03125      Successful search (ES-wcm)        
    13         820         18421.7         5.73466         0.03125      Successful search (ES-wcm)        
    13         845         18405.1         9.43572          0.0625        Successful poll           
    14         846         18434.2         1.93824          0.0625      Successful search (ES-wcm)        
    14         847         18433.9         2.69596          0.0625      Successful search (ES-wcm)        
    14         848         18432.4         3.49321          0.0625      Successful search (ES-wcm)        
    14         851         18430.7         3.94653          0.0625      Successful search (ES-wcm)        
    14         902         18421.8         7.17006           0.125        Successful poll           Train
    15         905         18430.9         6.58348           0.125      Successful search (ES-wcm)        
    15         954         18423.9         4.78506            0.25        Successful poll           
    16         979         18242.4         3.90011             0.5        Successful poll           Train
    17        1019         18436.2         1.83423            0.25          Refine grid             Train
    18        1038         18331.6         4.31308             0.5        Successful poll           Train
    19        1078         18333.1         4.30214            0.25          Refine grid             Train
    20        1119         18428.7         2.46945             0.5        Successful poll           Train
    21        1159         18436.8          1.8572            0.25          Refine grid             Train
    22        1200         18433.7         1.86287           0.125          Refine grid             Train
    23        1243         18438.8         4.60116          0.0625          Refine grid             Train
    24        1244         18439.2         1.68727          0.0625      Successful search (ES-wcm)        
    24        1248         18435.7         1.79924          0.0625      Successful search (ES-ell)        
    24        1249           18435         2.50917          0.0625      Successful search (ES-ell)        
    24        1250         18431.6         3.03239          0.0625      Successful search (ES-ell)        
    24        1251         18423.1         4.06015          0.0625      Successful search (ES-ell)        
    24        1252         18418.1         5.42676          0.0625      Successful search (ES-ell)        
    24        1301         18418.1         5.42676         0.03125          Refine grid             Train
    25        1302         18440.9         4.55499         0.03125      Successful search (ES-ell)        
    25        1303         18438.2         5.57854         0.03125      Successful search (ES-ell)        
    25        1359         18438.2         5.57854        0.015625          Refine grid             
    26        1360           18441          1.8899        0.015625      Successful search (ES-ell)        
    26        1361         18438.4         1.89818        0.015625      Successful search (ES-ell)        
    26        1362         18434.2         2.22165        0.015625      Successful search (ES-ell)        
    26        1363         18430.6         2.62171        0.015625      Successful search (ES-ell)        
    26        1364         18424.6         3.40148        0.015625      Successful search (ES-ell)        
    26        1417         18424.6         3.40148       0.0078125          Refine grid             
    27        1452         18434.4         1.96203        0.015625        Successful poll           Train
    28        1495         18430.1         4.29674         0.03125        Successful poll           Train
    29        1498         18430.3         4.37247         0.03125      Successful search (ES-wcm)        
    29        1553         18430.3         4.37247        0.015625          Refine grid             Train
    30        1596         18432.4          3.5087       0.0078125          Refine grid             Train
    31        1640         18431.3         3.36969      0.00390625          Refine grid             Train
    32        1641         18436.6         1.82379      0.00390625      Successful search (ES-wcm)        
    32        1643         18436.3         1.86413      0.00390625      Successful search (ES-ell)        
    32        1644         18436.1         1.96299      0.00390625      Successful search (ES-ell)        
    32        1645         18435.4         2.03815      0.00390625      Successful search (ES-ell)        
    32        1646         18434.8         2.33813      0.00390625      Successful search (ES-ell)        
    32        1647         18433.1         2.63711      0.00390625      Successful search (ES-ell)        
    32        1648         18432.5         3.18943      0.00390625      Successful search (ES-ell)        
    32        1649         18430.8         4.22333      0.00390625      Successful search (ES-ell)        
    32        1680         18421.7         11.7855       0.0078125        Successful poll           Train
    33        1681         18430.5         7.11879       0.0078125      Successful search (ES-ell)        
    33        1738         18430.5         7.11879      0.00390625          Refine grid             
    34        1781         18437.4          1.4605      0.00195312          Refine grid             Train
    35        1782         18435.8         1.49843      0.00195312      Successful search (ES-wcm)        
    35        1791         18435.8         1.41464      0.00195312      Successful search (ES-wcm)        
    35        1795         18435.7         1.38813      0.00195312      Successful search (ES-wcm)        
    35        1798         18435.7         1.51489      0.00195312      Successful search (ES-wcm)        
    35        1856         18435.7         1.51489     0.000976562          Refine grid             Train
Optimization terminated: change in the function value less than options['tol_mesh']
Estimated function value at minimum: 18437.74161404474 ± 1.2381356373906094 (mean ± SEM from 100 samples)
BADS minimum at: x_min = [ 2.47110e+00  6.36200e+00  7.13240e+00  1.27003e+01 -2.64610e+00
  3.68360e+00  1.00000e-04  8.50000e-02  7.18470e+00  2.04979e+01
  5.87600e-01  3.64100e-01  1.90000e-01  1.88000e-01  4.73100e-01], training NLL = 18437.7416
total f-count: 1956, time: 84.54 min

 ------- Finish Optimization for Subject 15 ---------- 

 ------- Start Optimization for Subject 20 ---------- 

 Cross Validation fold 0/1

 -- Start Optimization: method BADS --

 Optimization Run 1/2
Initial params: [0.0136, 6.6141, 2.2193, 13.0799, 0.0104, 27.3664, 0.9353, 0.2745, 22.9056, 28.2517, 0.3539, 0.4028, 0.1038, 0.1947, -0.3829]
bads:TooCloseBounds: For each variable, hard and plausible bounds should not be too close. Moving plausible bounds.
Variables (index) internally transformed to log coordinates: [[0 0]
 [0 3]
 [0 5]
 [0 6]]
Beginning optimization of a STOCHASTIC objective function

 Iteration    f-count      E[f(x)]        SD[f(x)]           MeshScale          Method              Actions
     0           1         25183.2             nan               1                                  
     0          33         23906.5             nan               1          Initial mesh            Initial points
     0          48         23405.2         1.00812               1        Successful poll           Train
     1          53         22824.4         1.00756               1      Successful search (ES-ell)        
     1          56         22761.8         1.00613               1      Successful search (ES-ell)        
     1          59         22736.1          1.0004               1      Successful search (ES-ell)        
     1          61         22303.7         1.00319               1      Successful search (ES-ell)        
     1          62           22064         1.00244               1      Successful search (ES-ell)        
     1          70         21986.7         1.01363               1      Successful search (ES-ell)        
     1          72         21983.8         1.00822               1      Successful search (ES-ell)        
     1          75         21934.6         1.01124               1      Successful search (ES-ell)        
     1          96         21866.9         14.2592               1        Successful poll           Train
     2         100         21847.1         12.0985               1      Successful search (ES-ell)        
     2         101         21814.6         13.5515               1      Successful search (ES-ell)        
     2         104         21780.3         11.8912               1      Successful search (ES-ell)        
     2         106           21741         12.3169               1      Successful search (ES-ell)        
     2         108         21721.9         11.8101               1      Successful search (ES-ell)        
     2         109         21684.1         13.3759               1      Successful search (ES-ell)        
     2         110         21558.8         13.5111               1      Successful search (ES-ell)        
     2         113         21481.8         13.3882               1      Successful search (ES-ell)        
     2         115         21442.2         14.0274               1      Successful search (ES-ell)        
     2         119         21435.2         11.8563               1      Successful search (ES-ell)        
     2         120         21324.1         12.8124               1      Successful search (ES-ell)        
     2         122         21297.7         13.1335               1      Successful search (ES-ell)        
     2         131         21256.2         13.7859               1      Successful search (ES-ell)        
     2         133         21234.7         15.2407               1      Successful search (ES-ell)        
     2         135           21165         15.1627               1      Successful search (ES-ell)        
     2         136         21163.4          16.297               1      Successful search (ES-ell)        
     2         138         21076.3          16.062               1      Successful search (ES-ell)        
     2         139         21007.7         16.7955               1      Successful search (ES-ell)        
     2         141         20902.3         17.1664               1      Successful search (ES-wcm)        
     2         142         20606.1         17.1933               1      Successful search (ES-wcm)        
     2         143         20185.3         17.3162               1      Successful search (ES-wcm)        
     2         144         19920.1          17.352               1      Successful search (ES-wcm)        
     2         146         19861.1         17.3222               1      Successful search (ES-wcm)        
     2         147         19785.7         17.3278               1      Successful search (ES-wcm)        
     2         151         19681.7         17.2532               1      Successful search (ES-wcm)        
     2         154         19529.2         17.2342               1      Successful search (ES-wcm)        
     2         155         19428.9         17.2575               1      Successful search (ES-wcm)        
     2         158         19129.5         20.1329               1      Successful search (ES-wcm)        
     2         160         18822.9         20.1706               1      Successful search (ES-wcm)        
     2         161         18697.4          20.121               1      Successful search (ES-wcm)        
     2         169         18667.1         17.3622               1      Successful search (ES-wcm)        
     2         170         18465.8         19.3456               1      Successful search (ES-wcm)        
     2         173         18260.8          19.532               1      Successful search (ES-wcm)        
     2         175         18041.4         19.8563               1      Successful search (ES-wcm)        
     2         179         17951.4         19.7205               1      Successful search (ES-wcm)        
     2         182         17935.2         17.4843               1      Successful search (ES-wcm)        
     2         183         17853.1         17.5798               1      Successful search (ES-wcm)        
     2         185         17802.6         18.1341               1      Successful search (ES-wcm)        
     2         186         17667.3         18.7762               1      Successful search (ES-wcm)        
     2         188         17584.7         18.3568               1      Successful search (ES-wcm)        
     2         192         17492.8         17.5442               1      Successful search (ES-wcm)        
     2         196         17466.1         17.6289               1      Successful search (ES-wcm)        
     2         199         17416.8         17.2654               1      Successful search (ES-wcm)        
     2         201         17372.3         17.7683               1      Successful search (ES-wcm)        
     2         204         17293.7         17.8134               1      Successful search (ES-wcm)        
     2         210         17271.5           16.29               1      Successful search (ES-ell)        
     2         211         17156.2         17.3221               1      Successful search (ES-wcm)        
     2         214         17118.7         16.8033               1      Successful search (ES-wcm)        
     2         215         17092.1          16.852               1      Successful search (ES-ell)        
     2         226         17082.5        0.980761               1      Successful search (ES-ell)        
     2         228         17029.1        0.970053               1      Successful search (ES-ell)        
     2         269         17029.1        0.970053             0.5          Refine grid             
     3         273         17045.6        0.959322             0.5      Successful search (ES-ell)        
     3         284         17045.4         6.03927             0.5      Incremental search (ES-ell)        
     3         285         17016.9         16.9639             0.5      Successful search (ES-ell)        
     3         341         17016.9         16.9639            0.25          Refine grid             
     4         342         16987.7         9.68023            0.25      Successful search (ES-ell)        
     4         400         16987.7         9.68023           0.125          Refine grid             
     5         401         17011.5         4.95398           0.125      Successful search (ES-ell)        
     5         402         16982.6         6.60553           0.125      Successful search (ES-ell)        
     5         403         16950.7         10.7366           0.125      Successful search (ES-ell)        
     5         460           16947         12.7544            0.25        Successful poll           
     6         462         16929.2         19.0274            0.25      Successful search (ES-wcm)        
     6         477         16926.7         13.5701            0.25      Successful search (ES-wcm)        
     6         491         16926.4         16.4353            0.25      Successful search (ES-ell)        
     6         508         16925.4         10.7395            0.25      Successful search (ES-wcm)        
     6         512           16925         7.08465            0.25      Successful search (ES-wcm)        
     6         514         16921.9         7.13546            0.25      Successful search (ES-ell)        
     6         515         16917.4         7.68965            0.25      Successful search (ES-ell)        
     6         516         16915.7         9.39116            0.25      Successful search (ES-ell)        
     6         564         16915.7         9.39116           0.125          Refine grid             
     7         565         16922.2         6.43133           0.125      Successful search (ES-ell)        
     7         566         16909.9         9.74917           0.125      Successful search (ES-ell)        
     7         582         16826.9         5.05753           0.125      Successful search (ES-wcm)        
     7         583           16631         5.85894           0.125      Successful search (ES-ell)        
     7         639           16631         5.85894          0.0625          Refine grid             Train
     8         640         16919.7         4.21932          0.0625      Successful search (ES-ell)        
     8         641         16916.8         7.08737          0.0625      Successful search (ES-wcm)        
     8         699         16916.8         7.08737         0.03125          Refine grid             Train
     9         700         16923.1          3.3481         0.03125      Successful search (ES-wcm)        
     9         701         16919.3         4.10497         0.03125      Successful search (ES-wcm)        
     9         702         16917.4         7.77072         0.03125      Successful search (ES-wcm)        
     9         759         16917.4         7.77072        0.015625          Refine grid             
    10         760           16925         2.69758        0.015625      Successful search (ES-wcm)        
    10         761         16922.1         2.92617        0.015625      Successful search (ES-wcm)        
    10         762         16919.6         3.17923        0.015625      Successful search (ES-wcm)        
    10         763         16917.2         3.99864        0.015625      Successful search (ES-wcm)        
    10         764         16916.8         4.53909        0.015625      Successful search (ES-ell)        
    10         770         16915.9         3.70911        0.015625      Successful search (ES-ell)        
    10         771         16915.8         3.86299        0.015625      Successful search (ES-ell)        
    10         772         16902.9          4.3254        0.015625      Successful search (ES-ell)        
    10         773         16891.9         6.62441        0.015625      Successful search (ES-wcm)        
    10         819         16891.9         6.62441       0.0078125          Refine grid             
    11         820         16926.9         2.68312       0.0078125      Successful search (ES-wcm)        
    11         821         16925.4         2.64507       0.0078125      Successful search (ES-wcm)        
    11         822         16922.2         2.72603       0.0078125      Successful search (ES-wcm)        
    11         823           16918         2.82532       0.0078125      Successful search (ES-wcm)        
    11         824         16914.4         3.21103       0.0078125      Successful search (ES-wcm)        
    11         825         16911.7         4.36869       0.0078125      Successful search (ES-wcm)        
    11         826         16907.3         5.94209       0.0078125      Successful search (ES-ell)        
    11         827           16899         8.68235       0.0078125      Successful search (ES-ell)        
    11         850         16871.2         4.25659        0.015625        Successful poll           
    12         851         16860.1         4.34353        0.015625      Successful search (ES-ell)        
    12         852         16849.2         4.69347        0.015625      Successful search (ES-ell)        
    12         853         16829.5         5.69063        0.015625      Successful search (ES-ell)        
    12         910         16829.5         5.69063       0.0078125          Refine grid             
    13         911         16928.4         3.50433       0.0078125      Successful search (ES-ell)        
    13         912           16927         3.52044       0.0078125      Successful search (ES-ell)        
    13         913         16926.2         3.80102       0.0078125      Successful search (ES-ell)        
    13         914         16925.1         4.00279       0.0078125      Successful search (ES-ell)        
    13         915         16922.3         5.29645       0.0078125      Successful search (ES-ell)        
    13         916         16906.5         4.62211       0.0078125      Successful search (ES-ell)        
    13         917         16877.1         5.45867       0.0078125      Successful search (ES-ell)        
    13         918         16846.3         7.76976       0.0078125      Successful search (ES-ell)        
    13         970         16846.3         7.76976      0.00390625          Refine grid             
    14        1015         16927.7         3.17381      0.00195312          Refine grid             Train
    15        1060         16929.8         2.85882     0.000976562          Refine grid             Train
Optimization terminated: change in the function value less than options['tol_mesh']
Estimated function value at minimum: 16924.490805252757 ± 2.2147995744538105 (mean ± SEM from 100 samples)
BADS minimum at: x_min = [ 0.5705  1.9771  4.6506  6.0907  4.0791  0.684   4.8147  0.2865 48.882
 38.8672  0.4491  0.3043  0.2892  0.188   0.9658], training NLL = 16924.4908
total f-count: 1160, time: 50.26 min

 Optimization Run 2/2
Initial params: [0.2896, 4.8281, 3.558, 10.4983, -2.9454, 33.5334, 1.3662, 0.1117, 19.8849, 21.2981, 0.5679, 0.1495, 0.2347, 0.2327, 0.7265]
bads:TooCloseBounds: For each variable, hard and plausible bounds should not be too close. Moving plausible bounds.
Variables (index) internally transformed to log coordinates: [[0 0]
 [0 3]
 [0 5]
 [0 6]]
Beginning optimization of a STOCHASTIC objective function

 Iteration    f-count      E[f(x)]        SD[f(x)]           MeshScale          Method              Actions
     0           1           25035             nan               1                                  
     0          33         23901.8             nan               1          Initial mesh            Initial points
     0          34         23900.7         1.04284               1        Successful poll           Train
     1          36         22779.3         1.04283               1      Successful search (ES-ell)        
     1          40         22778.6         1.04272               1      Incremental search (ES-wcm)        
     1          45         22228.1         1.04203               1      Successful search (ES-ell)        
     1          46           21776         1.04257               1      Successful search (ES-ell)        
     1          56         21464.9         1.03992               1      Successful search (ES-ell)        
     1          73         21461.1        0.866504               1      Successful search (ES-ell)        
     1          77         21435.2         0.84537               1      Successful search (ES-ell)        
     1          79         21434.9        0.855334               1      Incremental search (ES-ell)        
     1          82         21429.2         0.86851               1      Successful search (ES-ell)        
     1          87         21383.6        0.867778               1      Successful search (ES-ell)        
     1          88         21373.8        0.867531               1      Successful search (ES-ell)        
     1          89         21373.7        0.868421               1      Incremental search (ES-ell)        
     1          93         21367.3        0.867992               1      Successful search (ES-ell)        
     1          96         21073.8        0.774248               1      Successful search (ES-wcm)        
     1         103         21042.2        0.774232               1      Successful search (ES-wcm)        
     1         107           21038        0.774226               1      Successful search (ES-wcm)        
     1         108         20977.8        0.774232               1      Successful search (ES-wcm)        
     1         112           20894        0.774242               1      Successful search (ES-wcm)        
     1         120         20801.9        0.773843               1      Successful search (ES-ell)        
     1         131         20773.7         1.33116               1      Successful search (ES-ell)        
     1         135         20705.5         1.33221               1      Successful search (ES-wcm)        
     1         138         20634.1         1.33187               1      Successful search (ES-wcm)        
     1         139         20483.9         1.33213               1      Successful search (ES-wcm)        
     1         143         20251.4         1.33223               1      Successful search (ES-wcm)        
     1         151         20138.2         1.33212               1      Successful search (ES-wcm)        
     1         158         20105.7          1.5126               1      Successful search (ES-wcm)        
     1         162         20026.4         1.51256               1      Successful search (ES-wcm)        
     1         163         19916.1         1.51257               1      Successful search (ES-wcm)        
     1         174         19866.2         1.51245               1      Successful search (ES-wcm)        
     1         177         19842.7         1.51258               1      Successful search (ES-wcm)        
     1         178         19777.3         1.51257               1      Successful search (ES-wcm)        
     1         182         19590.3         1.51255               1      Successful search (ES-wcm)        
     1         183         19494.8         1.51254               1      Successful search (ES-wcm)        
     1         185         19375.1         1.51257               1      Successful search (ES-wcm)        
     1         187         19199.1         1.51258               1      Successful search (ES-wcm)        
     1         189         19164.9         9.69225               1      Successful search (ES-wcm)        
     1         192         19029.9         9.69322               1      Successful search (ES-wcm)        
     1         193         18676.3         9.69344               1      Successful search (ES-wcm)        
     1         194         18345.1         9.69305               1      Successful search (ES-wcm)        
     1         201         18156.1         9.68787               1      Successful search (ES-wcm)        
     1         203         17884.3         9.68038               1      Successful search (ES-wcm)        
     1         209         17852.7         9.54327               1      Successful search (ES-ell)        
     1         211         17845.2         9.58457               1      Successful search (ES-wcm)        
     1         212         17828.7         9.64912               1      Successful search (ES-wcm)        
     1         213           17818         9.56038               1      Successful search (ES-wcm)        
     1         216         17679.2         9.61252               1      Successful search (ES-wcm)        
     1         218         17660.8         9.57329               1      Successful search (ES-wcm)        
     1         224         17571.3         9.60088               1      Successful search (ES-wcm)        
     1         225         17522.9         9.66152               1      Successful search (ES-wcm)        
     1         228         17410.4         9.66348               1      Successful search (ES-wcm)        
     1         230           17318         9.67501               1      Successful search (ES-wcm)        
     1         240         17250.6         9.53099               1      Successful search (ES-wcm)        
     1         241         17233.1         8.93578               1      Successful search (ES-ell)        
     1         245         17208.4         9.67398               1      Successful search (ES-wcm)        
     1         254         17174.4           9.338               1      Successful search (ES-wcm)        
     1         257         17166.7          9.3328               1      Successful search (ES-wcm)        
     1         258         17165.8         9.41954               1      Incremental search (ES-wcm)        
     1         259         17149.3         9.54051               1      Successful search (ES-ell)        
     1         265         17127.1         1.05655               1      Successful search (ES-ell)        
     1         268           17108         1.05604               1      Successful search (ES-ell)        
     1         270         17071.5         1.05606               1      Successful search (ES-ell)        
     1         273         17061.2         1.05453               1      Successful search (ES-ell)        
     1         286         17053.3        0.998396               1      Successful search (ES-ell)        
     1         289         17052.4        0.848936               1      Incremental search (ES-ell)        
     1         296         17031.1         1.05638               1      Successful search (ES-wcm)        
     1         304         17014.4         1.05167               1      Successful search (ES-wcm)        
     1         340         16995.5         30.0922               1        Successful poll           
     2         347         16963.9         20.0988               1      Successful search (ES-wcm)        
     2         350         16940.4         18.0252               1      Successful search (ES-wcm)        
     2         353         16937.9         12.9598               1      Successful search (ES-wcm)        
     2         354         16928.4         15.3181               1      Successful search (ES-wcm)        
     2         392         16928.4         15.3181             0.5          Refine grid             
     3         394           16930         17.3921             0.5      Successful search (ES-wcm)        
     3         395         16915.3          25.538             0.5      Successful search (ES-wcm)        
     3         397         16900.2         26.8158             0.5      Successful search (ES-ell)        
     3         449         16900.2         26.8158            0.25          Refine grid             Train
     4         450         16868.7         17.9432            0.25      Successful search (ES-ell)        
     4         507         16868.7         17.9432           0.125          Refine grid             Train
     5         508         16935.9         8.09897           0.125      Successful search (ES-ell)        
     5         510         16926.9         9.24975           0.125      Successful search (ES-ell)        
     5         511           16912         14.5862           0.125      Successful search (ES-ell)        
     5         514         16908.3         13.5002           0.125      Successful search (ES-wcm)        
     5         515         16856.5         11.9494           0.125      Successful search (ES-wcm)        
     5         517         16853.2         16.0192           0.125      Successful search (ES-wcm)        
     5         519         16848.2         17.0769           0.125      Successful search (ES-ell)        
     5         567         16848.2         17.0769          0.0625          Refine grid             
     6         568         16892.6         5.72185          0.0625      Successful search (ES-ell)        
     6         569           16868         7.84643          0.0625      Successful search (ES-wcm)        
     6         570           16858         11.6672          0.0625      Successful search (ES-ell)        
     6         627           16858         11.6672         0.03125          Refine grid             
     7         628         16887.4         3.28617         0.03125      Successful search (ES-wcm)        
     7         629         16880.3         4.28133         0.03125      Successful search (ES-wcm)        
     7         630         16870.5         6.21691         0.03125      Successful search (ES-wcm)        
     7         631         16860.4         11.1054         0.03125      Successful search (ES-wcm)        
     7         658         16691.2          6.1173          0.0625        Successful poll           
     8         659         16685.8         8.33808          0.0625      Successful search (ES-wcm)        
     8         718         16685.8         8.33808         0.03125          Refine grid             
     9         719         16883.8         2.98383         0.03125      Successful search (ES-wcm)        
     9         720         16871.8         3.42785         0.03125      Successful search (ES-wcm)        
     9         721         16860.2         4.76929         0.03125      Successful search (ES-wcm)        
     9         722         16849.9         10.1898         0.03125      Successful search (ES-wcm)        
     9         723         16831.6         12.7372         0.03125      Successful search (ES-ell)        
     9         724         16819.8         12.9676         0.03125      Successful search (ES-ell)        
     9         778         16819.8         12.9676        0.015625          Refine grid             
    10         779         16895.5          3.3147        0.015625      Successful search (ES-ell)        
    10         780           16883         3.34746        0.015625      Successful search (ES-ell)        
    10         785         16880.2         3.26842        0.015625      Successful search (ES-wcm)        
    10         786         16874.6         3.27007        0.015625      Successful search (ES-ell)        
    10         788         16869.7         3.18091        0.015625      Successful search (ES-ell)        
    10         809           16834         3.17123         0.03125        Successful poll           
    11         810         16893.4         5.25196         0.03125      Successful search (ES-ell)        
    11         811         16879.5         6.21449         0.03125      Successful search (ES-ell)        
    11         812         16859.8         8.57613         0.03125      Successful search (ES-ell)        
    11         813         16840.9         11.6089         0.03125      Successful search (ES-ell)        
    11         814           16820         16.2646         0.03125      Successful search (ES-ell)        
    11         869           16820         16.2646        0.015625          Refine grid             Train
    12         870         16850.6         3.22362        0.015625      Successful search (ES-ell)        
    12         871         16824.3         3.97578        0.015625      Successful search (ES-ell)        
    12         872         16790.3         4.98174        0.015625      Successful search (ES-wcm)        
    12         873         16760.3         6.67821        0.015625      Successful search (ES-wcm)        
    12         876         16760.3         6.60586        0.015625      Successful search (ES-wcm)        
    12         929         16760.3         6.60586       0.0078125          Refine grid             
    13         930           16856         3.06846       0.0078125      Successful search (ES-wcm)        
    13         932         16852.7         3.34962       0.0078125      Successful search (ES-wcm)        
    13         933         16840.2         3.85828       0.0078125      Successful search (ES-wcm)        
    13         934         16819.9         4.89028       0.0078125      Successful search (ES-wcm)        
    13         935         16798.6         6.92745       0.0078125      Successful search (ES-wcm)        
    13         936         16796.8          10.079       0.0078125      Successful search (ES-wcm)        
    13         989         16796.8          10.079      0.00390625          Refine grid             
    14         990         16865.4         2.67359      0.00390625      Successful search (ES-wcm)        
    14         991         16862.9         2.69184      0.00390625      Successful search (ES-wcm)        
    14         992         16859.5         2.77733      0.00390625      Successful search (ES-wcm)        
    14         993         16855.3         2.95561      0.00390625      Successful search (ES-wcm)        
    14         994           16846         3.26416      0.00390625      Successful search (ES-wcm)        
    14        1005           16841         2.98955      0.00390625      Successful search (ES-ell)        
    14        1006         16830.4         3.03199      0.00390625      Successful search (ES-ell)        
    14        1064         16830.4         3.03199      0.00195312          Refine grid             
    15        1065         16850.3         2.79293      0.00195312      Successful search (ES-ell)        
    15        1066         16849.6         2.85033      0.00195312      Successful search (ES-wcm)        
    15        1067         16847.5         2.93594      0.00195312      Successful search (ES-wcm)        
    15        1068           16845         3.14572      0.00195312      Successful search (ES-wcm)        
    15        1069         16841.6         4.01646      0.00195312      Successful search (ES-wcm)        
    15        1070         16836.1         5.99892      0.00195312      Successful search (ES-wcm)        
    15        1124         16836.1         5.99892     0.000976562          Refine grid             
Optimization terminated: change in the function value less than options['tol_mesh']
Estimated function value at minimum: 16851.05648807528 ± 2.4747342968330726 (mean ± SEM from 100 samples)
BADS minimum at: x_min = [ 1.2996  3.7503  4.9536  7.1824  4.9164  0.8218  5.083   0.079  34.1498
 25.5207  0.5357  0.4103  0.1995  0.0958  1.0949], training NLL = 16851.0565
total f-count: 1224, time: 53.1 min

 ------- Finish Optimization for Subject 20 ---------- 

 ------- Start Optimization for Subject 25 ---------- 

 Cross Validation fold 0/1

 -- Start Optimization: method BADS --

 Optimization Run 1/2
Initial params: [0.4722, 4.3637, 5.7278, 15.3985, -1.9224, 47.3548, 2.1879, 0.1604, 28.6705, 15.5681, 0.8518, 0.8307, 0.1508, 0.1551, 0.8654]
bads:TooCloseBounds: For each variable, hard and plausible bounds should not be too close. Moving plausible bounds.
Variables (index) internally transformed to log coordinates: [[0 0]
 [0 3]
 [0 5]
 [0 6]]
Beginning optimization of a STOCHASTIC objective function

 Iteration    f-count      E[f(x)]        SD[f(x)]           MeshScale          Method              Actions
     0           1           25259             nan               1                                  
     0          33         23655.4             nan               1          Initial mesh            Initial points
     0          56         23365.3         1.03516               1        Successful poll           Train
     1          62           23212          1.0342               1      Successful search (ES-wcm)        
     1          77           23049        0.998347               1      Successful search (ES-wcm)        
     1          86         23036.7        0.951369               1      Successful search (ES-wcm)        
     1          90         22945.9        0.998009               1      Successful search (ES-wcm)        
     1          96           22864         10.4268               1      Successful search (ES-wcm)        
     1          97         22861.4         10.4216               1      Successful search (ES-wcm)        
     1          98         22805.3         10.4121               1      Successful search (ES-wcm)        
     1          99         22690.5         10.4297               1      Successful search (ES-wcm)        
     1         102         22442.8         10.3989               1      Successful search (ES-ell)        
     1         106         22422.2         9.96411               1      Successful search (ES-ell)        
     1         107         22259.3         10.1483               1      Successful search (ES-ell)        
     1         117           22143          10.275               1      Successful search (ES-ell)        
     1         121         22057.7         9.53493               1      Successful search (ES-ell)        
     1         122         22025.8         10.0637               1      Successful search (ES-wcm)        
     1         125         21934.6         9.39415               1      Successful search (ES-ell)        
     1         127         21878.1          1.0219               1      Successful search (ES-ell)        
     1         129         21866.9         1.02181               1      Successful search (ES-ell)        
     1         130         21843.2         1.02189               1      Successful search (ES-ell)        
     1         137         21651.4         1.02196               1      Successful search (ES-wcm)        
     1         139         21638.9         1.02178               1      Successful search (ES-wcm)        
     1         144         21608.2         1.02174               1      Successful search (ES-wcm)        
     1         150         21599.3         1.02196               1      Successful search (ES-wcm)        
     1         154         21579.6         1.02132               1      Successful search (ES-ell)        
     1         160         21546.5         1.39934               1      Successful search (ES-wcm)        
     1         166         21480.6         1.40124               1      Successful search (ES-wcm)        
     1         168         21463.8         1.40195               1      Successful search (ES-wcm)        
     1         171         21433.5         1.40121               1      Successful search (ES-ell)        
     1         172         21400.6         1.40127               1      Successful search (ES-ell)        
     1         180         21378.1         1.40119               1      Successful search (ES-ell)        
     1         186         21359.4         1.37721               1      Successful search (ES-ell)        
     1         195         21344.7         12.4239               1      Successful search (ES-ell)        
     1         197         21324.2         15.1882               1      Successful search (ES-ell)        
     1         243         21324.2         15.1882             0.5          Refine grid             Train
     2         244         21345.6         20.3856             0.5      Successful search (ES-ell)        
     2         249         21345.4         16.6877             0.5      Incremental search (ES-ell)        
     2         252         21345.1         16.5223             0.5      Incremental search (ES-ell)        
     2         254         21312.9         16.8896             0.5      Successful search (ES-ell)        
     2         260         21299.5         22.4826             0.5      Successful search (ES-wcm)        
     2         263         21162.9         22.6847             0.5      Successful search (ES-wcm)        
     2         268         21127.4         21.7945             0.5      Successful search (ES-wcm)        
     2         271         21121.3         19.9463             0.5      Successful search (ES-wcm)        
     2         281           21120         13.4021             0.5      Successful search (ES-wcm)        
     2         290         21107.6         22.4586             0.5      Successful search (ES-wcm)        
     2         297           21107         17.6512             0.5      Successful search (ES-wcm)        
     2         299         21093.5         18.8331             0.5      Successful search (ES-wcm)        
     2         344           21074         13.5015               1        Successful poll           
     3         379           21074         13.4219             0.5          Refine grid             Train
     4         382         21097.3         15.5421             0.5      Successful search (ES-wcm)        
     4         435         21097.3         15.5421            0.25          Refine grid             
     5         436         21107.7         10.2775            0.25      Successful search (ES-ell)        
     5         438         21098.6         12.3669            0.25      Successful search (ES-ell)        
     5         442         21094.3         6.46188            0.25      Successful search (ES-ell)        
     5         444         21090.8         6.89376            0.25      Successful search (ES-ell)        
     5         445           21084         8.74777            0.25      Successful search (ES-ell)        
     5         448         21081.8         7.57798            0.25      Successful search (ES-wcm)        
     5         453         21080.3         6.07281            0.25      Successful search (ES-wcm)        
     5         454         21077.9         7.26935            0.25      Successful search (ES-wcm)        
     5         508         21077.9         7.26935           0.125          Refine grid             
     6         509           21090         6.64462           0.125      Successful search (ES-wcm)        
     6         511         21084.1         8.49387           0.125      Successful search (ES-wcm)        
     6         515           21084         6.78161           0.125      Successful search (ES-wcm)        
     6         566         21069.3         8.74821            0.25        Successful poll           
     7         567         21086.3          10.828            0.25      Successful search (ES-ell)        
     7         569         21077.3         10.6966            0.25      Successful search (ES-ell)        
     7         624         21077.3         10.6966           0.125          Refine grid             Train
     8         625           21079          7.9797           0.125      Successful search (ES-ell)        
     8         640         21077.4         5.52945           0.125      Successful search (ES-ell)        
     8         641         21073.1         10.7765           0.125      Successful search (ES-ell)        
     8         697         21073.1         10.7765          0.0625          Refine grid             Train
     9         698         21087.7         4.47309          0.0625      Successful search (ES-ell)        
     9         699         21077.7         6.76412          0.0625      Successful search (ES-wcm)        
     9         728         20894.9         8.41723           0.125        Successful poll           
    10         771         21089.4         4.72615          0.0625          Refine grid             Train
    11         772         21092.3         5.49842          0.0625      Successful search (ES-wcm)        
    11         773         21088.6         7.47724          0.0625      Successful search (ES-wcm)        
    11         775         21081.3         6.67801          0.0625      Successful search (ES-ell)        
    11         776         21070.4         8.74173          0.0625      Successful search (ES-ell)        
    11         829         21070.4         8.74173         0.03125          Refine grid             
    12         830         21086.2         4.73625         0.03125      Successful search (ES-ell)        
    12         831         21084.2          6.2027         0.03125      Successful search (ES-ell)        
    12         862         21053.5         8.00036          0.0625        Successful poll           
    13         863           21095         4.28721          0.0625      Successful search (ES-ell)        
    13         864         21086.4         8.59959          0.0625      Successful search (ES-wcm)        
    13         920         21086.4         8.59959         0.03125          Refine grid             Train
    14         921           21097         4.31773         0.03125      Successful search (ES-wcm)        
    14         925           21097         4.28254         0.03125      Successful search (ES-wcm)        
    14         926         21096.9         4.61247         0.03125      Successful search (ES-wcm)        
    14         936           21094         4.74092         0.03125      Successful search (ES-ell)        
    14         946         21093.9         3.47543         0.03125      Successful search (ES-wcm)        
    14         951         21093.1         3.68668         0.03125      Successful search (ES-wcm)        
    14         953         21091.2         3.94931         0.03125      Successful search (ES-wcm)        
    14        1005         21084.3         10.1918          0.0625        Successful poll           Train
    15        1006         21079.7         11.8579          0.0625      Successful search (ES-wcm)        
    15        1063         21079.7         11.8579         0.03125          Refine grid             
    16        1106         21087.9         5.75109        0.015625          Refine grid             
    17        1149         21094.5         3.26175      0.00390625          Refine grid             Train
    18        1150         21095.7         2.80051      0.00390625      Successful search (ES-wcm)        
    18        1151         21094.4         2.81515      0.00390625      Successful search (ES-ell)        
    18        1152         21093.6          2.8759      0.00390625      Successful search (ES-ell)        
    18        1153           21092         3.13774      0.00390625      Successful search (ES-ell)        
    18        1154         21089.1           3.466      0.00390625      Successful search (ES-ell)        
    18        1155         21086.6         4.13757      0.00390625      Successful search (ES-ell)        
    18        1156         21081.8         6.50682      0.00390625      Successful search (ES-wcm)        
    18        1207         21081.8         6.50682      0.00195312          Refine grid             
    19        1208         21097.4         2.50998      0.00195312      Successful search (ES-wcm)        
    19        1209         21096.6         2.41501      0.00195312      Successful search (ES-wcm)        
    19        1210           21096           2.407      0.00195312      Successful search (ES-wcm)        
    19        1211         21095.5         2.42177      0.00195312      Successful search (ES-ell)        
    19        1212         21094.6          2.5903      0.00195312      Successful search (ES-ell)        
    19        1213         21093.3         2.95217      0.00195312      Successful search (ES-ell)        
    19        1214         21089.8         3.77271      0.00195312      Successful search (ES-ell)        
    19        1215         21089.3         4.89626      0.00195312      Successful search (ES-wcm)        
    19        1267         21089.3         4.89626     0.000976562          Refine grid             
Optimization terminated: change in the function value less than options['tol_mesh']
Estimated function value at minimum: 21098.948731020148 ± 1.6823713692653723 (mean ± SEM from 100 samples)
BADS minimum at: x_min = [4.00000e-03 2.91520e+00 3.39610e+00 8.35740e+00 3.98670e+00 1.01689e+01
 5.54000e-02 1.21400e-01 3.64830e+00 2.50061e+01 7.02300e-01 3.98600e-01
 1.43000e-01 1.27400e-01 5.73800e-01], training NLL = 21098.9487
total f-count: 1367, time: 58.79 min

 Optimization Run 2/2
Initial params: [1.8072, 4.1853, 5.0022, 14.3063, -1.033, 17.5511, 1.995, 0.5987, 28.8147, 29.6255, 0.7213, 0.1004, 0.1944, 0.2311, 0.7782]
bads:TooCloseBounds: For each variable, hard and plausible bounds should not be too close. Moving plausible bounds.
Variables (index) internally transformed to log coordinates: [[0 0]
 [0 3]
 [0 5]
 [0 6]]
Beginning optimization of a STOCHASTIC objective function

 Iteration    f-count      E[f(x)]        SD[f(x)]           MeshScale          Method              Actions
     0           1           25262             nan               1                                  
     0          33         23660.4             nan               1          Initial mesh            Initial points
     0          56         23376.7         1.00538               1        Successful poll           Train
     1          61         22968.7         1.00519               1      Successful search (ES-wcm)        
     1          65         22843.6        0.960764               1      Successful search (ES-wcm)        
     1          67         22697.8        0.960764               1      Successful search (ES-wcm)        
     1          69         22635.8        0.960746               1      Successful search (ES-wcm)        
     1          76         22479.4        0.960739               1      Successful search (ES-wcm)        
     1          78         22282.6        0.959363               1      Successful search (ES-ell)        
     1          79         22193.8        0.960143               1      Successful search (ES-ell)        
     1          80         22172.8        0.960682               1      Successful search (ES-wcm)        
     1          81         21934.5        0.960572               1      Successful search (ES-ell)        
     1          86         21927.8        0.956768               1      Successful search (ES-ell)        
     1          90         21895.4        0.960476               1      Successful search (ES-wcm)        
     1          92           21689        0.960299               1      Successful search (ES-wcm)        
     1          96           21676        0.727512               1      Successful search (ES-wcm)        
     1         109         21652.2        0.727132               1      Successful search (ES-wcm)        
     1         126         21647.9        0.719875               1      Successful search (ES-wcm)        
     1         127         21622.8         15.6104               1      Successful search (ES-wcm)        
     1         129           21567          15.406               1      Successful search (ES-wcm)        
     1         137         21535.2         18.5838               1      Successful search (ES-wcm)        
     1         141         21514.4         16.7912               1      Successful search (ES-wcm)        
     1         143         21486.8         18.0678               1      Successful search (ES-wcm)        
     1         145         21457.3         18.4629               1      Successful search (ES-wcm)        
     1         183         21306.6         17.9498               1        Successful poll           
     2         186         21281.7          17.949               1      Successful search (ES-wcm)        
     2         191         21265.9         22.3426               1      Successful search (ES-wcm)        
     2         195         21241.3         18.7849               1      Successful search (ES-wcm)        
     2         196         21208.9          19.295               1      Successful search (ES-wcm)        
     2         204         21202.6         17.5754               1      Successful search (ES-wcm)        
     2         205         21189.2         19.8671               1      Successful search (ES-ell)        
     2         207         21138.4         19.2752               1      Successful search (ES-ell)        
     2         208         21111.8         20.6344               1      Successful search (ES-ell)        
     2         233         19761.4         20.8935               1        Successful poll           Train
     3         238         19447.3         15.4021               1      Successful search (ES-ell)        
     3         239         19436.5         15.5858               1      Successful search (ES-ell)        
     3         240         19331.9         15.6226               1      Successful search (ES-ell)        
     3         246         19322.8         14.1799               1      Successful search (ES-ell)        
     3         253         19273.9         14.3613               1      Successful search (ES-ell)        
     3         254         19257.7         15.0312               1      Successful search (ES-ell)        
     3         257         19251.2         13.7409               1      Successful search (ES-ell)        
     3         261         19213.5         11.3648               1      Successful search (ES-ell)        
     3         262         19205.8          13.712               1      Successful search (ES-ell)        
     3         263         19191.5         14.5104               1      Successful search (ES-ell)        
     3         268         19183.8         11.5715               1      Successful search (ES-ell)        
     3         270         19157.9         12.7383               1      Successful search (ES-ell)        
     3         273         19153.8         11.3515               1      Successful search (ES-ell)        
     3         278         19143.3         10.9081               1      Successful search (ES-ell)        
     3         286         19131.9         10.4991               1      Successful search (ES-ell)        
     3         290         19129.8         6.46467               1      Successful search (ES-ell)        
     3         296         19122.3         11.1938               1      Successful search (ES-ell)        
     3         343         19122.3         11.1938             0.5          Refine grid             Train
     4         347           19112         14.8017             0.5      Successful search (ES-wcm)        
     4         351         19110.3         13.3264             0.5      Successful search (ES-wcm)        
     4         353         19087.2         13.5393             0.5      Successful search (ES-wcm)        
     4         398         19087.2         13.5393            0.25          Refine grid             
     5         400         19166.7         20.4678            0.25      Successful search (ES-wcm)        
     5         401           19130         21.4887            0.25      Successful search (ES-wcm)        
     5         415           19126         22.0134            0.25      Successful search (ES-wcm)        
     5         420         19122.6         16.1644            0.25      Successful search (ES-wcm)        
     5         425         19122.4         10.5177            0.25      Successful search (ES-wcm)        
     5         426         19091.3         14.0333            0.25      Successful search (ES-ell)        
     5         427         19088.6          17.414            0.25      Successful search (ES-wcm)        
     5         432         19084.5         14.3161            0.25      Successful search (ES-wcm)        
     5         436         19080.6         10.1368            0.25      Successful search (ES-wcm)        
     5         448         19064.3         13.1887            0.25      Successful search (ES-ell)        
     5         449         19043.3         17.3212            0.25      Successful search (ES-ell)        
     5         501         19043.3         17.3212           0.125          Refine grid             
     6         505         19046.2         9.41584           0.125      Successful search (ES-wcm)        
     6         509           19037         5.48256           0.125      Successful search (ES-wcm)        
     6         510         19030.8         7.67717           0.125      Successful search (ES-wcm)        
     6         511         19026.4         10.6576           0.125      Successful search (ES-wcm)        
     6         559         19026.4         10.6576          0.0625          Refine grid             Train
     7         560         19045.3         9.57203          0.0625      Successful search (ES-wcm)        
     7         617         19045.3         9.57203         0.03125          Refine grid             
     8         618         19044.9         5.72443         0.03125      Successful search (ES-wcm)        
     8         619         19034.9         11.1169         0.03125      Successful search (ES-wcm)        
     8         634         19033.9         7.29537         0.03125      Successful search (ES-wcm)        
     8         636         19032.2         9.16534         0.03125      Successful search (ES-wcm)        
     8         690         19032.2         9.16534        0.015625          Refine grid             
     9         691         19040.2         3.22967        0.015625      Successful search (ES-wcm)        
     9         692         19029.8         5.32046        0.015625      Successful search (ES-ell)        
     9         748         19028.7         4.54044         0.03125        Successful poll           
    10         749         19045.9         6.14387         0.03125      Successful search (ES-ell)        
    10         751         19045.3         8.24449         0.03125      Successful search (ES-ell)        
    10         753         19044.7         8.97449         0.03125      Successful search (ES-ell)        
    10         788         19004.9         8.88784          0.0625        Successful poll           Train
    11         791         18986.1          7.2187          0.0625      Successful search (ES-ell)        
    11         792         18955.5         7.31532          0.0625      Successful search (ES-ell)        
    11         846         18955.5         7.31532         0.03125          Refine grid             Train
    12         847         19051.7         7.48064         0.03125      Successful search (ES-ell)        
    12         848           19026         13.3833         0.03125      Successful search (ES-ell)        
    12         904           19026         13.3833        0.015625          Refine grid             
    13         905         19048.7         4.84336        0.015625      Successful search (ES-ell)        
    13         962         19048.7         4.84336       0.0078125          Refine grid             
    14         963         19048.9         3.88107       0.0078125      Successful search (ES-ell)        
    14         964         19041.3         5.69314       0.0078125      Successful search (ES-ell)        
    14         965         19035.3         8.10386       0.0078125      Successful search (ES-ell)        
    14         967         19033.5         8.66836       0.0078125      Successful search (ES-ell)        
    14         997         19026.1         3.92871        0.015625        Successful poll           
    15         998         19025.1         4.75334        0.015625      Successful search (ES-ell)        
    15         999         19019.9         6.18474        0.015625      Successful search (ES-ell)        
    15        1055         19019.9         6.18474       0.0078125          Refine grid             
    16        1056         19037.2         3.94522       0.0078125      Successful search (ES-ell)        
    16        1057         19030.6         5.22761       0.0078125      Successful search (ES-ell)        
    16        1058         19027.4         6.73442       0.0078125      Successful search (ES-ell)        
    16        1113         19027.4         6.73442      0.00390625          Refine grid             
    17        1114           19048         3.40964      0.00390625      Successful search (ES-ell)        
    17        1115         19044.9         4.07832      0.00390625      Successful search (ES-ell)        
    17        1116         19044.4         5.13906      0.00390625      Successful search (ES-ell)        
    17        1117         19042.4         8.02058      0.00390625      Successful search (ES-ell)        
    17        1129         19040.5         4.62415      0.00390625      Successful search (ES-ell)        
    17        1130           19039         5.49402      0.00390625      Successful search (ES-wcm)        
    17        1159         19011.9         2.75357       0.0078125        Successful poll           
    18        1160         18994.6         3.09404       0.0078125      Successful search (ES-wcm)        
    18        1161         18972.3         4.29404       0.0078125      Successful search (ES-wcm)        
    18        1162         18943.5         6.37769       0.0078125      Successful search (ES-wcm)        
    18        1163         18877.8         6.30764       0.0078125      Successful search (ES-ell)        
    18        1165         18863.3         5.72052       0.0078125      Successful search (ES-ell)        
    18        1166         18848.3         7.00243       0.0078125      Successful search (ES-wcm)        
    18        1217         18848.3         7.00243      0.00390625          Refine grid             Train
    19        1260           19051          2.8139      0.00195312          Refine grid             Train
    20        1261           19051         2.79204      0.00195312      Successful search (ES-wcm)        
    20        1263         19050.9         2.93902      0.00195312      Successful search (ES-wcm)        
    20        1264         19050.8         3.10609      0.00195312      Successful search (ES-wcm)        
    20        1266         19048.2         3.27786      0.00195312      Successful search (ES-ell)        
    20        1267         19046.7         4.09884      0.00195312      Successful search (ES-ell)        
    20        1272         19046.5         3.80899      0.00195312      Successful search (ES-wcm)        
    20        1273         19046.3         4.27199      0.00195312      Successful search (ES-ell)        
    20        1274         19044.8         4.83093      0.00195312      Successful search (ES-ell)        
    20        1275         19044.2         6.11147      0.00195312      Successful search (ES-ell)        
    20        1276         19041.5         6.46595      0.00195312      Successful search (ES-ell)        
    20        1333         19041.5         6.46595     0.000976562          Refine grid             
Optimization terminated: change in the function value less than options['tol_mesh']
Estimated function value at minimum: 19051.307803532003 ± 1.9120781837639924 (mean ± SEM from 100 samples)
BADS minimum at: x_min = [1.5691 4.2339 5.1722 8.6907 4.1207 5.2738 0.7211 0.1373 5.177  7.5324
 0.6448 0.5985 0.1962 0.1797 0.6368], training NLL = 19051.3078
total f-count: 1433, time: 61.94 min

 ------- Finish Optimization for Subject 25 ---------- 
Fri Jul  3 03:08:45 2026       
+---------------------------------------------------------------------------------------+
| NVIDIA-SMI 535.113.01             Driver Version: 535.113.01   CUDA Version: 12.2     |
|-----------------------------------------+----------------------+----------------------+
| GPU  Name                 Persistence-M | Bus-Id        Disp.A | Volatile Uncorr. ECC |
| Fan  Temp   Perf          Pwr:Usage/Cap |         Memory-Usage | GPU-Util  Compute M. |
|                                         |                      |               MIG M. |
|=========================================+======================+======================|
|   0  NVIDIA A100-PCIE-40GB          On  | 00000000:E2:00.0 Off |                    0 |
| N/A   38C    P0              36W / 250W |      4MiB / 40960MiB |      0%      Default |
|                                         |                      |             Disabled |
+-----------------------------------------+----------------------+----------------------+
                                                                                         
+---------------------------------------------------------------------------------------+
| Processes:                                                                            |
|  GPU   GI   CI        PID   Type   Process name                            GPU Memory |
|        ID   ID                                                             Usage      |
|=======================================================================================|
|  No running processes found                                                           |
+---------------------------------------------------------------------------------------+
----------------------------------------
Start job epilogue Fri Jul  3 03:08:46 CEST 2026
----------------------------------------
Job ID:          54054775
Job Exit Code:   0:0
Username:        wenlou
Group:           mpla
Queue:           gpu
Compute nodes:   dccn-c077
Asked resources: walltime=1-00:00:00,nodes=1,cpus=8,mem=2G
Used resources:  cputime=6-06:10:00,walltime=18:46:15,memory=0
----------------------------------------
End job epilogue Fri Jul  3 03:08:46 CEST 2026
----------------------------------------
