----------------------------------------
Start task prologue Mon Aug  3 00:14:25 CEST 2026
----------------------------------------
Step ID:         54521136.
Username:        wenlou
Group:           mpla
Asked resources: walltime=1-00:00:00,nodes=1,cpus=8,mem=2G
Queue:           gpu
Compute nodes:   dccn-c077
----------------------------------------
End task prologue Mon Aug  3 00:14:25 CEST 2026
----------------------------------------
CUDA version:
nvcc: NVIDIA (R) Cuda compiler driver
Copyright (c) 2005-2024 NVIDIA Corporation
Built on Thu_Mar_28_02:18:24_PDT_2024
Cuda compilation tools, release 12.4, V12.4.131
Build cuda_12.4.r12.4/compiler.34097967_0

[WARNING] Please note the interface change for (de-)activating conda environment:

  - DO NOT use `conda activate` to enter the conda environment as it requires extra step to modify your ~/.bashrc file, which will force you to use this Anaconda version (2024.06).  Therefore keep using `source activate` instead.

  - DO use `conda deactivate` to leave your conda environment as `source deactivate` will be deprecated in future release.

Running model for expriment=with_dn, m_id=2, method=bads
device is : cuda
['with_dn', '2', 'all', 'bads', '2']

 ------- Start Optimization for Subject 2 ---------- 

 Cross Validation fold 0/1

 -- Start Optimization: method BADS --

 Optimization Run 1/2
Initial params: [0.7944, 9.9057, 13.7257, 19.0428, 14.297, -26.2447, 0.7252, 0.2334, 20.3323, 28.4821, 0.1347, 0.582, 0.2346, 0.2634, -0.255]
bads:TooCloseBounds: For each variable, hard and plausible bounds should not be too close. Moving plausible bounds.
Variables (index) internally transformed to log coordinates: [[0 0]
 [0 3]
 [0 4]
 [0 6]]
Beginning optimization of a STOCHASTIC objective function

 Iteration    f-count      E[f(x)]        SD[f(x)]           MeshScale          Method              Actions
     0           1         26151.5             nan               1                                  
     0          33         25426.1             nan               1          Initial mesh            Initial points
     0          58         25254.8        0.990732               1        Successful poll           Train
     1          65         25202.5        0.931744               1      Successful search (ES-wcm)        
     1          68         25201.2        0.917559               1      Successful search (ES-ell)        
     1          69         25180.6          0.9293               1      Successful search (ES-wcm)        
     1          72         25176.1        0.908575               1      Successful search (ES-ell)        
     1          78         25160.3        0.928593               1      Successful search (ES-wcm)        
     1          95         25146.3         0.89999               1      Successful search (ES-wcm)        
     1          98         25139.2         5.01498               1      Successful search (ES-wcm)        
     1          99         25106.2         5.22838               1      Successful search (ES-wcm)        
     1         100         25097.4         5.33677               1      Successful search (ES-wcm)        
     1         105         25087.6         5.31956               1      Successful search (ES-ell)        
     1         106         25000.3         5.31349               1      Successful search (ES-ell)        
     1         107         24998.4         5.33599               1      Successful search (ES-ell)        
     1         110         24963.3         5.32863               1      Successful search (ES-ell)        
     1         114         24961.9         5.24202               1      Successful search (ES-ell)        
     1         115         24926.6         5.21295               1      Successful search (ES-ell)        
     1         121         24923.3         5.07985               1      Successful search (ES-ell)        
     1         137         24922.5         6.21918               1      Incremental search (ES-ell)        
     1         138         24906.6         7.90038               1      Successful search (ES-ell)        
     1         139         24904.7         8.29573               1      Successful search (ES-wcm)        
     1         142           24898         7.72124               1      Successful search (ES-wcm)        
     1         144         24886.9         7.89342               1      Successful search (ES-wcm)        
     1         149         24875.5         7.79418               1      Successful search (ES-wcm)        
     1         150         24851.1         8.26778               1      Successful search (ES-wcm)        
     1         152           24846         8.51667               1      Successful search (ES-wcm)        
     1         156           24824         8.01304               1      Successful search (ES-wcm)        
     1         157           24815         8.20635               1      Successful search (ES-wcm)        
     1         169         24809.9          6.8265               1      Successful search (ES-ell)        
     1         170         24798.5         8.53157               1      Successful search (ES-ell)        
     1         216         24796.9         8.75374               1        Successful poll           
     2         219         24798.5         8.70146               1      Successful search (ES-wcm)        
     2         223         24791.4         7.33456               1      Successful search (ES-wcm)        
     2         228         24789.4          4.7296               1      Successful search (ES-wcm)        
     2         229         24784.5         6.50191               1      Successful search (ES-wcm)        
     2         231         24778.4         5.60947               1      Successful search (ES-wcm)        
     2         236         24774.6         5.87774               1      Successful search (ES-wcm)        
     2         238         24764.5         6.79304               1      Successful search (ES-ell)        
     2         239         24760.2         7.38072               1      Successful search (ES-ell)        
     2         247         24749.5         8.51354               1      Successful search (ES-ell)        
     2         263           24736         6.71344               1      Successful search (ES-ell)        
     2         267         24727.6         6.63659               1      Successful search (ES-ell)        
     2         277         24718.1         9.78993               1      Successful search (ES-wcm)        
     2         281         24707.7         9.04068               1      Successful search (ES-ell)        
     2         284         24706.8         8.08677               1      Incremental search (ES-ell)        
     2         285         24691.9         9.72122               1      Successful search (ES-ell)        
     2         288         24691.6         8.20575               1      Incremental search (ES-ell)        
     2         291         24674.8         7.96287               1      Successful search (ES-ell)        
     2         330         24670.6         8.14804               1        Successful poll           
     3         334         24669.4         5.56955               1      Successful search (ES-ell)        
     3         341         24660.7         3.01223               1      Successful search (ES-ell)        
     3         342           24603         2.91922               1      Successful search (ES-ell)        
     3         343         24535.1         3.23388               1      Successful search (ES-ell)        
     3         344           24462         3.55442               1      Successful search (ES-ell)        
     3         345         24426.2         4.71497               1      Successful search (ES-ell)        
     3         383         24426.2         4.71497             0.5          Refine grid             
     4         384         24572.7         4.66549             0.5      Successful search (ES-ell)        
     4         438         24572.7         4.66549            0.25          Refine grid             
     5         439         24664.1         6.48557            0.25      Successful search (ES-wcm)        
     5         444         24662.7         4.26559            0.25      Successful search (ES-wcm)        
     5         454         24660.7         5.58059            0.25      Successful search (ES-wcm)        
     5         456         24653.5         5.06307            0.25      Successful search (ES-wcm)        
     5         469         24652.8         3.39146            0.25      Successful search (ES-wcm)        
     5         471         24648.4         2.92299            0.25      Successful search (ES-wcm)        
     5         472         24646.3         4.43604            0.25      Successful search (ES-wcm)        
     5         474         24641.8         4.32957            0.25      Successful search (ES-wcm)        
     5         476         24639.1         6.22485            0.25      Successful search (ES-wcm)        
     5         477         24630.6         5.64796            0.25      Successful search (ES-wcm)        
     5         487         24625.3         5.77314            0.25      Successful search (ES-wcm)        
     5         539         24624.2         5.74647             0.5        Successful poll           
     6         545           24627         4.21853             0.5      Successful search (ES-wcm)        
     6         546           24627         5.03847             0.5      Incremental search (ES-wcm)        
     6         549         24621.1         5.12291             0.5      Successful search (ES-wcm)        
     6         593         24621.1         5.12291            0.25          Refine grid             
     7         595         24631.8         3.64739            0.25      Successful search (ES-wcm)        
     7         596         24625.9          4.4567            0.25      Successful search (ES-wcm)        
     7         600         24623.7          3.5358            0.25      Successful search (ES-wcm)        
     7         601         24622.1         5.02674            0.25      Successful search (ES-wcm)        
     7         648         24621.8         3.42737             0.5        Successful poll           
     8         651         24617.9          3.1026             0.5      Successful search (ES-ell)        
     8         703         24617.9          3.1026            0.25          Refine grid             
     9         704         24621.8         3.22532            0.25      Successful search (ES-ell)        
     9         706         24621.8         3.19518            0.25      Incremental search (ES-ell)        
     9         713         24621.6         2.25959            0.25      Successful search (ES-ell)        
     9         714         24620.7         2.59165            0.25      Successful search (ES-ell)        
     9         760         24620.7         2.59165           0.125          Refine grid             Train
    10         761           24619         2.51233           0.125      Successful search (ES-wcm)        
    10         816           24619         2.51233          0.0625          Refine grid             
    11         817         24621.5         1.78825          0.0625      Successful search (ES-wcm)        
    11         872         24621.5         1.78825         0.03125          Refine grid             
    12         873         24624.4         1.08276         0.03125      Successful search (ES-wcm)        
    12         874         24622.9         1.08999         0.03125      Successful search (ES-wcm)        
    12         875         24622.2         1.20743         0.03125      Successful search (ES-wcm)        
    12         878           24622         1.27366         0.03125      Successful search (ES-wcm)        
    12         879           24620         1.24849         0.03125      Successful search (ES-wcm)        
    12         880         24618.4          1.6758         0.03125      Successful search (ES-ell)        
    12         881         24617.5         2.54258         0.03125      Successful search (ES-ell)        
    12         882         24617.3         2.84072         0.03125      Successful search (ES-ell)        
    12         895         24617.1         1.55035         0.03125      Successful search (ES-wcm)        
    12         896         24617.1         1.54784         0.03125      Successful search (ES-wcm)        
    12         898         24615.3          1.4067         0.03125      Successful search (ES-ell)        
    12         899         24613.8         1.37836         0.03125      Successful search (ES-ell)        
    12         900         24612.1         1.34858         0.03125      Successful search (ES-ell)        
    12         901         24611.3         1.36344         0.03125      Successful search (ES-wcm)        
    12         902         24608.3         1.33994         0.03125      Successful search (ES-ell)        
    12         903           24602         1.36828         0.03125      Successful search (ES-ell)        
    12         905           24600         1.35113         0.03125      Successful search (ES-ell)        
    12         933         24583.3         1.10905          0.0625        Successful poll           
    13         934           24623         1.05612          0.0625      Successful search (ES-ell)        
    13         935           24621         1.31906          0.0625      Successful search (ES-ell)        
    13         936         24619.7         2.04628          0.0625      Successful search (ES-ell)        
    13         938         24619.1         2.78458          0.0625      Successful search (ES-wcm)        
    13         940         24617.3         2.30745          0.0625      Successful search (ES-wcm)        
    13         943         24617.1         2.13051          0.0625      Successful search (ES-wcm)        
    13         944         24614.6         2.95164          0.0625      Successful search (ES-wcm)        
    13         945         24614.3          4.8065          0.0625      Successful search (ES-wcm)        
    13         989         24614.3          4.8065         0.03125          Refine grid             Train
    14         990           24618         1.11176         0.03125      Successful search (ES-wcm)        
    14         991         24615.9         1.35249         0.03125      Successful search (ES-wcm)        
    14         992         24614.6         1.49914         0.03125      Successful search (ES-wcm)        
    14         993         24613.3         1.74729         0.03125      Successful search (ES-wcm)        
    14         996         24613.2         1.71858         0.03125      Successful search (ES-wcm)        
    14         997         24611.7          2.2374         0.03125      Successful search (ES-wcm)        
    14        1001         24610.9         2.03945         0.03125      Successful search (ES-wcm)        
    14        1002         24610.7         2.36966         0.03125      Successful search (ES-wcm)        
    14        1045         24610.7         2.36966        0.015625          Refine grid             
    15        1046         24613.1         1.05354        0.015625      Successful search (ES-ell)        
    15        1047         24612.5         1.14258        0.015625      Successful search (ES-ell)        
    15        1049           24612         1.25603        0.015625      Successful search (ES-ell)        
    15        1051           24612         1.43602        0.015625      Successful search (ES-ell)        
    15        1052           24611          1.5942        0.015625      Successful search (ES-ell)        
    15        1053         24608.7         1.78738        0.015625      Successful search (ES-ell)        
    15        1054         24606.9         2.29701        0.015625      Successful search (ES-ell)        
    15        1055         24605.4         2.92156        0.015625      Successful search (ES-ell)        
    15        1103         24605.4         2.92156       0.0078125          Refine grid             
    16        1104         24613.4        0.966461       0.0078125      Successful search (ES-ell)        
    16        1105         24613.3         1.01425       0.0078125      Successful search (ES-ell)        
    16        1106           24613         1.08705       0.0078125      Successful search (ES-ell)        
    16        1107           24613         1.40078       0.0078125      Successful search (ES-ell)        
    16        1108         24612.5         1.82007       0.0078125      Successful search (ES-ell)        
    16        1109         24611.4         2.40391       0.0078125      Successful search (ES-ell)        
    16        1110         24610.9         3.07418       0.0078125      Successful search (ES-wcm)        
    16        1160         24610.9         3.07418      0.00390625          Refine grid             
    17        1161         24613.7        0.898777      0.00390625      Successful search (ES-ell)        
    17        1162         24613.5        0.924414      0.00390625      Successful search (ES-wcm)        
    17        1163         24613.4        0.960438      0.00390625      Successful search (ES-wcm)        
    17        1164         24613.2        0.982039      0.00390625      Successful search (ES-wcm)        
    17        1165         24612.8         1.12814      0.00390625      Successful search (ES-wcm)        
    17        1166         24612.4         1.31732      0.00390625      Successful search (ES-wcm)        
    17        1167         24612.1         1.62776      0.00390625      Successful search (ES-wcm)        
    17        1220         24612.1         1.62776      0.00195312          Refine grid             Train
    18        1242           24611          2.8883      0.00390625        Successful poll           Train
    19        1243         24614.9         2.15581      0.00390625      Successful search (ES-ell)        
    19        1278           24612         3.09334       0.0078125        Successful poll           Train
    20        1279         24613.8        0.963525       0.0078125      Successful search (ES-wcm)        
    20        1280         24613.2         1.06935       0.0078125      Successful search (ES-wcm)        
    20        1281         24612.4         1.22242       0.0078125      Successful search (ES-wcm)        
    20        1282         24611.4         1.45795       0.0078125      Successful search (ES-ell)        
    20        1283         24608.9         1.79667       0.0078125      Successful search (ES-wcm)        
    20        1284         24608.7         2.34051       0.0078125      Successful search (ES-wcm)        
    20        1285         24608.1         3.13089       0.0078125      Successful search (ES-wcm)        
    20        1320         24607.2         3.76179        0.015625        Successful poll           
    21        1321         24612.4         3.46096        0.015625      Successful search (ES-wcm)        
    21        1323         24611.5          2.8708        0.015625      Successful search (ES-ell)        
    21        1324         24611.5         2.71242        0.015625      Successful search (ES-ell)        
    21        1325           24611         2.66822        0.015625      Successful search (ES-ell)        
    21        1378           24611         2.66822       0.0078125          Refine grid             Train
    22        1379         24614.6        0.835875       0.0078125      Successful search (ES-ell)        
    22        1380         24614.2         0.94229       0.0078125      Successful search (ES-ell)        
    22        1381         24613.9         1.13837       0.0078125      Successful search (ES-ell)        
    22        1382         24613.4         1.44054       0.0078125      Successful search (ES-ell)        
    22        1383         24612.6         1.93416       0.0078125      Successful search (ES-ell)        
    22        1384         24611.6          2.4502       0.0078125      Successful search (ES-ell)        
    22        1385         24610.7         2.86843       0.0078125      Successful search (ES-ell)        
    22        1387         24609.4         3.17926       0.0078125      Successful search (ES-wcm)        
    22        1430         24608.5         5.47125        0.015625        Successful poll           Train
    23        1431         24609.9         2.28897        0.015625      Successful search (ES-wcm)        
    23        1486         24609.9         2.28897       0.0078125          Refine grid             
    24        1487         24614.3        0.781771       0.0078125      Successful search (ES-ell)        
    24        1488         24614.2        0.841555       0.0078125      Successful search (ES-ell)        
    24        1489           24614         1.05624       0.0078125      Successful search (ES-ell)        
    24        1490         24613.8         1.40167       0.0078125      Successful search (ES-ell)        
    24        1491         24613.6         1.97655       0.0078125      Successful search (ES-ell)        
    24        1492         24612.3         2.60731       0.0078125      Successful search (ES-ell)        
    24        1494         24612.1         2.81111       0.0078125      Successful search (ES-ell)        
    24        1543         24611.1         3.15097        0.015625        Successful poll           
    25        1544         24610.2         3.06394        0.015625      Successful search (ES-ell)        
    25        1545         24607.6         3.12747        0.015625      Successful search (ES-ell)        
    25        1600         24607.6         3.12747       0.0078125          Refine grid             Train
    26        1601         24613.3        0.969373       0.0078125      Successful search (ES-ell)        
    26        1602         24612.9          1.1276       0.0078125      Successful search (ES-ell)        
    26        1603         24612.8          1.4443       0.0078125      Successful search (ES-ell)        
    26        1604         24612.1          1.8229       0.0078125      Successful search (ES-ell)        
    26        1610         24611.7         1.62524       0.0078125      Successful search (ES-wcm)        
    26        1611         24610.7         1.87561       0.0078125      Successful search (ES-wcm)        
    26        1612         24609.7         2.18665       0.0078125      Successful search (ES-wcm)        
    26        1613         24607.7         2.80453       0.0078125      Successful search (ES-wcm)        
    26        1660         24607.7         2.80453      0.00390625          Refine grid             Train
    27        1661         24613.8         0.81544      0.00390625      Successful search (ES-ell)        
    27        1670         24613.6        0.771376      0.00390625      Successful search (ES-wcm)        
    27        1671         24613.6        0.769799      0.00390625      Successful search (ES-wcm)        
    27        1672         24613.5        0.770001      0.00390625      Successful search (ES-wcm)        
    27        1675         24613.5        0.761035      0.00390625      Successful search (ES-wcm)        
    27        1676         24613.3        0.763593      0.00390625      Successful search (ES-wcm)        
    27        1691         24613.1        0.767916      0.00390625      Successful search (ES-ell)        
    27        1692         24613.1        0.847396      0.00390625      Successful search (ES-ell)        
    27        1693         24612.8        0.992891      0.00390625      Successful search (ES-ell)        
    27        1695         24612.6         1.14735      0.00390625      Successful search (ES-ell)        
    27        1734         24612.6         1.03825       0.0078125        Successful poll           Train
    28        1735         24612.6         1.09655       0.0078125      Successful search (ES-ell)        
    28        1736         24611.7         1.29275       0.0078125      Successful search (ES-ell)        
    28        1737         24611.2         1.53738       0.0078125      Successful search (ES-ell)        
    28        1738         24610.7         2.07518       0.0078125      Successful search (ES-ell)        
    28        1739         24610.3         2.78218       0.0078125      Successful search (ES-ell)        
    28        1793         24610.3         2.78218      0.00390625          Refine grid             
    29        1794         24613.4        0.872578      0.00390625      Successful search (ES-ell)        
    29        1795         24612.9         1.33436      0.00390625      Successful search (ES-wcm)        
    29        1853         24612.3         1.87272       0.0078125        Successful poll           
    30        1886         24611.6         1.15992        0.015625        Successful poll           Train
    31        1888           24608         1.40105        0.015625      Successful search (ES-wcm)        
    31        1889         24605.4         3.23208        0.015625      Successful search (ES-ell)        
    31        1942         24603.9         4.49844         0.03125        Successful poll           
    32        1948         24609.4         2.04681         0.03125      Successful search (ES-wcm)        
    32        1998         24607.4          4.2756          0.0625        Successful poll           
    33        2039         24608.7         4.30725         0.03125          Refine grid             Train
    34        2080         24612.6        0.703919        0.015625          Refine grid             Train
    35        2124         24612.6        0.703919       0.0078125          Refine grid             Train
    36        2125         24611.3         1.80377       0.0078125      Successful search (ES-wcm)        
    36        2131         24611.3         1.54717       0.0078125      Successful search (ES-wcm)        
    36        2184         24611.1         5.17476        0.015625        Successful poll           
    37        2226         24611.8         2.19119         0.03125        Successful poll           
    38        2266         24610.5         3.33632          0.0625        Successful poll           Train
    39        2270         24610.2         3.90343          0.0625      Successful search (ES-ell)        
    39        2272         24610.1         4.00925          0.0625      Successful search (ES-ell)        
    39        2273         24606.3          4.0235          0.0625      Successful search (ES-ell)        
    39        2283         24606.2         3.22741          0.0625      Successful search (ES-ell)        
    39        2336         24606.2         3.22741         0.03125          Refine grid             
    40        2378         24611.7         2.12098          0.0625        Successful poll           
    41        2379         24607.7         3.87839          0.0625      Successful search (ES-ell)        
    41        2418         24606.8         3.51888           0.125        Successful poll           Train
    42        2422         24611.8         3.69831           0.125      Successful search (ES-ell)        
    42        2424         24610.9         3.85854           0.125      Successful search (ES-ell)        
    42        2473         24609.8         4.27205            0.25        Successful poll           
    43        2513         24612.2         1.66037          0.0625          Refine grid             Train
    44        2555         24612.7         0.54744         0.03125          Refine grid             Train
    45        2556           24612          1.4816         0.03125      Successful search (ES-ell)        
    45        2557           24611         2.65517         0.03125      Successful search (ES-ell)        
    45        2559         24609.5         3.01403         0.03125      Successful search (ES-ell)        
    45        2560         24609.1          3.5407         0.03125      Successful search (ES-ell)        
    45        2611         24607.6         4.72137          0.0625        Successful poll           
    46        2612         24612.6         3.01002          0.0625      Successful search (ES-ell)        
    46        2613         24608.1         3.81821          0.0625      Successful search (ES-ell)        
    46        2620         24607.6         2.15085          0.0625      Successful search (ES-ell)        
    46        2621         24607.6         2.21212          0.0625      Successful search (ES-ell)        
    46        2622         24607.2         2.38127          0.0625      Successful search (ES-ell)        
    46        2668         24607.2         2.38127         0.03125          Refine grid             
    47        2669         24611.8         1.38592         0.03125      Successful search (ES-ell)        
    47        2671         24611.6         2.00875         0.03125      Successful search (ES-ell)        
    47        2672           24611         3.08588         0.03125      Successful search (ES-ell)        
    47        2681         24610.8         1.79855         0.03125      Successful search (ES-ell)        
    47        2682         24610.7         1.79142         0.03125      Successful search (ES-ell)        
    47        2705         24606.4         4.82018          0.0625        Successful poll           Train
    48        2706         24612.5         2.37035          0.0625      Successful search (ES-ell)        
    48        2707         24610.6         3.88435          0.0625      Successful search (ES-ell)        
    48        2762         24610.6         3.88435         0.03125          Refine grid             
    49        2763         24612.3         1.39521         0.03125      Successful search (ES-ell)        
    49        2767         24612.1         1.61376         0.03125      Successful search (ES-ell)        
    49        2768         24611.9         2.09694         0.03125      Successful search (ES-ell)        
    49        2769         24611.4          2.6392         0.03125      Successful search (ES-ell)        
    49        2819         24611.4          2.6392        0.015625          Refine grid             
    50        2820         24612.4        0.907312        0.015625      Successful search (ES-ell)        
    50        2826         24612.4         1.12942        0.015625      Successful search (ES-wcm)        
    50        2829         24612.3         1.33285        0.015625      Successful search (ES-wcm)        
    50        2831         24612.1         1.33814        0.015625      Successful search (ES-ell)        
    50        2857           24611         3.27999         0.03125        Successful poll           Train
    51        2884         24601.4         6.43124          0.0625        Successful poll           Train
    52        2922         24609.3         4.36916           0.125        Successful poll           Train
    53        2924         24608.6         4.01473           0.125      Successful search (ES-ell)        
    53        2926         24606.3         3.71972           0.125      Successful search (ES-ell)        
    53        2978         24606.3         3.71972          0.0625          Refine grid             Train
    54        3020         24611.3         1.76816         0.03125          Refine grid             Train
    55        3021         24609.8           2.522         0.03125      Successful search (ES-ell)        
    55        3069         24605.6         4.78467          0.0625        Successful poll           
    56        3072         24610.5         3.78713          0.0625      Successful search (ES-ell)        
    56        3111         24608.6         4.33328           0.125        Successful poll           Train
    57        3113         24610.6         2.71407           0.125      Successful search (ES-ell)        
    57        3166           24610         3.96379            0.25        Successful poll           
    58        3202         24609.1         2.57505             0.5        Successful poll           Train
    59        3241         24582.1         4.26722               1        Successful poll           Train
    60        3277         24582.1          4.1796             0.5          Refine grid             Train
    61        3316         24612.8          1.1168            0.25          Refine grid             Train
    62        3357           24613        0.553395           0.125          Refine grid             Train
    63        3398         24612.7        0.546653          0.0625          Refine grid             Train
    64        3439         24612.7        0.546653         0.03125          Refine grid             Train
    65        3481         24613.1        0.506375        0.015625          Refine grid             Train
    66        3482         24612.6        0.722108        0.015625      Successful search (ES-ell)        
    66        3483         24612.5          1.1483        0.015625      Successful search (ES-ell)        
    66        3488           24612         1.49469        0.015625      Successful search (ES-wcm)        
    66        3491         24611.8         1.57142        0.015625      Successful search (ES-wcm)        
    66        3538         24609.1          4.4366         0.03125        Successful poll           
    67        3546         24612.4         1.83195         0.03125      Successful search (ES-ell)        
    67        3575         24612.1         4.90636          0.0625        Successful poll           Train
    68        3577         24611.5          3.1782          0.0625      Successful search (ES-ell)        
    68        3578         24609.3         4.00912          0.0625      Successful search (ES-ell)        
    68        3631         24609.3         4.00912         0.03125          Refine grid             
    69        3672         24612.5         2.19045        0.015625          Refine grid             Train
    70        3673         24612.9        0.865615        0.015625      Successful search (ES-wcm)        
    70        3677         24611.9        0.957855        0.015625      Successful search (ES-ell)        
    70        3679         24611.8         1.03922        0.015625      Successful search (ES-ell)        
    70        3680         24611.6         1.21889        0.015625      Successful search (ES-ell)        
    70        3681         24611.4          1.9885        0.015625      Successful search (ES-wcm)        
    70        3685         24611.1         1.79073        0.015625      Successful search (ES-wcm)        
    70        3688         24610.3         1.67424        0.015625      Successful search (ES-ell)        
    70        3689         24609.2         1.83069        0.015625      Successful search (ES-ell)        
    70        3690         24607.7         2.10014        0.015625      Successful search (ES-ell)        
    70        3745         24607.7         2.10014       0.0078125          Refine grid             Train
    71        3746         24612.9        0.622022       0.0078125      Successful search (ES-ell)        
    71        3747         24612.6         0.72826       0.0078125      Successful search (ES-ell)        
    71        3749         24612.5         1.12627       0.0078125      Successful search (ES-wcm)        
    71        3803         24612.1         3.16497        0.015625        Successful poll           Train
    72        3827         24608.6         2.53442         0.03125        Successful poll           Train
    73        3861           24609         2.20334          0.0625        Successful poll           Train
    74        3879         24609.5         6.08067           0.125        Successful poll           Train
    75        3881         24608.3         5.05163           0.125      Successful search (ES-ell)        
    75        3883         24607.1         5.21422           0.125      Successful search (ES-ell)        
    75        3896         24604.8         3.95737           0.125      Successful search (ES-ell)        
    75        3950         24604.8         3.95737          0.0625          Refine grid             Train
    76        3968         24607.9         5.27826           0.125        Successful poll           Train
    77        3969         24601.9         3.33767           0.125      Successful search (ES-ell)        
    77        4023         24601.9         3.33767          0.0625          Refine grid             
    78        4024         24606.7         1.70617          0.0625      Successful search (ES-ell)        
    78        4025           24603         2.52594          0.0625      Successful search (ES-ell)        
    78        4026         24600.4         3.56077          0.0625      Successful search (ES-ell)        
    78        4079         24600.4         3.56077         0.03125          Refine grid             
    79        4080         24609.7         1.11015         0.03125      Successful search (ES-ell)        
    79        4081         24607.6         1.48765         0.03125      Successful search (ES-ell)        
    79        4082         24604.8         2.15097         0.03125      Successful search (ES-ell)        
    79        4120         24599.6         6.69633          0.0625        Successful poll           Train
    80        4121         24608.7         1.65885          0.0625      Successful search (ES-ell)        
    80        4122         24600.5          4.6268          0.0625      Successful search (ES-wcm)        
    80        4124         24597.9         4.33137          0.0625      Successful search (ES-wcm)        
    80        4177         24597.9         4.33137         0.03125          Refine grid             
    81        4178         24608.2         1.18619         0.03125      Successful search (ES-wcm)        
    81        4182         24607.7         1.19472         0.03125      Successful search (ES-wcm)        
    81        4183         24607.4         1.40718         0.03125      Successful search (ES-ell)        
    81        4184         24606.9         1.80772         0.03125      Successful search (ES-ell)        
    81        4185         24605.3         2.38367         0.03125      Successful search (ES-ell)        
    81        4195           24605         1.72608         0.03125      Successful search (ES-wcm)        
    81        4248         24602.3         2.15544          0.0625        Successful poll           
    82        4265         24607.3         4.30221           0.125        Successful poll           
    83        4268           24608         3.48518           0.125      Successful search (ES-wcm)        
    83        4269         24599.5         4.20665           0.125      Successful search (ES-wcm)        
    83        4321         24597.9         4.15165            0.25        Successful poll           
    84        4322         24594.2         4.47037            0.25      Successful search (ES-ell)        
    84        4324         24591.5         4.51576            0.25      Successful search (ES-ell)        
    84        4376         24588.8         2.96652             0.5        Successful poll           
    85        4415         24590.4         2.86489            0.25          Refine grid             
    86        4416         24573.6         2.29456            0.25      Successful search (ES-ell)        
    86        4471         24573.6         2.29456           0.125          Refine grid             
    87        4472         24597.4         1.37445           0.125      Successful search (ES-ell)        
    87        4474         24596.7         1.79775           0.125      Successful search (ES-ell)        
    87        4491         24596.4         1.19668           0.125      Successful search (ES-wcm)        
    87        4492         24593.5         1.93325           0.125      Successful search (ES-wcm)        
    87        4494         24591.7         1.90966           0.125      Successful search (ES-wcm)        
    87        4495         24590.2         2.37024           0.125      Successful search (ES-wcm)        
    87        4496         24586.8         2.63309           0.125      Successful search (ES-ell)        
    87        4542         24586.8         2.63309          0.0625          Refine grid             Train
    88        4543         24599.3         1.15375          0.0625      Successful search (ES-ell)        
    88        4544           24598         1.25438          0.0625      Successful search (ES-ell)        
    88        4545         24596.2         1.72736          0.0625      Successful search (ES-ell)        
    88        4546           24594         2.28356          0.0625      Successful search (ES-ell)        
    88        4596         24593.8         5.73678           0.125        Successful poll           
    89        4636         24594.6         3.79641          0.0625          Refine grid             Train
    90        4637         24601.4         1.31015          0.0625      Successful search (ES-ell)        
    90        4638         24599.9          1.4932          0.0625      Successful search (ES-ell)        
    90        4639         24597.4         1.77264          0.0625      Successful search (ES-ell)        
    90        4693         24597.4         1.77264         0.03125          Refine grid             
    91        4736         24603.5         3.54326        0.015625          Refine grid             
    92        4737         24602.7         2.25078        0.015625      Successful search (ES-ell)        
    92        4738           24602         2.24392        0.015625      Successful search (ES-ell)        
    92        4739           24601         2.35778        0.015625      Successful search (ES-ell)        
    92        4740         24593.9         2.68999        0.015625      Successful search (ES-ell)        
    92        4741         24592.4         2.84307        0.015625      Successful search (ES-ell)        
    92        4742         24587.2         3.19631        0.015625      Successful search (ES-ell)        
    92        4773         24582.7          4.4518         0.03125        Successful poll           
    93        4774         24593.7         2.78364         0.03125      Successful search (ES-ell)        
    93        4830         24593.7         2.78364        0.015625          Refine grid             
    94        4831         24598.8        0.764353        0.015625      Successful search (ES-ell)        
    94        4832         24598.3        0.952962        0.015625      Successful search (ES-ell)        
    94        4833         24597.5         1.26684        0.015625      Successful search (ES-ell)        
    94        4834         24596.7         1.85019        0.015625      Successful search (ES-ell)        
    94        4868         24592.5         4.86044         0.03125        Successful poll           
    95        4869         24596.4         2.86478         0.03125      Successful search (ES-wcm)        
    95        4870         24596.4         2.86348         0.03125      Successful search (ES-wcm)        
    95        4871           24595         2.74359         0.03125      Successful search (ES-wcm)        
    95        4884         24594.5         1.64811         0.03125      Successful search (ES-wcm)        
    95        4885         24593.9         1.93082         0.03125      Successful search (ES-wcm)        
    95        4886           24590         2.23585         0.03125      Successful search (ES-wcm)        
    95        4940           24590         2.23585        0.015625          Refine grid             Train
    96        4944         24596.2        0.805766        0.015625      Successful search (ES-ell)        
    96        4953         24596.1        0.759397        0.015625      Successful search (ES-ell)        
    96        4955           24596        0.750547        0.015625      Successful search (ES-ell)        
    96        4956         24595.4        0.835449        0.015625      Successful search (ES-ell)        
    96        4957         24594.6         1.15336        0.015625      Successful search (ES-ell)        
    96        4958         24593.9         1.56746        0.015625      Successful search (ES-ell)        
    96        4971           24590        0.932107        0.015625      Successful search (ES-wcm)        
    96        4975         24589.8        0.927635        0.015625      Successful search (ES-wcm)        
    96        4977         24588.8        0.945449        0.015625      Successful search (ES-wcm)        
    96        5028         24588.8        0.945449       0.0078125          Refine grid             Train
    97        5073         24596.8         1.95493      0.00195312          Refine grid             Train
    98        5118         24595.9         1.86592     0.000976562          Refine grid             Train
Optimization terminated: change in the function value less than options['tol_mesh']
Estimated function value at minimum: 24597.086282498083 ± 0.6946713934563079 (mean ± SEM from 100 samples)
BADS minimum at: x_min = [ 3.22200e-01  5.46950e+00  6.14480e+00  0.00000e+00  1.28450e+00
 -9.48236e+01  2.76470e+00  1.00000e+00  6.20410e+00  2.35972e+01
  5.66300e-01  3.84800e-01  2.76900e-01  8.99000e-02  7.77000e-01], training NLL = 24597.0863
total f-count: 5218, time: 233.03 min

 Optimization Run 2/2
Initial params: [0.8554, 2.8352, 11.4859, 31.8352, 9.7002, -17.6637, 3.555, 0.1889, 21.8873, 26.4722, 0.5406, 0.62, 0.2541, 0.2502, 0.6447]
bads:TooCloseBounds: For each variable, hard and plausible bounds should not be too close. Moving plausible bounds.
Variables (index) internally transformed to log coordinates: [[0 0]
 [0 3]
 [0 4]
 [0 6]]
Beginning optimization of a STOCHASTIC objective function

 Iteration    f-count      E[f(x)]        SD[f(x)]           MeshScale          Method              Actions
     0           1         26144.6             nan               1                                  
     0          33         25430.1             nan               1          Initial mesh            Initial points
     0          57         25251.5        0.971167               1        Successful poll           Train
     1          63         25229.7        0.965961               1      Successful search (ES-wcm)        
     1          66         25212.2        0.833764               1      Successful search (ES-wcm)        
     1          70         25197.1        0.820165               1      Successful search (ES-wcm)        
     1          73           25070        0.835031               1      Successful search (ES-wcm)        
     1          76         25067.6        0.835036               1      Successful search (ES-wcm)        
     1          82         25002.7        0.832877               1      Successful search (ES-wcm)        
     1          85         24989.2        0.827966               1      Successful search (ES-wcm)        
     1          97         24975.2          1.3095               1      Successful search (ES-wcm)        
     1         102         24974.3        0.802196               1      Incremental search (ES-wcm)        
     1         123         24957.9         1.32901               1        Successful poll           
     2         125         24938.5         1.32416               1      Successful search (ES-ell)        
     2         174         24907.4         6.24441               1        Successful poll           Train
     3         180         24909.7         4.99667               1      Successful search (ES-wcm)        
     3         226         24909.7         4.99667             0.5          Refine grid             Train
     4         227         24932.9         8.24694             0.5      Successful search (ES-wcm)        
     4         230           24924          7.2917             0.5      Successful search (ES-wcm)        
     4         231         24920.4         7.24826             0.5      Successful search (ES-wcm)        
     4         234         24914.6         7.15631             0.5      Successful search (ES-wcm)        
     4         237         24904.6         6.06918             0.5      Successful search (ES-wcm)        
     4         238         24903.2         7.53353             0.5      Successful search (ES-ell)        
     4         242         24889.8         8.42927             0.5      Successful search (ES-wcm)        
     4         246         24888.6         7.55798             0.5      Successful search (ES-ell)        
     4         248         24881.9         7.55675             0.5      Successful search (ES-ell)        
     4         249         24851.5         7.94477             0.5      Successful search (ES-ell)        
     4         251           24838         7.91332             0.5      Successful search (ES-ell)        
     4         253         24802.1         8.49498             0.5      Successful search (ES-wcm)        
     4         259         24800.6         6.29376             0.5      Successful search (ES-wcm)        
     4         260         24794.9         7.18651             0.5      Successful search (ES-wcm)        
     4         262         24791.8         7.42355             0.5      Successful search (ES-wcm)        
     4         263         24783.6         7.65237             0.5      Successful search (ES-wcm)        
     4         300         24778.5         6.37588               1        Successful poll           Train
     5         306         24777.1         4.99351               1      Successful search (ES-wcm)        
     5         308         24771.5         4.76095               1      Successful search (ES-wcm)        
     5         311         24771.4         4.47519               1      Incremental search (ES-wcm)        
     5         315         24770.9         3.30124               1      Incremental search (ES-wcm)        
     5         321         24769.7         3.91848               1      Successful search (ES-wcm)        
     5         324         24767.3         5.22066               1      Successful search (ES-wcm)        
     5         325         24763.7         5.04337               1      Successful search (ES-ell)        
     5         326         24759.9           6.073               1      Successful search (ES-ell)        
     5         327         24750.9         6.51707               1      Successful search (ES-ell)        
     5         333         24744.9          6.4566               1      Successful search (ES-ell)        
     5         335         24739.2         7.56751               1      Successful search (ES-wcm)        
     5         340         24727.7         6.12202               1      Successful search (ES-wcm)        
     5         343         24723.5         4.69496               1      Successful search (ES-wcm)        
     5         344         24719.5         6.24872               1      Successful search (ES-wcm)        
     5         351         24718.7         4.84353               1      Incremental search (ES-wcm)        
     5         376         24716.6         5.63524               1        Successful poll           Train
     6         382         24717.7         3.31031               1      Successful search (ES-ell)        
     6         385         24715.9          3.3319               1      Successful search (ES-wcm)        
     6         386         24714.9         4.02513               1      Incremental search (ES-ell)        
     6         387         24713.2         5.14759               1      Successful search (ES-ell)        
     6         429         24713.2         5.14759             0.5          Refine grid             
     7         430           24713         4.01705             0.5      Successful search (ES-ell)        
     7         431         24710.9         6.30904             0.5      Successful search (ES-ell)        
     7         436         24709.7         3.66103             0.5      Successful search (ES-ell)        
     7         438         24707.6         4.39693             0.5      Successful search (ES-ell)        
     7         439         24701.2         5.65409             0.5      Successful search (ES-ell)        
     7         483         24701.2         5.65409            0.25          Refine grid             
     8         484         24703.6         2.50157            0.25      Successful search (ES-ell)        
     8         485         24697.9         4.07622            0.25      Successful search (ES-ell)        
     8         539         24697.9         4.07622           0.125          Refine grid             Train
     9         540         24696.5         1.99713           0.125      Successful search (ES-ell)        
     9         542         24694.2         2.63712           0.125      Successful search (ES-wcm)        
     9         596         24694.2         2.63712          0.0625          Refine grid             
    10         597         24704.7         2.36587          0.0625      Successful search (ES-wcm)        
    10         599         24704.6          1.9256          0.0625      Successful search (ES-wcm)        
    10         609         24704.5         1.45645          0.0625      Successful search (ES-wcm)        
    10         610         24704.3         1.36474          0.0625      Successful search (ES-wcm)        
    10         612         24701.5         1.90671          0.0625      Successful search (ES-ell)        
    10         613         24700.7         2.98228          0.0625      Successful search (ES-ell)        
    10         668         24696.4         5.06647           0.125        Successful poll           
    11         690         24676.9         3.46074            0.25        Successful poll           
    12         691         24699.9         3.38749            0.25      Successful search (ES-ell)        
    12         712         24695.2         2.58454            0.25      Successful search (ES-wcm)        
    12         713         24692.7          2.4772            0.25      Successful search (ES-ell)        
    12         714         24691.5         2.49382            0.25      Successful search (ES-ell)        
    12         761         24691.5         2.49382           0.125          Refine grid             
    13         762         24700.6         1.77174           0.125      Successful search (ES-ell)        
    13         766         24700.3          1.9759           0.125      Successful search (ES-wcm)        
    13         777         24698.9         1.96413           0.125      Successful search (ES-ell)        
    13         781         24698.3         2.58239           0.125      Successful search (ES-wcm)        
    13         782         24698.1         3.52107           0.125      Successful search (ES-wcm)        
    13         784         24695.7         2.46133           0.125      Successful search (ES-wcm)        
    13         786         24695.7          2.4722           0.125      Incremental search (ES-wcm)        
    13         809         24665.1         4.42697            0.25        Successful poll           
    14         812         24704.4         5.39828            0.25      Successful search (ES-wcm)        
    14         813         24699.3         4.60658            0.25      Successful search (ES-ell)        
    14         816         24680.7         3.23069            0.25      Successful search (ES-ell)        
    14         865         24680.7         3.23069           0.125          Refine grid             
    15         866           24702         2.17249           0.125      Successful search (ES-ell)        
    15         867         24697.6         2.91141           0.125      Successful search (ES-ell)        
    15         868         24692.5         3.76365           0.125      Successful search (ES-ell)        
    15         869           24689         4.85672           0.125      Successful search (ES-ell)        
    15         873         24687.6          3.4488           0.125      Successful search (ES-ell)        
    15         874         24682.3         3.89999           0.125      Successful search (ES-ell)        
    15         901         24678.2         2.32696            0.25        Successful poll           
    16         902         24698.9         3.40208            0.25      Successful search (ES-ell)        
    16         919         24682.3         1.80111            0.25      Successful search (ES-ell)        
    16         920         24658.3         2.62909            0.25      Successful search (ES-ell)        
    16         972         24658.3         2.62909           0.125          Refine grid             
    17         973           24673         2.71294           0.125      Successful search (ES-ell)        
    17         974         24649.7         3.19523           0.125      Successful search (ES-ell)        
    17        1029         24649.7         3.19523          0.0625          Refine grid             
    18        1030         24702.4         1.20562          0.0625      Successful search (ES-ell)        
    18        1031           24700           1.725          0.0625      Successful search (ES-ell)        
    18        1032         24697.1         2.55589          0.0625      Successful search (ES-ell)        
    18        1086         24697.1         2.55589         0.03125          Refine grid             Train
    19        1087         24702.4         1.10236         0.03125      Successful search (ES-wcm)        
    19        1119         24697.3         3.03896          0.0625        Successful poll           
    20        1139         24690.3         3.84471           0.125        Successful poll           Train
    21        1140         24691.6         4.25933           0.125      Successful search (ES-wcm)        
    21        1142         24678.1         3.67903           0.125      Successful search (ES-wcm)        
    21        1143         24669.4         3.37458           0.125      Successful search (ES-ell)        
    21        1145         24669.3         3.27313           0.125      Successful search (ES-ell)        
    21        1196         24669.3         3.27313          0.0625          Refine grid             
    22        1197         24693.4         2.57102          0.0625      Successful search (ES-wcm)        
    22        1198         24689.9         2.64124          0.0625      Successful search (ES-wcm)        
    22        1253         24689.9         2.64124         0.03125          Refine grid             
    23        1254         24697.1        0.827231         0.03125      Successful search (ES-ell)        
    23        1255           24696        0.949464         0.03125      Successful search (ES-ell)        
    23        1256         24688.8         2.48474         0.03125      Successful search (ES-wcm)        
    23        1310         24688.8         2.48474        0.015625          Refine grid             Train
    24        1311           24694        0.928804        0.015625      Successful search (ES-wcm)        
    24        1312         24692.4         1.02486        0.015625      Successful search (ES-wcm)        
    24        1313         24690.4         1.25537        0.015625      Successful search (ES-wcm)        
    24        1314         24688.8         1.66254        0.015625      Successful search (ES-wcm)        
    24        1316         24686.7         2.26214        0.015625      Successful search (ES-wcm)        
    24        1320         24686.6         2.05083        0.015625      Successful search (ES-wcm)        
    24        1367         24686.6         2.05083       0.0078125          Refine grid             Train
    25        1368         24691.7        0.837362       0.0078125      Successful search (ES-wcm)        
    25        1369         24691.3        0.874232       0.0078125      Successful search (ES-wcm)        
    25        1370           24691        0.894945       0.0078125      Successful search (ES-wcm)        
    25        1371         24690.7        0.947201       0.0078125      Successful search (ES-wcm)        
    25        1372         24690.5         1.16487       0.0078125      Successful search (ES-wcm)        
    25        1373         24689.4         1.40377       0.0078125      Successful search (ES-wcm)        
    25        1374         24685.1          1.7097       0.0078125      Successful search (ES-ell)        
    25        1424         24685.1          1.7097      0.00390625          Refine grid             
    26        1425         24693.1        0.783507      0.00390625      Successful search (ES-ell)        
    26        1426         24692.8        0.804408      0.00390625      Successful search (ES-ell)        
    26        1427         24692.5        0.837191      0.00390625      Successful search (ES-ell)        
    26        1428         24691.7        0.922971      0.00390625      Successful search (ES-ell)        
    26        1429         24690.6         1.08434      0.00390625      Successful search (ES-ell)        
    26        1430         24689.6         1.39601      0.00390625      Successful search (ES-ell)        
    26        1431         24688.3         1.73873      0.00390625      Successful search (ES-ell)        
    26        1432         24685.8         2.38656      0.00390625      Successful search (ES-ell)        
    26        1482         24685.8         2.38656      0.00195312          Refine grid             
    27        1483         24693.1        0.758349      0.00195312      Successful search (ES-wcm)        
    27        1484         24692.9        0.764506      0.00195312      Successful search (ES-wcm)        
    27        1485         24692.9        0.780209      0.00195312      Successful search (ES-ell)        
    27        1486         24692.8        0.839276      0.00195312      Successful search (ES-ell)        
    27        1487         24692.1         0.89863      0.00195312      Successful search (ES-wcm)        
    27        1488         24691.6           1.013      0.00195312      Successful search (ES-wcm)        
    27        1489         24690.5         1.19505      0.00195312      Successful search (ES-wcm)        
    27        1490         24690.1         1.49304      0.00195312      Successful search (ES-ell)        
    27        1491         24687.6         1.95712      0.00195312      Successful search (ES-ell)        
    27        1492         24685.2         2.49019      0.00195312      Successful search (ES-ell)        
    27        1493         24684.4         3.07692      0.00195312      Successful search (ES-ell)        
    27        1540         24684.4         3.07692     0.000976562          Refine grid             Train
Optimization terminated: change in the function value less than options['tol_mesh']
Estimated function value at minimum: 24692.116573698833 ± 0.7220313597126522 (mean ± SEM from 100 samples)
BADS minimum at: x_min = [ 3.59850e+00  1.51164e+01  1.11359e+01  4.41100e+00  1.08660e+00
 -8.38032e+01  1.95690e+00  1.00000e-02  1.11368e+01  3.39469e+01
  4.90100e-01  3.66800e-01  2.38100e-01  1.72200e-01  1.49880e+00], training NLL = 24692.1166
total f-count: 1640, time: 73.02 min

 ------- Finish Optimization for Subject 2 ---------- 

 ------- Start Optimization for Subject 3 ---------- 

 Cross Validation fold 0/1

 -- Start Optimization: method BADS --

 Optimization Run 1/2
Initial params: [1.168, 2.342, 2.6215, 38.0496, 20.7589, 31.0817, 1.1819, 0.2023, 29.481, 22.8121, 0.5056, 0.2883, 0.2867, 0.1291, 0.2424]
bads:TooCloseBounds: For each variable, hard and plausible bounds should not be too close. Moving plausible bounds.
Variables (index) internally transformed to log coordinates: [[0 0]
 [0 3]
 [0 4]
 [0 6]]
Beginning optimization of a STOCHASTIC objective function

 Iteration    f-count      E[f(x)]        SD[f(x)]           MeshScale          Method              Actions
     0           1         25411.3             nan               1                                  
     0          33         24572.3             nan               1          Initial mesh            Initial points
     0          45           24122        0.992449               1        Successful poll           Train
     1          47         23452.7        0.992293               1      Successful search (ES-wcm)        
     1          54         23425.4        0.978441               1      Successful search (ES-wcm)        
     1          59           23394        0.901691               1      Successful search (ES-wcm)        
     1          60         23367.5        0.901337               1      Successful search (ES-wcm)        
     1          94         23246.9        0.949278               1        Successful poll           
     2          97         23210.3        0.919443               1      Successful search (ES-wcm)        
     2         100         23166.8        0.919396               1      Successful search (ES-wcm)        
     2         105         23163.3        0.919141               1      Successful search (ES-wcm)        
     2         106           23160         0.91943               1      Successful search (ES-wcm)        
     2         117         23139.8        0.918929               1      Successful search (ES-wcm)        
     2         123         23138.7        0.908817               1      Successful search (ES-wcm)        
     2         158         23131.6         8.03903               1        Successful poll           Train
     3         163         23121.6         10.0784               1      Successful search (ES-wcm)        
     3         212         23121.6         10.0784             0.5          Refine grid             Train
     4         216         23135.4         8.68697             0.5      Successful search (ES-wcm)        
     4         219         23130.3         6.55451             0.5      Successful search (ES-wcm)        
     4         220         23125.6         6.69845             0.5      Successful search (ES-wcm)        
     4         222         23122.9          7.6596             0.5      Successful search (ES-wcm)        
     4         223         23114.7         6.36187             0.5      Successful search (ES-ell)        
     4         225         23110.3         7.29337             0.5      Successful search (ES-ell)        
     4         265         23097.2         10.2646               1        Successful poll           Train
     5         267         23136.9         10.0543               1      Successful search (ES-ell)        
     5         270         23119.2         9.81685               1      Successful search (ES-ell)        
     5         273         23108.9         9.06046               1      Successful search (ES-ell)        
     5         275         23108.2         9.24785               1      Incremental search (ES-ell)        
     5         279         23076.1         8.69974               1      Successful search (ES-ell)        
     5         284         23070.5         8.04214               1      Successful search (ES-ell)        
     5         285         23062.4         9.35335               1      Successful search (ES-ell)        
     5         334         23062.4         9.35335             0.5          Refine grid             
     6         335         23074.6         5.70949             0.5      Successful search (ES-ell)        
     6         387         22672.6         3.85517               1        Successful poll           Train
     7         388         22422.1         8.58681               1      Successful search (ES-ell)        
     7         439         22422.1         8.58681             0.5          Refine grid             Train
     8         440         22908.1         5.57836             0.5      Successful search (ES-ell)        
     8         496         22908.1         5.57836            0.25          Refine grid             
     9         498         23065.6         3.17488            0.25      Successful search (ES-ell)        
     9         499         22918.6         6.83808            0.25      Successful search (ES-wcm)        
     9         502         22908.7          3.7283            0.25      Successful search (ES-wcm)        
     9         503           22878         4.43616            0.25      Successful search (ES-wcm)        
     9         554           22878         4.43616           0.125          Refine grid             
    10         555           22997         2.36073           0.125      Successful search (ES-wcm)        
    10         556           22962         3.36645           0.125      Successful search (ES-wcm)        
    10         557         22938.4         4.88031           0.125      Successful search (ES-wcm)        
    10         612         22938.4         4.88031          0.0625          Refine grid             
    11         613         23037.8         2.19045          0.0625      Successful search (ES-ell)        
    11         614         23019.2         2.86666          0.0625      Successful search (ES-ell)        
    11         615         23002.9         4.16963          0.0625      Successful search (ES-ell)        
    11         671         23002.9         4.16963         0.03125          Refine grid             Train
    12         672         23062.5         2.07245         0.03125      Successful search (ES-ell)        
    12         673         23060.1         2.22403         0.03125      Successful search (ES-ell)        
    12         674         23058.5         3.45818         0.03125      Successful search (ES-wcm)        
    12         676         23055.9         3.39755         0.03125      Successful search (ES-ell)        
    12         677           23052         4.24998         0.03125      Successful search (ES-ell)        
    12         678         23051.9         5.06994         0.03125      Successful search (ES-ell)        
    12         730         23051.9         5.06994        0.015625          Refine grid             Train
    13         731         23064.5         1.96959        0.015625      Successful search (ES-ell)        
    13         732         23063.2         2.07872        0.015625      Successful search (ES-ell)        
    13         733         23061.8         2.28878        0.015625      Successful search (ES-ell)        
    13         737         23061.4         2.19204        0.015625      Successful search (ES-wcm)        
    13         742         23060.6         2.05725        0.015625      Successful search (ES-wcm)        
    13         790         23058.4         6.65508         0.03125        Successful poll           
    14         835         23061.7         5.21534        0.015625          Refine grid             
    15         836         23066.7         1.42994        0.015625      Successful search (ES-wcm)        
    15         837           23064         1.53192        0.015625      Successful search (ES-wcm)        
    15         838           23063         2.21709        0.015625      Successful search (ES-wcm)        
    15         840         23060.5         3.20173        0.015625      Successful search (ES-wcm)        
    15         878           23060         3.54902         0.03125        Successful poll           Train
    16         879         23061.7         3.05355         0.03125      Successful search (ES-ell)        
    16         880         23060.5         3.55022         0.03125      Successful search (ES-ell)        
    16         881         23058.4          4.4521         0.03125      Successful search (ES-ell)        
    16         936         23058.4          4.4521        0.015625          Refine grid             
    17         937         23064.3         1.96798        0.015625      Successful search (ES-ell)        
    17         938         23063.8         2.63359        0.015625      Successful search (ES-wcm)        
    17         941         23063.8         2.79286        0.015625      Successful search (ES-wcm)        
    17         943         23063.1         2.78742        0.015625      Successful search (ES-ell)        
    17         944         23062.5         2.94039        0.015625      Successful search (ES-ell)        
    17         945         23061.1         3.25025        0.015625      Successful search (ES-ell)        
    17         996         23061.1         3.25025       0.0078125          Refine grid             
    18         997         23065.1           1.467       0.0078125      Successful search (ES-ell)        
    18         998         23064.3         1.63653       0.0078125      Successful search (ES-ell)        
    18         999         23063.6         2.14993       0.0078125      Successful search (ES-wcm)        
    18        1000         23062.5         3.20287       0.0078125      Successful search (ES-wcm)        
    18        1012         23060.9         2.38223       0.0078125      Successful search (ES-wcm)        
    18        1024         23060.8         1.90581       0.0078125      Successful search (ES-wcm)        
    18        1025         23060.4         1.89255       0.0078125      Successful search (ES-wcm)        
    18        1026         23060.2         1.88075       0.0078125      Successful search (ES-wcm)        
    18        1027           23059         2.21478       0.0078125      Successful search (ES-wcm)        
    18        1028         23057.8         2.56002       0.0078125      Successful search (ES-wcm)        
    18        1029         23056.7         3.04691       0.0078125      Successful search (ES-wcm)        
    18        1086         23056.7         3.04691      0.00390625          Refine grid             
    19        1087           23060         1.21045      0.00390625      Successful search (ES-wcm)        
    19        1088         23059.7         1.20946      0.00390625      Successful search (ES-wcm)        
    19        1091           23059         1.22328      0.00390625      Successful search (ES-wcm)        
    19        1102           23059         1.16095      0.00390625      Successful search (ES-wcm)        
    19        1161         23057.7         2.10715       0.0078125        Successful poll           
    20        1162         23056.3         2.31713       0.0078125      Successful search (ES-wcm)        
    20        1163         23055.1          2.9277       0.0078125      Successful search (ES-wcm)        
    20        1164         23053.3         3.49819       0.0078125      Successful search (ES-wcm)        
    20        1221         23053.3         3.49819      0.00390625          Refine grid             
    21        1222         23060.1        0.982258      0.00390625      Successful search (ES-wcm)        
    21        1223         23059.9         1.32662      0.00390625      Successful search (ES-wcm)        
    21        1224         23059.3         1.80259      0.00390625      Successful search (ES-wcm)        
    21        1225         23057.8         2.41964      0.00390625      Successful search (ES-wcm)        
    21        1226         23056.1         4.70791      0.00390625      Successful search (ES-wcm)        
    21        1227         23050.1         6.65108      0.00390625      Successful search (ES-wcm)        
    21        1228         23046.8         6.69473      0.00390625      Successful search (ES-wcm)        
    21        1229         23044.7         6.23718      0.00390625      Successful search (ES-ell)        
    21        1281         23044.7         6.23718      0.00195312          Refine grid             Train
    22        1282         23060.4        0.889502      0.00195312      Successful search (ES-wcm)        
    22        1283         23060.3         0.89279      0.00195312      Successful search (ES-wcm)        
    22        1284         23060.1         1.03583      0.00195312      Successful search (ES-wcm)        
    22        1285         23059.7         1.26019      0.00195312      Successful search (ES-wcm)        
    22        1286         23058.9         1.59564      0.00195312      Successful search (ES-wcm)        
    22        1287         23056.1         2.31019      0.00195312      Successful search (ES-wcm)        
    22        1289         23054.9         3.09363      0.00195312      Successful search (ES-wcm)        
    22        1295         23054.6         2.44709      0.00195312      Successful search (ES-wcm)        
    22        1341         23054.6         2.44709     0.000976562          Refine grid             Train
Optimization terminated: change in the function value less than options['tol_mesh']
Estimated function value at minimum: 23056.782836815066 ± 0.9855231208430532 (mean ± SEM from 100 samples)
BADS minimum at: x_min = [ 2.53230e+00  2.78220e+00  4.68770e+00  4.97440e+00  3.66660e+00
 -5.40170e+01  2.66000e-02  2.39500e-01  2.34005e+01  1.52595e+01
  8.35800e-01  2.55800e-01  2.03500e-01  1.44600e-01 -1.01350e+00], training NLL = 23056.7828
total f-count: 1441, time: 64.54 min

 Optimization Run 2/2
Initial params: [1.6678, 4.4692, 7.4098, 34.0732, 0.5415, -14.4162, 4.9652, 0.1687, 26.1752, 29.8471, 0.2827, 0.6401, 0.2778, 0.1555, 0.0829]
bads:TooCloseBounds: For each variable, hard and plausible bounds should not be too close. Moving plausible bounds.
Variables (index) internally transformed to log coordinates: [[0 0]
 [0 3]
 [0 4]
 [0 6]]
Beginning optimization of a STOCHASTIC objective function

 Iteration    f-count      E[f(x)]        SD[f(x)]           MeshScale          Method              Actions
     0           1         23448.3             nan               1                                  
     0          33         23448.3             nan               1          Initial mesh            Initial points
     0          34           23442        0.996433               1        Successful poll           Train
     1          43         23375.1        0.986453               1      Successful search (ES-wcm)        
     1          51         23336.5        0.996154               1      Successful search (ES-wcm)        
     1          54         23272.4        0.995708               1      Successful search (ES-wcm)        
     1          55         23258.4        0.995993               1      Successful search (ES-wcm)        
     1          63         23255.1        0.974022               1      Successful search (ES-wcm)        
     1          66         23226.2         6.04177               1      Successful search (ES-wcm)        
     1          67         23205.9         6.06683               1      Successful search (ES-wcm)        
     1          68         23204.5         6.04449               1      Successful search (ES-wcm)        
     1          75         23204.5         5.96339               1      Incremental search (ES-wcm)        
     1          77         23154.6         5.97451               1      Successful search (ES-ell)        
     1          82         23152.8           5.971               1      Successful search (ES-ell)        
     1          86         23133.1         5.64463               1      Successful search (ES-ell)        
     1          89         23123.7         4.71234               1      Successful search (ES-ell)        
     1          90         23122.9         5.47007               1      Incremental search (ES-ell)        
     1          93         23117.4         5.21167               1      Successful search (ES-ell)        
     1          94         23098.6         5.56529               1      Successful search (ES-ell)        
     1          96         23088.3         6.32405               1      Successful search (ES-ell)        
     1          97           23043         6.40626               1      Successful search (ES-wcm)        
     1          98         23029.6         6.42545               1      Successful search (ES-wcm)        
     1         104         22801.1         6.38601               1      Successful search (ES-wcm)        
     1         105         20817.9         6.30746               1      Successful search (ES-ell)        
     1         109           19923         6.09461               1      Successful search (ES-ell)        
     1         127         19818.3        0.986894               1        Successful poll           Train
     2         138         19735.4        0.982526               1      Successful search (ES-ell)        
     2         152         19733.3        0.977122               1      Successful search (ES-ell)        
     2         155         19644.2        0.976756               1      Successful search (ES-ell)        
     2         157         19601.2        0.941725               1      Successful search (ES-ell)        
     2         195         19601.2        0.941725             0.5          Refine grid             Train
     3         200         19701.1         11.6455             0.5      Successful search (ES-ell)        
     3         202         19680.9          11.233             0.5      Successful search (ES-ell)        
     3         203         19619.9         14.4251             0.5      Successful search (ES-ell)        
     3         204         19590.3         16.5155             0.5      Successful search (ES-ell)        
     3         206           19544         17.3729             0.5      Successful search (ES-ell)        
     3         207         19453.4         17.8884             0.5      Successful search (ES-ell)        
     3         209         19247.2         18.4228             0.5      Successful search (ES-ell)        
     3         218         19196.6         15.4725             0.5      Successful search (ES-wcm)        
     3         219         19188.4          17.507             0.5      Successful search (ES-wcm)        
     3         220         19134.9         17.3767             0.5      Successful search (ES-wcm)        
     3         221         19130.7         17.9536             0.5      Successful search (ES-wcm)        
     3         222         19091.4         17.0045             0.5      Successful search (ES-ell)        
     3         225         19090.3         15.4349             0.5      Successful search (ES-ell)        
     3         227         19083.9         17.7324             0.5      Successful search (ES-ell)        
     3         230           19058         16.8057             0.5      Successful search (ES-ell)        
     3         242         19056.9         16.6206             0.5      Successful search (ES-wcm)        
     3         243           19032         16.5888             0.5      Successful search (ES-wcm)        
     3         249         19017.4         16.2958             0.5      Successful search (ES-wcm)        
     3         250         19001.1         13.7916             0.5      Successful search (ES-wcm)        
     3         253         18993.8         10.6096             0.5      Successful search (ES-wcm)        
     3         254         18981.4          12.848             0.5      Successful search (ES-wcm)        
     3         255         18975.6         14.8423             0.5      Successful search (ES-wcm)        
     3         259         18970.8          12.714             0.5      Successful search (ES-wcm)        
     3         264         18957.6         12.7517             0.5      Successful search (ES-wcm)        
     3         265         18946.2          22.642             0.5      Successful search (ES-wcm)        
     3         267         18944.6         22.7881             0.5      Successful search (ES-wcm)        
     3         269         18868.7         23.7961             0.5      Successful search (ES-wcm)        
     3         270         18847.5         24.0642             0.5      Successful search (ES-wcm)        
     3         275         18833.1         20.5429             0.5      Successful search (ES-wcm)        
     3         282         18833.1         14.0664             0.5      Incremental search (ES-wcm)        
     3         283         18832.5         21.5384             0.5      Successful search (ES-wcm)        
     3         285         18771.8         23.8545             0.5      Successful search (ES-wcm)        
     3         290         18764.5         21.6223             0.5      Successful search (ES-wcm)        
     3         291         18732.2         21.4596             0.5      Successful search (ES-wcm)        
     3         340           18732         19.3386            0.25          Refine grid             
     4         342         18694.4         20.4123            0.25      Successful search (ES-ell)        
     4         398         18694.4         20.4123           0.125          Refine grid             
     5         400         18716.2         11.7013           0.125      Successful search (ES-wcm)        
     5         403         18706.9         13.1017           0.125      Successful search (ES-wcm)        
     5         405         18701.6         14.9026           0.125      Successful search (ES-wcm)        
     5         415           18698         8.28381           0.125      Successful search (ES-wcm)        
     5         417         18689.3         11.2578           0.125      Successful search (ES-ell)        
     5         418         18683.6          16.995           0.125      Successful search (ES-ell)        
     5         430         18679.5          11.518           0.125      Successful search (ES-ell)        
     5         435         18678.9         8.91046           0.125      Successful search (ES-ell)        
     5         436         18668.8         9.87255           0.125      Successful search (ES-ell)        
     5         486         18668.8         9.87255          0.0625          Refine grid             
     6         487         18673.9         14.2466          0.0625      Successful search (ES-wcm)        
     6         488         18640.5         23.5097          0.0625      Successful search (ES-wcm)        
     6         491         18636.9         19.1608          0.0625      Successful search (ES-wcm)        
     6         492         18616.6         20.4106          0.0625      Successful search (ES-ell)        
     6         544         18612.5          12.529           0.125        Successful poll           
     7         587         18613.3         11.5737          0.0625          Refine grid             Train
     8         588         18630.1         13.4075          0.0625      Successful search (ES-wcm)        
     8         589         18623.5         24.1154          0.0625      Successful search (ES-wcm)        
     8         594         18599.1         15.5267          0.0625      Successful search (ES-wcm)        
     8         645         18599.1         15.5267         0.03125          Refine grid             Train
     9         646         18597.6         6.60723         0.03125      Successful search (ES-ell)        
     9         647         18594.9         11.8414         0.03125      Successful search (ES-ell)        
     9         648         18585.4         13.6605         0.03125      Successful search (ES-ell)        
     9         703         18585.4         13.6605        0.015625          Refine grid             
    10         705         18600.2         4.28524        0.015625      Successful search (ES-wcm)        
    10         709         18600.1         4.40177        0.015625      Successful search (ES-wcm)        
    10         710         18599.9         5.13873        0.015625      Successful search (ES-wcm)        
    10         712         18599.4         5.84117        0.015625      Successful search (ES-wcm)        
    10         715         18596.1         6.23404        0.015625      Successful search (ES-wcm)        
    10         761         18596.1         6.23404       0.0078125          Refine grid             
    11         762         18602.1         4.29179       0.0078125      Successful search (ES-wcm)        
    11         763         18597.3         4.56403       0.0078125      Successful search (ES-ell)        
    11         764         18591.6         5.08434       0.0078125      Successful search (ES-ell)        
    11         765         18587.5          7.0706       0.0078125      Successful search (ES-ell)        
    11         819         18587.5          7.0706      0.00390625          Refine grid             Train
    12         820         18605.5         3.94841      0.00390625      Successful search (ES-wcm)        
    12         821         18604.2         4.55319      0.00390625      Successful search (ES-wcm)        
    12         823         18602.7         5.14317      0.00390625      Successful search (ES-wcm)        
    12         825         18601.8         5.71342      0.00390625      Successful search (ES-ell)        
    12         826         18601.2         6.19891      0.00390625      Successful search (ES-ell)        
    12         827         18596.7         7.01141      0.00390625      Successful search (ES-ell)        
    12         828         18594.8         8.18178      0.00390625      Successful search (ES-ell)        
    12         829         18587.3         8.95843      0.00390625      Successful search (ES-ell)        
    12         832         18587.1         8.79998      0.00390625      Successful search (ES-ell)        
    12         833         18585.2         11.3534      0.00390625      Successful search (ES-ell)        
    12         835         18583.6         11.2116      0.00390625      Successful search (ES-wcm)        
    12         892         18583.6         11.2116      0.00195312          Refine grid             Train
    13         893           18604         4.50565      0.00195312      Successful search (ES-ell)        
    13         894         18603.8         4.56065      0.00195312      Successful search (ES-ell)        
    13         895         18601.6         4.73141      0.00195312      Successful search (ES-ell)        
    13         896         18599.9         5.14348      0.00195312      Successful search (ES-ell)        
    13         897         18597.3         5.38153      0.00195312      Successful search (ES-ell)        
    13         898           18596         6.51491      0.00195312      Successful search (ES-ell)        
    13         899         18593.8         9.84952      0.00195312      Successful search (ES-ell)        
    13         952         18593.8         9.84952     0.000976562          Refine grid             Train
Optimization terminated: change in the function value less than options['tol_mesh']
Estimated function value at minimum: 18603.629953179538 ± 2.649624280991187 (mean ± SEM from 100 samples)
BADS minimum at: x_min = [ 1.961   5.0956  5.5096  8.1609  1.2614  5.6037  4.2348  0.0891  5.5568
 32.3096  0.7313  0.2648  0.2843  0.2055  0.6174], training NLL = 18603.63
total f-count: 1052, time: 47.28 min

 ------- Finish Optimization for Subject 3 ---------- 

 ------- Start Optimization for Subject 5 ---------- 

 Cross Validation fold 0/1

 -- Start Optimization: method BADS --

 Optimization Run 1/2
Initial params: [1.8817, 7.8116, 2.4922, 15.3172, 37.1538, -31.0428, 3.2551, 0.6436, 26.5299, 20.3403, 0.1932, 0.7613, 0.2062, 0.2412, -0.4684]
bads:TooCloseBounds: For each variable, hard and plausible bounds should not be too close. Moving plausible bounds.
Variables (index) internally transformed to log coordinates: [[0 0]
 [0 3]
 [0 4]
 [0 6]]
Beginning optimization of a STOCHASTIC objective function

 Iteration    f-count      E[f(x)]        SD[f(x)]           MeshScale          Method              Actions
     0           1         25625.7             nan               1                                  
     0          33         24854.8             nan               1          Initial mesh            Initial points
     0          51         24672.4         1.00692               1        Successful poll           Train
     1          52         24627.8         1.00688               1      Successful search (ES-wcm)        
     1          54         24520.1         1.00673               1      Successful search (ES-wcm)        
     1          56           24320         1.00663               1      Successful search (ES-ell)        
     1          62         24276.7         1.00581               1      Successful search (ES-ell)        
     1          63           24258         1.00597               1      Successful search (ES-wcm)        
     1          69         24253.5        0.959502               1      Successful search (ES-ell)        
     1          70         24224.8        0.959618               1      Successful search (ES-ell)        
     1          78         24196.6        0.941218               1      Successful search (ES-ell)        
     1          79           24190        0.937134               1      Successful search (ES-ell)        
     1          85         24182.8        0.950185               1      Successful search (ES-ell)        
     1         100         24174.6         5.80846               1      Successful search (ES-ell)        
     1         101         24164.2         7.55275               1      Successful search (ES-ell)        
     1         104         24148.9         7.04733               1      Successful search (ES-ell)        
     1         111         24145.4         7.01226               1      Successful search (ES-wcm)        
     1         113         24109.3          8.4568               1      Successful search (ES-wcm)        
     1         115         24093.5          8.3971               1      Successful search (ES-wcm)        
     1         116         24088.6         8.36944               1      Successful search (ES-wcm)        
     1         117         23994.1         8.53136               1      Successful search (ES-wcm)        
     1         125         23993.7         7.37839               1      Incremental search (ES-wcm)        
     1         128         23991.8         9.08822               1      Successful search (ES-wcm)        
     1         178         23979.9         12.5467               1        Successful poll           Train
     2         190         23979.6         5.77856               1      Incremental search (ES-wcm)        
     2         192         23979.5         5.39267               1      Incremental search (ES-wcm)        
     2         215         23979.5         5.39267             0.5          Refine grid             
     3         217         23979.4         8.73682             0.5      Successful search (ES-wcm)        
     3         219         23976.5         9.32794             0.5      Successful search (ES-wcm)        
     3         223         23976.4         4.15238             0.5      Incremental search (ES-wcm)        
     3         224         23970.9         5.50227             0.5      Successful search (ES-ell)        
     3         265         23964.4         8.78399               1        Successful poll           Train
     4         266         23879.2         9.31869               1      Successful search (ES-ell)        
     4         269         23863.7         7.42084               1      Successful search (ES-ell)        
     4         270         23846.8         8.94262               1      Successful search (ES-ell)        
     4         317         23811.3         11.1093               1        Successful poll           
     5         318         23803.7         10.0711               1      Successful search (ES-ell)        
     5         319           23787         10.5968               1      Successful search (ES-ell)        
     5         322         23785.9         10.2632               1      Successful search (ES-ell)        
     5         323         23751.1         10.4733               1      Successful search (ES-ell)        
     5         324         23736.7         10.4621               1      Successful search (ES-ell)        
     5         325         23736.2         10.9614               1      Incremental search (ES-ell)        
     5         328         23661.7         9.90586               1      Successful search (ES-ell)        
     5         370         23661.7         9.90586             0.5          Refine grid             
     6         372         23671.1         4.99222             0.5      Successful search (ES-ell)        
     6         386         23665.1         4.16018             0.5      Successful search (ES-ell)        
     6         439         23662.7         9.04023               1        Successful poll           Train
     7         441         23662.3         8.07784               1      Successful search (ES-ell)        
     7         492         23662.3         8.07784             0.5          Refine grid             
     8         494           23669         7.55057             0.5      Successful search (ES-wcm)        
     8         495         23657.7         6.87881             0.5      Successful search (ES-ell)        
     8         496         23648.4         6.87918             0.5      Successful search (ES-ell)        
     8         498         23648.3         6.57572             0.5      Incremental search (ES-ell)        
     8         547         23648.3         6.57572            0.25          Refine grid             
     9         548         23659.9          2.2825            0.25      Successful search (ES-ell)        
     9         549         23655.6         3.51093            0.25      Successful search (ES-ell)        
     9         604         23655.6         3.51093           0.125          Refine grid             
    10         605         23663.2         1.84226           0.125      Successful search (ES-ell)        
    10         606         23660.6         3.04392           0.125      Successful search (ES-ell)        
    10         607         23658.5         4.06441           0.125      Successful search (ES-ell)        
    10         609         23658.1         3.97761           0.125      Successful search (ES-ell)        
    10         611         23648.5         7.19675           0.125      Successful search (ES-wcm)        
    10         612         23627.1         8.15917           0.125      Successful search (ES-wcm)        
    10         614         23625.4          7.0942           0.125      Successful search (ES-wcm)        
    10         615         23623.4         7.89963           0.125      Successful search (ES-wcm)        
    10         662         23623.4         7.89963          0.0625          Refine grid             Train
    11         663         23662.2         1.94927          0.0625      Successful search (ES-wcm)        
    11         664         23657.5         3.37726          0.0625      Successful search (ES-wcm)        
    11         665         23650.2         4.15658          0.0625      Successful search (ES-wcm)        
    11         666         23646.8         4.46025          0.0625      Successful search (ES-wcm)        
    11         667         23625.1         4.49574          0.0625      Successful search (ES-wcm)        
    11         669         23625.1          3.6581          0.0625      Incremental search (ES-wcm)        
    11         673         23623.6         3.98798          0.0625      Successful search (ES-ell)        
    11         721         23623.6         3.98798         0.03125          Refine grid             Train
    12         722         23635.2         1.37901         0.03125      Successful search (ES-wcm)        
    12         723         23633.9         2.16134         0.03125      Successful search (ES-wcm)        
    12         724         23632.9         3.21899         0.03125      Successful search (ES-wcm)        
    12         780         23632.9         3.21899        0.015625          Refine grid             
    13         781         23633.7         1.07529        0.015625      Successful search (ES-ell)        
    13         782         23633.1         1.16873        0.015625      Successful search (ES-ell)        
    13         783         23632.8         1.30632        0.015625      Successful search (ES-wcm)        
    13         785         23632.3         1.33219        0.015625      Successful search (ES-wcm)        
    13         787         23631.9         1.74337        0.015625      Successful search (ES-wcm)        
    13         839         23631.9         1.74337       0.0078125          Refine grid             
    14         873         23632.5         0.86111        0.015625        Successful poll           Train
    15         874         23632.1        0.954844        0.015625      Successful search (ES-wcm)        
    15         875         23631.1         1.35349        0.015625      Successful search (ES-wcm)        
    15         932         23630.6         2.41056         0.03125        Successful poll           
    16         933         23629.4         3.77838         0.03125      Successful search (ES-wcm)        
    16         936         23628.4         3.25656         0.03125      Successful search (ES-wcm)        
    16         937         23626.8         3.66199         0.03125      Successful search (ES-wcm)        
    16         938           23626         3.58544         0.03125      Successful search (ES-ell)        
    16         939           23625         3.74026         0.03125      Successful search (ES-ell)        
    16         991           23625         3.74026        0.015625          Refine grid             
    17         992         23630.4         2.20799        0.015625      Successful search (ES-ell)        
    17         997         23629.9         2.51176        0.015625      Successful search (ES-wcm)        
    17        1000         23629.3          2.4643        0.015625      Successful search (ES-wcm)        
    17        1025         23622.6         7.49433         0.03125        Successful poll           Train
    18        1028           23628         2.84321         0.03125      Successful search (ES-wcm)        
    18        1029         23627.5         3.10573         0.03125      Successful search (ES-wcm)        
    18        1031         23627.4         3.66922         0.03125      Successful search (ES-ell)        
    18        1032         23626.7         4.31109         0.03125      Successful search (ES-ell)        
    18        1033           23626          5.0325         0.03125      Successful search (ES-ell)        
    18        1084           23626          5.0325        0.015625          Refine grid             
    19        1085         23627.8         2.84026        0.015625      Successful search (ES-ell)        
    19        1086         23624.4         3.44823        0.015625      Successful search (ES-ell)        
    19        1087           23619         4.69911        0.015625      Successful search (ES-ell)        
    19        1121           23618         2.94077         0.03125        Successful poll           
    20        1122         23625.7         3.53984         0.03125      Successful search (ES-ell)        
    20        1180         23625.7         3.53984        0.015625          Refine grid             Train
    21        1181         23629.3         2.32313        0.015625      Successful search (ES-ell)        
    21        1182         23628.7         3.47483        0.015625      Successful search (ES-ell)        
    21        1237         23626.7         2.39354         0.03125        Successful poll           
    22        1239         23624.5         2.60794         0.03125      Successful search (ES-ell)        
    22        1245         23624.3         2.04714         0.03125      Successful search (ES-wcm)        
    22        1296         23621.1         3.94125          0.0625        Successful poll           
    23        1297         23624.3         4.57402          0.0625      Successful search (ES-ell)        
    23        1298         23618.8         6.32671          0.0625      Successful search (ES-ell)        
    23        1355         23618.8         6.32671         0.03125          Refine grid             Train
    24        1356         23623.5         1.84399         0.03125      Successful search (ES-ell)        
    24        1359         23622.3          1.9708         0.03125      Successful search (ES-ell)        
    24        1360         23620.6         2.78441         0.03125      Successful search (ES-ell)        
    24        1361         23617.4         3.83531         0.03125      Successful search (ES-ell)        
    24        1405         23613.5         7.23076          0.0625        Successful poll           Train
    25        1406         23623.3         2.35267          0.0625      Successful search (ES-ell)        
    25        1454         23616.6         7.39318           0.125        Successful poll           
    26        1455         23617.4         4.23102           0.125      Successful search (ES-ell)        
    26        1512         23617.4         4.23102          0.0625          Refine grid             
    27        1513         23620.4         2.97995          0.0625      Successful search (ES-ell)        
    27        1571         23620.4         2.97995         0.03125          Refine grid             Train
    28        1572         23624.8         2.94354         0.03125      Successful search (ES-ell)        
    28        1573         23619.1         4.75939         0.03125      Successful search (ES-ell)        
    28        1613         23613.3         7.46551          0.0625        Successful poll           
    29        1614         23618.7         6.45367          0.0625      Successful search (ES-wcm)        
    29        1617         23614.4         4.42391          0.0625      Successful search (ES-wcm)        
    29        1672         23614.4         4.42391         0.03125          Refine grid             Train
    30        1673         23624.5         3.47992         0.03125      Successful search (ES-wcm)        
    30        1709         23621.8         4.07226          0.0625        Successful poll           
    31        1710         23625.9         3.32232          0.0625      Successful search (ES-ell)        
    31        1713           23625         3.27603          0.0625      Successful search (ES-ell)        
    31        1725         23620.8         4.62847          0.0625      Successful search (ES-ell)        
    31        1783         23620.8         4.62847         0.03125          Refine grid             
    32        1784         23623.4          2.8799         0.03125      Successful search (ES-ell)        
    32        1785         23621.9         4.11936         0.03125      Successful search (ES-ell)        
    32        1822         23620.3         5.53542          0.0625        Successful poll           Train
    33        1865         23617.4          5.6258           0.125        Successful poll           Train
    34        1866         23603.7         5.86711           0.125      Successful search (ES-ell)        
    34        1923         23603.7         5.86711          0.0625          Refine grid             
    35        1924         23618.1         2.41475          0.0625      Successful search (ES-ell)        
    35        1925         23617.2         4.25011          0.0625      Successful search (ES-ell)        
    35        1926         23617.2         4.85551          0.0625      Incremental search (ES-ell)        
    35        1981         23617.2         4.85551         0.03125          Refine grid             Train
    36        1982         23618.8         1.40429         0.03125      Successful search (ES-ell)        
    36        1983         23613.6          2.1381         0.03125      Successful search (ES-ell)        
    36        1984         23607.5         2.99447         0.03125      Successful search (ES-ell)        
    36        1985           23605         4.10113         0.03125      Successful search (ES-ell)        
    36        2041           23605         4.10113        0.015625          Refine grid             
    37        2042         23623.6          1.2485        0.015625      Successful search (ES-ell)        
    37        2043         23620.9         1.47609        0.015625      Successful search (ES-ell)        
    37        2074         23614.5         1.22046         0.03125        Successful poll           
    38        2075         23611.3         1.66517         0.03125      Successful search (ES-wcm)        
    38        2076         23597.9         2.44486         0.03125      Successful search (ES-wcm)        
    38        2133         23597.9         2.44486        0.015625          Refine grid             Train
    39        2134         23619.9         0.94858        0.015625      Successful search (ES-wcm)        
    39        2135         23616.4         1.24009        0.015625      Successful search (ES-wcm)        
    39        2136         23609.5          1.8683        0.015625      Successful search (ES-wcm)        
    39        2137           23605          3.2628        0.015625      Successful search (ES-wcm)        
    39        2193           23605          3.2628       0.0078125          Refine grid             
    40        2194         23624.2        0.962217       0.0078125      Successful search (ES-wcm)        
    40        2195         23623.7        0.997258       0.0078125      Successful search (ES-wcm)        
    40        2224         23613.6         7.78902        0.015625        Successful poll           
    41        2225         23622.4        0.852898        0.015625      Successful search (ES-wcm)        
    41        2226         23619.4         1.09526        0.015625      Successful search (ES-wcm)        
    41        2227           23615         1.57397        0.015625      Successful search (ES-wcm)        
    41        2229           23612         2.00152        0.015625      Successful search (ES-wcm)        
    41        2230         23608.1         2.73835        0.015625      Successful search (ES-wcm)        
    41        2231         23607.9         4.07453        0.015625      Successful search (ES-wcm)        
    41        2281         23607.9         4.07453       0.0078125          Refine grid             Train
    42        2282         23622.2         3.59952       0.0078125      Successful search (ES-wcm)        
    42        2291         23622.2         2.17726       0.0078125      Successful search (ES-wcm)        
    42        2293         23621.8         2.03045       0.0078125      Successful search (ES-wcm)        
    42        2339           23619          1.9101        0.015625        Successful poll           
    43        2384         23619.6         2.57431       0.0078125          Refine grid             
    44        2385         23623.5         0.93652       0.0078125      Successful search (ES-ell)        
    44        2386         23622.2        0.997365       0.0078125      Successful search (ES-wcm)        
    44        2387         23620.1         1.19431       0.0078125      Successful search (ES-ell)        
    44        2388         23618.3         1.52229       0.0078125      Successful search (ES-ell)        
    44        2389         23615.5         2.20364       0.0078125      Successful search (ES-ell)        
    44        2390         23613.4         2.86921       0.0078125      Successful search (ES-ell)        
    44        2391         23608.3         3.75453       0.0078125      Successful search (ES-ell)        
    44        2443         23608.3         3.75453      0.00390625          Refine grid             Train
    45        2444         23622.5         1.10599      0.00390625      Successful search (ES-ell)        
    45        2445         23621.8         1.19008      0.00390625      Successful search (ES-ell)        
    45        2446         23621.5         1.31809      0.00390625      Successful search (ES-ell)        
    45        2447         23620.8         1.58259      0.00390625      Successful search (ES-ell)        
    45        2448         23619.2         1.61619      0.00390625      Successful search (ES-ell)        
    45        2449         23618.2         2.19711      0.00390625      Successful search (ES-wcm)        
    45        2450         23617.6         2.96996      0.00390625      Successful search (ES-wcm)        
    45        2502         23617.6         2.96996      0.00195312          Refine grid             Train
    46        2503         23624.9        0.953595      0.00195312      Successful search (ES-wcm)        
    46        2504         23624.8        0.986999      0.00195312      Successful search (ES-wcm)        
    46        2505         23624.5          1.0447      0.00195312      Successful search (ES-wcm)        
    46        2507         23624.3         1.08053      0.00195312      Successful search (ES-wcm)        
    46        2509         23624.2         1.12237      0.00195312      Successful search (ES-wcm)        
    46        2511         23623.7         1.15925      0.00195312      Successful search (ES-wcm)        
    46        2514         23623.4         1.15004      0.00195312      Successful search (ES-wcm)        
    46        2517         23623.2         1.13854      0.00195312      Successful search (ES-ell)        
    46        2518           23623          1.1776      0.00195312      Successful search (ES-wcm)        
    46        2520         23622.9         1.17928      0.00195312      Successful search (ES-ell)        
    46        2525         23622.8         1.12638      0.00195312      Successful search (ES-ell)        
    46        2526         23622.7         1.12689      0.00195312      Successful search (ES-ell)        
    46        2527         23622.7         1.13287      0.00195312      Successful search (ES-ell)        
    46        2528         23622.3         1.15752      0.00195312      Successful search (ES-ell)        
    46        2530         23621.8         1.17914      0.00195312      Successful search (ES-ell)        
    46        2533         23621.6          1.1875      0.00195312      Successful search (ES-ell)        
    46        2576         23618.5         5.66999      0.00390625        Successful poll           Train
    47        2577         23621.6         2.41475      0.00390625      Successful search (ES-ell)        
    47        2578         23620.5         2.36716      0.00390625      Successful search (ES-ell)        
    47        2579           23620         2.44544      0.00390625      Successful search (ES-ell)        
    47        2580         23616.6         2.93724      0.00390625      Successful search (ES-wcm)        
    47        2584         23616.3         2.47383      0.00390625      Successful search (ES-wcm)        
    47        2585         23615.5         2.45833      0.00390625      Successful search (ES-ell)        
    47        2586         23614.7         2.85741      0.00390625      Successful search (ES-wcm)        
    47        2587         23613.4         3.16116      0.00390625      Successful search (ES-wcm)        
    47        2588         23610.5         3.86106      0.00390625      Successful search (ES-wcm)        
    47        2635         23594.9          7.3023       0.0078125        Successful poll           
    48        2636         23620.2          3.6441       0.0078125      Successful search (ES-wcm)        
    48        2637           23614         3.57431       0.0078125      Successful search (ES-wcm)        
    48        2638         23613.6         3.98076       0.0078125      Successful search (ES-wcm)        
    48        2694         23613.3          4.1669        0.015625        Successful poll           
    49        2695         23609.7         2.60527        0.015625      Successful search (ES-wcm)        
    49        2728         23601.3         7.48452         0.03125        Successful poll           Train
    50        2755         23616.9         6.57518          0.0625        Successful poll           Train
    51        2799         23616.7         6.50021         0.03125          Refine grid             Train
    52        2800         23615.2         1.83857         0.03125      Successful search (ES-ell)        
    52        2801         23611.5         3.21489         0.03125      Successful search (ES-ell)        
    52        2802         23604.8         4.29615         0.03125      Successful search (ES-ell)        
    52        2858         23604.8         4.29615        0.015625          Refine grid             
    53        2859         23614.5         1.39309        0.015625      Successful search (ES-wcm)        
    53        2860         23613.5          1.8979        0.015625      Successful search (ES-wcm)        
    53        2861         23612.8         2.49642        0.015625      Successful search (ES-wcm)        
    53        2895         23612.6         2.90453         0.03125        Successful poll           
    54        2939         23612.3         2.89286        0.015625          Refine grid             Train
    55        2945         23617.1         1.31417        0.015625      Successful search (ES-wcm)        
    55        2955         23616.5         1.29322        0.015625      Successful search (ES-ell)        
    55        2956         23614.4         1.57568        0.015625      Successful search (ES-ell)        
    55        2957         23613.6         2.28474        0.015625      Successful search (ES-ell)        
    55        2958         23612.2         3.20065        0.015625      Successful search (ES-ell)        
    55        2960         23609.4         2.92961        0.015625      Successful search (ES-ell)        
    55        2961         23604.9         3.13767        0.015625      Successful search (ES-ell)        
    55        2990         23602.6          2.9962         0.03125        Successful poll           Train
    56        2991         23611.7         2.53441         0.03125      Successful search (ES-wcm)        
    56        2995         23609.4         2.12194         0.03125      Successful search (ES-wcm)        
    56        2999         23608.7         1.88734         0.03125      Successful search (ES-wcm)        
    56        3001         23608.2         1.88606         0.03125      Successful search (ES-wcm)        
    56        3002         23607.9         2.05032         0.03125      Successful search (ES-wcm)        
    56        3004         23607.2           2.231         0.03125      Successful search (ES-wcm)        
    56        3007         23607.1         2.41755         0.03125      Successful search (ES-wcm)        
    56        3008         23606.7         2.72003         0.03125      Successful search (ES-wcm)        
    56        3009         23602.7         2.84018         0.03125      Successful search (ES-ell)        
    56        3048         23597.4         2.12872          0.0625        Successful poll           
    57        3049         23596.6         2.82435          0.0625      Successful search (ES-wcm)        
    57        3106         23596.6         2.82435         0.03125          Refine grid             
    58        3107         23607.8         1.54142         0.03125      Successful search (ES-wcm)        
    58        3108         23603.7         2.18018         0.03125      Successful search (ES-ell)        
    58        3109           23602         3.10557         0.03125      Successful search (ES-ell)        
    58        3110           23602           4.153         0.03125      Successful search (ES-ell)        
    58        3164           23602           4.153        0.015625          Refine grid             Train
    59        3165         23609.9         1.47896        0.015625      Successful search (ES-ell)        
    59        3166         23609.9         1.77776        0.015625      Successful search (ES-ell)        
    59        3167         23606.7         2.18403        0.015625      Successful search (ES-ell)        
    59        3168         23605.3         2.56474        0.015625      Successful search (ES-ell)        
    59        3169         23602.1         3.14109        0.015625      Successful search (ES-ell)        
    59        3222         23602.1         3.14109       0.0078125          Refine grid             Train
    60        3223         23611.5         1.48714       0.0078125      Successful search (ES-wcm)        
    60        3224         23610.2         1.49633       0.0078125      Successful search (ES-wcm)        
    60        3225           23610          1.6551       0.0078125      Successful search (ES-wcm)        
    60        3226         23609.6         1.79367       0.0078125      Successful search (ES-wcm)        
    60        3227         23609.5         2.33144       0.0078125      Successful search (ES-wcm)        
    60        3228         23606.9         2.94888       0.0078125      Successful search (ES-wcm)        
    60        3229         23602.1         3.23894       0.0078125      Successful search (ES-ell)        
    60        3230         23597.5          4.0086       0.0078125      Successful search (ES-ell)        
    60        3231         23591.6         4.64434       0.0078125      Successful search (ES-ell)        
    60        3280         23591.6         4.64434      0.00390625          Refine grid             
    61        3281         23605.7         1.01834      0.00390625      Successful search (ES-ell)        
    61        3282         23605.3         1.02745      0.00390625      Successful search (ES-ell)        
    61        3283         23604.9         1.05439      0.00390625      Successful search (ES-wcm)        
    61        3284         23604.6         1.10356      0.00390625      Successful search (ES-wcm)        
    61        3285         23603.9         1.17599      0.00390625      Successful search (ES-wcm)        
    61        3286           23603         1.29698      0.00390625      Successful search (ES-wcm)        
    61        3287         23602.3         1.50822      0.00390625      Successful search (ES-wcm)        
    61        3288           23601         1.98612      0.00390625      Successful search (ES-ell)        
    61        3338           23601         1.98612      0.00195312          Refine grid             
    62        3339         23606.9        0.871526      0.00195312      Successful search (ES-ell)        
    62        3340         23606.7        0.900874      0.00195312      Successful search (ES-ell)        
    62        3342         23606.7        0.917631      0.00195312      Successful search (ES-ell)        
    62        3343         23606.7        0.957849      0.00195312      Successful search (ES-ell)        
    62        3344         23606.6         1.00772      0.00195312      Successful search (ES-ell)        
    62        3345         23606.4         1.12921      0.00195312      Successful search (ES-ell)        
    62        3346         23606.2         1.29952      0.00195312      Successful search (ES-ell)        
    62        3347         23605.4         1.59926      0.00195312      Successful search (ES-ell)        
    62        3348         23604.9         1.97913      0.00195312      Successful search (ES-ell)        
    62        3349         23603.3         2.54307      0.00195312      Successful search (ES-ell)        
    62        3350         23600.6         3.35195      0.00195312      Successful search (ES-ell)        
    62        3351         23598.3         4.15183      0.00195312      Successful search (ES-ell)        
    62        3352         23595.8          4.7038      0.00195312      Successful search (ES-ell)        
    62        3397         23595.8          4.7038     0.000976562          Refine grid             
Optimization terminated: change in the function value less than options['tol_mesh']
Estimated function value at minimum: 23608.583591779083 ± 0.8598600439636288 (mean ± SEM from 100 samples)
BADS minimum at: x_min = [ 3.62880e+00  4.78350e+00  4.16490e+00  9.26623e+01  3.48810e+00
 -5.72331e+01  2.50000e-03  1.00000e-02  1.00457e+01  5.31407e+01
  5.16100e-01  3.77200e-01  2.48500e-01  1.96600e-01 -2.20570e+00], training NLL = 23608.5836
total f-count: 3497, time: 157.16 min

 Optimization Run 2/2
Initial params: [0.8203, 6.8406, 8.4093, 7.9123, 30.1819, 46.4622, 1.3575, 0.6533, 15.2064, 23.7974, 0.8149, 0.4445, 0.2087, 0.2778, -0.3766]
bads:TooCloseBounds: For each variable, hard and plausible bounds should not be too close. Moving plausible bounds.
Variables (index) internally transformed to log coordinates: [[0 0]
 [0 3]
 [0 4]
 [0 6]]
Beginning optimization of a STOCHASTIC objective function

 Iteration    f-count      E[f(x)]        SD[f(x)]           MeshScale          Method              Actions
     0           1         25625.7             nan               1                                  
     0          33         24864.1             nan               1          Initial mesh            Initial points
     0          50         24663.3         1.00992               1        Successful poll           Train
     1          52         24621.2         1.00978               1      Successful search (ES-wcm)        
     1          56         24568.7         1.00924               1      Successful search (ES-wcm)        
     1          57           24508         1.00939               1      Successful search (ES-wcm)        
     1          59         24398.5         1.00942               1      Successful search (ES-wcm)        
     1          61         24190.4         1.00946               1      Successful search (ES-wcm)        
     1          65         24127.1        0.981216               1      Successful search (ES-wcm)        
     1          67         24050.5        0.981258               1      Successful search (ES-wcm)        
     1          72         24020.1        0.980298               1      Successful search (ES-wcm)        
     1          73         24018.2        0.980663               1      Successful search (ES-wcm)        
     1          74         23746.3        0.981033               1      Successful search (ES-ell)        
     1          79         23377.8        0.968204               1      Successful search (ES-ell)        
     1          96         23368.8         0.89081               1        Successful poll           Train
     2          98         23314.7         0.89079               1      Successful search (ES-ell)        
     2         101         23097.8        0.890746               1      Successful search (ES-ell)        
     2         107           22984        0.890823               1      Successful search (ES-wcm)        
     2         108         22969.9        0.890819               1      Successful search (ES-wcm)        
     2         110         22928.7        0.890823               1      Successful search (ES-wcm)        
     2         119         22880.3        0.890796               1      Successful search (ES-wcm)        
     2         122         22836.6        0.890783               1      Successful search (ES-wcm)        
     2         127         22778.5         1.05112               1      Successful search (ES-wcm)        
     2         129           22715         1.05112               1      Successful search (ES-wcm)        
     2         133         22504.2         1.05112               1      Successful search (ES-wcm)        
     2         135         22386.5         1.05112               1      Successful search (ES-wcm)        
     2         144         22298.4         1.05112               1      Successful search (ES-wcm)        
     2         145         21819.5          1.0511               1      Successful search (ES-ell)        
     2         147           21724         1.05107               1      Successful search (ES-ell)        
     2         151         21635.9         1.05096               1      Successful search (ES-ell)        
     2         152         21631.2           1.051               1      Successful search (ES-ell)        
     2         154         21593.9         1.05095               1      Successful search (ES-ell)        
     2         167         21578.7         1.08281               1      Successful search (ES-ell)        
     2         168         21556.5         1.08372               1      Successful search (ES-ell)        
     2         169           21551         1.09805               1      Successful search (ES-ell)        
     2         170         21541.7         1.10578               1      Successful search (ES-ell)        
     2         175         21462.7         1.11318               1      Successful search (ES-ell)        
     2         176         21430.1         1.11305               1      Successful search (ES-ell)        
     2         181         21425.4         1.10616               1      Successful search (ES-ell)        
     2         184         21413.5         1.10283               1      Successful search (ES-ell)        
     2         187         21281.2         1.11246               1      Successful search (ES-ell)        
     2         189         21230.6         1.04029               1      Successful search (ES-ell)        
     2         196         21224.5         1.04002               1      Successful search (ES-ell)        
     2         198           21215         1.03989               1      Successful search (ES-ell)        
     2         203         21127.9         1.04013               1      Successful search (ES-ell)        
     2         255         21127.9         1.04013             0.5          Refine grid             Train
     3         257         21036.7          26.696             0.5      Successful search (ES-wcm)        
     3         261         20999.3         19.1113             0.5      Successful search (ES-ell)        
     3         264         20995.1         24.6899             0.5      Successful search (ES-wcm)        
     3         265         20882.7          28.144             0.5      Successful search (ES-wcm)        
     3         273           20750         26.4543             0.5      Successful search (ES-wcm)        
     3         274         20667.8         28.4331             0.5      Successful search (ES-wcm)        
     3         275         20606.1         27.7872             0.5      Successful search (ES-ell)        
     3         279         20580.7         24.9708             0.5      Successful search (ES-ell)        
     3         281         20485.4         28.2315             0.5      Successful search (ES-wcm)        
     3         282         20459.6         27.9673             0.5      Successful search (ES-wcm)        
     3         286         20417.6         26.7342             0.5      Successful search (ES-wcm)        
     3         288         20407.7         27.0652             0.5      Successful search (ES-wcm)        
     3         290         20287.4          27.449             0.5      Successful search (ES-wcm)        
     3         295         20180.3         28.0326             0.5      Successful search (ES-wcm)        
     3         296         20098.8         28.4398             0.5      Successful search (ES-wcm)        
     3         298         20077.8         25.8165             0.5      Successful search (ES-ell)        
     3         341         20076.1         23.8431               1        Successful poll           
     4         342         19984.1         29.9333               1      Successful search (ES-ell)        
     4         395         19937.5         18.3988               1        Successful poll           Train
     5         396         19871.6         28.4294               1      Successful search (ES-ell)        
     5         447         19871.6         28.4294             0.5          Refine grid             
     6         452         19840.1         18.1755             0.5      Successful search (ES-ell)        
     6         454         19808.8         19.9885             0.5      Successful search (ES-ell)        
     6         501         19808.8         19.9885            0.25          Refine grid             
     7         506           19809          16.135            0.25      Successful search (ES-wcm)        
     7         509         19803.3         14.7494            0.25      Successful search (ES-wcm)        
     7         511         19796.5          12.298            0.25      Successful search (ES-wcm)        
     7         520         19783.6         14.2886            0.25      Successful search (ES-wcm)        
     7         526         19776.5         14.8858            0.25      Successful search (ES-wcm)        
     7         530         19768.4         14.4727            0.25      Successful search (ES-wcm)        
     7         532         19726.1         28.8747            0.25      Successful search (ES-wcm)        
     7         533         19686.5         28.9839            0.25      Successful search (ES-ell)        
     7         555         19634.7         26.1196            0.25      Successful search (ES-wcm)        
     7         568         19602.1         26.5388            0.25      Successful search (ES-wcm)        
     7         618         19602.1         26.5388           0.125          Refine grid             Train
     8         619         19660.6         30.2772           0.125      Successful search (ES-wcm)        
     8         621           19533         22.1389           0.125      Successful search (ES-wcm)        
     8         623         19528.2          23.327           0.125      Successful search (ES-wcm)        
     8         675         19528.2          23.327          0.0625          Refine grid             
     9         676         19596.7         8.13104          0.0625      Successful search (ES-wcm)        
     9         677         19566.8         20.1248          0.0625      Successful search (ES-wcm)        
     9         679         19563.6         18.2422          0.0625      Successful search (ES-wcm)        
     9         732         19563.6         18.2422         0.03125          Refine grid             
    10         733           19658         7.19603         0.03125      Successful search (ES-wcm)        
    10         734         19612.9         7.58892         0.03125      Successful search (ES-wcm)        
    10         735         19606.4         17.7865         0.03125      Successful search (ES-wcm)        
    10         736         19572.1         18.0229         0.03125      Successful search (ES-ell)        
    10         737         19567.6         19.1908         0.03125      Successful search (ES-ell)        
    10         738         19526.8         18.5621         0.03125      Successful search (ES-ell)        
    10         789         19526.8         18.5621        0.015625          Refine grid             
    11         790         19677.5         5.78643        0.015625      Successful search (ES-ell)        
    11         791           19633         5.94445        0.015625      Successful search (ES-ell)        
    11         792         19574.6         6.85258        0.015625      Successful search (ES-ell)        
    11         793         19495.7          8.8845        0.015625      Successful search (ES-ell)        
    11         794         19453.9         11.8365        0.015625      Successful search (ES-ell)        
    11         795         19427.3         13.2091        0.015625      Successful search (ES-ell)        
    11         847         19427.3         13.2091       0.0078125          Refine grid             
    12         848         19714.1          4.3817       0.0078125      Successful search (ES-ell)        
    12         849         19702.5         5.12934       0.0078125      Successful search (ES-ell)        
    12         850         19685.9         7.11737       0.0078125      Successful search (ES-ell)        
    12         851         19671.3         10.2132       0.0078125      Successful search (ES-ell)        
    12         852         19623.4          13.199       0.0078125      Successful search (ES-ell)        
    12         853         19575.5         15.2194       0.0078125      Successful search (ES-wcm)        
    12         854         19512.1         19.2796       0.0078125      Successful search (ES-wcm)        
    12         906         19512.1         19.2796      0.00390625          Refine grid             
    13         907         19549.7         3.77295      0.00390625      Successful search (ES-wcm)        
    13         908           19545          4.2157      0.00390625      Successful search (ES-wcm)        
    13         909           19539         4.96118      0.00390625      Successful search (ES-wcm)        
    13         910         19531.6         6.40847      0.00390625      Successful search (ES-wcm)        
    13         911           19527         9.04792      0.00390625      Successful search (ES-wcm)        
    13         912         19514.8         10.8368      0.00390625      Successful search (ES-wcm)        
    13         966         19514.8         10.8368      0.00195312          Refine grid             Train
    14         967         19553.3         3.71581      0.00195312      Successful search (ES-wcm)        
    14         968         19552.6         3.54795      0.00195312      Successful search (ES-wcm)        
    14         969         19550.3         3.46867      0.00195312      Successful search (ES-wcm)        
    14         970           19548         3.82259      0.00195312      Successful search (ES-wcm)        
    14         971         19544.5         4.69381      0.00195312      Successful search (ES-ell)        
    14         972         19539.2         6.61122      0.00195312      Successful search (ES-ell)        
    14         973         19537.5         10.3332      0.00195312      Successful search (ES-ell)        
    14         974         19536.3         16.4659      0.00195312      Successful search (ES-wcm)        
    14        1026         19536.3         16.4659     0.000976562          Refine grid             Train
Optimization terminated: change in the function value less than options['tol_mesh']
Estimated function value at minimum: 19544.33618857389 ± 2.5322762111447465 (mean ± SEM from 100 samples)
BADS minimum at: x_min = [3.52770e+00 3.55110e+00 3.69360e+00 9.04750e+00 4.08510e+00 7.42220e+00
 2.00000e-04 2.25000e-02 5.59320e+00 1.82766e+01 6.12300e-01 2.68400e-01
 2.48600e-01 1.98000e-01 5.37300e-01], training NLL = 19544.3362
total f-count: 1126, time: 50.79 min

 ------- Finish Optimization for Subject 5 ---------- 

 ------- Start Optimization for Subject 6 ---------- 

 Cross Validation fold 0/1

 -- Start Optimization: method BADS --

 Optimization Run 1/2
Initial params: [1.8792, 5.3754, 7.7868, 9.5829, 2.0778, 11.8419, 2.8126, 0.3335, 18.179, 29.1078, 0.8039, 0.8338, 0.1588, 0.1377, -0.1949]
bads:TooCloseBounds: For each variable, hard and plausible bounds should not be too close. Moving plausible bounds.
Variables (index) internally transformed to log coordinates: [[0 0]
 [0 3]
 [0 4]
 [0 6]]
Beginning optimization of a STOCHASTIC objective function

 Iteration    f-count      E[f(x)]        SD[f(x)]           MeshScale          Method              Actions
     0           1         25093.1             nan               1                                  
     0          33         24563.6             nan               1          Initial mesh            Initial points
     0          51         23764.8         1.00082               1        Successful poll           Train
     1          56         23695.9        0.996384               1      Successful search (ES-wcm)        
     1          60         23519.7        0.971078               1      Successful search (ES-wcm)        
     1          61         23360.6        0.982088               1      Successful search (ES-wcm)        
     1          66         23282.8         1.04744               1      Successful search (ES-wcm)        
     1          71         23187.8          1.0479               1      Successful search (ES-wcm)        
     1          76         23109.5         1.04211               1      Successful search (ES-ell)        
     1          78         23026.3         1.03396               1      Successful search (ES-ell)        
     1          79         22832.6         1.03452               1      Successful search (ES-ell)        
     1          80         22458.1         1.03853               1      Successful search (ES-ell)        
     1          81         22065.4         1.04513               1      Successful search (ES-ell)        
     1          83         21360.8         1.04732               1      Successful search (ES-ell)        
     1          91         21303.2        0.996276               1      Successful search (ES-ell)        
     1          92         21276.5         1.01669               1      Successful search (ES-ell)        
     1          95         21212.8        0.987127               1      Successful search (ES-ell)        
     1          98         21089.4        0.907667               1      Successful search (ES-ell)        
     1         106         20981.9        0.894432               1      Successful search (ES-ell)        
     1         107           20958        0.905951               1      Successful search (ES-ell)        
     1         111         20913.3        0.873498               1      Successful search (ES-ell)        
     1         113         20578.7        0.907536               1      Successful search (ES-ell)        
     1         114         20268.9        0.907209               1      Successful search (ES-ell)        
     1         121         20206.9         0.89623               1      Successful search (ES-ell)        
     1         123         20196.1        0.901991               1      Successful search (ES-ell)        
     1         127         19660.4        0.965948               1      Successful search (ES-ell)        
     1         128         19655.5        0.965949               1      Successful search (ES-ell)        
     1         130         19564.3        0.965941               1      Successful search (ES-ell)        
     1         134           19524        0.965938               1      Successful search (ES-ell)        
     1         140         19478.8        0.965677               1      Successful search (ES-ell)        
     1         142         19426.7        0.965938               1      Successful search (ES-ell)        
     1         148         19199.6        0.965872               1      Successful search (ES-ell)        
     1         150         19088.7        0.965808               1      Successful search (ES-ell)        
     1         151         19027.6        0.965898               1      Successful search (ES-wcm)        
     1         152         19018.3        0.965906               1      Successful search (ES-ell)        
     1         154         19003.5         0.96592               1      Successful search (ES-ell)        
     1         167           18981         1.06554               1      Successful search (ES-ell)        
     1         178         18925.4         1.06367               1      Successful search (ES-ell)        
     1         179         18920.8         1.07445               1      Successful search (ES-ell)        
     1         180         18881.5         1.07111               1      Successful search (ES-ell)        
     1         183         18844.3         1.07457               1      Successful search (ES-ell)        
     1         186         18829.8         1.07159               1      Successful search (ES-ell)        
     1         190         18643.6         27.9501               1      Successful search (ES-ell)        
     1         192         18611.3         29.9199               1      Successful search (ES-ell)        
     1         193         18296.7         29.5597               1      Successful search (ES-ell)        
     1         194         18281.4         30.0966               1      Successful search (ES-ell)        
     1         198         18182.9         30.0232               1      Successful search (ES-ell)        
     1         200         18072.7         29.7946               1      Successful search (ES-ell)        
     1         206         18047.9         26.8578               1      Successful search (ES-ell)        
     1         208         17999.2         28.0281               1      Successful search (ES-ell)        
     1         220         17981.8         21.6379               1      Successful search (ES-ell)        
     1         223           17971         25.0965               1      Successful search (ES-wcm)        
     1         224         17911.7         24.6238               1      Successful search (ES-wcm)        
     1         226         17898.4         21.7145               1      Successful search (ES-wcm)        
     1         228         17877.2         21.2902               1      Successful search (ES-wcm)        
     1         230           17833         26.0245               1      Successful search (ES-wcm)        
     1         267           17833         26.0245             0.5          Refine grid             Train
     2         270         17895.2         36.4236             0.5      Successful search (ES-wcm)        
     2         271         17884.4         41.5448             0.5      Successful search (ES-wcm)        
     2         272         17791.8         32.9613             0.5      Successful search (ES-wcm)        
     2         279         17787.2          23.287             0.5      Successful search (ES-wcm)        
     2         280           17767         35.1476             0.5      Successful search (ES-wcm)        
     2         281         17687.1         50.6802             0.5      Successful search (ES-wcm)        
     2         294         17684.8         18.6822             0.5      Successful search (ES-wcm)        
     2         296         17667.5         17.3618             0.5      Successful search (ES-wcm)        
     2         297         17658.3         19.3932             0.5      Successful search (ES-wcm)        
     2         301         17645.3         37.4903             0.5      Successful search (ES-wcm)        
     2         306         17640.3         27.0369             0.5      Successful search (ES-wcm)        
     2         307           17627         27.1281             0.5      Successful search (ES-wcm)        
     2         308           17611         26.9052             0.5      Successful search (ES-wcm)        
     2         350           17611         26.9052            0.25          Refine grid             Train
     3         354         17515.4         20.4389            0.25      Successful search (ES-wcm)        
     3         405         17515.4         20.4389           0.125          Refine grid             
     4         406         17582.2         21.0698           0.125      Successful search (ES-wcm)        
     4         463         17582.2         21.0698          0.0625          Refine grid             
     5         464         17583.3         22.0738          0.0625      Successful search (ES-wcm)        
     5         467           17583         21.0798          0.0625      Successful search (ES-wcm)        
     5         469         17579.5         20.2162          0.0625      Successful search (ES-ell)        
     5         471         17551.7         20.0118          0.0625      Successful search (ES-ell)        
     5         472         17546.1         25.3084          0.0625      Successful search (ES-ell)        
     5         521         17546.1         25.3084         0.03125          Refine grid             Train
     6         522         17565.3         8.86168         0.03125      Successful search (ES-ell)        
     6         537         17563.6          11.503         0.03125      Successful search (ES-wcm)        
     6         538         17560.8         14.2019         0.03125      Successful search (ES-ell)        
     6         539         17551.9         16.3494         0.03125      Successful search (ES-ell)        
     6         594         17544.5         5.40358          0.0625        Successful poll           Train
     7         595         17530.8         12.6577          0.0625      Successful search (ES-ell)        
     7         597         17525.1         10.1813          0.0625      Successful search (ES-ell)        
     7         598         17495.4         14.3235          0.0625      Successful search (ES-ell)        
     7         631         17434.5         17.3421           0.125        Successful poll           
     8         673         17578.7          3.9843         0.03125          Refine grid             Train
     9         718         17581.1         3.67925        0.015625          Refine grid             Train
    10         719         17570.6         4.46023        0.015625      Successful search (ES-wcm)        
    10         720         17561.7         4.99617        0.015625      Successful search (ES-wcm)        
    10         721         17556.5         8.77108        0.015625      Successful search (ES-wcm)        
    10         723         17551.5         9.81518        0.015625      Successful search (ES-wcm)        
    10         724         17548.5         11.9543        0.015625      Successful search (ES-ell)        
    10         778         17548.5         11.9543       0.0078125          Refine grid             
    11         779         17578.5         4.18858       0.0078125      Successful search (ES-ell)        
    11         780         17578.3         4.90888       0.0078125      Successful search (ES-ell)        
    11         782           17578         4.78708       0.0078125      Successful search (ES-wcm)        
    11         783         17577.8          5.5804       0.0078125      Successful search (ES-wcm)        
    11         784         17576.4         5.95523       0.0078125      Successful search (ES-wcm)        
    11         785           17574          5.5993       0.0078125      Successful search (ES-wcm)        
    11         836           17574          5.5993      0.00390625          Refine grid             Train
    12         837         17589.9         6.06908      0.00390625      Successful search (ES-ell)        
    12         838         17583.3         6.71859      0.00390625      Successful search (ES-ell)        
    12         844           17583         5.47384      0.00390625      Successful search (ES-wcm)        
    12         845         17582.4         5.25574      0.00390625      Successful search (ES-wcm)        
    12         846         17578.2         5.27689      0.00390625      Successful search (ES-wcm)        
    12         847         17575.4         5.19716      0.00390625      Successful search (ES-wcm)        
    12         848         17573.6         5.37396      0.00390625      Successful search (ES-wcm)        
    12         849         17569.4         5.74516      0.00390625      Successful search (ES-wcm)        
    12         850         17564.4          6.5289      0.00390625      Successful search (ES-wcm)        
    12         896         17564.4          6.5289      0.00195312          Refine grid             Train
    13         897         17582.3         2.86789      0.00195312      Successful search (ES-wcm)        
    13         898         17580.1          2.7297      0.00195312      Successful search (ES-wcm)        
    13         899         17578.1         2.63375      0.00195312      Successful search (ES-wcm)        
    13         900         17574.1         2.86123      0.00195312      Successful search (ES-wcm)        
    13         901         17570.1         3.39825      0.00195312      Successful search (ES-wcm)        
    13         902         17567.2         4.26581      0.00195312      Successful search (ES-wcm)        
    13         903         17548.7         5.34522      0.00195312      Successful search (ES-ell)        
    13         904         17535.5         7.23007      0.00195312      Successful search (ES-ell)        
    13         956         17535.5         7.23007     0.000976562          Refine grid             
Optimization terminated: change in the function value less than options['tol_mesh']
Estimated function value at minimum: 17582.160564250782 ± 2.3948099925422293 (mean ± SEM from 100 samples)
BADS minimum at: x_min = [ 4.3674  4.6848  5.8354 11.7058  2.0288  7.4613  0.0694  0.141   6.8513
  6.9179  0.5367  0.4913  0.2542  0.2189  1.1663], training NLL = 17582.1606
total f-count: 1056, time: 47.35 min

 Optimization Run 2/2
Initial params: [1.8267, 2.9287, 12.3319, 18.7153, 16.7379, 0.1289, 2.8854, 0.5179, 22.3346, 15.7082, 0.7537, 0.2434, 0.2821, 0.1337, -0.4967]
bads:TooCloseBounds: For each variable, hard and plausible bounds should not be too close. Moving plausible bounds.
Variables (index) internally transformed to log coordinates: [[0 0]
 [0 3]
 [0 4]
 [0 6]]
Beginning optimization of a STOCHASTIC objective function

 Iteration    f-count      E[f(x)]        SD[f(x)]           MeshScale          Method              Actions
     0           1         25329.2             nan               1                                  
     0          33         24568.6             nan               1          Initial mesh            Initial points
     0          47         23725.1        0.993308               1        Successful poll           Train
     1          53         22561.2        0.987736               1      Successful search (ES-wcm)        
     1          56         22400.7        0.960577               1      Successful search (ES-wcm)        
     1          58         22105.2        0.977342               1      Successful search (ES-ell)        
     1          60         21928.1        0.964722               1      Successful search (ES-ell)        
     1          69         21909.6         1.03985               1      Successful search (ES-ell)        
     1          72         21878.4         1.03868               1      Successful search (ES-ell)        
     1          73         21829.2         1.04058               1      Successful search (ES-ell)        
     1          77         21813.2         1.03042               1      Successful search (ES-ell)        
     1          82         21713.7         1.04083               1      Successful search (ES-ell)        
     1          98         21661.2          14.435               1      Successful search (ES-ell)        
     1         108         21584.2         15.3964               1      Successful search (ES-ell)        
     1         113         21529.1         15.2111               1      Successful search (ES-ell)        
     1         115         21512.2         15.2274               1      Successful search (ES-ell)        
     1         119         21403.2         14.4523               1      Successful search (ES-ell)        
     1         127           21335         7.85068               1      Successful search (ES-ell)        
     1         128         21298.2         7.87961               1      Successful search (ES-ell)        
     1         129         21292.3         7.91459               1      Successful search (ES-ell)        
     1         130         21007.2         7.92337               1      Successful search (ES-ell)        
     1         133         20960.9         7.89942               1      Successful search (ES-ell)        
     1         134         20746.3         7.90581               1      Successful search (ES-ell)        
     1         142         20705.8         7.59251               1      Successful search (ES-ell)        
     1         158         20685.5          19.391               1      Successful search (ES-ell)        
     1         160         20637.6         18.7015               1      Successful search (ES-ell)        
     1         166         20622.5         19.2319               1      Successful search (ES-wcm)        
     1         167           20607          20.401               1      Successful search (ES-wcm)        
     1         169         20576.6         21.6802               1      Successful search (ES-wcm)        
     1         171         20576.4         21.7049               1      Incremental search (ES-wcm)        
     1         180         20562.9         16.5989               1      Successful search (ES-ell)        
     1         182         20559.5          16.791               1      Successful search (ES-ell)        
     1         184         20555.1         19.6695               1      Successful search (ES-wcm)        
     1         188         20539.5         17.8156               1      Successful search (ES-wcm)        
     1         201           20440         19.2604               1      Successful search (ES-ell)        
     1         229         19792.4         17.7126               1        Successful poll           Train
     2         233         19205.9         27.0645               1      Successful search (ES-ell)        
     2         234           19146          27.639               1      Successful search (ES-ell)        
     2         240         19093.9         27.7121               1      Successful search (ES-wcm)        
     2         241         19067.5         27.5211               1      Successful search (ES-wcm)        
     2         242         18958.5         27.1945               1      Successful search (ES-wcm)        
     2         246           18887         27.3052               1      Successful search (ES-wcm)        
     2         256         18873.6         23.9712               1      Successful search (ES-wcm)        
     2         258         18848.1         17.9103               1      Successful search (ES-wcm)        
     2         260         18734.7         27.5522               1      Successful search (ES-wcm)        
     2         267         18711.1         24.0186               1      Successful search (ES-wcm)        
     2         280         18701.8           22.09               1      Successful search (ES-wcm)        
     2         282         18678.7         23.8934               1      Successful search (ES-wcm)        
     2         283         18672.8         26.2934               1      Successful search (ES-wcm)        
     2         286           18551         26.5601               1      Successful search (ES-wcm)        
     2         289         18452.4         27.0866               1      Successful search (ES-wcm)        
     2         290         18437.3         27.7586               1      Successful search (ES-wcm)        
     2         297         18384.1         27.6695               1      Successful search (ES-wcm)        
     2         300         18339.5         27.5893               1      Successful search (ES-wcm)        
     2         304         18298.8         22.5919               1      Successful search (ES-wcm)        
     2         313         18285.8         25.6696               1      Successful search (ES-wcm)        
     2         316         18278.6         23.6765               1      Successful search (ES-wcm)        
     2         318         18276.2          25.045               1      Successful search (ES-wcm)        
     2         319         18268.1         29.1745               1      Successful search (ES-wcm)        
     2         325         18174.1         29.6931               1      Successful search (ES-wcm)        
     2         331         18149.4           21.02               1      Successful search (ES-ell)        
     2         332         18128.1         21.4719               1      Successful search (ES-ell)        
     2         341         18121.8         19.9896               1      Successful search (ES-ell)        
     2         342         18109.7         23.6417               1      Successful search (ES-ell)        
     2         357           18101         16.6768               1      Successful search (ES-ell)        
     2         369         17936.5         24.1743               1      Successful search (ES-ell)        
     2         411         17788.5         20.7782               1        Successful poll           
     3         449         17752.1         20.3512             0.5          Refine grid             Train
     4         451         18509.5         24.9279             0.5      Successful search (ES-ell)        
     4         466         18289.8         23.3359             0.5      Successful search (ES-ell)        
     4         468         18243.7          24.472             0.5      Successful search (ES-ell)        
     4         470         18145.3         24.2286             0.5      Successful search (ES-ell)        
     4         474         18122.8         21.3426             0.5      Successful search (ES-ell)        
     4         477           18059          24.123             0.5      Successful search (ES-wcm)        
     4         478         17959.9         22.4325             0.5      Successful search (ES-ell)        
     4         499         17939.3         24.9565               1        Successful poll           Train
     5         504           17815         23.5346               1      Successful search (ES-ell)        
     5         550           17815         23.5346             0.5          Refine grid             
     6         552         17851.4         24.0521             0.5      Successful search (ES-wcm)        
     6         558         17790.5         20.3808             0.5      Successful search (ES-wcm)        
     6         559         17735.9         23.2357             0.5      Successful search (ES-wcm)        
     6         575         17720.1         18.8744             0.5      Successful search (ES-wcm)        
     6         577         17706.7         12.8421             0.5      Successful search (ES-wcm)        
     6         579         17698.9         16.1916             0.5      Successful search (ES-ell)        
     6         580         17665.1         18.1718             0.5      Successful search (ES-ell)        
     6         588         17640.6         19.5667             0.5      Successful search (ES-ell)        
     6         590         17633.6         19.8446             0.5      Successful search (ES-ell)        
     6         634         17611.2         22.1923               1        Successful poll           
     7         670         17610.7         22.1823             0.5          Refine grid             Train
     8         671         17718.7          27.448             0.5      Successful search (ES-ell)        
     8         675         17645.7         27.2763             0.5      Successful search (ES-ell)        
     8         680         17626.6         25.0544             0.5      Successful search (ES-ell)        
     8         681           17595         24.3662             0.5      Successful search (ES-ell)        
     8         684         17572.4          24.287             0.5      Successful search (ES-ell)        
     8         691         17543.2         24.2111             0.5      Successful search (ES-ell)        
     8         694         17526.1         24.4794             0.5      Successful search (ES-ell)        
     8         695         17510.8         28.2254             0.5      Successful search (ES-wcm)        
     8         700           17476         25.4209             0.5      Successful search (ES-wcm)        
     8         708           17436         22.8032             0.5      Successful search (ES-wcm)        
     8         709         17431.7         26.6592             0.5      Successful search (ES-wcm)        
     8         715         17423.1         18.4031             0.5      Successful search (ES-wcm)        
     8         754         17423.1         18.4031            0.25          Refine grid             Train
     9         759         17403.4         16.3697            0.25      Successful search (ES-ell)        
     9         771         17396.7         27.3629            0.25      Successful search (ES-ell)        
     9         780         17391.9         12.7523            0.25      Successful search (ES-ell)        
     9         781         17376.6         15.2167            0.25      Successful search (ES-ell)        
     9         784         17371.6         11.9856            0.25      Successful search (ES-ell)        
     9         789         17365.3         19.5412            0.25      Successful search (ES-ell)        
     9         791         17357.3         20.4259            0.25      Successful search (ES-ell)        
     9         792         17313.2         25.3778            0.25      Successful search (ES-ell)        
     9         797         17301.2         24.8739            0.25      Successful search (ES-wcm)        
     9         799         17300.4         26.7806            0.25      Successful search (ES-wcm)        
     9         803         17268.4         28.7265            0.25      Successful search (ES-wcm)        
     9         854         17257.1         29.0968             0.5        Successful poll           
    10         893           17272         25.6274            0.25          Refine grid             Train
    11         898         17271.9         20.8903            0.25      Successful search (ES-ell)        
    11         900         17265.5          22.257            0.25      Successful search (ES-ell)        
    11         904         17264.3         15.2531            0.25      Successful search (ES-ell)        
    11         907         17260.6         10.9348            0.25      Successful search (ES-ell)        
    11         913         17258.6         21.1258            0.25      Successful search (ES-ell)        
    11         963         17258.6         21.1258           0.125          Refine grid             Train
    12         967           17237         16.2343           0.125      Successful search (ES-wcm)        
    12        1021           17237         16.2343          0.0625          Refine grid             
    13        1025         17261.9         6.22872          0.0625      Successful search (ES-wcm)        
    13        1026         17258.2          8.7585          0.0625      Successful search (ES-wcm)        
    13        1028         17248.3         8.72945          0.0625      Successful search (ES-wcm)        
    13        1030         17228.8         8.52712          0.0625      Successful search (ES-wcm)        
    13        1039         17227.7         6.25119          0.0625      Successful search (ES-wcm)        
    13        1042           17226         6.85058          0.0625      Successful search (ES-wcm)        
    13        1043         17224.4         8.49098          0.0625      Successful search (ES-wcm)        
    13        1045         17217.1         8.55596          0.0625      Successful search (ES-wcm)        
    13        1095         17217.1         8.55596         0.03125          Refine grid             
    14        1096         17237.7         4.38404         0.03125      Successful search (ES-wcm)        
    14        1100         17236.3         4.49994         0.03125      Successful search (ES-ell)        
    14        1101         17232.3         5.53704         0.03125      Successful search (ES-ell)        
    14        1111         17203.6         6.16661         0.03125      Successful search (ES-wcm)        
    14        1112         17187.8          11.723         0.03125      Successful search (ES-wcm)        
    14        1113         17122.1         9.69978         0.03125      Successful search (ES-wcm)        
    14        1169         17122.1         9.69978        0.015625          Refine grid             
    15        1170         17248.7         4.44826        0.015625      Successful search (ES-ell)        
    15        1171         17244.6         6.38919        0.015625      Successful search (ES-ell)        
    15        1229         17244.6         6.38919       0.0078125          Refine grid             
    16        1230         17257.8         3.93643       0.0078125      Successful search (ES-wcm)        
    16        1231         17255.8         4.64877       0.0078125      Successful search (ES-wcm)        
    16        1232           17253         6.07073       0.0078125      Successful search (ES-wcm)        
    16        1289           17253         6.07073      0.00390625          Refine grid             
    17        1290         17263.4         3.14749      0.00390625      Successful search (ES-wcm)        
    17        1291         17262.5         3.57991      0.00390625      Successful search (ES-wcm)        
    17        1293         17261.3          4.4372      0.00390625      Successful search (ES-wcm)        
    17        1294         17255.5         5.37746      0.00390625      Successful search (ES-ell)        
    17        1295         17249.5         7.07353      0.00390625      Successful search (ES-ell)        
    17        1296         17242.1         9.72093      0.00390625      Successful search (ES-ell)        
    17        1297           17229          12.367      0.00390625      Successful search (ES-ell)        
    17        1349           17229          12.367      0.00195312          Refine grid             Train
    18        1350           17261         6.80293      0.00195312      Successful search (ES-ell)        
    18        1351         17258.8         6.91735      0.00195312      Successful search (ES-ell)        
    18        1409         17254.8          4.9518      0.00390625        Successful poll           
    19        1454         17252.5         5.35303      0.00195312          Refine grid             
    20        1455         17261.8         3.69147      0.00195312      Successful search (ES-wcm)        
    20        1456         17260.4         4.18703      0.00195312      Successful search (ES-wcm)        
    20        1457         17255.8         4.71872      0.00195312      Successful search (ES-wcm)        
    20        1460         17253.5         4.73465      0.00195312      Successful search (ES-ell)        
    20        1462         17250.2         5.06696      0.00195312      Successful search (ES-ell)        
    20        1487         17247.7         7.84191      0.00390625        Successful poll           Train
    21        1488         17256.9         3.70201      0.00390625      Successful search (ES-ell)        
    21        1489         17252.4         4.59866      0.00390625      Successful search (ES-wcm)        
    21        1490         17250.1         6.75509      0.00390625      Successful search (ES-wcm)        
    21        1491           17241         10.7985      0.00390625      Successful search (ES-wcm)        
    21        1543         17237.2         15.8343       0.0078125        Successful poll           
    22        1544         17224.5         14.1742       0.0078125      Successful search (ES-ell)        
    22        1545         17222.6          13.813       0.0078125      Successful search (ES-ell)        
    22        1603         17222.6          13.813      0.00390625          Refine grid             
    23        1604         17259.1          3.5199      0.00390625      Successful search (ES-ell)        
    23        1605         17255.5         3.89671      0.00390625      Successful search (ES-ell)        
    23        1606         17251.8         4.79563      0.00390625      Successful search (ES-ell)        
    23        1607           17247         6.09575      0.00390625      Successful search (ES-ell)        
    23        1608         17240.1         8.68373      0.00390625      Successful search (ES-ell)        
    23        1609         17238.5         11.4583      0.00390625      Successful search (ES-ell)        
    23        1663         17238.5         11.4583      0.00195312          Refine grid             Train
    24        1664         17261.1         3.10487      0.00195312      Successful search (ES-wcm)        
    24        1666         17259.1         3.18408      0.00195312      Successful search (ES-wcm)        
    24        1668         17258.4         3.27575      0.00195312      Successful search (ES-wcm)        
    24        1669         17255.8          3.9378      0.00195312      Successful search (ES-wcm)        
    24        1673           17255         3.87152      0.00195312      Successful search (ES-ell)        
    24        1674         17254.1          4.1811      0.00195312      Successful search (ES-wcm)        
    24        1714         17245.6         14.4762      0.00390625        Successful poll           Train
    25        1715         17255.8         3.59575      0.00390625      Successful search (ES-ell)        
    25        1716         17251.2         5.40889      0.00390625      Successful search (ES-ell)        
    25        1717         17238.4         10.0096      0.00390625      Successful search (ES-wcm)        
    25        1718         17232.2         15.4399      0.00390625      Successful search (ES-wcm)        
    25        1764         17229.8         17.6102       0.0078125        Successful poll           
    26        1765           17247         14.0538       0.0078125      Successful search (ES-wcm)        
    26        1766         17239.5         15.8974       0.0078125      Successful search (ES-wcm)        
    26        1767         17236.8         15.6026       0.0078125      Successful search (ES-ell)        
    26        1768         17235.1         16.8002       0.0078125      Successful search (ES-ell)        
    26        1824         17235.1         16.8002      0.00390625          Refine grid             
    27        1825         17247.2          9.4316      0.00390625      Successful search (ES-ell)        
    27        1826         17245.2         10.5953      0.00390625      Successful search (ES-ell)        
    27        1827           17244         10.2456      0.00390625      Successful search (ES-wcm)        
    27        1884           17244         10.2456      0.00195312          Refine grid             Train
    28        1885           17246         5.98307      0.00195312      Successful search (ES-wcm)        
    28        1886         17242.9         6.46471      0.00195312      Successful search (ES-wcm)        
    28        1944         17242.9         6.46471     0.000976562          Refine grid             Train
Optimization terminated: change in the function value less than options['tol_mesh']
Estimated function value at minimum: 17249.82152319484 ± 2.4543624714944974 (mean ± SEM from 100 samples)
BADS minimum at: x_min = [3.3911 3.6378 4.5719 7.2307 2.276  5.1736 0.1338 0.1434 5.7706 5.904
 0.5858 0.4966 0.2701 0.2318 0.6948], training NLL = 17249.8215
total f-count: 2044, time: 92.71 min

 ------- Finish Optimization for Subject 6 ---------- 

 ------- Start Optimization for Subject 11 ---------- 

 Cross Validation fold 0/1

 -- Start Optimization: method BADS --

 Optimization Run 1/2
Initial params: [1.4109, 7.4122, 8.857, 23.7729, 46.6833, -34.7875, 3.6369, 0.3836, 20.2297, 23.3676, 0.5147, 0.776, 0.2091, 0.2402, 0.2501]
bads:TooCloseBounds: For each variable, hard and plausible bounds should not be too close. Moving plausible bounds.
Variables (index) internally transformed to log coordinates: [[0 0]
 [0 3]
 [0 4]
 [0 6]]
Beginning optimization of a STOCHASTIC objective function

 Iteration    f-count      E[f(x)]        SD[f(x)]           MeshScale          Method              Actions
     0           1         25766.6             nan               1                                  
     0          33         24779.3             nan               1          Initial mesh            Initial points
     0          51         24618.5         1.01793               1        Successful poll           Train
     1          54         24603.8         1.01704               1      Successful search (ES-wcm)        
     1          62           24596        0.893197               1      Successful search (ES-wcm)        
     1          74         24594.8         1.14663               1      Successful search (ES-wcm)        
     1          75         24585.7         1.15325               1      Successful search (ES-wcm)        
     1          76         24536.8         1.16166               1      Successful search (ES-wcm)        
     1          77         24465.4         1.16536               1      Successful search (ES-wcm)        
     1          78         24444.7         1.16586               1      Successful search (ES-wcm)        
     1          84         24441.6         1.15878               1      Successful search (ES-ell)        
     1          91         24439.4         1.14948               1      Successful search (ES-wcm)        
     1          92         24438.1         1.14089               1      Successful search (ES-wcm)        
     1          94         24433.8         1.11619               1      Successful search (ES-wcm)        
     1         104         24417.6         2.29268               1      Successful search (ES-wcm)        
     1         140         24394.6         6.07171               1        Successful poll           Train
     2         145         24428.6         6.79999               1      Successful search (ES-wcm)        
     2         147         24390.6         5.38441               1      Successful search (ES-ell)        
     2         148         24338.5         5.41688               1      Successful search (ES-ell)        
     2         149         24304.6         5.99876               1      Successful search (ES-ell)        
     2         194         24304.6         5.99876             0.5          Refine grid             Train
     3         195         24409.7         7.46253             0.5      Successful search (ES-ell)        
     3         253         24409.7         7.46253            0.25          Refine grid             
     4         254         24411.8         3.81831            0.25      Successful search (ES-ell)        
     4         255           24410         6.00888            0.25      Successful search (ES-ell)        
     4         257         24409.3         5.99038            0.25      Successful search (ES-ell)        
     4         269         24365.9         3.98676            0.25      Successful search (ES-ell)        
     4         270         24323.5         5.03914            0.25      Successful search (ES-ell)        
     4         327         24323.5         5.03914           0.125          Refine grid             
     5         328           24396         1.90071           0.125      Successful search (ES-ell)        
     5         329         24375.7         2.47755           0.125      Successful search (ES-ell)        
     5         330         24345.5         3.51635           0.125      Successful search (ES-ell)        
     5         331         24326.7         4.65798           0.125      Successful search (ES-ell)        
     5         386         24326.7         4.65798          0.0625          Refine grid             
     6         387         24402.9         1.58024          0.0625      Successful search (ES-ell)        
     6         388         24397.5         2.30132          0.0625      Successful search (ES-ell)        
     6         389         24384.6         3.13372          0.0625      Successful search (ES-ell)        
     6         390         24363.9         4.08226          0.0625      Successful search (ES-ell)        
     6         391         24350.5         5.53812          0.0625      Successful search (ES-ell)        
     6         445         24350.5         5.53812         0.03125          Refine grid             Train
     7         446         24403.7         1.15799         0.03125      Successful search (ES-ell)        
     7         447           24400         1.27087         0.03125      Successful search (ES-ell)        
     7         467         24399.8         1.56431         0.03125      Successful search (ES-wcm)        
     7         468         24399.4         1.57265         0.03125      Successful search (ES-wcm)        
     7         469         24399.3         1.58457         0.03125      Successful search (ES-wcm)        
     7         470         24399.2          1.5916         0.03125      Successful search (ES-wcm)        
     7         471         24398.9         1.55223         0.03125      Successful search (ES-wcm)        
     7         472         24398.9         1.55522         0.03125      Successful search (ES-wcm)        
     7         473         24396.4         1.66416         0.03125      Successful search (ES-ell)        
     7         474         24395.3          2.1244         0.03125      Successful search (ES-wcm)        
     7         475           24395         3.11061         0.03125      Successful search (ES-wcm)        
     7         476         24388.7         2.98806         0.03125      Successful search (ES-wcm)        
     7         477         24384.3         3.42436         0.03125      Successful search (ES-wcm)        
     7         478         24381.2          3.9908         0.03125      Successful search (ES-wcm)        
     7         479         24375.1         4.05492         0.03125      Successful search (ES-ell)        
     7         480           24367         4.79715         0.03125      Successful search (ES-ell)        
     7         481         24360.9         5.21823         0.03125      Successful search (ES-ell)        
     7         535         24360.9         5.21823        0.015625          Refine grid             Train
     8         536         24372.4        0.954752        0.015625      Successful search (ES-ell)        
     8         537         24370.8         1.09197        0.015625      Successful search (ES-ell)        
     8         538         24368.7         1.37847        0.015625      Successful search (ES-ell)        
     8         539         24366.2         1.74006        0.015625      Successful search (ES-ell)        
     8         540         24363.7          2.4708        0.015625      Successful search (ES-ell)        
     8         541         24362.6         3.19926        0.015625      Successful search (ES-ell)        
     8         595         24362.6         3.19926       0.0078125          Refine grid             
     9         596         24367.5        0.931805       0.0078125      Successful search (ES-wcm)        
     9         597         24367.2         1.01202       0.0078125      Successful search (ES-wcm)        
     9         598         24366.6         1.13924       0.0078125      Successful search (ES-wcm)        
     9         599         24365.7         1.31374       0.0078125      Successful search (ES-wcm)        
     9         655         24365.2          1.3316        0.015625        Successful poll           
    10         656         24364.1         1.37906        0.015625      Successful search (ES-wcm)        
    10         657         24362.9          1.7853        0.015625      Successful search (ES-wcm)        
    10         658         24362.4         2.08975        0.015625      Successful search (ES-ell)        
    10         659         24362.2         2.59571        0.015625      Successful search (ES-ell)        
    10         715         24362.2         2.59571       0.0078125          Refine grid             
    11         716         24367.8         1.16608       0.0078125      Successful search (ES-ell)        
    11         717         24367.6         1.33527       0.0078125      Successful search (ES-ell)        
    11         718         24366.3         1.58614       0.0078125      Successful search (ES-ell)        
    11         719           24365         1.93102       0.0078125      Successful search (ES-ell)        
    11         748         24362.5         3.57912        0.015625        Successful poll           
    12         749         24368.7        0.711147        0.015625      Successful search (ES-ell)        
    12         750         24368.3        0.900999        0.015625      Successful search (ES-wcm)        
    12         751         24367.7         1.47888        0.015625      Successful search (ES-wcm)        
    12         753         24367.3         1.95412        0.015625      Successful search (ES-wcm)        
    12         755         24365.3         2.72826        0.015625      Successful search (ES-wcm)        
    12         785         24359.8         3.87171         0.03125        Successful poll           
    13         788           24361         2.71729         0.03125      Successful search (ES-wcm)        
    13         828         24357.1         3.53449          0.0625        Successful poll           Train
    14         829         24358.9         2.47865          0.0625      Successful search (ES-ell)        
    14         830         24358.2         4.26502          0.0625      Successful search (ES-ell)        
    14         833         24357.3         4.05097          0.0625      Successful search (ES-wcm)        
    14         877         24353.4         3.27782           0.125        Successful poll           Train
    15         878         24341.9         4.07287           0.125      Successful search (ES-ell)        
    15         937         24341.9         4.07287          0.0625          Refine grid             Train
    16         938         24354.7         1.84635          0.0625      Successful search (ES-ell)        
    16         939         24350.7         3.06884          0.0625      Successful search (ES-ell)        
    16         940         24350.4         4.25506          0.0625      Successful search (ES-ell)        
    16         941         24345.4         4.43826          0.0625      Successful search (ES-ell)        
    16         953         24345.3         1.90451          0.0625      Successful search (ES-ell)        
    16         954         24342.1         2.52025          0.0625      Successful search (ES-ell)        
    16         955         24338.7         3.33488          0.0625      Successful search (ES-ell)        
    16        1012         24338.7         3.33488         0.03125          Refine grid             Train
    17        1013           24345         1.02586         0.03125      Successful search (ES-ell)        
    17        1014         24343.3         1.47546         0.03125      Successful search (ES-ell)        
    17        1015         24341.5         2.23526         0.03125      Successful search (ES-ell)        
    17        1051         24338.4         2.69935          0.0625        Successful poll           
    18        1052         24332.4         3.86513          0.0625      Successful search (ES-wcm)        
    18        1053         24327.2         5.14638          0.0625      Successful search (ES-wcm)        
    18        1067         24326.2         2.67426          0.0625      Successful search (ES-wcm)        
    18        1126         24320.6         4.11083           0.125        Successful poll           
    19        1129         24317.1         4.08689           0.125      Successful search (ES-wcm)        
    19        1131         24310.8         3.29746           0.125      Successful search (ES-wcm)        
    19        1143         24310.2          2.7561           0.125      Successful search (ES-ell)        
    19        1157         24309.9         4.36643           0.125      Successful search (ES-wcm)        
    19        1159         24304.5         4.00223           0.125      Successful search (ES-ell)        
    19        1216         24304.5         4.00223          0.0625          Refine grid             
    20        1217         24314.4         1.40678          0.0625      Successful search (ES-ell)        
    20        1218           24310         2.15297          0.0625      Successful search (ES-ell)        
    20        1219         24307.8         3.64082          0.0625      Successful search (ES-wcm)        
    20        1220         24307.2         4.99702          0.0625      Successful search (ES-wcm)        
    20        1222         24304.1         4.16864          0.0625      Successful search (ES-ell)        
    20        1276         24304.1         4.16864         0.03125          Refine grid             
    21        1277         24316.5          1.0054         0.03125      Successful search (ES-ell)        
    21        1278         24315.5         1.08394         0.03125      Successful search (ES-wcm)        
    21        1279           24314         1.44433         0.03125      Successful search (ES-wcm)        
    21        1280         24311.9         2.09105         0.03125      Successful search (ES-wcm)        
    21        1281         24308.1         2.94976         0.03125      Successful search (ES-wcm)        
    21        1282         24307.7         4.07105         0.03125      Successful search (ES-wcm)        
    21        1336         24307.7         4.07105        0.015625          Refine grid             Train
    22        1337         24311.4        0.839774        0.015625      Successful search (ES-wcm)        
    22        1338         24310.8        0.854617        0.015625      Successful search (ES-wcm)        
    22        1339         24309.9        0.894949        0.015625      Successful search (ES-wcm)        
    22        1340         24309.2        0.979969        0.015625      Successful search (ES-wcm)        
    22        1341         24308.7         1.04753        0.015625      Successful search (ES-wcm)        
    22        1342         24305.8         2.18399        0.015625      Successful search (ES-ell)        
    22        1343         24299.5         3.54282        0.015625      Successful search (ES-ell)        
    22        1396         24299.5         3.54282       0.0078125          Refine grid             Train
    23        1397         24302.6        0.860395       0.0078125      Successful search (ES-ell)        
    23        1398           24302        0.906904       0.0078125      Successful search (ES-wcm)        
    23        1399         24301.1         1.00961       0.0078125      Successful search (ES-wcm)        
    23        1400         24299.8         1.19041       0.0078125      Successful search (ES-wcm)        
    23        1401         24297.8         1.47388       0.0078125      Successful search (ES-wcm)        
    23        1402         24295.5         1.99565       0.0078125      Successful search (ES-wcm)        
    23        1456         24295.5         1.99565      0.00390625          Refine grid             
    24        1457         24302.4        0.799371      0.00390625      Successful search (ES-ell)        
    24        1458           24302         0.80725      0.00390625      Successful search (ES-ell)        
    24        1459         24301.6        0.845308      0.00390625      Successful search (ES-ell)        
    24        1460         24301.3        0.914832      0.00390625      Successful search (ES-ell)        
    24        1461         24300.9         1.10601      0.00390625      Successful search (ES-ell)        
    24        1462         24299.9         1.40746      0.00390625      Successful search (ES-ell)        
    24        1463         24298.6         1.90062      0.00390625      Successful search (ES-ell)        
    24        1464         24298.4         2.50837      0.00390625      Successful search (ES-ell)        
    24        1465         24296.9         2.98226      0.00390625      Successful search (ES-ell)        
    24        1516         24296.9         2.98226      0.00195312          Refine grid             
    25        1517         24302.9        0.829358      0.00195312      Successful search (ES-ell)        
    25        1518         24302.7        0.815671      0.00195312      Successful search (ES-wcm)        
    25        1519         24302.5         0.80229      0.00195312      Successful search (ES-wcm)        
    25        1520         24301.9        0.807654      0.00195312      Successful search (ES-wcm)        
    25        1521         24301.6        0.817434      0.00195312      Successful search (ES-wcm)        
    25        1522           24301        0.873628      0.00195312      Successful search (ES-wcm)        
    25        1523         24300.5         1.03879      0.00195312      Successful search (ES-wcm)        
    25        1524         24299.1         1.26251      0.00195312      Successful search (ES-wcm)        
    25        1525           24298         1.61119      0.00195312      Successful search (ES-wcm)        
    25        1576           24298         1.61119     0.000976562          Refine grid             
Optimization terminated: change in the function value less than options['tol_mesh']
Estimated function value at minimum: 24301.32551796747 ± 0.5706950495269816 (mean ± SEM from 100 samples)
BADS minimum at: x_min = [ 7.14500e-01  6.58450e+00  9.26060e+00  1.00000e-04  1.26370e+00
 -6.57805e+01  2.06350e+00  6.33300e-01  1.93220e+01  2.61331e+01
  3.59400e-01  3.14500e-01  1.70000e-01  9.11000e-02  1.96260e+00], training NLL = 24301.3255
total f-count: 1676, time: 75.4 min

 Optimization Run 2/2
Initial params: [1.7994, 3.4148, 4.2618, 26.6236, 12.1768, 24.9971, 4.1897, 0.6766, 16.5412, 28.2608, 0.1474, 0.7116, 0.2216, 0.1896, 0.6172]
bads:TooCloseBounds: For each variable, hard and plausible bounds should not be too close. Moving plausible bounds.
Variables (index) internally transformed to log coordinates: [[0 0]
 [0 3]
 [0 4]
 [0 6]]
Beginning optimization of a STOCHASTIC objective function

 Iteration    f-count      E[f(x)]        SD[f(x)]           MeshScale          Method              Actions
     0           1         25766.6             nan               1                                  
     0          33         24779.1             nan               1          Initial mesh            Initial points
     0          52         24614.8         1.01993               1        Successful poll           Train
     1          60           24610          1.0039               1      Successful search (ES-wcm)        
     1          62         24564.8        0.999761               1      Successful search (ES-wcm)        
     1          69         24557.4         0.97391               1      Successful search (ES-wcm)        
     1          71         24491.3         0.97394               1      Successful search (ES-wcm)        
     1          74           24444        0.973729               1      Successful search (ES-wcm)        
     1          82         24441.8        0.926686               1      Successful search (ES-wcm)        
     1          87         24434.7        0.960813               1      Successful search (ES-wcm)        
     1          91         24416.9        0.916123               1      Successful search (ES-wcm)        
     1         121         20921.9         1.09117               1        Successful poll           
     2         127           20835         8.37847               1      Successful search (ES-wcm)        
     2         128         20764.2         8.37738               1      Successful search (ES-wcm)        
     2         132         20736.7         8.21689               1      Successful search (ES-wcm)        
     2         134         20634.7         8.18813               1      Successful search (ES-wcm)        
     2         135           20386         7.22655               1      Successful search (ES-ell)        
     2         136         20083.9         6.83283               1      Successful search (ES-ell)        
     2         174         20083.9         6.83283             0.5          Refine grid             Train
     3         175         20665.7          13.491             0.5      Successful search (ES-ell)        
     3         190         20561.2         26.9113             0.5      Successful search (ES-ell)        
     3         193         20393.5         27.2868             0.5      Successful search (ES-wcm)        
     3         194         20325.8         27.3294             0.5      Successful search (ES-wcm)        
     3         201         20288.8         27.2543             0.5      Successful search (ES-wcm)        
     3         202         20165.1         27.0641             0.5      Successful search (ES-wcm)        
     3         206         19903.9         27.2652             0.5      Successful search (ES-wcm)        
     3         208         19865.9         27.1642             0.5      Successful search (ES-wcm)        
     3         211         19674.7         27.1653             0.5      Successful search (ES-wcm)        
     3         220         19541.2         27.1716             0.5      Successful search (ES-wcm)        
     3         225         19479.9         26.6821             0.5      Successful search (ES-wcm)        
     3         228         19351.6         24.1921             0.5      Successful search (ES-ell)        
     3         230         19324.7          24.189             0.5      Successful search (ES-ell)        
     3         232         19278.8         23.1793             0.5      Successful search (ES-ell)        
     3         234         19171.3          26.688             0.5      Successful search (ES-wcm)        
     3         265         19156.2         19.3141               1        Successful poll           Train
     4         304         19153.2          28.336             0.5          Refine grid             Train
     5         305         19140.8         33.6614             0.5      Successful search (ES-ell)        
     5         306         19035.2         37.4224             0.5      Successful search (ES-ell)        
     5         313         19025.7          28.469             0.5      Successful search (ES-ell)        
     5         317         18999.2         20.2058             0.5      Successful search (ES-ell)        
     5         318         18988.9         23.5706             0.5      Successful search (ES-ell)        
     5         319         18980.1         29.0678             0.5      Successful search (ES-ell)        
     5         360         18980.1         29.0678            0.25          Refine grid             Train
     6         363         18982.5         26.9641            0.25      Successful search (ES-wcm)        
     6         365         18935.2         25.5196            0.25      Successful search (ES-ell)        
     6         366         18903.8         27.9721            0.25      Successful search (ES-ell)        
     6         368           18879         26.1283            0.25      Successful search (ES-ell)        
     6         369         18840.8         30.2916            0.25      Successful search (ES-ell)        
     6         373         18839.7         22.8393            0.25      Successful search (ES-ell)        
     6         418         18839.7         22.8393           0.125          Refine grid             Train
     7         419         18829.2         14.2048           0.125      Successful search (ES-ell)        
     7         421         18808.1         18.4288           0.125      Successful search (ES-ell)        
     7         423         18805.8         20.6276           0.125      Successful search (ES-ell)        
     7         425         18781.7         20.4225           0.125      Successful search (ES-ell)        
     7         426           18772         23.8069           0.125      Successful search (ES-ell)        
     7         428         18767.4         25.4659           0.125      Successful search (ES-ell)        
     7         429         18762.8         27.7724           0.125      Successful search (ES-ell)        
     7         433           18751         24.0616           0.125      Successful search (ES-ell)        
     7         476           18751         24.0616          0.0625          Refine grid             Train
     8         478         18755.6         8.05066          0.0625      Successful search (ES-ell)        
     8         479         18752.8         11.8636          0.0625      Successful search (ES-ell)        
     8         480         18752.4         15.4573          0.0625      Successful search (ES-ell)        
     8         482           18744          14.853          0.0625      Successful search (ES-ell)        
     8         534           18744          14.853         0.03125          Refine grid             
     9         535         18752.5         4.62715         0.03125      Successful search (ES-ell)        
     9         536         18744.8         6.73015         0.03125      Successful search (ES-ell)        
     9         537         18734.7         9.62555         0.03125      Successful search (ES-ell)        
     9         538           18723         12.2657         0.03125      Successful search (ES-ell)        
     9         544         18718.3          8.2808         0.03125      Successful search (ES-ell)        
     9         545         18704.3          8.1448         0.03125      Successful search (ES-ell)        
     9         546         18698.3          9.9197         0.03125      Successful search (ES-ell)        
     9         592         18698.3          9.9197        0.015625          Refine grid             
    10         593         18742.4         3.61413        0.015625      Successful search (ES-wcm)        
    10         594         18735.5         3.72256        0.015625      Successful search (ES-wcm)        
    10         596         18734.6         4.33881        0.015625      Successful search (ES-wcm)        
    10         650         18666.6         20.2373         0.03125        Successful poll           
    11         693         18759.3         3.88142        0.015625          Refine grid             Train
    12         694         18742.1         4.49288        0.015625      Successful search (ES-wcm)        
    12         695         18733.7         6.70343        0.015625      Successful search (ES-wcm)        
    12         696         18722.2         9.20634        0.015625      Successful search (ES-wcm)        
    12         697         18709.8         15.5183        0.015625      Successful search (ES-wcm)        
    12         699         18702.3         10.9588        0.015625      Successful search (ES-wcm)        
    12         703         18700.7          8.2296        0.015625      Successful search (ES-ell)        
    12         704         18695.4         9.29174        0.015625      Successful search (ES-wcm)        
    12         705         18691.8         11.8603        0.015625      Successful search (ES-wcm)        
    12         753         18691.8         11.8603       0.0078125          Refine grid             Train
    13         754         18737.6         4.18222       0.0078125      Successful search (ES-ell)        
    13         755         18732.6         4.80813       0.0078125      Successful search (ES-ell)        
    13         756         18726.7         6.06267       0.0078125      Successful search (ES-ell)        
    13         757         18722.1         8.15377       0.0078125      Successful search (ES-ell)        
    13         758         18714.7         7.52655       0.0078125      Successful search (ES-wcm)        
    13         759           18706         9.10134       0.0078125      Successful search (ES-wcm)        
    13         760         18696.8         10.1428       0.0078125      Successful search (ES-wcm)        
    13         761         18686.5         10.9139       0.0078125      Successful search (ES-wcm)        
    13         811         18686.5         10.9139      0.00390625          Refine grid             
    14         812         18708.8         3.73314      0.00390625      Successful search (ES-wcm)        
    14         813         18708.4         3.75899      0.00390625      Successful search (ES-wcm)        
    14         814           18707         3.92314      0.00390625      Successful search (ES-wcm)        
    14         815         18705.8         4.14903      0.00390625      Successful search (ES-wcm)        
    14         816         18704.3          4.6538      0.00390625      Successful search (ES-wcm)        
    14         817         18700.9         5.71946      0.00390625      Successful search (ES-wcm)        
    14         819         18696.2         6.77379      0.00390625      Successful search (ES-wcm)        
    14         821         18695.9         7.85657      0.00390625      Successful search (ES-wcm)        
    14         824         18693.4         6.49571      0.00390625      Successful search (ES-wcm)        
    14         825         18690.6         7.85075      0.00390625      Successful search (ES-wcm)        
    14         831         18690.5         6.35988      0.00390625      Successful search (ES-wcm)        
    14         884         18690.5         6.35988      0.00195312          Refine grid             
    15         885         18696.4          3.4102      0.00195312      Successful search (ES-wcm)        
    15         886         18696.3         3.50403      0.00195312      Successful search (ES-wcm)        
    15         887           18696         3.68666      0.00195312      Successful search (ES-wcm)        
    15         888         18695.9         4.02716      0.00195312      Successful search (ES-wcm)        
    15         891         18694.7         3.94823      0.00195312      Successful search (ES-ell)        
    15         892         18693.8         4.23624      0.00195312      Successful search (ES-ell)        
    15         898         18693.6         4.02519      0.00195312      Successful search (ES-ell)        
    15         899         18693.4         4.12793      0.00195312      Successful search (ES-ell)        
    15         944         18689.6         5.94402      0.00390625        Successful poll           
    16         988         18688.7         5.21846      0.00195312          Refine grid             Train
    17         989         18695.6         2.65217      0.00195312      Successful search (ES-ell)        
    17        1046         18692.2         15.2936      0.00390625        Successful poll           
    18        1084           18661         14.0329       0.0078125        Successful poll           
    19        1085         18689.9         14.7857       0.0078125      Successful search (ES-ell)        
    19        1086           18679         18.4123       0.0078125      Successful search (ES-ell)        
    19        1142           18679         18.4123      0.00390625          Refine grid             Train
    20        1176         18678.6         16.9266       0.0078125        Successful poll           Train
    21        1219         18681.6         14.3755      0.00390625          Refine grid             Train
    22        1262         18698.7         4.17268      0.00195312          Refine grid             Train
    23        1305         18698.6         4.19113     0.000976562          Refine grid             Train
Optimization terminated: change in the function value less than options['tol_mesh']
Estimated function value at minimum: 18697.389572964694 ± 3.3859434026659967 (mean ± SEM from 100 samples)
BADS minimum at: x_min = [ 0.3954  8.2973 10.4043 22.2816  0.9665 13.0669  2.9007  0.758  10.4065
 16.5029  0.4848  0.4414  0.1675  0.0977  1.598 ], training NLL = 18697.3896
total f-count: 1405, time: 62.93 min

 ------- Finish Optimization for Subject 11 ---------- 

 ------- Start Optimization for Subject 15 ---------- 

 Cross Validation fold 0/1

 -- Start Optimization: method BADS --

 Optimization Run 1/2
Initial params: [0.9598, 3.8781, 11.5491, 4.6731, 30.7694, 26.5577, 4.942, 0.2492, 18.2598, 29.1448, 0.2124, 0.4912, 0.1766, 0.1583, 0.1518]
bads:TooCloseBounds: For each variable, hard and plausible bounds should not be too close. Moving plausible bounds.
Variables (index) internally transformed to log coordinates: [[0 0]
 [0 3]
 [0 4]
 [0 6]]
Beginning optimization of a STOCHASTIC objective function

 Iteration    f-count      E[f(x)]        SD[f(x)]           MeshScale          Method              Actions
     0           1         24745.3             nan               1                                  
     0          33         22402.8             nan               1          Initial mesh            Initial points
     0          42           21538        0.999996               1        Successful poll           Train
     1          45         21497.8        0.999963               1      Successful search (ES-wcm)        
     1          49         21428.5        0.999507               1      Successful search (ES-wcm)        
     1          50         21280.5        0.999795               1      Successful search (ES-wcm)        
     1          55         21205.9        0.997568               1      Successful search (ES-wcm)        
     1          57           21197        0.998349               1      Successful search (ES-wcm)        
     1          60         21066.6        0.999551               1      Successful search (ES-wcm)        
     1          64           20937         0.99902               1      Successful search (ES-wcm)        
     1          66         20922.3         1.03587               1      Successful search (ES-wcm)        
     1          68         20820.7         1.03587               1      Successful search (ES-wcm)        
     1          76         20727.6         1.03574               1      Successful search (ES-wcm)        
     1          81         20695.1         1.03481               1      Successful search (ES-wcm)        
     1          82         20636.1         1.03572               1      Successful search (ES-wcm)        
     1          83         20594.5          1.0353               1      Successful search (ES-ell)        
     1          86         20575.9          1.0344               1      Successful search (ES-ell)        
     1          87         20558.9         1.03512               1      Successful search (ES-ell)        
     1          90         20538.3         1.03484               1      Successful search (ES-ell)        
     1          93         20475.4         1.03444               1      Successful search (ES-ell)        
     1          97         20459.8        0.952797               1      Successful search (ES-ell)        
     1         105         20451.9        0.955128               1      Successful search (ES-ell)        
     1         108         20417.4        0.952047               1      Successful search (ES-ell)        
     1         122         20416.9        0.923693               1      Incremental search (ES-ell)        
     1         126         20400.5        0.885085               1      Successful search (ES-ell)        
     1         154           20312         12.1097               1        Successful poll           
     2         194         20317.4         12.0655             0.5          Refine grid             Train
     3         196           20491         10.6055             0.5      Successful search (ES-ell)        
     3         197         20417.4         10.4645             0.5      Successful search (ES-ell)        
     3         198         20234.4         11.3318             0.5      Successful search (ES-ell)        
     3         202         20234.3         10.6317             0.5      Incremental search (ES-ell)        
     3         203         20169.6         11.4953             0.5      Successful search (ES-ell)        
     3         204         20158.6         11.6654             0.5      Successful search (ES-ell)        
     3         206         20068.4         11.8045             0.5      Successful search (ES-wcm)        
     3         213           20021         10.9654             0.5      Successful search (ES-wcm)        
     3         215         19988.5         9.82322             0.5      Successful search (ES-wcm)        
     3         227         19957.7         9.98562             0.5      Successful search (ES-wcm)        
     3         265         19955.6          11.574               1        Successful poll           Train
     4         268         19936.5         12.2858               1      Successful search (ES-wcm)        
     4         275         19902.4         10.6726               1      Successful search (ES-wcm)        
     4         277         19898.4         10.3522               1      Successful search (ES-wcm)        
     4         279         19890.1         10.6046               1      Successful search (ES-wcm)        
     4         318         19890.1         10.6046             0.5          Refine grid             Train
     5         321         19900.5         11.7545             0.5      Successful search (ES-wcm)        
     5         323         19898.5         10.3115             0.5      Successful search (ES-ell)        
     5         324         19874.4         11.4805             0.5      Successful search (ES-wcm)        
     5         330         19868.8         8.71775             0.5      Successful search (ES-wcm)        
     5         339         19864.3         8.17521             0.5      Successful search (ES-wcm)        
     5         344         19863.8         4.30799             0.5      Successful search (ES-wcm)        
     5         345           19859         5.08523             0.5      Successful search (ES-wcm)        
     5         351           19848         10.5039             0.5      Successful search (ES-ell)        
     5         366           19845          9.1953             0.5      Successful search (ES-ell)        
     5         369         19843.4         9.31521             0.5      Successful search (ES-ell)        
     5         372         19842.1         9.15602             0.5      Successful search (ES-ell)        
     5         377         19793.4         5.98705             0.5      Successful search (ES-ell)        
     5         378         19401.8         6.37083             0.5      Successful search (ES-ell)        
     5         417         19401.8         6.37083            0.25          Refine grid             
     6         459         19747.6         2.78795           0.125          Refine grid             
     7         460         19814.6         5.10096           0.125      Successful search (ES-ell)        
     7         461         19812.7         8.43445           0.125      Successful search (ES-ell)        
     7         503         19788.4         9.83669            0.25        Successful poll           Train
     8         504         19631.6         8.27527            0.25      Successful search (ES-ell)        
     8         505         19435.2         9.25561            0.25      Successful search (ES-ell)        
     8         560         19435.2         9.25561           0.125          Refine grid             Train
     9         561           19838         3.62468           0.125      Successful search (ES-ell)        
     9         562         19826.8         6.81237           0.125      Successful search (ES-ell)        
     9         567         19824.8         4.77689           0.125      Successful search (ES-ell)        
     9         568         19824.7         6.22854           0.125      Successful search (ES-ell)        
     9         569         19823.6         8.79626           0.125      Successful search (ES-ell)        
     9         570         19821.8         11.1465           0.125      Successful search (ES-ell)        
     9         571           19815         11.6885           0.125      Successful search (ES-ell)        
     9         574           19812          10.776           0.125      Successful search (ES-ell)        
     9         577         19804.4         9.54282           0.125      Successful search (ES-ell)        
     9         594         19804.3          8.0168           0.125      Successful search (ES-wcm)        
     9         635         19801.7          11.631            0.25        Successful poll           Train
    10         637         19810.3          10.086            0.25      Successful search (ES-wcm)        
    10         641         19798.2         4.20621            0.25      Successful search (ES-wcm)        
    10         643         19796.1         3.72664            0.25      Successful search (ES-wcm)        
    10         646         19789.5          4.6831            0.25      Successful search (ES-wcm)        
    10         692         19789.5          4.6831           0.125          Refine grid             Train
    11         693         19803.3         8.02573           0.125      Successful search (ES-wcm)        
    11         695         19803.1         5.27574           0.125      Successful search (ES-wcm)        
    11         749         19803.1         5.27574          0.0625          Refine grid             
    12         750         19824.4         4.46861          0.0625      Successful search (ES-wcm)        
    12         751         19805.1         6.64369          0.0625      Successful search (ES-wcm)        
    12         752         19792.5         11.8163          0.0625      Successful search (ES-wcm)        
    12         802         19777.4         5.28269           0.125        Successful poll           
    13         803         19749.2         11.5725           0.125      Successful search (ES-wcm)        
    13         850           19738          14.754            0.25        Successful poll           Train
    14         853         19701.2         10.9045            0.25      Successful search (ES-ell)        
    14         907         19701.2         10.9045           0.125          Refine grid             Train
    15         908         19764.2          5.5645           0.125      Successful search (ES-ell)        
    15         909         19755.7         8.79949           0.125      Successful search (ES-ell)        
    15         964         19755.7         8.79949          0.0625          Refine grid             
    16         965         19775.7         2.86574          0.0625      Successful search (ES-ell)        
    16         966         19771.2         7.65862          0.0625      Successful search (ES-wcm)        
    16         968         19759.4         4.45692          0.0625      Successful search (ES-wcm)        
    16        1021         19756.3         5.21411           0.125        Successful poll           
    17        1022         19755.6         8.04045           0.125      Successful search (ES-ell)        
    17        1023         19728.6           13.76           0.125      Successful search (ES-wcm)        
    17        1026         19721.1         10.7336           0.125      Successful search (ES-wcm)        
    17        1028         19716.2          11.751           0.125      Successful search (ES-wcm)        
    17        1030         19709.9         9.75401           0.125      Successful search (ES-wcm)        
    17        1032         19704.4         9.42455           0.125      Successful search (ES-wcm)        
    17        1033         19700.9         10.4697           0.125      Successful search (ES-ell)        
    17        1069         19531.6          5.7725            0.25        Successful poll           
    18        1072         19469.1         11.6163            0.25      Successful search (ES-wcm)        
    18        1085         19024.4         14.3261            0.25      Successful search (ES-wcm)        
    18        1086         18553.9         14.3108            0.25      Successful search (ES-wcm)        
    18        1088         18427.3         14.1892            0.25      Successful search (ES-wcm)        
    18        1095         18418.6         10.8297            0.25      Successful search (ES-wcm)        
    18        1096         18387.9         11.9487            0.25      Successful search (ES-wcm)        
    18        1098         18349.9         11.1154            0.25      Successful search (ES-wcm)        
    18        1099           18326         12.3974            0.25      Successful search (ES-wcm)        
    18        1102         18322.5         10.6333            0.25      Successful search (ES-wcm)        
    18        1103         18297.3         12.3685            0.25      Successful search (ES-wcm)        
    18        1104         18280.4         13.7993            0.25      Successful search (ES-wcm)        
    18        1117         18276.9         10.0107            0.25      Successful search (ES-wcm)        
    18        1118         18272.2         11.0372            0.25      Successful search (ES-wcm)        
    18        1120         18265.6         11.7541            0.25      Successful search (ES-wcm)        
    18        1127         18265.6         5.62949            0.25      Incremental search (ES-wcm)        
    18        1129         18259.2         10.0736            0.25      Successful search (ES-wcm)        
    18        1130         18257.1         12.5818            0.25      Successful search (ES-wcm)        
    18        1136         18250.6         8.64059            0.25      Successful search (ES-wcm)        
    18        1137         18242.5         8.22796            0.25      Successful search (ES-wcm)        
    18        1139         18219.3         10.2688            0.25      Successful search (ES-wcm)        
    18        1141         18209.5         10.5338            0.25      Successful search (ES-wcm)        
    18        1170         18188.5         17.0858             0.5        Successful poll           
    19        1175         18176.7         15.2317             0.5      Successful search (ES-wcm)        
    19        1178         18171.2         13.1953             0.5      Successful search (ES-wcm)        
    19        1180         18122.3         12.1192             0.5      Successful search (ES-wcm)        
    19        1226         18122.3         12.1192            0.25          Refine grid             
    20        1228         18174.7         11.3091            0.25      Successful search (ES-ell)        
    20        1284         18174.7         11.3091           0.125          Refine grid             Train
    21        1285         18219.1         12.6746           0.125      Successful search (ES-ell)        
    21        1286         18190.1         15.4406           0.125      Successful search (ES-ell)        
    21        1291         18188.9         11.8547           0.125      Successful search (ES-ell)        
    21        1292         18181.3         14.5561           0.125      Successful search (ES-wcm)        
    21        1296         18177.9         11.1726           0.125      Successful search (ES-wcm)        
    21        1339         18160.4         15.9854            0.25        Successful poll           Train
    22        1344         18160.4         12.8882            0.25      Successful search (ES-wcm)        
    22        1348         18152.9         9.67109            0.25      Successful search (ES-wcm)        
    22        1396         18152.9         9.67109           0.125          Refine grid             
    23        1397           18158         15.8482           0.125      Successful search (ES-wcm)        
    23        1400         18148.3         15.8106           0.125      Successful search (ES-wcm)        
    23        1413         18143.5          12.166           0.125      Successful search (ES-wcm)        
    23        1469         18143.5          12.166          0.0625          Refine grid             
    24        1470         18146.4         6.31575          0.0625      Successful search (ES-ell)        
    24        1471         18141.3         12.1589          0.0625      Successful search (ES-ell)        
    24        1527         18141.3         12.1589         0.03125          Refine grid             
    25        1528         18155.6         4.03039         0.03125      Successful search (ES-ell)        
    25        1529         18155.3         6.31892         0.03125      Successful search (ES-wcm)        
    25        1532         18155.1         4.64942         0.03125      Successful search (ES-wcm)        
    25        1543         18154.3         3.59487         0.03125      Successful search (ES-wcm)        
    25        1546         18151.5         4.40565         0.03125      Successful search (ES-wcm)        
    25        1548         18149.7         4.57038         0.03125      Successful search (ES-ell)        
    25        1566         18149.6         3.13054         0.03125      Successful search (ES-ell)        
    25        1576         18149.4         3.23077         0.03125      Successful search (ES-ell)        
    25        1577         18147.9         3.89754         0.03125      Successful search (ES-ell)        
    25        1578           18146         5.45708         0.03125      Successful search (ES-ell)        
    25        1630         18145.2         4.01965          0.0625        Successful poll           
    26        1631         18139.7         7.90977          0.0625      Successful search (ES-ell)        
    26        1646         18124.2         7.93989          0.0625      Successful search (ES-ell)        
    26        1703         18124.2         7.93989         0.03125          Refine grid             Train
    27        1704         18141.1         4.68421         0.03125      Successful search (ES-ell)        
    27        1705         18137.9          7.1404         0.03125      Successful search (ES-ell)        
    27        1761         18137.9          7.1404        0.015625          Refine grid             Train
    28        1762         18140.6         4.30099        0.015625      Successful search (ES-wcm)        
    28        1763         18132.7         7.45347        0.015625      Successful search (ES-wcm)        
    28        1819         18131.6         5.97505         0.03125        Successful poll           
    29        1820         18139.2         13.1696         0.03125      Successful search (ES-wcm)        
    29        1826         18137.9          6.3592         0.03125      Successful search (ES-ell)        
    29        1827         18129.9         7.10424         0.03125      Successful search (ES-ell)        
    29        1828         18120.6         7.89259         0.03125      Successful search (ES-ell)        
    29        1829         18114.9         9.83411         0.03125      Successful search (ES-ell)        
    29        1830         18110.3         10.7164         0.03125      Successful search (ES-ell)        
    29        1879         18110.3         10.7164        0.015625          Refine grid             
    30        1880         18142.4         6.57995        0.015625      Successful search (ES-ell)        
    30        1882         18141.1         6.95092        0.015625      Successful search (ES-ell)        
    30        1883           18136         8.51706        0.015625      Successful search (ES-ell)        
    30        1886         18130.4         8.04598        0.015625      Successful search (ES-ell)        
    30        1887         18127.9          9.0796        0.015625      Successful search (ES-ell)        
    30        1937         18127.9          9.0796       0.0078125          Refine grid             Train
    31        1938         18140.1         3.07149       0.0078125      Successful search (ES-ell)        
    31        1939         18137.3         3.56008       0.0078125      Successful search (ES-ell)        
    31        1940         18125.6         4.57237       0.0078125      Successful search (ES-ell)        
    31        1979         18123.6         8.25658        0.015625        Successful poll           
    32        1981         18139.8         6.78782        0.015625      Successful search (ES-ell)        
    32        1982         18135.9         7.22791        0.015625      Successful search (ES-ell)        
    32        2011         18096.9         6.56687         0.03125        Successful poll           
    33        2012         18137.6          6.2476         0.03125      Successful search (ES-ell)        
    33        2014         18131.3         8.05243         0.03125      Successful search (ES-ell)        
    33        2015         18129.5         12.0802         0.03125      Successful search (ES-ell)        
    33        2069         18129.5         12.0802        0.015625          Refine grid             Train
    34        2070         18136.9         3.66456        0.015625      Successful search (ES-ell)        
    34        2073         18135.4          3.9263        0.015625      Successful search (ES-ell)        
    34        2074         18133.8         5.14767        0.015625      Successful search (ES-ell)        
    34        2127         18133.8         5.14767       0.0078125          Refine grid             
    35        2128         18142.3         3.07168       0.0078125      Successful search (ES-wcm)        
    35        2129         18140.4         4.44262       0.0078125      Successful search (ES-wcm)        
    35        2132           18139         5.45721       0.0078125      Successful search (ES-wcm)        
    35        2135         18138.3         5.18764       0.0078125      Successful search (ES-ell)        
    35        2136         18136.1         5.44552       0.0078125      Successful search (ES-ell)        
    35        2138           18134         5.60786       0.0078125      Successful search (ES-ell)        
    35        2167         18131.3         9.58717        0.015625        Successful poll           
    36        2168         18139.7         3.67172        0.015625      Successful search (ES-ell)        
    36        2170         18134.8         5.93841        0.015625      Successful search (ES-ell)        
    36        2171           18130         8.67705        0.015625      Successful search (ES-ell)        
    36        2204         18115.5         19.7542         0.03125        Successful poll           
    37        2247         18139.2         2.20352        0.015625          Refine grid             
    38        2248           18130         7.75882        0.015625      Successful search (ES-ell)        
    38        2249         18127.6         9.23101        0.015625      Successful search (ES-ell)        
    38        2307         18127.6         9.23101       0.0078125          Refine grid             Train
    39        2352           18133         6.11211        0.015625        Successful poll           Train
    40        2353         18142.6         4.40565        0.015625      Successful search (ES-ell)        
    40        2410           18142         3.49552         0.03125        Successful poll           
    41        2421         18134.7         3.53067         0.03125      Successful search (ES-ell)        
    41        2422         18134.7         3.60391         0.03125      Successful search (ES-ell)        
    41        2423           18134         3.65545         0.03125      Successful search (ES-ell)        
    41        2424         18133.6         3.88752         0.03125      Successful search (ES-ell)        
    41        2425         18133.4         3.94072         0.03125      Successful search (ES-ell)        
    41        2464           18118         9.28842          0.0625        Successful poll           Train
    42        2507         18125.2         11.9191           0.125        Successful poll           Train
    43        2550         18122.9         13.7785            0.25        Successful poll           Train
    44        2565         18139.4         5.42506            0.25      Successful search (ES-ell)        
    44        2571         18132.7          9.2684            0.25      Successful search (ES-ell)        
    44        2622         18132.7          9.2684           0.125          Refine grid             Train
    45        2629         18140.7         3.94144           0.125      Successful search (ES-wcm)        
    45        2630         18137.9         9.54777           0.125      Successful search (ES-wcm)        
    45        2632           18136         8.16254           0.125      Successful search (ES-wcm)        
    45        2665           18132         13.6441            0.25        Successful poll           Train
    46        2693         18128.1         13.1281             0.5        Successful poll           Train
    47        2734         18141.3         2.82609            0.25          Refine grid             Train
    48        2768         18119.3         7.93118             0.5        Successful poll           Train
    49        2773         18100.9         9.17475             0.5      Successful search (ES-ell)        
    49        2824         18100.9         9.17475            0.25          Refine grid             Train
    50        2852         17964.4         15.3219             0.5        Successful poll           Train
    51        2893         18142.8         2.53818            0.25          Refine grid             Train
    52        2935         18141.4         2.84864           0.125          Refine grid             Train
    53        2978         18141.4         2.84864          0.0625          Refine grid             Train
    54        3021         18142.9         5.06287         0.03125          Refine grid             Train
    55        3066         18138.1         5.50968        0.015625          Refine grid             Train
    56        3067           18131         6.73375        0.015625      Successful search (ES-ell)        
    56        3073         18130.5           5.504        0.015625      Successful search (ES-ell)        
    56        3074         18127.1         5.91206        0.015625      Successful search (ES-wcm)        
    56        3077           18124         5.73815        0.015625      Successful search (ES-wcm)        
    56        3122         18119.7          7.3656         0.03125        Successful poll           Train
    57        3123         18125.9         9.01743         0.03125      Successful search (ES-ell)        
    57        3180         18110.3          10.076          0.0625        Successful poll           
    58        3182         18125.3         10.8959          0.0625      Successful search (ES-ell)        
    58        3183         18120.6         13.6077          0.0625      Successful search (ES-ell)        
    58        3217           18099         6.78288           0.125        Successful poll           
    59        3260         18130.4         6.07022          0.0625          Refine grid             Train
    60        3303         18133.6         3.22043         0.03125          Refine grid             Train
    61        3304         18126.5         6.13822         0.03125      Successful search (ES-ell)        
    61        3305         18119.8         9.34495         0.03125      Successful search (ES-ell)        
    61        3306         18114.7         11.7752         0.03125      Successful search (ES-ell)        
    61        3361         18114.7         11.7752        0.015625          Refine grid             Train
    62        3362         18139.6         6.38091        0.015625      Successful search (ES-wcm)        
    62        3363         18134.6         7.58936        0.015625      Successful search (ES-ell)        
    62        3364         18128.7         9.93844        0.015625      Successful search (ES-ell)        
    62        3419         18128.7         9.93844       0.0078125          Refine grid             Train
    63        3420         18141.1         3.16322       0.0078125      Successful search (ES-ell)        
    63        3421         18140.9         5.07433       0.0078125      Successful search (ES-ell)        
    63        3422         18134.9         7.52565       0.0078125      Successful search (ES-ell)        
    63        3477         18134.9         7.52565      0.00390625          Refine grid             
    64        3478         18142.7         2.37252      0.00390625      Successful search (ES-ell)        
    64        3479         18138.1         3.37525      0.00390625      Successful search (ES-wcm)        
    64        3537         18136.6         7.74674       0.0078125        Successful poll           
    65        3582         18139.3         6.32006      0.00390625          Refine grid             Train
    66        3583         18143.2         2.88704      0.00390625      Successful search (ES-ell)        
    66        3584         18142.6         4.20784      0.00390625      Successful search (ES-wcm)        
    66        3585         18139.7         4.98059      0.00390625      Successful search (ES-ell)        
    66        3586         18137.2         6.07503      0.00390625      Successful search (ES-ell)        
    66        3632         18133.6         12.2136       0.0078125        Successful poll           
    67        3633         18142.5         7.62388       0.0078125      Successful search (ES-wcm)        
    67        3636           18140         6.45359       0.0078125      Successful search (ES-wcm)        
    67        3644         18137.2         4.78987       0.0078125      Successful search (ES-ell)        
    67        3648         18136.4         4.83428       0.0078125      Successful search (ES-ell)        
    67        3649         18134.7         6.22855       0.0078125      Successful search (ES-ell)        
    67        3650         18130.7         7.41553       0.0078125      Successful search (ES-ell)        
    67        3707         18130.7         7.41553      0.00390625          Refine grid             
    68        3709         18139.2         2.71105      0.00390625      Successful search (ES-ell)        
    68        3710         18137.9         3.17091      0.00390625      Successful search (ES-ell)        
    68        3711         18136.2          3.8658      0.00390625      Successful search (ES-ell)        
    68        3767         18136.2          3.8658      0.00195312          Refine grid             
    69        3768         18138.7          2.5883      0.00195312      Successful search (ES-ell)        
    69        3769           18137         3.13958      0.00195312      Successful search (ES-ell)        
    69        3770         18136.1         4.24174      0.00195312      Successful search (ES-ell)        
    69        3799         18126.2          10.161      0.00390625        Successful poll           Train
    70        3800         18135.5         6.25388      0.00390625      Successful search (ES-ell)        
    70        3801         18130.3         7.07475      0.00390625      Successful search (ES-ell)        
    70        3802         18120.2         8.28612      0.00390625      Successful search (ES-ell)        
    70        3857         18120.2         8.28612      0.00195312          Refine grid             
    71        3875         18135.4         5.22861      0.00390625        Successful poll           Train
    72        3876         18127.9         8.01098      0.00390625      Successful search (ES-ell)        
    72        3933         18127.9         8.01098      0.00195312          Refine grid             
    73        3976         18139.9         2.10046     0.000976562          Refine grid             Train
Optimization terminated: change in the function value less than options['tol_mesh']
Estimated function value at minimum: 18138.160181919604 ± 2.0431745052673493 (mean ± SEM from 100 samples)
BADS minimum at: x_min = [ 2.5135  7.057   9.1095 19.1208  1.285  11.2153  0.1749  0.0983  9.211
 25.1482  0.5225  0.3633  0.4185  0.4038  0.3702], training NLL = 18138.1602
total f-count: 4076, time: 185.07 min

 Optimization Run 2/2
Initial params: [0.6369, 6.8784, 4.1272, 4.4409, 7.6559, -12.7946, 1.8651, 0.5209, 22.8519, 17.2338, 0.2044, 0.462, 0.2001, 0.1644, 0.1471]
bads:TooCloseBounds: For each variable, hard and plausible bounds should not be too close. Moving plausible bounds.
Variables (index) internally transformed to log coordinates: [[0 0]
 [0 3]
 [0 4]
 [0 6]]
Beginning optimization of a STOCHASTIC objective function

 Iteration    f-count      E[f(x)]        SD[f(x)]           MeshScale          Method              Actions
     0           1         23045.2             nan               1                                  
     0          33         22416.8             nan               1          Initial mesh            Initial points
     0          34         22409.3         1.00421               1        Successful poll           Train
     1          36         22333.3          1.0042               1      Successful search (ES-wcm)        
     1          41         21803.8         1.00407               1      Successful search (ES-wcm)        
     1          52         21312.4         1.00414               1      Successful search (ES-ell)        
     1          57         21276.8         1.00369               1      Successful search (ES-ell)        
     1          60         21257.4          1.0022               1      Successful search (ES-ell)        
     1          61         21198.9         1.00273               1      Successful search (ES-ell)        
     1          66         20961.8        0.996642               1      Successful search (ES-ell)        
     1          68         20907.3        0.996687               1      Successful search (ES-ell)        
     1          70         20744.7        0.996658               1      Successful search (ES-ell)        
     1          72         20704.9        0.996658               1      Successful search (ES-ell)        
     1          77           20677        0.995802               1      Successful search (ES-ell)        
     1          79         20597.9        0.996554               1      Successful search (ES-wcm)        
     1          83         20525.4         0.99587               1      Successful search (ES-ell)        
     1          85         20490.1         0.99586               1      Successful search (ES-ell)        
     1          87         20397.4        0.995597               1      Successful search (ES-ell)        
     1         134         20397.4        0.995597             0.5          Refine grid             Train
     2         135         20390.7         9.24413             0.5      Successful search (ES-ell)        
     2         191         20390.7         9.24413            0.25          Refine grid             Train
     3         192         20362.9         5.01958            0.25      Successful search (ES-ell)        
     3         193         20339.6         7.76175            0.25      Successful search (ES-ell)        
     3         249         20339.6         7.76175           0.125          Refine grid             Train
     4         250         20405.1         4.42854           0.125      Successful search (ES-ell)        
     4         251         20393.9         6.41158           0.125      Successful search (ES-ell)        
     4         252         20380.7         10.8896           0.125      Successful search (ES-wcm)        
     4         253         20369.4         11.8315           0.125      Successful search (ES-wcm)        
     4         257           20354         11.2445           0.125      Successful search (ES-wcm)        
     4         258           20345         11.7457           0.125      Successful search (ES-wcm)        
     4         260         20335.2         11.5353           0.125      Successful search (ES-ell)        
     4         268         20328.4         7.73968           0.125      Successful search (ES-ell)        
     4         269         20322.7         8.92246           0.125      Successful search (ES-ell)        
     4         318         20312.1         11.6192            0.25        Successful poll           Train
     5         319         20119.7          7.8381            0.25      Successful search (ES-ell)        
     5         320         20020.5         8.99168            0.25      Successful search (ES-ell)        
     5         321         19878.2         8.67349            0.25      Successful search (ES-ell)        
     5         376         19878.2         8.67349           0.125          Refine grid             Train
     6         377         20281.8         5.88455           0.125      Successful search (ES-ell)        
     6         378         20273.4           5.872           0.125      Successful search (ES-ell)        
     6         379         20262.3         7.37233           0.125      Successful search (ES-ell)        
     6         412         20186.9         6.36923            0.25        Successful poll           
     7         455         20149.1          4.5277          0.0625          Refine grid             Train
     8         456         20250.1         1.83117          0.0625      Successful search (ES-wcm)        
     8         457         20213.7         1.92206          0.0625      Successful search (ES-wcm)        
     8         458         20176.6         3.12059          0.0625      Successful search (ES-wcm)        
     8         459         20134.3         6.08469          0.0625      Successful search (ES-wcm)        
     8         513         20134.3         6.08469         0.03125          Refine grid             
     9         514         20308.3         3.07616         0.03125      Successful search (ES-wcm)        
     9         515         20289.8         3.08631         0.03125      Successful search (ES-ell)        
     9         516         20267.6         3.47255         0.03125      Successful search (ES-ell)        
     9         517           20240         3.82447         0.03125      Successful search (ES-ell)        
     9         544         20089.1         7.61584          0.0625        Successful poll           
    10         545           20307         6.87028          0.0625      Successful search (ES-ell)        
    10         546         20288.3         6.73233          0.0625      Successful search (ES-ell)        
    10         547         20285.3         7.30909          0.0625      Successful search (ES-ell)        
    10         560         20280.8         4.91649          0.0625      Successful search (ES-wcm)        
    10         561         20267.3         5.84399          0.0625      Successful search (ES-wcm)        
    10         562         20257.3         6.55974          0.0625      Successful search (ES-wcm)        
    10         563         20230.8          8.7999          0.0625      Successful search (ES-wcm)        
    10         566         20201.9         12.3063          0.0625      Successful search (ES-wcm)        
    10         569         20196.3         12.8294          0.0625      Successful search (ES-wcm)        
    10         571         20184.1         8.82765          0.0625      Successful search (ES-wcm)        
    10         617         20184.1         8.82765         0.03125          Refine grid             
    11         619           20221         2.33764         0.03125      Successful search (ES-ell)        
    11         620         20205.1         2.52269         0.03125      Successful search (ES-ell)        
    11         621         20188.2         3.20768         0.03125      Successful search (ES-ell)        
    11         622         20156.6         4.93075         0.03125      Successful search (ES-ell)        
    11         623         20135.9         6.03027         0.03125      Successful search (ES-ell)        
    11         675         20135.9         6.03027        0.015625          Refine grid             
    12         676         20210.6         3.62864        0.015625      Successful search (ES-wcm)        
    12         677           20209         7.86525        0.015625      Successful search (ES-wcm)        
    12         678         20199.6         10.4964        0.015625      Successful search (ES-wcm)        
    12         679         20195.1         12.2461        0.015625      Successful search (ES-wcm)        
    12         680         20162.5         9.27403        0.015625      Successful search (ES-ell)        
    12         681         20154.5           8.558        0.015625      Successful search (ES-ell)        
    12         735         20154.5           8.558       0.0078125          Refine grid             Train
    13         736         20186.5         1.92779       0.0078125      Successful search (ES-ell)        
    13         737         20173.2         1.98539       0.0078125      Successful search (ES-ell)        
    13         738         20155.7         3.72195       0.0078125      Successful search (ES-wcm)        
    13         795         20155.7         3.72195      0.00390625          Refine grid             Train
    14         796         20198.9         1.91693      0.00390625      Successful search (ES-wcm)        
    14         797           20197         2.26777      0.00390625      Successful search (ES-wcm)        
    14         798         20193.6         2.76338      0.00390625      Successful search (ES-wcm)        
    14         799         20187.3         3.04983      0.00390625      Successful search (ES-wcm)        
    14         800           20182         3.76601      0.00390625      Successful search (ES-wcm)        
    14         801         20175.7         3.58611      0.00390625      Successful search (ES-wcm)        
    14         802           20169         3.88326      0.00390625      Successful search (ES-wcm)        
    14         803         20158.5         4.87829      0.00390625      Successful search (ES-wcm)        
    14         804         20147.6         7.76344      0.00390625      Successful search (ES-wcm)        
    14         855         20147.6         7.76344      0.00195312          Refine grid             
    15         856         20173.7         1.83433      0.00195312      Successful search (ES-wcm)        
    15         857         20173.5         1.87423      0.00195312      Successful search (ES-wcm)        
    15         859         20173.4         1.90353      0.00195312      Successful search (ES-wcm)        
    15         860           20173         2.05454      0.00195312      Successful search (ES-wcm)        
    15         861         20172.4         2.29847      0.00195312      Successful search (ES-wcm)        
    15         863         20172.1         2.44024      0.00195312      Successful search (ES-wcm)        
    15         865         20171.7         2.65846      0.00195312      Successful search (ES-wcm)        
    15         867           20171         2.90957      0.00195312      Successful search (ES-wcm)        
    15         868         20169.8         3.86077      0.00195312      Successful search (ES-wcm)        
    15         915         20169.8         3.86077     0.000976562          Refine grid             
Optimization terminated: change in the function value less than options['tol_mesh']
Estimated function value at minimum: 20171.572238795277 ± 1.1765996749867675 (mean ± SEM from 100 samples)
BADS minimum at: x_min = [  1.3353   8.3424  12.561    2.246    1.6781 -21.794    2.0409   0.2863
  12.864   21.4813   0.5055   0.4575   0.2075   0.1889   1.7156], training NLL = 20171.5722
total f-count: 1015, time: 45.62 min

 ------- Finish Optimization for Subject 15 ---------- 

 ------- Start Optimization for Subject 20 ---------- 

 Cross Validation fold 0/1

 -- Start Optimization: method BADS --

 Optimization Run 1/2
Initial params: [1.8662, 6.0966, 12.4393, 18.6108, 42.1075, 19.1354, 1.3623, 0.5799, 27.2201, 27.4561, 0.5627, 0.8407, 0.2386, 0.1864, 0.1451]
bads:TooCloseBounds: For each variable, hard and plausible bounds should not be too close. Moving plausible bounds.
Variables (index) internally transformed to log coordinates: [[0 0]
 [0 3]
 [0 4]
 [0 6]]
Beginning optimization of a STOCHASTIC objective function

 Iteration    f-count      E[f(x)]        SD[f(x)]           MeshScale          Method              Actions
     0           1         25256.5             nan               1                                  
     0          33         24684.6             nan               1          Initial mesh            Initial points
     0          34         24665.5        0.988022               1        Successful poll           Train
     1          36         24324.7        0.987937               1      Successful search (ES-ell)        
     1          42         24263.1        0.983442               1      Successful search (ES-wcm)        
     1          46         24258.8         0.96926               1      Successful search (ES-ell)        
     1          57         24255.8        0.896035               1      Successful search (ES-ell)        
     1          74         24248.6        0.747086               1      Successful search (ES-ell)        
     1          90         24239.9         0.84451               1      Successful search (ES-wcm)        
     1          96         24195.2         7.43842               1      Successful search (ES-wcm)        
     1          97         24189.7         7.42609               1      Successful search (ES-ell)        
     1          98         24085.4         7.42305               1      Successful search (ES-ell)        
     1         100         24022.9         7.42553               1      Successful search (ES-ell)        
     1         140         23771.4          6.4239               1        Successful poll           Train
     2         147         22819.2         5.85638               1      Successful search (ES-wcm)        
     2         149         22428.8         5.82792               1      Successful search (ES-wcm)        
     2         158         22347.1         5.61622               1      Successful search (ES-wcm)        
     2         161         22181.4          5.6151               1      Successful search (ES-wcm)        
     2         163         21774.5         5.61664               1      Successful search (ES-wcm)        
     2         164         21489.5         5.61912               1      Successful search (ES-wcm)        
     2         175         21366.7         5.56992               1      Successful search (ES-wcm)        
     2         177         21181.8         5.08251               1      Successful search (ES-ell)        
     2         178         21041.4         5.34287               1      Successful search (ES-ell)        
     2         180         21038.3         5.21926               1      Successful search (ES-ell)        
     2         183         20756.6         5.56777               1      Successful search (ES-wcm)        
     2         185           20679         5.42184               1      Successful search (ES-wcm)        
     2         188         20665.2         5.52592               1      Successful search (ES-wcm)        
     2         190         19907.4         1.93896               1      Successful search (ES-wcm)        
     2         200         19865.3          1.9207               1      Successful search (ES-wcm)        
     2         209           19736         1.93494               1      Successful search (ES-wcm)        
     2         211           19720         1.93443               1      Successful search (ES-wcm)        
     2         213         19518.4         1.92913               1      Successful search (ES-wcm)        
     2         214         19175.8         1.93853               1      Successful search (ES-wcm)        
     2         223         19118.6         1.08283               1      Successful search (ES-ell)        
     2         224         19065.8         1.08401               1      Successful search (ES-ell)        
     2         225         18920.8         1.08433               1      Successful search (ES-ell)        
     2         233         18867.8         1.08451               1      Successful search (ES-ell)        
     2         235         18850.7         1.08444               1      Successful search (ES-wcm)        
     2         241         18782.1         1.06967               1      Successful search (ES-ell)        
     2         244         18781.7         1.04506               1      Incremental search (ES-ell)        
     2         246         18764.6         1.08258               1      Successful search (ES-ell)        
     2         249         18525.9         1.08403               1      Successful search (ES-ell)        
     2         257         18524.6         1.05236               1      Successful search (ES-ell)        
     2         262         18445.3         1.08044               1      Successful search (ES-ell)        
     2         265         18443.2         1.07448               1      Successful search (ES-ell)        
     2         269         18395.6         1.07318               1      Successful search (ES-ell)        
     2         271           18337         1.08016               1      Successful search (ES-ell)        
     2         282           18311         1.02289               1      Successful search (ES-ell)        
     2         283         18292.6         1.06521               1      Successful search (ES-ell)        
     2         284         18115.9         1.08343               1      Successful search (ES-wcm)        
     2         285         17934.6          1.0823               1      Successful search (ES-ell)        
     2         289         17903.1         1.07851               1      Successful search (ES-ell)        
     2         293         17866.2         1.07518               1      Successful search (ES-ell)        
     2         294         17837.6         1.08282               1      Successful search (ES-ell)        
     2         316         17755.7        0.898671               1      Successful search (ES-ell)        
     2         319         17748.6        0.910668               1      Successful search (ES-ell)        
     2         357         17748.6        0.910668             0.5          Refine grid             
     3         358         17774.6         24.3331             0.5      Successful search (ES-ell)        
     3         362         17754.5         22.9951             0.5      Successful search (ES-ell)        
     3         364           17679         23.1545             0.5      Successful search (ES-ell)        
     3         366         17599.3         23.1622             0.5      Successful search (ES-ell)        
     3         371         17599.3         16.9407             0.5      Incremental search (ES-ell)        
     3         375         17597.1          21.938             0.5      Successful search (ES-ell)        
     3         377         17584.7          23.624             0.5      Successful search (ES-ell)        
     3         379         17576.6         22.7813             0.5      Successful search (ES-ell)        
     3         380         17473.2         24.2976             0.5      Successful search (ES-ell)        
     3         406         17461.8         24.2653               1        Successful poll           Train
     4         411         17458.2         17.4152               1      Successful search (ES-ell)        
     4         413         17449.7         23.0325               1      Successful search (ES-wcm)        
     4         414         17430.9         26.1234               1      Successful search (ES-wcm)        
     4         428         17390.7         28.5451               1      Successful search (ES-wcm)        
     4         470         17337.3         29.4792               1        Successful poll           
     5         476         17303.7          26.434               1      Successful search (ES-wcm)        
     5         520         17303.7          26.434             0.5          Refine grid             
     6         524         17350.1         21.4505             0.5      Successful search (ES-ell)        
     6         525         17310.5         25.6727             0.5      Successful search (ES-ell)        
     6         575         17310.5         25.6727            0.25          Refine grid             Train
     7         577         17324.3         21.0181            0.25      Successful search (ES-wcm)        
     7         580         17291.6         16.0172            0.25      Successful search (ES-wcm)        
     7         591         17277.4         24.6303            0.25      Successful search (ES-wcm)        
     7         593           17253         23.7017            0.25      Successful search (ES-ell)        
     7         596         17234.8         22.8353            0.25      Successful search (ES-ell)        
     7         601         17229.8         13.6048            0.25      Successful search (ES-ell)        
     7         603         17227.6         15.1496            0.25      Successful search (ES-ell)        
     7         604           17217         18.6081            0.25      Successful search (ES-ell)        
     7         606         17192.1         24.0539            0.25      Successful search (ES-ell)        
     7         623         17188.8         15.1183            0.25      Successful search (ES-ell)        
     7         626         17186.4         14.4488            0.25      Successful search (ES-ell)        
     7         628           17180         15.6505            0.25      Successful search (ES-ell)        
     7         632         17177.9         9.79546            0.25      Successful search (ES-ell)        
     7         634         17171.3         9.81838            0.25      Successful search (ES-ell)        
     7         635         17159.4         11.3863            0.25      Successful search (ES-ell)        
     7         638         17157.5         13.9731            0.25      Successful search (ES-ell)        
     7         691         17157.5         13.9731           0.125          Refine grid             
     8         692           17175         13.7273           0.125      Successful search (ES-wcm)        
     8         693         17143.7         15.9112           0.125      Successful search (ES-wcm)        
     8         749         17143.7         15.9112          0.0625          Refine grid             
     9         750         17158.8         11.0275          0.0625      Successful search (ES-wcm)        
     9         752         17141.4         7.70662          0.0625      Successful search (ES-wcm)        
     9         753           17141         13.4908          0.0625      Successful search (ES-wcm)        
     9         758         17134.3         7.24625          0.0625      Successful search (ES-wcm)        
     9         759           17131          7.7268          0.0625      Successful search (ES-wcm)        
     9         762         17129.4         7.91708          0.0625      Successful search (ES-wcm)        
     9         807         17129.4         7.91708         0.03125          Refine grid             Train
    10         808         17131.8         6.56171         0.03125      Successful search (ES-wcm)        
    10         811         17125.9         7.77904         0.03125      Successful search (ES-wcm)        
    10         812         17123.8         8.30179         0.03125      Successful search (ES-ell)        
    10         813           17114         10.7159         0.03125      Successful search (ES-ell)        
    10         815         17111.2         9.81495         0.03125      Successful search (ES-ell)        
    10         865         17111.2         9.81495        0.015625          Refine grid             Train
    11         866         17128.9         4.29417        0.015625      Successful search (ES-ell)        
    11         867         17125.3         4.82351        0.015625      Successful search (ES-ell)        
    11         868         17124.2         6.57631        0.015625      Successful search (ES-ell)        
    11         869         17122.1         8.91214        0.015625      Successful search (ES-ell)        
    11         923         17122.1         8.91214       0.0078125          Refine grid             
    12         924           17130         3.89513       0.0078125      Successful search (ES-ell)        
    12         925         17127.3         4.20565       0.0078125      Successful search (ES-ell)        
    12         926         17122.8         5.09145       0.0078125      Successful search (ES-ell)        
    12         927         17120.7         6.88929       0.0078125      Successful search (ES-ell)        
    12         928         17115.5         9.30518       0.0078125      Successful search (ES-ell)        
    12         955         17092.3         4.78197        0.015625        Successful poll           
    13         956         17077.1         5.72865        0.015625      Successful search (ES-ell)        
    13         957         17061.3         6.62208        0.015625      Successful search (ES-ell)        
    13         958         17040.6         10.2002        0.015625      Successful search (ES-wcm)        
    13        1013         17040.6         10.2002       0.0078125          Refine grid             
    14        1030         17129.4         3.38718        0.015625        Successful poll           
    15        1031         17130.8         3.70387        0.015625      Successful search (ES-wcm)        
    15        1033         17128.4         5.32676        0.015625      Successful search (ES-ell)        
    15        1034         17121.7         8.27339        0.015625      Successful search (ES-ell)        
    15        1036           17119         9.59019        0.015625      Successful search (ES-ell)        
    15        1037         17113.2         12.8672        0.015625      Successful search (ES-ell)        
    15        1087         17095.8         19.2982         0.03125        Successful poll           
    16        1089         17120.6         8.10348         0.03125      Successful search (ES-ell)        
    16        1091         17107.9         12.1171         0.03125      Successful search (ES-wcm)        
    16        1103         17106.8         10.8266         0.03125      Successful search (ES-wcm)        
    16        1160         17106.8         10.8266        0.015625          Refine grid             Train
    17        1161         17114.9         9.26334        0.015625      Successful search (ES-wcm)        
    17        1162         17107.9         12.5991        0.015625      Successful search (ES-wcm)        
    17        1218         17107.9         12.5991       0.0078125          Refine grid             
    18        1219         17118.3         5.69189       0.0078125      Successful search (ES-ell)        
    18        1220         17117.5         7.34224       0.0078125      Successful search (ES-wcm)        
    18        1221         17110.2         8.97713       0.0078125      Successful search (ES-wcm)        
    18        1226         17109.2         7.31378       0.0078125      Successful search (ES-wcm)        
    18        1251         17090.1         4.93912        0.015625        Successful poll           
    19        1252         17088.9         5.79285        0.015625      Successful search (ES-wcm)        
    19        1309         17088.9         5.79285       0.0078125          Refine grid             
    20        1310         17117.2         3.30156       0.0078125      Successful search (ES-wcm)        
    20        1311         17114.7         4.58618       0.0078125      Successful search (ES-wcm)        
    20        1312         17106.3         4.91444       0.0078125      Successful search (ES-wcm)        
    20        1313         17087.2         7.40065       0.0078125      Successful search (ES-ell)        
    20        1314           17065         8.66909       0.0078125      Successful search (ES-ell)        
    20        1367           17065         8.66909      0.00390625          Refine grid             
    21        1368         17118.8         3.24201      0.00390625      Successful search (ES-ell)        
    21        1369         17116.6         3.68304      0.00390625      Successful search (ES-ell)        
    21        1370         17113.6         4.51976      0.00390625      Successful search (ES-ell)        
    21        1371         17112.3         5.70834      0.00390625      Successful search (ES-ell)        
    21        1372         17108.3         7.80871      0.00390625      Successful search (ES-ell)        
    21        1373         17098.9         10.3466      0.00390625      Successful search (ES-ell)        
    21        1374         17087.6          12.817      0.00390625      Successful search (ES-ell)        
    21        1425         17087.6          12.817      0.00195312          Refine grid             
    22        1426         17104.7         3.23876      0.00195312      Successful search (ES-wcm)        
    22        1427           17103          3.3409      0.00195312      Successful search (ES-wcm)        
    22        1428         17100.8         3.48049      0.00195312      Successful search (ES-wcm)        
    22        1429         17096.1         3.69603      0.00195312      Successful search (ES-wcm)        
    22        1430           17091         4.34263      0.00195312      Successful search (ES-wcm)        
    22        1431           17084         4.98873      0.00195312      Successful search (ES-wcm)        
    22        1464         17055.4         4.11271      0.00390625        Successful poll           Train
    23        1465         17111.6         4.27856      0.00390625      Successful search (ES-wcm)        
    23        1491         17111.4         3.65956      0.00390625      Successful search (ES-wcm)        
    23        1492         17111.1         3.62706      0.00390625      Successful search (ES-wcm)        
    23        1493         17110.5         3.59506      0.00390625      Successful search (ES-wcm)        
    23        1494         17110.2         3.57887      0.00390625      Successful search (ES-wcm)        
    23        1495         17109.7         3.72306      0.00390625      Successful search (ES-wcm)        
    23        1496         17109.1         4.16594      0.00390625      Successful search (ES-wcm)        
    23        1498         17108.5         4.70023      0.00390625      Successful search (ES-wcm)        
    23        1540           17107         8.32047       0.0078125        Successful poll           Train
    24        1541         17105.9         9.71215       0.0078125      Successful search (ES-ell)        
    24        1542         17105.8         9.06325       0.0078125      Successful search (ES-ell)        
    24        1543         17101.9         8.91855       0.0078125      Successful search (ES-ell)        
    24        1598         17101.9         8.91855      0.00390625          Refine grid             
    25        1599         17111.2         2.47596      0.00390625      Successful search (ES-ell)        
    25        1600         17107.8         2.87687      0.00390625      Successful search (ES-ell)        
    25        1601         17103.6         3.58366      0.00390625      Successful search (ES-ell)        
    25        1602         17097.1         4.55584      0.00390625      Successful search (ES-ell)        
    25        1603         17093.3         6.18523      0.00390625      Successful search (ES-ell)        
    25        1656         17093.3         6.18523      0.00195312          Refine grid             
    26        1657         17111.3         2.59698      0.00195312      Successful search (ES-ell)        
    26        1658         17109.3         2.82447      0.00195312      Successful search (ES-ell)        
    26        1659         17106.9         3.27732      0.00195312      Successful search (ES-ell)        
    26        1660         17103.5         3.91223      0.00195312      Successful search (ES-ell)        
    26        1661         17099.6         5.19824      0.00195312      Successful search (ES-ell)        
    26        1662         17092.8          6.3567      0.00195312      Successful search (ES-ell)        
    26        1663         17089.6         8.65787      0.00195312      Successful search (ES-ell)        
    26        1716         17089.6         8.65787     0.000976562          Refine grid             Train
Optimization terminated: change in the function value less than options['tol_mesh']
Estimated function value at minimum: 17108.66161507574 ± 2.3715018119882263 (mean ± SEM from 100 samples)
BADS minimum at: x_min = [0.9293 4.0755 6.6252 8.5995 1.3705 5.7543 4.6659 0.1455 6.6329 8.7119
 0.7247 0.5176 0.1435 0.1041 1.0601], training NLL = 17108.6616
total f-count: 1816, time: 81.94 min

 Optimization Run 2/2
Initial params: [0.0769, 6.2397, 13.5514, 10.6834, 28.568, 33.6189, 3.7515, 0.5315, 24.7788, 27.3804, 0.675, 0.8733, 0.1882, 0.2122, 0.5162]
bads:TooCloseBounds: For each variable, hard and plausible bounds should not be too close. Moving plausible bounds.
Variables (index) internally transformed to log coordinates: [[0 0]
 [0 3]
 [0 4]
 [0 6]]
Beginning optimization of a STOCHASTIC objective function

 Iteration    f-count      E[f(x)]        SD[f(x)]           MeshScale          Method              Actions
     0           1         25256.5             nan               1                                  
     0          33         24697.4             nan               1          Initial mesh            Initial points
     0          34         24679.4         0.96375               1        Successful poll           Train
     1          37         24347.9          0.9637               1      Successful search (ES-wcm)        
     1          43         24309.4        0.950259               1      Successful search (ES-wcm)        
     1          44           24268        0.958168               1      Successful search (ES-wcm)        
     1          46         24226.1        0.960725               1      Successful search (ES-ell)        
     1          55         24202.4        0.946222               1      Successful search (ES-ell)        
     1          65         24157.8         10.5434               1      Successful search (ES-ell)        
     1          66         24111.8         10.6278               1      Successful search (ES-ell)        
     1          71         24109.5         10.3377               1      Successful search (ES-wcm)        
     1          72         24036.3         10.2881               1      Successful search (ES-wcm)        
     1          73         24000.9         10.5015               1      Successful search (ES-wcm)        
     1          77         23969.6         10.3075               1      Successful search (ES-wcm)        
     1          82         23950.9         10.3305               1      Successful search (ES-ell)        
     1          84         23947.4         10.3697               1      Successful search (ES-ell)        
     1          86         23935.9         9.90911               1      Successful search (ES-wcm)        
     1          91         23927.8         7.18564               1      Successful search (ES-wcm)        
     1          92         23913.2         8.80798               1      Successful search (ES-wcm)        
     1          94         23906.9          8.3753               1      Successful search (ES-wcm)        
     1          96         23901.9         7.95507               1      Successful search (ES-ell)        
     1          97         23898.4         8.04667               1      Successful search (ES-ell)        
     1         100         23894.5         7.83294               1      Successful search (ES-ell)        
     1         147         23894.5         7.83294             0.5          Refine grid             Train
     2         148         23909.6         4.51967             0.5      Successful search (ES-ell)        
     2         149         23892.5         5.90839             0.5      Successful search (ES-ell)        
     2         150         23882.1         6.23167             0.5      Successful search (ES-ell)        
     2         151         23870.8         6.73596             0.5      Successful search (ES-ell)        
     2         152         23841.9         6.87758             0.5      Successful search (ES-ell)        
     2         154         23774.9         6.93916             0.5      Successful search (ES-wcm)        
     2         156         23763.7         6.90589             0.5      Successful search (ES-wcm)        
     2         158         23737.4         9.42913             0.5      Successful search (ES-wcm)        
     2         189         23736.8         7.51713               1        Successful poll           Train
     3         191         23732.5         6.02144               1      Successful search (ES-wcm)        
     3         192         23727.9         7.97306               1      Successful search (ES-wcm)        
     3         198         23724.1          4.6779               1      Successful search (ES-wcm)        
     3         200         23721.4         4.87532               1      Successful search (ES-ell)        
     3         202         23720.7         4.92763               1      Incremental search (ES-wcm)        
     3         240         23720.7         4.92763             0.5          Refine grid             
     4         242           23722         4.61671             0.5      Successful search (ES-wcm)        
     4         244         23716.5         4.52873             0.5      Successful search (ES-wcm)        
     4         246         23712.5         4.91843             0.5      Successful search (ES-wcm)        
     4         247         23704.2         4.83902             0.5      Successful search (ES-wcm)        
     4         275         23573.4         1.61153               1        Successful poll           
     5         310         23572.9         1.60802             0.5          Refine grid             
     6         312         23638.3         2.72512             0.5      Successful search (ES-wcm)        
     6         313         23628.1         2.98599             0.5      Successful search (ES-wcm)        
     6         364         23628.1         2.98599            0.25          Refine grid             Train
     7         365         23678.9         3.07633            0.25      Successful search (ES-wcm)        
     7         366         23671.9         3.39114            0.25      Successful search (ES-wcm)        
     7         367         23663.1         2.34432            0.25      Successful search (ES-wcm)        
     7         368         23663.1          2.9788            0.25      Incremental search (ES-wcm)        
     7         419         23663.1          2.9788           0.125          Refine grid             
     8         420         23688.9         1.18554           0.125      Successful search (ES-wcm)        
     8         422         23637.3          3.0156           0.125      Successful search (ES-wcm)        
     8         476         23637.3          3.0156          0.0625          Refine grid             Train
     9         477         23696.2         0.93182          0.0625      Successful search (ES-ell)        
     9         478           23686         1.13574          0.0625      Successful search (ES-ell)        
     9         479         23661.3         1.53881          0.0625      Successful search (ES-wcm)        
     9         480         23656.9         2.35298          0.0625      Successful search (ES-wcm)        
     9         532         23656.9         2.35298         0.03125          Refine grid             Train
    10         533           23706        0.642588         0.03125      Successful search (ES-wcm)        
    10         534           23695        0.656901         0.03125      Successful search (ES-ell)        
    10         535         23678.2        0.721171         0.03125      Successful search (ES-ell)        
    10         536         23657.1        0.859627         0.03125      Successful search (ES-ell)        
    10         537         23628.6         1.25157         0.03125      Successful search (ES-ell)        
    10         538         23599.5         1.61563         0.03125      Successful search (ES-ell)        
    10         539           23573         1.68281         0.03125      Successful search (ES-ell)        
    10         540         23552.9         2.09667         0.03125      Successful search (ES-ell)        
    10         591         23552.9         2.09667        0.015625          Refine grid             
    11         592         23705.3        0.662672        0.015625      Successful search (ES-ell)        
    11         593         23703.8        0.666588        0.015625      Successful search (ES-ell)        
    11         594         23701.5        0.724208        0.015625      Successful search (ES-ell)        
    11         595         23697.7         0.79965        0.015625      Successful search (ES-ell)        
    11         596         23694.2        0.980104        0.015625      Successful search (ES-ell)        
    11         597         23689.8         1.18037        0.015625      Successful search (ES-ell)        
    11         598         23687.3         1.41445        0.015625      Successful search (ES-ell)        
    11         599         23681.3         1.66466        0.015625      Successful search (ES-ell)        
    11         647         23681.3         1.66466       0.0078125          Refine grid             Train
    12         648         23711.6        0.634198       0.0078125      Successful search (ES-ell)        
    12         649         23709.3        0.652618       0.0078125      Successful search (ES-ell)        
    12         650         23707.7        0.670478       0.0078125      Successful search (ES-ell)        
    12         651         23704.5        0.715309       0.0078125      Successful search (ES-ell)        
    12         652           23701        0.730299       0.0078125      Successful search (ES-ell)        
    12         653         23693.3         0.85346       0.0078125      Successful search (ES-ell)        
    12         654         23685.8         1.09227       0.0078125      Successful search (ES-ell)        
    12         655         23675.4         1.50611       0.0078125      Successful search (ES-ell)        
    12         656         23654.9         1.83274       0.0078125      Successful search (ES-ell)        
    12         657         23645.6         2.16298       0.0078125      Successful search (ES-ell)        
    12         704         23645.6         2.16298      0.00390625          Refine grid             Train
    13         746         23710.1        0.571696      0.00195312          Refine grid             Train
    14         747         23711.8        0.589301      0.00195312      Successful search (ES-ell)        
    14         748         23711.8         0.58964      0.00195312      Successful search (ES-ell)        
    14         749         23711.5          0.5939      0.00195312      Successful search (ES-ell)        
    14         750         23711.1        0.610231      0.00195312      Successful search (ES-ell)        
    14         751         23710.8        0.632089      0.00195312      Successful search (ES-ell)        
    14         752         23710.4        0.652946      0.00195312      Successful search (ES-ell)        
    14         753         23709.9        0.687775      0.00195312      Successful search (ES-ell)        
    14         754         23709.7        0.819845      0.00195312      Successful search (ES-ell)        
    14         755         23708.6        0.916165      0.00195312      Successful search (ES-ell)        
    14         756         23707.5         1.18191      0.00195312      Successful search (ES-ell)        
    14         758         23706.9         1.36811      0.00195312      Successful search (ES-ell)        
    14         759         23705.4         1.78174      0.00195312      Successful search (ES-ell)        
    14         760         23705.2         2.39488      0.00195312      Successful search (ES-ell)        
    14         761         23704.9         2.69868      0.00195312      Successful search (ES-ell)        
    14         806         23704.9         2.69868     0.000976562          Refine grid             
Optimization terminated: change in the function value less than options['tol_mesh']
Estimated function value at minimum: 23711.95597950472 ± 0.4815905566974135 (mean ± SEM from 100 samples)
BADS minimum at: x_min = [ 7.0000e-01  5.0779e+00  8.0147e+00  1.2660e-01  1.0940e+00 -1.0000e+02
  4.7022e+00  2.1700e-01  8.0398e+00  9.9406e+00  7.2040e-01  5.0110e-01
  1.3000e-01  8.7000e-02  3.9921e+00], training NLL = 23711.956
total f-count: 906, time: 40.39 min

 ------- Finish Optimization for Subject 20 ---------- 

 ------- Start Optimization for Subject 25 ---------- 

 Cross Validation fold 0/1

 -- Start Optimization: method BADS --

 Optimization Run 1/2
Initial params: [0.6723, 8.4699, 11.3589, 20.0048, 34.6771, 32.8841, 1.8676, 0.1896, 16.2109, 24.8913, 0.6674, 0.6857, 0.2727, 0.1532, 0.3986]
bads:TooCloseBounds: For each variable, hard and plausible bounds should not be too close. Moving plausible bounds.
Variables (index) internally transformed to log coordinates: [[0 0]
 [0 3]
 [0 4]
 [0 6]]
Beginning optimization of a STOCHASTIC objective function

 Iteration    f-count      E[f(x)]        SD[f(x)]           MeshScale          Method              Actions
     0           1           25262             nan               1                                  
     0          33         23676.7             nan               1          Initial mesh            Initial points
     0          34         23654.3        0.999579               1        Successful poll           Train
     1          57         23645.9        0.999529               1        Successful poll           Train
     2          65         23627.9          1.2958               1      Successful search (ES-ell)        
     2          66         23617.3         1.30018               1      Successful search (ES-ell)        
     2          71           23616         1.25242               1      Successful search (ES-ell)        
     2          96         23341.5         1.31854               1        Successful poll           Train
     3          97         23070.7         7.18576               1      Successful search (ES-ell)        
     3         102         23011.4         6.71083               1      Successful search (ES-ell)        
     3         104         22930.4         6.76015               1      Successful search (ES-ell)        
     3         105         22923.8         7.01019               1      Successful search (ES-ell)        
     3         108         22867.9         6.67889               1      Successful search (ES-ell)        
     3         109         22849.1         6.92331               1      Successful search (ES-ell)        
     3         112         22824.3         7.12807               1      Successful search (ES-ell)        
     3         127         22801.1         9.13314               1      Successful search (ES-wcm)        
     3         133         22751.1         8.55306               1      Successful search (ES-ell)        
     3         134         22733.8          8.5768               1      Successful search (ES-ell)        
     3         141         22705.2         8.36947               1      Successful search (ES-wcm)        
     3         146         22695.7         8.67571               1      Successful search (ES-wcm)        
     3         153         22692.4         4.60122               1      Successful search (ES-wcm)        
     3         155         22687.8         4.63929               1      Successful search (ES-wcm)        
     3         156         22681.6         5.88449               1      Successful search (ES-wcm)        
     3         159         22624.6           10.65               1      Successful search (ES-ell)        
     3         161         22615.3           11.16               1      Successful search (ES-ell)        
     3         165         22576.4         11.6132               1      Successful search (ES-wcm)        
     3         166         22552.2         11.7794               1      Successful search (ES-wcm)        
     3         169         22543.8          11.135               1      Successful search (ES-wcm)        
     3         172         22503.4         11.7315               1      Successful search (ES-wcm)        
     3         177         22493.5         11.9321               1      Successful search (ES-wcm)        
     3         193         22492.8         10.0284               1      Incremental search (ES-wcm)        
     3         194         22450.6         11.6629               1      Successful search (ES-wcm)        
     3         195         22435.4         12.1053               1      Successful search (ES-wcm)        
     3         196         22379.8         12.2425               1      Successful search (ES-wcm)        
     3         199         22375.2         11.2322               1      Successful search (ES-ell)        
     3         206         22373.5         12.0959               1      Successful search (ES-wcm)        
     3         211         22336.1         10.3067               1      Successful search (ES-wcm)        
     3         212         22317.8         8.58849               1      Successful search (ES-ell)        
     3         213         22302.3          9.8572               1      Successful search (ES-ell)        
     3         214         22295.7         10.1793               1      Successful search (ES-ell)        
     3         216         22293.6          10.037               1      Successful search (ES-ell)        
     3         219         22267.8         11.3177               1      Successful search (ES-ell)        
     3         222           22256         10.2351               1      Successful search (ES-ell)        
     3         241         22250.2         6.38497               1      Successful search (ES-wcm)        
     3         244         22247.6         5.62257               1      Successful search (ES-wcm)        
     3         245         22245.1         5.24334               1      Successful search (ES-ell)        
     3         246         22242.6         5.28216               1      Successful search (ES-ell)        
     3         248         22238.1         10.6073               1      Successful search (ES-ell)        
     3         252           22229         10.9571               1      Successful search (ES-ell)        
     3         256         22224.9         8.94365               1      Successful search (ES-ell)        
     3         263         22216.1         11.2195               1      Successful search (ES-ell)        
     3         268         22210.7         9.12841               1      Successful search (ES-ell)        
     3         280         22208.7         7.98022               1      Successful search (ES-ell)        
     3         328         22208.7         7.98022             0.5          Refine grid             Train
     4         332         22237.2         7.27732             0.5      Incremental search (ES-ell)        
     4         333         22216.9         9.83026             0.5      Successful search (ES-ell)        
     4         336         22213.5         9.48993             0.5      Successful search (ES-ell)        
     4         383         22196.6         13.0067               1        Successful poll           
     5         402         20505.8         13.0746               1        Successful poll           Train
     6         408         20501.8         11.8197               1      Successful search (ES-ell)        
     6         411         20482.5         11.5426               1      Successful search (ES-ell)        
     6         415         20464.8         10.0232               1      Successful search (ES-ell)        
     6         416         20461.1         10.8967               1      Successful search (ES-ell)        
     6         423         20422.8         10.4362               1      Successful search (ES-ell)        
     6         436         20374.5         11.5437               1      Successful search (ES-ell)        
     6         438         20330.5         11.3042               1      Successful search (ES-ell)        
     6         483         20330.5         11.3042             0.5          Refine grid             Train
     7         487         20244.6         13.4377             0.5      Successful search (ES-ell)        
     7         537         20244.6         13.4377            0.25          Refine grid             
     8         538         20300.5         11.7421            0.25      Successful search (ES-ell)        
     8         539         20252.9         12.9905            0.25      Successful search (ES-ell)        
     8         540         20248.8         15.7402            0.25      Successful search (ES-ell)        
     8         549         20245.8         10.9844            0.25      Successful search (ES-wcm)        
     8         550         20239.8         12.0509            0.25      Successful search (ES-wcm)        
     8         551         20235.6         13.8288            0.25      Successful search (ES-wcm)        
     8         586         20230.5         22.7292             0.5        Successful poll           Train
     9         590           20209         23.1566             0.5      Successful search (ES-ell)        
     9         591         20109.1         24.0782             0.5      Successful search (ES-ell)        
     9         592         20058.2         24.2854             0.5      Successful search (ES-ell)        
     9         597         20038.6         20.8642             0.5      Successful search (ES-ell)        
     9         599         20038.1         21.7386             0.5      Successful search (ES-ell)        
     9         600         20016.3         22.6664             0.5      Successful search (ES-ell)        
     9         640         20016.3         22.6664            0.25          Refine grid             
    10         643         20021.8         17.0938            0.25      Successful search (ES-ell)        
    10         644         20001.9         21.3896            0.25      Successful search (ES-ell)        
    10         645         19940.5         23.3483            0.25      Successful search (ES-ell)        
    10         648         19940.1         22.5643            0.25      Successful search (ES-ell)        
    10         657         19928.4         21.8906            0.25      Successful search (ES-ell)        
    10         660           19923         19.3094            0.25      Successful search (ES-ell)        
    10         662         19886.1         20.8411            0.25      Successful search (ES-ell)        
    10         712         19886.1         20.8411           0.125          Refine grid             
    11         713         19918.2         16.2437           0.125      Successful search (ES-wcm)        
    11         714         19916.6         25.5635           0.125      Successful search (ES-wcm)        
    11         716         19905.6          25.258           0.125      Successful search (ES-wcm)        
    11         719         19843.1         19.0709           0.125      Successful search (ES-wcm)        
    11         722           19842         20.8971           0.125      Successful search (ES-ell)        
    11         728         19800.1         20.4328           0.125      Successful search (ES-ell)        
    11         784         19800.1         20.4328          0.0625          Refine grid             
    12         785         19817.8         8.96229          0.0625      Successful search (ES-ell)        
    12         786         19806.5         14.5976          0.0625      Successful search (ES-ell)        
    12         787         19804.2         18.8938          0.0625      Successful search (ES-ell)        
    12         842         19804.2         18.8938         0.03125          Refine grid             Train
    13         843         19811.1         10.6776         0.03125      Successful search (ES-wcm)        
    13         844         19806.5          11.862         0.03125      Successful search (ES-ell)        
    13         890         19804.2         19.2399          0.0625        Successful poll           Train
    14         891         19745.7          17.024          0.0625      Successful search (ES-ell)        
    14         948         19745.7          17.024         0.03125          Refine grid             Train
    15         949         19753.2         9.78089         0.03125      Successful search (ES-wcm)        
    15         950         19749.1          10.888         0.03125      Successful search (ES-ell)        
    15         951         19748.6         13.8969         0.03125      Successful search (ES-ell)        
    15        1006         19748.6         13.8969        0.015625          Refine grid             
    16        1007         19751.8         4.20164        0.015625      Successful search (ES-ell)        
    16        1008         19742.3         5.89143        0.015625      Successful search (ES-ell)        
    16        1009         19731.9         7.95886        0.015625      Successful search (ES-ell)        
    16        1010         19729.1         15.9635        0.015625      Successful search (ES-wcm)        
    16        1064         19729.1         15.9635       0.0078125          Refine grid             
    17        1065           19769         3.90828       0.0078125      Successful search (ES-wcm)        
    17        1066         19763.2         4.71789       0.0078125      Successful search (ES-wcm)        
    17        1067         19757.6         5.91277       0.0078125      Successful search (ES-wcm)        
    17        1122         19757.6         5.91277      0.00390625          Refine grid             
    18        1123           19774         3.41652      0.00390625      Successful search (ES-wcm)        
    18        1124         19770.3         3.75065      0.00390625      Successful search (ES-wcm)        
    18        1125         19765.5         4.28581      0.00390625      Successful search (ES-wcm)        
    18        1126         19762.2         5.22278      0.00390625      Successful search (ES-wcm)        
    18        1127         19751.4         6.94229      0.00390625      Successful search (ES-wcm)        
    18        1128         19743.8         8.25514      0.00390625      Successful search (ES-ell)        
    18        1180         19743.8         8.25514      0.00195312          Refine grid             Train
    19        1181         19783.9         2.97285      0.00195312      Successful search (ES-ell)        
    19        1182         19780.5         3.16193      0.00195312      Successful search (ES-ell)        
    19        1183         19776.3         3.42589      0.00195312      Successful search (ES-ell)        
    19        1184         19765.8         4.29327      0.00195312      Successful search (ES-ell)        
    19        1185         19758.6         5.18056      0.00195312      Successful search (ES-ell)        
    19        1186         19748.7          6.8451      0.00195312      Successful search (ES-ell)        
    19        1188         19741.1         7.76108      0.00195312      Successful search (ES-ell)        
    19        1189         19725.8         9.41614      0.00195312      Successful search (ES-ell)        
    19        1238         19725.8         9.41614     0.000976562          Refine grid             
Optimization terminated: change in the function value less than options['tol_mesh']
Estimated function value at minimum: 19751.699238965775 ± 2.9983512926407627 (mean ± SEM from 100 samples)
BADS minimum at: x_min = [2.24280e+00 4.88830e+00 4.65740e+00 7.57580e+01 4.07070e+00 4.15708e+01
 1.00000e-04 7.09000e-02 4.66460e+00 8.18860e+00 5.52000e-01 4.43900e-01
 2.69700e-01 2.47900e-01 1.48870e+00], training NLL = 19751.6992
total f-count: 1338, time: 60.03 min

 Optimization Run 2/2
Initial params: [1.2885, 5.5853, 2.8349, 13.6138, 15.1173, 34.8709, 4.4575, 0.6, 29.538, 24.8525, 0.3617, 0.7778, 0.1906, 0.2846, -0.4947]
bads:TooCloseBounds: For each variable, hard and plausible bounds should not be too close. Moving plausible bounds.
Variables (index) internally transformed to log coordinates: [[0 0]
 [0 3]
 [0 4]
 [0 6]]
Beginning optimization of a STOCHASTIC objective function

 Iteration    f-count      E[f(x)]        SD[f(x)]           MeshScale          Method              Actions
     0           1           25262             nan               1                                  
     0          33         23670.1             nan               1          Initial mesh            Initial points
     0          52         23503.1        0.976951               1        Successful poll           Train
     1          61         23500.1         0.96152               1      Successful search (ES-ell)        
     1          63         23481.7        0.941107               1      Successful search (ES-ell)        
     1          65         23471.8         1.07165               1      Successful search (ES-ell)        
     1          66           23465          1.0819               1      Successful search (ES-ell)        
     1          77         23464.1        0.960883               1      Incremental search (ES-ell)        
     1          78           23463         1.00184               1      Successful search (ES-ell)        
     1          80         23455.8         1.05711               1      Successful search (ES-ell)        
     1          81         23433.9         1.06053               1      Successful search (ES-ell)        
     1          84         23385.9         1.11404               1      Successful search (ES-ell)        
     1          89         23373.7         1.10585               1      Successful search (ES-ell)        
     1         136         23373.7         1.10585             0.5          Refine grid             Train
     2         138           23365         6.75648             0.5      Successful search (ES-ell)        
     2         140         23357.1         9.39154             0.5      Successful search (ES-ell)        
     2         189         23349.7         7.62168               1        Successful poll           Train
     3         194           23348         6.76898               1      Successful search (ES-ell)        
     3         195         23343.7         7.54229               1      Successful search (ES-ell)        
     3         196         23333.4         7.76151               1      Successful search (ES-ell)        
     3         201         23332.8         5.61575               1      Incremental search (ES-ell)        
     3         203         23329.2          6.5216               1      Successful search (ES-ell)        
     3         205         23166.5         8.28023               1      Successful search (ES-ell)        
     3         209         23050.5         8.48384               1      Successful search (ES-wcm)        
     3         214         23023.2         7.04636               1      Successful search (ES-ell)        
     3         215         23003.7         7.74937               1      Successful search (ES-ell)        
     3         219         22990.1         7.58689               1      Successful search (ES-wcm)        
     3         226           22978         11.7147               1      Successful search (ES-wcm)        
     3         229         22972.7          9.7511               1      Successful search (ES-wcm)        
     3         231         22969.8         8.25723               1      Successful search (ES-wcm)        
     3         237         22968.7         10.5348               1      Successful search (ES-wcm)        
     3         242         22951.7         10.4919               1      Successful search (ES-wcm)        
     3         243         22941.2         12.2068               1      Successful search (ES-wcm)        
     3         244         22931.7          11.749               1      Successful search (ES-ell)        
     3         245         22927.6            12.3               1      Successful search (ES-ell)        
     3         249           22919         11.1806               1      Successful search (ES-ell)        
     3         252           22914          12.067               1      Successful search (ES-ell)        
     3         253         22899.5          12.361               1      Successful search (ES-ell)        
     3         254         22886.3         12.5334               1      Successful search (ES-ell)        
     3         260         22881.6         10.4524               1      Successful search (ES-ell)        
     3         267         22787.3         12.6526               1      Successful search (ES-wcm)        
     3         278         22777.6         5.27793               1      Successful search (ES-wcm)        
     3         279         22765.8         6.80557               1      Successful search (ES-wcm)        
     3         281         22708.9         7.75263               1      Successful search (ES-wcm)        
     3         288         22682.9         7.30058               1      Successful search (ES-wcm)        
     3         289         22679.9         7.51556               1      Successful search (ES-wcm)        
     3         292         22669.7         7.12612               1      Successful search (ES-wcm)        
     3         295         22602.9         7.75154               1      Successful search (ES-wcm)        
     3         316         22596.6         6.11322               1      Successful search (ES-ell)        
     3         333         22586.7         7.19137               1      Successful search (ES-wcm)        
     3         335         22584.7         8.24269               1      Successful search (ES-wcm)        
     3         336         22573.2         9.95681               1      Successful search (ES-wcm)        
     3         338         22558.3         10.3089               1      Successful search (ES-wcm)        
     3         375         22558.3         10.3089             0.5          Refine grid             
     4         377         22561.8         5.71203             0.5      Successful search (ES-ell)        
     4         392         22559.9         5.29864             0.5      Successful search (ES-ell)        
     4         393           22553         7.08755             0.5      Successful search (ES-ell)        
     4         409         22552.9         6.12922             0.5      Incremental search (ES-wcm)        
     4         410         22550.1         9.70433             0.5      Successful search (ES-wcm)        
     4         412         22539.3         10.4672             0.5      Successful search (ES-wcm)        
     4         414         22519.9         9.47449             0.5      Successful search (ES-ell)        
     4         462         22519.9         9.47449            0.25          Refine grid             Train
     5         463         22529.4          7.0016            0.25      Successful search (ES-ell)        
     5         522         22529.4          7.0016           0.125          Refine grid             Train
     6         523         22531.1         3.14428           0.125      Successful search (ES-ell)        
     6         525         22527.6         5.17614           0.125      Successful search (ES-wcm)        
     6         527         22523.5         5.45913           0.125      Successful search (ES-wcm)        
     6         582         22523.5         5.45913          0.0625          Refine grid             
     7         583         22525.4         1.84514          0.0625      Successful search (ES-wcm)        
     7         584           22523         2.32667          0.0625      Successful search (ES-ell)        
     7         585         22520.9         3.23375          0.0625      Successful search (ES-ell)        
     7         615         22514.5         6.27229           0.125        Successful poll           
     8         660           22513         6.35528          0.0625          Refine grid             
     9         661         22527.6         1.97911          0.0625      Successful search (ES-ell)        
     9         662         22526.5         3.04466          0.0625      Successful search (ES-ell)        
     9         663         22526.4         4.93443          0.0625      Successful search (ES-ell)        
     9         664         22523.9         6.04136          0.0625      Successful search (ES-ell)        
     9         665         22523.6         6.94053          0.0625      Successful search (ES-ell)        
     9         666         22519.5          6.5908          0.0625      Successful search (ES-ell)        
     9         668           22463         5.19867          0.0625      Successful search (ES-ell)        
     9         720           22463         5.19867         0.03125          Refine grid             Train
    10         721         22529.1          1.6234         0.03125      Successful search (ES-ell)        
    10         722         22528.5         1.88134         0.03125      Successful search (ES-ell)        
    10         723         22527.2         2.39003         0.03125      Successful search (ES-ell)        
    10         724         22526.3         3.32854         0.03125      Successful search (ES-ell)        
    10         780         22523.1         5.93859          0.0625        Successful poll           
    11         781         22530.3          1.3663          0.0625      Successful search (ES-wcm)        
    11         782         22523.5         3.06688          0.0625      Successful search (ES-wcm)        
    11         784         22522.7          3.7773          0.0625      Successful search (ES-wcm)        
    11         831         22511.3         6.40287           0.125        Successful poll           
    12         833         22521.7         6.28084           0.125      Successful search (ES-wcm)        
    12         835         22514.4         5.72488           0.125      Successful search (ES-wcm)        
    12         867         22474.9         3.46316            0.25        Successful poll           Train
    13         912         22476.3         3.44929           0.125          Refine grid             Train
    14         957         22529.4         5.33145          0.0625          Refine grid             Train
    15         958         22530.1         1.66025          0.0625      Successful search (ES-wcm)        
    15         959         22527.5         2.73299          0.0625      Successful search (ES-wcm)        
    15         961         22526.9         3.19268          0.0625      Successful search (ES-wcm)        
    15         962         22526.8         6.32373          0.0625      Successful search (ES-wcm)        
    15         964         22521.3         4.77851          0.0625      Successful search (ES-ell)        
    15         965         22520.8         5.65989          0.0625      Successful search (ES-ell)        
    15         966         22519.7         7.02023          0.0625      Successful search (ES-ell)        
    15        1017         22519.7         7.02023         0.03125          Refine grid             Train
    16        1018         22529.7         1.32512         0.03125      Successful search (ES-ell)        
    16        1019         22528.2         1.65095         0.03125      Successful search (ES-ell)        
    16        1020         22527.7         2.42914         0.03125      Successful search (ES-ell)        
    16        1021         22527.4         3.55154         0.03125      Successful search (ES-ell)        
    16        1023         22525.7         4.00643         0.03125      Successful search (ES-ell)        
    16        1024         22525.5         4.61403         0.03125      Successful search (ES-ell)        
    16        1025         22525.2         5.30899         0.03125      Successful search (ES-ell)        
    16        1026         22523.1         6.26875         0.03125      Successful search (ES-ell)        
    16        1077         22523.1         6.26875        0.015625          Refine grid             Train
    17        1078         22529.6         1.48383        0.015625      Successful search (ES-ell)        
    17        1079           22529         1.53524        0.015625      Successful search (ES-ell)        
    17        1080         22528.4         1.75937        0.015625      Successful search (ES-ell)        
    17        1081         22527.3         2.16958        0.015625      Successful search (ES-ell)        
    17        1082         22526.5         2.83302        0.015625      Successful search (ES-ell)        
    17        1137         22526.5         2.83302       0.0078125          Refine grid             Train
    18        1138         22531.6         1.17593       0.0078125      Successful search (ES-wcm)        
    18        1139         22531.1         1.10854       0.0078125      Successful search (ES-wcm)        
    18        1140         22530.7         1.12416       0.0078125      Successful search (ES-wcm)        
    18        1141         22530.2         1.18505       0.0078125      Successful search (ES-wcm)        
    18        1142         22529.5         1.50229       0.0078125      Successful search (ES-wcm)        
    18        1143         22529.4         1.93913       0.0078125      Successful search (ES-wcm)        
    18        1144         22528.9         2.95631       0.0078125      Successful search (ES-ell)        
    18        1197         22526.6         5.63038        0.015625        Successful poll           
    19        1198         22530.2         1.79043        0.015625      Successful search (ES-ell)        
    19        1199         22529.6         2.31076        0.015625      Successful search (ES-ell)        
    19        1200         22527.1         2.97026        0.015625      Successful search (ES-ell)        
    19        1201         22526.7         3.86933        0.015625      Successful search (ES-ell)        
    19        1205         22526.6         3.22535        0.015625      Successful search (ES-ell)        
    19        1206         22526.1         3.73817        0.015625      Successful search (ES-ell)        
    19        1208         22525.5         3.57483        0.015625      Successful search (ES-ell)        
    19        1210         22523.9         2.00587        0.015625      Successful search (ES-ell)        
    19        1212         22521.4         2.11824        0.015625      Successful search (ES-ell)        
    19        1213         22520.2         2.16879        0.015625      Successful search (ES-ell)        
    19        1214           22518         2.36988        0.015625      Successful search (ES-ell)        
    19        1215         22515.3         2.59787        0.015625      Successful search (ES-ell)        
    19        1248           22514         2.75405         0.03125        Successful poll           
    20        1249         22529.8         4.86067         0.03125      Successful search (ES-ell)        
    20        1250         22523.7         4.36296         0.03125      Successful search (ES-ell)        
    20        1253         22522.7         2.82236         0.03125      Successful search (ES-wcm)        
    20        1254           22522         3.78853         0.03125      Successful search (ES-wcm)        
    20        1286         22511.7         2.02105          0.0625        Successful poll           Train
    21        1302           22351         3.57624           0.125        Successful poll           Train
    22        1347         22529.8          3.1298          0.0625          Refine grid             Train
    23        1348         22526.4         3.32035          0.0625      Successful search (ES-ell)        
    23        1349         22524.7         4.36484          0.0625      Successful search (ES-ell)        
    23        1350         22523.1         6.10404          0.0625      Successful search (ES-ell)        
    23        1352         22518.8         5.26899          0.0625      Successful search (ES-ell)        
    23        1353         22510.2         6.45974          0.0625      Successful search (ES-ell)        
    23        1354         22508.3         7.86989          0.0625      Successful search (ES-wcm)        
    23        1407         22508.3         7.86989         0.03125          Refine grid             Train
    24        1408         22526.4         2.87959         0.03125      Successful search (ES-wcm)        
    24        1413         22526.3         2.51706         0.03125      Successful search (ES-wcm)        
    24        1414         22525.7         2.56364         0.03125      Successful search (ES-wcm)        
    24        1417         22525.4         2.46052         0.03125      Successful search (ES-wcm)        
    24        1418         22524.7         2.54642         0.03125      Successful search (ES-wcm)        
    24        1419         22523.3         2.64441         0.03125      Successful search (ES-ell)        
    24        1420         22522.4         2.86578         0.03125      Successful search (ES-ell)        
    24        1421           22521         3.39865         0.03125      Successful search (ES-ell)        
    24        1422         22518.8         4.13627         0.03125      Successful search (ES-ell)        
    24        1423         22517.6         4.17945         0.03125      Successful search (ES-ell)        
    24        1482         22517.6         4.17945        0.015625          Refine grid             Train
    25        1483         22524.6         1.74711        0.015625      Successful search (ES-ell)        
    25        1484         22524.6         1.91275        0.015625      Successful search (ES-wcm)        
    25        1485         22524.6         2.14803        0.015625      Successful search (ES-wcm)        
    25        1486         22523.9         2.60844        0.015625      Successful search (ES-ell)        
    25        1487         22521.8         3.21825        0.015625      Successful search (ES-ell)        
    25        1488         22519.7         4.53893        0.015625      Successful search (ES-ell)        
    25        1489         22515.8          5.5597        0.015625      Successful search (ES-ell)        
    25        1542         22515.8          5.5597       0.0078125          Refine grid             
    26        1543         22524.2          1.8101       0.0078125      Successful search (ES-ell)        
    26        1544           22523         1.41743       0.0078125      Successful search (ES-ell)        
    26        1545         22516.9         1.38717       0.0078125      Successful search (ES-ell)        
    26        1546         22508.3         1.46463       0.0078125      Successful search (ES-ell)        
    26        1547         22497.8         1.76064       0.0078125      Successful search (ES-wcm)        
    26        1548         22482.4          2.1818       0.0078125      Successful search (ES-ell)        
    26        1549         22464.1          2.5792       0.0078125      Successful search (ES-ell)        
    26        1550         22442.5         3.91815       0.0078125      Successful search (ES-ell)        
    26        1602         22442.5         3.91815      0.00390625          Refine grid             
    27        1603         22523.6         1.41641      0.00390625      Successful search (ES-ell)        
    27        1604         22523.5         1.44241      0.00390625      Successful search (ES-wcm)        
    27        1605         22523.4         1.48564      0.00390625      Successful search (ES-wcm)        
    27        1606         22523.3         1.56248      0.00390625      Successful search (ES-wcm)        
    27        1607         22523.2         1.65961      0.00390625      Successful search (ES-wcm)        
    27        1608         22521.9         1.91296      0.00390625      Successful search (ES-wcm)        
    27        1609         22521.3         2.20606      0.00390625      Successful search (ES-wcm)        
    27        1611         22520.6         2.49059      0.00390625      Successful search (ES-ell)        
    27        1612         22519.9         3.02248      0.00390625      Successful search (ES-ell)        
    27        1662         22519.9         3.02248      0.00195312          Refine grid             
    28        1707           22525         1.55257     0.000976562          Refine grid             Train
Optimization terminated: change in the function value less than options['tol_mesh']
Estimated function value at minimum: 22525.125572342025 ± 0.9477977142871298 (mean ± SEM from 100 samples)
BADS minimum at: x_min = [  1.177    3.5702   4.6082   0.0718   4.1845 -61.5245   2.4922   0.1016
  44.614   19.8513   0.4338   0.356    0.1998   0.1898   0.5099], training NLL = 22525.1256
total f-count: 1807, time: 81.21 min

 ------- Finish Optimization for Subject 25 ---------- 
Mon Aug  3 23:33:17 2026       
+---------------------------------------------------------------------------------------+
| NVIDIA-SMI 535.113.01             Driver Version: 535.113.01   CUDA Version: 12.2     |
|-----------------------------------------+----------------------+----------------------+
| GPU  Name                 Persistence-M | Bus-Id        Disp.A | Volatile Uncorr. ECC |
| Fan  Temp   Perf          Pwr:Usage/Cap |         Memory-Usage | GPU-Util  Compute M. |
|                                         |                      |               MIG M. |
|=========================================+======================+======================|
|   0  NVIDIA A100-PCIE-40GB          On  | 00000000:E2:00.0 Off |                    0 |
| N/A   38C    P0              37W / 250W |      4MiB / 40960MiB |     18%      Default |
|                                         |                      |             Disabled |
+-----------------------------------------+----------------------+----------------------+
                                                                                         
+---------------------------------------------------------------------------------------+
| Processes:                                                                            |
|  GPU   GI   CI        PID   Type   Process name                            GPU Memory |
|        ID   ID                                                             Usage      |
|=======================================================================================|
|  No running processes found                                                           |
+---------------------------------------------------------------------------------------+
----------------------------------------
Start job epilogue Mon Aug  3 23:33:18 CEST 2026
----------------------------------------
Job ID:          54521136
Job Exit Code:   0:0
Username:        wenlou
Group:           mpla
Queue:           gpu
Compute nodes:   dccn-c077
Asked resources: walltime=1-00:00:00,nodes=1,cpus=8,mem=2G
Used resources:  cputime=7-18:31:12,walltime=23:18:54,memory=0
----------------------------------------
End job epilogue Mon Aug  3 23:33:18 CEST 2026
----------------------------------------
