----------------------------------------
Start task prologue Wed Aug  6 10:04:35 CEST 2025
----------------------------------------
Step ID:         48455225.
Username:        wenlou
Group:           mpla
Asked resources: walltime=20:00:00,nodes=1,cpus=8,mem=4G
Queue:           batch
Compute nodes:   dccn-c048
----------------------------------------
End task prologue Wed Aug  6 10:04:35 CEST 2025
----------------------------------------
CUDA version:
nvcc: NVIDIA (R) Cuda compiler driver
Copyright (c) 2005-2024 NVIDIA Corporation
Built on Thu_Mar_28_02:18:24_PDT_2024
Cuda compilation tools, release 12.4, V12.4.131
Build cuda_12.4.r12.4/compiler.34097967_0
Running model for sub_id=3, m_id=8, method=bads
device is : cpu

 ------- Start Optimization for Subject 3 ---------- 

 -- Start Optimization: method BADS --

 Optimization Run 1/10
Initial params: [1.7423, 5.0326, 5.971, 0.1625, 0.1161, 0.0279, 11.6585, 2.4541, 11.4426, 5.9566]
bads:TooCloseBounds: For each variable, hard and plausible bounds should not be too close. Moving plausible bounds.
Variables (index) internally transformed to log coordinates: [[0 0]
 [0 3]
 [0 4]
 [0 5]
 [0 6]
 [0 7]
 [0 8]
 [0 9]]
Beginning optimization of a STOCHASTIC objective function

 Iteration    f-count      E[f(x)]        SD[f(x)]           MeshScale          Method              Actions
     0           1         24701.4             nan               1                                  
     0          33         23729.8             nan               1          Initial mesh            Initial points
     0          34         23684.3        0.999969               1        Successful poll           Train
     1          40           23648        0.998487               1      Successful search (ES-wcm)        
     1          41         23614.7          0.9991               1      Successful search (ES-wcm)        
     1          43         23562.3        0.998567               1      Successful search (ES-wcm)        
     1          48         23373.3        0.998946               1      Successful search (ES-ell)        
     1          57         23371.3        0.964767               1      Successful search (ES-ell)        
     1          62         23361.5        0.959222               1      Successful search (ES-ell)        
     1          63         23347.8        0.962162               1      Successful search (ES-ell)        
     1          64         23347.1        0.964295               1      Incremental search (ES-ell)        
     1          67         23310.1        0.964798               1      Successful search (ES-ell)        
     1          69         23306.7        0.964788               1      Successful search (ES-ell)        
     1          72         23291.2        0.964478               1      Successful search (ES-ell)        
     1          76         23288.2         0.91959               1      Successful search (ES-ell)        
     1          78         23272.6        0.919068               1      Successful search (ES-ell)        
     1          79         23223.3        0.919488               1      Successful search (ES-ell)        
     1          82         22496.7        0.917135               1      Successful search (ES-ell)        
     1          83         22428.4        0.919099               1      Successful search (ES-ell)        
     1          85           22181        0.919137               1      Successful search (ES-ell)        
     1          90         22132.8        0.919407               1      Successful search (ES-wcm)        
     1          94         22119.1        0.875502               1      Successful search (ES-ell)        
     1         117         22119.1        0.875502             0.5          Refine grid             
     2         118         22123.7         9.96192             0.5      Successful search (ES-ell)        
     2         119         21849.3         12.9345             0.5      Successful search (ES-ell)        
     2         120         21752.2         15.0158             0.5      Successful search (ES-ell)        
     2         152         21752.2         15.0158            0.25          Refine grid             Train
     3         153         21818.6         13.3101            0.25      Successful search (ES-ell)        
     3         154         21803.3         19.4542            0.25      Successful search (ES-ell)        
     3         155         21765.8         26.1244            0.25      Successful search (ES-ell)        
     3         158         21762.2         21.8966            0.25      Successful search (ES-ell)        
     3         160         21743.7         12.8742            0.25      Successful search (ES-ell)        
     3         161         21726.4         15.6222            0.25      Successful search (ES-ell)        
     3         163         21722.9         12.6085            0.25      Successful search (ES-ell)        
     3         164         21706.9         13.4628            0.25      Successful search (ES-ell)        
     3         166         21706.9         13.5302            0.25      Incremental search (ES-ell)        
     3         167         21677.2         17.4251            0.25      Successful search (ES-ell)        
     3         168         21635.1         23.4378            0.25      Successful search (ES-wcm)        
     3         172           21625         17.5008            0.25      Successful search (ES-wcm)        
     3         173         21624.5         17.5487            0.25      Successful search (ES-wcm)        
     3         207         21624.5         17.5487           0.125          Refine grid             
     4         208         21650.8           4.921           0.125      Successful search (ES-wcm)        
     4         209         21647.1         6.13793           0.125      Successful search (ES-ell)        
     4         210         21642.1         8.73669           0.125      Successful search (ES-ell)        
     4         211         21640.5          10.612           0.125      Successful search (ES-ell)        
     4         215         21636.6         8.38002           0.125      Successful search (ES-ell)        
     4         216         21631.9         9.45042           0.125      Successful search (ES-ell)        
     4         219         21631.4         8.08264           0.125      Successful search (ES-ell)        
     4         220         21629.6         8.18784           0.125      Successful search (ES-ell)        
     4         221           21623         8.99661           0.125      Successful search (ES-ell)        
     4         222         21621.8         10.0832           0.125      Successful search (ES-ell)        
     4         223         21617.9         13.2333           0.125      Successful search (ES-ell)        
     4         228         21617.3         7.90931           0.125      Successful search (ES-ell)        
     4         229         21609.1         8.71505           0.125      Successful search (ES-ell)        
     4         230         21602.7         9.33667           0.125      Successful search (ES-ell)        
     4         231         21602.1          15.649           0.125      Successful search (ES-wcm)        
     4         233         21592.7         11.4818           0.125      Successful search (ES-wcm)        
     4         236         21592.4         9.19476           0.125      Successful search (ES-wcm)        
     4         238         21591.4         8.27697           0.125      Successful search (ES-wcm)        
     4         242         21590.3         6.85573           0.125      Successful search (ES-wcm)        
     4         245         21589.3         6.13675           0.125      Successful search (ES-wcm)        
     4         247         21588.4         6.00468           0.125      Successful search (ES-wcm)        
     4         248           21586         6.24807           0.125      Successful search (ES-ell)        
     4         249         21583.2         7.35404           0.125      Successful search (ES-ell)        
     4         258           21581         5.78204           0.125      Successful search (ES-ell)        
     4         260         21579.7         6.64355           0.125      Successful search (ES-ell)        
     4         294         21498.7          19.864            0.25        Successful poll           Train
     5         296         21470.9         15.4748            0.25      Successful search (ES-wcm)        
     5         298           21470         13.0152            0.25      Successful search (ES-wcm)        
     5         301         21465.8         10.7463            0.25      Successful search (ES-wcm)        
     5         304           21465         8.47474            0.25      Successful search (ES-wcm)        
     5         305         21463.1         13.6728            0.25      Successful search (ES-wcm)        
     5         315           21454         10.2992            0.25      Successful search (ES-ell)        
     5         316           21398         15.5238            0.25      Successful search (ES-ell)        
     5         335         21356.3         21.1486             0.5        Successful poll           Train
     6         336         21297.7         18.2878             0.5      Successful search (ES-ell)        
     6         338         21279.5         16.7786             0.5      Successful search (ES-ell)        
     6         339         21277.4         19.8339             0.5      Successful search (ES-ell)        
     6         341         21221.5         19.6491             0.5      Successful search (ES-ell)        
     6         369         20958.2         21.3273               1        Successful poll           
     7         371         20952.1         20.4011               1      Successful search (ES-ell)        
     7         373         20941.6         20.5078               1      Successful search (ES-ell)        
     7         378         20937.6         12.2679               1      Successful search (ES-ell)        
     7         380         20922.5         18.9386               1      Successful search (ES-ell)        
     7         387         20879.6         19.2829               1      Successful search (ES-wcm)        
     7         390         20801.6         20.0038               1      Successful search (ES-wcm)        
     7         421         20801.6         20.0038             0.5          Refine grid             
     8         422         20826.2         11.4624             0.5      Successful search (ES-wcm)        
     8         456         20826.2         11.4624            0.25          Refine grid             
     9         457           20820          5.0988            0.25      Successful search (ES-wcm)        
     9         491           20820          5.0988           0.125          Refine grid             Train
    10         493         20823.1         3.37965           0.125      Successful search (ES-wcm)        
    10         494         20821.6         4.37364           0.125      Successful search (ES-wcm)        
    10         496         20820.6         5.73129           0.125      Successful search (ES-wcm)        
    10         527         20820.6         5.73129          0.0625          Refine grid             
    11         528         20827.3         3.90943          0.0625      Successful search (ES-wcm)        
    11         533         20827.2         3.67312          0.0625      Successful search (ES-ell)        
    11         534         20826.1         3.74764          0.0625      Successful search (ES-ell)        
    11         535         20825.2         3.90557          0.0625      Successful search (ES-ell)        
    11         536         20825.1         4.39341          0.0625      Successful search (ES-ell)        
    11         537         20823.6         5.66632          0.0625      Successful search (ES-ell)        
    11         538         20823.4         6.00055          0.0625      Successful search (ES-ell)        
    11         539           20821         7.18074          0.0625      Successful search (ES-ell)        
    11         541         20819.7         8.51189          0.0625      Successful search (ES-wcm)        
    11         542         20819.3         11.6791          0.0625      Successful search (ES-wcm)        
    11         544         20816.3          10.942          0.0625      Successful search (ES-wcm)        
    11         574         20816.3          10.942         0.03125          Refine grid             
    12         575           20827         2.75845         0.03125      Successful search (ES-wcm)        
    12         576         20826.7         2.89735         0.03125      Successful search (ES-wcm)        
    12         577         20826.5         3.11382         0.03125      Successful search (ES-wcm)        
    12         578           20826         3.52457         0.03125      Successful search (ES-wcm)        
    12         589         20825.2          2.5957         0.03125      Successful search (ES-wcm)        
    12         590           20825          2.6376         0.03125      Successful search (ES-wcm)        
    12         591         20824.4         2.68086         0.03125      Successful search (ES-ell)        
    12         592           20824         2.77409         0.03125      Successful search (ES-wcm)        
    12         593         20823.8         2.99102         0.03125      Successful search (ES-wcm)        
    12         594         20823.3         3.40361         0.03125      Successful search (ES-wcm)        
    12         595         20822.1         3.66258         0.03125      Successful search (ES-wcm)        
    12         596         20821.5          4.0412         0.03125      Successful search (ES-wcm)        
    12         632         20821.5          4.0412        0.015625          Refine grid             
    13         633         20829.1         3.46811        0.015625      Successful search (ES-wcm)        
    13         634         20828.4         3.50843        0.015625      Successful search (ES-wcm)        
    13         635         20827.8         3.67947        0.015625      Successful search (ES-wcm)        
    13         636         20827.7          5.2154        0.015625      Successful search (ES-ell)        
    13         668         20827.7          5.2154       0.0078125          Refine grid             
    14         694         20829.6         2.78788      0.00390625          Refine grid             Train
    15         695         20829.2         3.74721      0.00390625      Successful search (ES-ell)        
    15         696         20828.3          3.7577      0.00390625      Successful search (ES-ell)        
    15         698         20828.2         3.75303      0.00390625      Successful search (ES-ell)        
    15         702         20827.2         3.72002      0.00390625      Successful search (ES-ell)        
    15         703         20825.8         3.82507      0.00390625      Successful search (ES-ell)        
    15         707         20825.4          3.6719      0.00390625      Successful search (ES-ell)        
    15         742         20825.4          3.6719      0.00195312          Refine grid             Train
    16         745           20829         2.36335      0.00195312      Successful search (ES-wcm)        
    16         747           20829         2.34609      0.00195312      Successful search (ES-wcm)        
    16         750         20828.7         2.31629      0.00195312      Successful search (ES-ell)        
    16         751         20828.5         2.31611      0.00195312      Successful search (ES-ell)        
    16         752         20828.3         2.31447      0.00195312      Successful search (ES-ell)        
    16         753           20828         2.32524      0.00195312      Successful search (ES-wcm)        
    16         756           20828         2.30534      0.00195312      Successful search (ES-wcm)        
    16         790           20828         2.30534     0.000976562          Refine grid             
    17         791         20829.9         2.23674     0.000976562      Successful search (ES-ell)        
    17         792         20829.6         2.24259     0.000976562      Successful search (ES-ell)        
    17         803         20829.1         2.49955     0.000976562      Successful search (ES-ell)        
    17         810         20828.8         2.40565     0.000976562      Successful search (ES-ell)        
    17         811         20828.4         2.42844     0.000976562      Successful search (ES-ell)        
    17         814         20828.4         2.40424     0.000976562      Successful search (ES-ell)        
    17         848         20828.4         2.40424     0.000488281          Refine grid             Train
    18         849         20828.8         2.17788     0.000488281      Successful search (ES-wcm)        
    18         850         20828.3         2.17458     0.000488281      Successful search (ES-wcm)        
    18         851         20828.2         2.17592     0.000488281      Successful search (ES-wcm)        
    18         852         20828.1         2.17664     0.000488281      Successful search (ES-wcm)        
    18         853           20828         2.18105     0.000488281      Successful search (ES-wcm)        
    18         854         20827.9         2.19824     0.000488281      Successful search (ES-wcm)        
    18         857         20827.8         2.17854     0.000488281      Successful search (ES-wcm)        
    18         858         20827.8         2.19485     0.000488281      Successful search (ES-wcm)        
    18         859         20827.7         2.19009     0.000488281      Successful search (ES-wcm)        
    18         860         20827.6         2.19266     0.000488281      Successful search (ES-wcm)        
    18         861         20827.1         2.22111     0.000488281      Successful search (ES-wcm)        
    18         862           20827         2.24763     0.000488281      Successful search (ES-wcm)        
    18         871         20826.9         2.18703     0.000488281      Successful search (ES-wcm)        
    18         872         20826.7         2.18466     0.000488281      Successful search (ES-ell)        
    18         874         20826.7         2.17559     0.000488281      Successful search (ES-ell)        
    18         875         20826.6         2.18388     0.000488281      Successful search (ES-ell)        
    18         876         20826.5         2.19498     0.000488281      Successful search (ES-ell)        
    18         885         20826.3         2.13929     0.000488281      Successful search (ES-ell)        
    18         886         20826.2         2.13687     0.000488281      Successful search (ES-ell)        
    18         887         20826.1         2.13509     0.000488281      Successful search (ES-ell)        
    18         893         20826.1         2.11707     0.000488281      Successful search (ES-wcm)        
Optimization terminated: reached maximum number of function evaluations options['max_fun_evals'].
Estimated function value at minimum: 20829.968772956006 ± 2.1884626291977876 (mean ± SEM from 100 samples)
BADS minimum at: x_min = [ 0.4294 19.7227  5.7934  0.      1.      0.4747  7.4185  0.     50.
  8.316 ], NLL = 20829.9688
total f-count: 1000, time: 53.08 min

 Optimization Run 2/10
Initial params: [0.0623, 4.6347, 5.306, 0.0583, 0.1035, 0.0427, 22.5553, 2.1476, 16.4485, 10.749]
bads:TooCloseBounds: For each variable, hard and plausible bounds should not be too close. Moving plausible bounds.
Variables (index) internally transformed to log coordinates: [[0 0]
 [0 3]
 [0 4]
 [0 5]
 [0 6]
 [0 7]
 [0 8]
 [0 9]]
Beginning optimization of a STOCHASTIC objective function

 Iteration    f-count      E[f(x)]        SD[f(x)]           MeshScale          Method              Actions
     0           1         24701.4             nan               1                                  
     0          33         23730.4             nan               1          Initial mesh            Initial points
     0          34           23716        0.999743               1        Successful poll           Train
     1          41         23665.4        0.997776               1      Successful search (ES-wcm)        
     1          42         23549.5        0.994398               1      Successful search (ES-wcm)        
     1          43         23535.7        0.997301               1      Successful search (ES-wcm)        
     1          44         23487.5         0.99879               1      Successful search (ES-wcm)        
     1          52         23451.5        0.974779               1      Successful search (ES-wcm)        
     1          54         23406.5        0.935479               1      Successful search (ES-wcm)        
     1          55         23382.7        0.976363               1      Successful search (ES-wcm)        
     1          57         23380.4        0.976379               1      Successful search (ES-wcm)        
     1          62         23368.1        0.975785               1      Successful search (ES-wcm)        
     1          63         23320.5        0.975983               1      Successful search (ES-wcm)        
     1          68         23317.6        0.975369               1      Successful search (ES-wcm)        
     1          70         23314.2        0.975771               1      Successful search (ES-wcm)        
     1          73         23301.3        0.974764               1      Successful search (ES-wcm)        
     1          74         23285.7        0.975877               1      Successful search (ES-wcm)        
     1          84         23280.1        0.994365               1      Successful search (ES-wcm)        
     1          97         23023.7         1.05761               1        Successful poll           Train
     2          98         22219.1          6.9532               1      Successful search (ES-wcm)        
     2         102         22160.8         6.79349               1      Successful search (ES-wcm)        
     2         103         22159.5         6.82575               1      Successful search (ES-wcm)        
     2         108         22089.2         6.75087               1      Successful search (ES-wcm)        
     2         118         22075.8         9.25923               1      Successful search (ES-wcm)        
     2         123         22071.7         7.55771               1      Successful search (ES-wcm)        
     2         126         22060.7         6.44699               1      Successful search (ES-wcm)        
     2         151         22060.7         6.44699             0.5          Refine grid             Train
     3         152         22075.9         8.26157             0.5      Successful search (ES-ell)        
     3         153         22073.1         10.3783             0.5      Successful search (ES-wcm)        
     3         188         22073.1         10.3783            0.25          Refine grid             Train
     4         189         22082.5         3.84664            0.25      Successful search (ES-wcm)        
     4         190         22080.8         4.36688            0.25      Successful search (ES-wcm)        
     4         192         22075.6         4.05956            0.25      Successful search (ES-wcm)        
     4         193         22073.1          5.6695            0.25      Successful search (ES-wcm)        
     4         194         22072.8         10.0725            0.25      Successful search (ES-wcm)        
     4         195         22072.5         8.97819            0.25      Successful search (ES-wcm)        
     4         226         22072.5         8.97819           0.125          Refine grid             
     5         227         22079.8         2.59158           0.125      Successful search (ES-wcm)        
     5         228         22078.1         2.50312           0.125      Successful search (ES-wcm)        
     5         229         22078.1         3.28095           0.125      Incremental search (ES-wcm)        
     5         232         22075.9         4.54829           0.125      Successful search (ES-ell)        
     5         233         22073.1         6.88458           0.125      Successful search (ES-ell)        
     5         264         22073.1         6.88458          0.0625          Refine grid             
     6         265           22083         2.82434          0.0625      Successful search (ES-ell)        
     6         267         22082.6         2.85655          0.0625      Successful search (ES-ell)        
     6         268         22082.2         3.13139          0.0625      Successful search (ES-ell)        
     6         269         22081.4         3.67371          0.0625      Successful search (ES-ell)        
     6         271           22080         3.58977          0.0625      Successful search (ES-wcm)        
     6         282         22079.9         2.87398          0.0625      Successful search (ES-ell)        
     6         285           22079         2.76668          0.0625      Successful search (ES-wcm)        
     6         286         22076.9         2.71306          0.0625      Successful search (ES-wcm)        
     6         287         22074.4         3.00837          0.0625      Successful search (ES-wcm)        
     6         288         22071.7         3.70244          0.0625      Successful search (ES-wcm)        
     6         289         22070.9         4.81545          0.0625      Successful search (ES-wcm)        
     6         290         22066.5         7.02407          0.0625      Successful search (ES-wcm)        
     6         322         22056.5         16.1432           0.125        Successful poll           Train
     7         325         22050.1         11.5528           0.125      Successful search (ES-ell)        
     7         361         22050.1         11.5528          0.0625          Refine grid             Train
     8         362         22062.4         2.96246          0.0625      Successful search (ES-wcm)        
     8         363         22055.4         2.66398          0.0625      Successful search (ES-wcm)        
     8         364         22038.3          2.8405          0.0625      Successful search (ES-ell)        
     8         365         22026.8         3.06314          0.0625      Successful search (ES-ell)        
     8         366         22003.6         4.07496          0.0625      Successful search (ES-ell)        
     8         367         21984.6         6.02522          0.0625      Successful search (ES-ell)        
     8         368           21983         7.95914          0.0625      Successful search (ES-ell)        
     8         399           21983         7.95914         0.03125          Refine grid             
     9         400         22067.4         2.44432         0.03125      Successful search (ES-ell)        
     9         401         22062.1         2.41264         0.03125      Successful search (ES-ell)        
     9         437         22062.1         2.41264        0.015625          Refine grid             
    10         438           22077         3.35562        0.015625      Successful search (ES-ell)        
    10         439         22075.5         3.41274        0.015625      Successful search (ES-ell)        
    10         440         22074.4         3.61739        0.015625      Successful search (ES-ell)        
    10         441         22063.6         8.77113        0.015625      Successful search (ES-wcm)        
    10         443           22058         7.81253        0.015625      Successful search (ES-wcm)        
    10         444         22056.8         7.27017        0.015625      Successful search (ES-ell)        
    10         477         22056.8         7.27017       0.0078125          Refine grid             Train
    11         479         22061.7         3.05932       0.0078125      Successful search (ES-ell)        
    11         480         22061.5         3.02683       0.0078125      Successful search (ES-ell)        
    11         481         22057.1         4.85743       0.0078125      Successful search (ES-wcm)        
    11         482           22045         9.76263       0.0078125      Successful search (ES-wcm)        
    11         512         22042.3         14.2574        0.015625        Successful poll           Train
    12         513         22062.2         3.03583        0.015625      Successful search (ES-wcm)        
    12         514         22059.6         3.83567        0.015625      Successful search (ES-wcm)        
    12         515           22059         3.88442        0.015625      Successful search (ES-ell)        
    12         552         22056.5         11.3411         0.03125        Successful poll           
    13         553         22056.2          9.6995         0.03125      Successful search (ES-ell)        
    13         592         22056.2          9.6995        0.015625          Refine grid             
    14         593         22062.1         3.02727        0.015625      Successful search (ES-ell)        
    14         594         22061.4         3.00666        0.015625      Successful search (ES-ell)        
    14         595         22060.6         3.02058        0.015625      Successful search (ES-ell)        
    14         596         22059.4         3.09239        0.015625      Successful search (ES-ell)        
    14         597         22056.5         7.39989        0.015625      Successful search (ES-wcm)        
    14         614         22054.4         6.29515         0.03125        Successful poll           Train
    15         615           22055         3.01112         0.03125      Successful search (ES-wcm)        
    15         616         22045.2         5.29253         0.03125      Successful search (ES-wcm)        
    15         617           22043         5.86204         0.03125      Successful search (ES-ell)        
    15         618         22040.9         6.63594         0.03125      Successful search (ES-ell)        
    15         619         22037.1         8.35202         0.03125      Successful search (ES-ell)        
    15         654         22037.1         8.35202        0.015625          Refine grid             
    16         655         22061.5          3.1007        0.015625      Successful search (ES-ell)        
    16         656         22060.7         3.16241        0.015625      Successful search (ES-wcm)        
    16         657         22060.4          3.2862        0.015625      Successful search (ES-wcm)        
    16         694         22060.4          3.2862       0.0078125          Refine grid             
    17         724           22063         2.82019      0.00390625          Refine grid             Train
    18         725         22062.5         1.86048      0.00390625      Successful search (ES-wcm)        
    18         726         22061.8         1.99893      0.00390625      Successful search (ES-wcm)        
    18         727           22061         2.24828      0.00390625      Successful search (ES-wcm)        
    18         728         22060.7         2.61754      0.00390625      Successful search (ES-wcm)        
    18         729         22060.1         2.85223      0.00390625      Successful search (ES-ell)        
    18         730         22059.5         3.77212      0.00390625      Successful search (ES-wcm)        
    18         731         22058.9         5.25874      0.00390625      Successful search (ES-wcm)        
    18         764         22058.9         5.25874      0.00195312          Refine grid             
    19         794         22062.9         7.95908     0.000976562          Refine grid             
    20         795         22063.4         2.27738     0.000976562      Successful search (ES-wcm)        
    20         796         22063.1         2.28938     0.000976562      Successful search (ES-wcm)        
    20         797         22062.8         2.39363     0.000976562      Successful search (ES-wcm)        
    20         834         22062.8         2.39363     0.000488281          Refine grid             Train
    21         835         22064.1         1.44394     0.000488281      Successful search (ES-ell)        
    21         837         22063.9         1.43779     0.000488281      Successful search (ES-wcm)        
    21         838         22063.7         1.43983     0.000488281      Successful search (ES-wcm)        
    21         839         22063.6         1.45928     0.000488281      Successful search (ES-wcm)        
    21         841         22063.5         1.46695     0.000488281      Successful search (ES-wcm)        
    21         842         22063.5         1.51335     0.000488281      Successful search (ES-wcm)        
    21         843         22063.2         1.56885     0.000488281      Successful search (ES-wcm)        
    21         844         22062.9         1.63636     0.000488281      Successful search (ES-wcm)        
    21         869         22061.7         2.57556     0.000976562        Successful poll           Train
    22         870         22062.2          1.3254     0.000976562      Successful search (ES-wcm)        
    22         871         22062.2         1.34718     0.000976562      Successful search (ES-wcm)        
    22         872           22062         1.36897     0.000976562      Successful search (ES-wcm)        
    22         873         22061.7         1.42747     0.000976562      Successful search (ES-wcm)        
    22         874         22061.3         1.53024     0.000976562      Successful search (ES-wcm)        
    22         875         22061.3         1.74176     0.000976562      Successful search (ES-wcm)        
    22         876         22060.7         2.07118     0.000976562      Successful search (ES-wcm)        
    22         877         22060.2         2.62583     0.000976562      Successful search (ES-wcm)        
    22         900         22058.6         5.46339      0.00195312        Successful poll           
Optimization terminated: reached maximum number of function evaluations options['max_fun_evals'].
Estimated function value at minimum: 22063.508222150776 ± 1.5142899460686228 (mean ± SEM from 100 samples)
BADS minimum at: x_min = [ 4.3428 17.8181  5.9571  0.      0.      0.3325  4.195   0.2675  4.0335
 35.8814], NLL = 22063.5082
total f-count: 1000, time: 55.45 min

 Optimization Run 3/10
Initial params: [1.3332, 8.7023, 14.9818, 0.3692, 0.1644, 0.4975, 35.5655, 1.9334, 3.753, 7.1578]
bads:TooCloseBounds: For each variable, hard and plausible bounds should not be too close. Moving plausible bounds.
Variables (index) internally transformed to log coordinates: [[0 0]
 [0 3]
 [0 4]
 [0 5]
 [0 6]
 [0 7]
 [0 8]
 [0 9]]
Beginning optimization of a STOCHASTIC objective function

 Iteration    f-count      E[f(x)]        SD[f(x)]           MeshScale          Method              Actions
     0           1         24701.4             nan               1                                  
     0          33         23723.5             nan               1          Initial mesh            Initial points
     0          34           23710        0.999956               1        Successful poll           Train
     1          41         23628.9        0.996426               1      Successful search (ES-ell)        
     1          42         23563.6         0.99732               1      Successful search (ES-wcm)        
     1          47           23410        0.999016               1      Successful search (ES-ell)        
     1          51         23404.3        0.996281               1      Successful search (ES-ell)        
     1          53           23400        0.974414               1      Successful search (ES-ell)        
     1          56           23397        0.983951               1      Successful search (ES-ell)        
     1          60         23371.8        0.983161               1      Successful search (ES-ell)        
     1          62         23363.8         0.98245               1      Successful search (ES-ell)        
     1          64         23345.6        0.982924               1      Successful search (ES-ell)        
     1          68         23329.9         0.98176               1      Successful search (ES-ell)        
     1          69         23306.2        0.982367               1      Successful search (ES-ell)        
     1          70         23260.7         0.98384               1      Successful search (ES-ell)        
     1          71           23034        0.983854               1      Successful search (ES-ell)        
     1          74         23004.3        0.983836               1      Successful search (ES-ell)        
     1          77         22998.2        0.949546               1      Successful search (ES-wcm)        
     1          79         22996.8         0.94902               1      Successful search (ES-ell)        
     1          80         22988.7        0.949025               1      Successful search (ES-ell)        
     1          83         22971.5        0.947865               1      Successful search (ES-ell)        
     1         107         22952.7         7.98038               1        Successful poll           Train
     2         108         22193.6         7.81963               1      Successful search (ES-ell)        
     2         109         22030.5         8.17148               1      Successful search (ES-ell)        
     2         118         22030.2         14.4873               1      Incremental search (ES-ell)        
     2         121         22001.9         14.5404               1      Successful search (ES-ell)        
     2         122         21983.8          15.378               1      Successful search (ES-ell)        
     2         125           21973         13.0796               1      Successful search (ES-ell)        
     2         149           21973         13.0796             0.5          Refine grid             Train
     3         173         21977.1         18.9009               1        Successful poll           Train
     4         174         21770.3         16.1292               1      Successful search (ES-ell)        
     4         175         21701.8         17.4739               1      Successful search (ES-ell)        
     4         176           21666          17.844               1      Successful search (ES-ell)        
     4         177         21657.5         18.1852               1      Successful search (ES-ell)        
     4         181         21614.9         19.4322               1      Successful search (ES-ell)        
     4         205         21614.9         19.4322             0.5          Refine grid             
     5         206         21626.6         8.40493             0.5      Successful search (ES-ell)        
     5         207           21621         13.8374             0.5      Successful search (ES-ell)        
     5         209         21617.1         14.8242             0.5      Successful search (ES-ell)        
     5         211           21606         14.6552             0.5      Successful search (ES-ell)        
     5         213         21592.5         13.8241             0.5      Successful search (ES-ell)        
     5         218         21592.4         7.81796             0.5      Incremental search (ES-ell)        
     5         220         21589.7         8.28456             0.5      Successful search (ES-ell)        
     5         230         21587.7          5.6785             0.5      Successful search (ES-wcm)        
     5         233         21585.7         5.94037             0.5      Successful search (ES-wcm)        
     5         234         21583.9          7.5377             0.5      Successful search (ES-wcm)        
     5         239         21583.5         6.45572             0.5      Successful search (ES-ell)        
     5         241         21580.4          6.5519             0.5      Successful search (ES-ell)        
     5         243         21580.1         6.80062             0.5      Incremental search (ES-ell)        
     5         244         21579.9         7.96314             0.5      Incremental search (ES-ell)        
     5         269         21579.9         7.96314            0.25          Refine grid             
     6         270         21583.6         5.44177            0.25      Successful search (ES-wcm)        
     6         273         21581.8         5.95518            0.25      Successful search (ES-wcm)        
     6         304         21581.8         5.95518           0.125          Refine grid             
     7         305           21584         4.07522           0.125      Successful search (ES-ell)        
     7         307         21582.9         4.39084           0.125      Successful search (ES-wcm)        
     7         309         21582.7         4.18096           0.125      Successful search (ES-ell)        
     7         327           21490         23.3676            0.25        Successful poll           
     8         328           21488         16.2535            0.25      Successful search (ES-wcm)        
     8         329         21451.2         16.3721            0.25      Successful search (ES-wcm)        
     8         331           21407          18.177            0.25      Successful search (ES-wcm)        
     8         332         21368.2         17.8268            0.25      Successful search (ES-wcm)        
     8         335         21359.5         16.0536            0.25      Successful search (ES-wcm)        
     8         336         21355.4         19.1685            0.25      Successful search (ES-wcm)        
     8         360         21173.6         21.9204             0.5        Successful poll           
     9         363         21148.6         15.9781             0.5      Successful search (ES-ell)        
     9         364         21125.4         14.9228             0.5      Successful search (ES-ell)        
     9         365         21100.1         16.6251             0.5      Successful search (ES-ell)        
     9         366         21092.6         17.9399             0.5      Successful search (ES-ell)        
     9         368         21078.2          16.131             0.5      Successful search (ES-ell)        
     9         369         21060.8         18.5895             0.5      Successful search (ES-ell)        
     9         370         21037.8         22.0659             0.5      Successful search (ES-wcm)        
     9         372         21023.6         17.9815             0.5      Successful search (ES-ell)        
     9         382         21018.4         11.2502             0.5      Successful search (ES-ell)        
     9         383         20995.3         16.2703             0.5      Successful search (ES-ell)        
     9         385         20980.2         17.0356             0.5      Successful search (ES-ell)        
     9         386         20974.9         18.0384             0.5      Successful search (ES-ell)        
     9         387         20910.8          18.674             0.5      Successful search (ES-ell)        
     9         388         20841.1         19.2851             0.5      Successful search (ES-ell)        
     9         390         20806.7         18.2482             0.5      Successful search (ES-ell)        
     9         414         20806.7         18.2482            0.25          Refine grid             
    10         415           20835         8.15464            0.25      Successful search (ES-ell)        
    10         416         20834.8         12.5925            0.25      Successful search (ES-ell)        
    10         418         20826.1         12.4855            0.25      Successful search (ES-wcm)        
    10         423         20823.9         7.34175            0.25      Successful search (ES-wcm)        
    10         426         20823.7         6.61969            0.25      Successful search (ES-wcm)        
    10         458         20823.7         6.61969           0.125          Refine grid             
    11         459         20827.6         3.69446           0.125      Successful search (ES-ell)        
    11         460           20826         4.47506           0.125      Successful search (ES-ell)        
    11         461         20822.4          6.6847           0.125      Successful search (ES-ell)        
    11         494         20822.4          6.6847          0.0625          Refine grid             Train
    12         495           20829         3.27717          0.0625      Successful search (ES-ell)        
    12         496         20827.4         3.64466          0.0625      Successful search (ES-ell)        
    12         497         20827.2         4.28505          0.0625      Successful search (ES-ell)        
    12         498           20825         4.99237          0.0625      Successful search (ES-ell)        
    12         499         20824.2         6.02122          0.0625      Successful search (ES-ell)        
    12         529         20824.2         6.02122         0.03125          Refine grid             
    13         531         20827.3         3.20496         0.03125      Successful search (ES-ell)        
    13         532         20826.9         3.17623         0.03125      Successful search (ES-ell)        
    13         533           20826         3.20459         0.03125      Successful search (ES-ell)        
    13         541         20825.8         3.13305         0.03125      Successful search (ES-ell)        
    13         573         20825.2         3.41541          0.0625        Successful poll           
    14         574         20826.3         3.99478          0.0625      Successful search (ES-wcm)        
    14         581         20826.1         3.71511          0.0625      Successful search (ES-wcm)        
    14         583         20825.9         3.78442          0.0625      Successful search (ES-wcm)        
    14         585         20825.2         3.81202          0.0625      Successful search (ES-ell)        
    14         586         20824.8         4.24532          0.0625      Successful search (ES-ell)        
    14         589         20824.4         3.89177          0.0625      Successful search (ES-ell)        
    14         618         20824.4         3.89177         0.03125          Refine grid             
    15         643         20827.6         2.75896        0.015625          Refine grid             Train
    16         644         20828.9         2.67518        0.015625      Successful search (ES-ell)        
    16         646         20828.3         2.75223        0.015625      Successful search (ES-ell)        
    16         647         20827.7          2.9107        0.015625      Successful search (ES-ell)        
    16         652         20827.4         2.80803        0.015625      Successful search (ES-wcm)        
    16         653         20826.9         2.88806        0.015625      Successful search (ES-wcm)        
    16         654         20826.4         3.12677        0.015625      Successful search (ES-wcm)        
    16         655         20825.5         3.43114        0.015625      Successful search (ES-wcm)        
    16         688         20820.7         6.33749         0.03125        Successful poll           
    17         690         20823.7         5.37373         0.03125      Successful search (ES-wcm)        
    17         723         20823.7         5.37373        0.015625          Refine grid             
    18         748         20827.9         3.09059       0.0078125          Refine grid             Train
    19         749         20828.6         2.85879       0.0078125      Successful search (ES-wcm)        
    19         750         20827.8          3.3658       0.0078125      Successful search (ES-wcm)        
    19         784         20827.5         8.11779        0.015625        Successful poll           
    20         785         20828.4         2.50828        0.015625      Successful search (ES-ell)        
    20         789           20828         2.63712        0.015625      Successful search (ES-ell)        
    20         790         20827.6         2.91257        0.015625      Successful search (ES-ell)        
    20         791         20827.1         3.36839        0.015625      Successful search (ES-ell)        
    20         793         20824.2          3.2152        0.015625      Successful search (ES-ell)        
    20         794         20820.3         4.11095        0.015625      Successful search (ES-ell)        
    20         795         20819.4         4.71606        0.015625      Successful search (ES-ell)        
    20         796         20815.8         5.42598        0.015625      Successful search (ES-ell)        
    20         831         20815.8         5.42598       0.0078125          Refine grid             
    21         859         20829.7          2.0284      0.00390625          Refine grid             Train
    22         860         20829.7         2.10689      0.00390625      Successful search (ES-ell)        
    22         861         20829.6         2.22789      0.00390625      Successful search (ES-ell)        
    22         862         20828.8         2.32007      0.00390625      Successful search (ES-ell)        
    22         895         20826.9         4.26869       0.0078125        Successful poll           Train
    23         897         20826.4         4.65312       0.0078125      Successful search (ES-ell)        
    23         898         20825.4         5.13227       0.0078125      Successful search (ES-wcm)        
    23         899         20822.5         6.37837       0.0078125      Successful search (ES-wcm)        
Optimization terminated: reached maximum number of function evaluations options['max_fun_evals'].
Estimated function value at minimum: 20830.10583697945 ± 2.274827701095071 (mean ± SEM from 100 samples)
BADS minimum at: x_min = [ 0.6229 19.2505  5.9972  0.      1.      0.4781  7.4212  0.     49.962
 49.9626], NLL = 20830.1058
total f-count: 1000, time: 59.94 min

 Optimization Run 4/10
Initial params: [0.9968, 6.6097, 14.8916, 0.0174, 0.3504, 0.313, 42.7464, 0.4677, 11.6296, 11.6065]
bads:TooCloseBounds: For each variable, hard and plausible bounds should not be too close. Moving plausible bounds.
Variables (index) internally transformed to log coordinates: [[0 0]
 [0 3]
 [0 4]
 [0 5]
 [0 6]
 [0 7]
 [0 8]
 [0 9]]
Beginning optimization of a STOCHASTIC objective function

 Iteration    f-count      E[f(x)]        SD[f(x)]           MeshScale          Method              Actions
     0           1         24701.4             nan               1                                  
     0          33         23723.9             nan               1          Initial mesh            Initial points
     0          34         23699.7         0.99981               1        Successful poll           Train
     1          35         23676.4        0.999835               1      Successful search (ES-wcm)        
     1          36         22945.6        0.999852               1      Successful search (ES-wcm)        
     1          42           22800        0.998962               1      Successful search (ES-wcm)        
     1          43         22592.7        0.998577               1      Successful search (ES-wcm)        
     1          47           22547        0.999445               1      Successful search (ES-wcm)        
     1          48         22416.5         0.99868               1      Successful search (ES-wcm)        
     1          50         22309.2        0.999155               1      Successful search (ES-ell)        
     1          51         22278.3        0.997449               1      Successful search (ES-ell)        
     1          62         22232.3          1.0273               1      Successful search (ES-wcm)        
     1          64         22166.8         1.01785               1      Successful search (ES-wcm)        
     1          68         22158.9         1.02529               1      Successful search (ES-wcm)        
     1          79           22158         1.09994               1      Incremental search (ES-wcm)        
     1          84         22119.8          1.0961               1      Successful search (ES-wcm)        
     1          92           22119         1.09432               1      Incremental search (ES-wcm)        
     1         105         22106.3         1.25797               1        Successful poll           Train
     2         128         22095.5         1.42128               1        Successful poll           Train
     3         153         22096.9         1.34643             0.5          Refine grid             Train
     4         159         22111.5         1.42776             0.5      Successful search (ES-wcm)        
     4         160         22110.7         6.97133             0.5      Successful search (ES-wcm)        
     4         191         22110.7         6.97133            0.25          Refine grid             Train
     5         202         22112.1         12.4751             0.5        Successful poll           Train
     6         205           22103         9.29769             0.5      Successful search (ES-wcm)        
     6         240           22103         9.29769            0.25          Refine grid             
     7         241           22113         8.87996            0.25      Successful search (ES-wcm)        
     7         242         22111.5         14.3096            0.25      Successful search (ES-wcm)        
     7         245         22096.7         9.92657            0.25      Successful search (ES-ell)        
     7         246         22027.8         11.4659            0.25      Successful search (ES-ell)        
     7         247         21775.4         14.9062            0.25      Successful search (ES-wcm)        
     7         248           21582         17.7387            0.25      Successful search (ES-wcm)        
     7         274         21389.8         18.4623             0.5        Successful poll           Train
     8         276         21273.9         19.9649             0.5      Successful search (ES-wcm)        
     8         278         21207.9         19.2985             0.5      Successful search (ES-wcm)        
     8         280         21108.6         18.8509             0.5      Successful search (ES-wcm)        
     8         286         21082.9           15.38             0.5      Successful search (ES-wcm)        
     8         287         21080.9          19.194             0.5      Successful search (ES-wcm)        
     8         289         20947.5         19.1136             0.5      Successful search (ES-wcm)        
     8         299           20932         13.8255             0.5      Successful search (ES-wcm)        
     8         300         20901.3         14.2284             0.5      Successful search (ES-ell)        
     8         301         20857.6          17.478             0.5      Successful search (ES-wcm)        
     8         302         20779.7         19.9344             0.5      Successful search (ES-wcm)        
     8         305         20612.1         20.0511             0.5      Successful search (ES-wcm)        
     8         310         20610.3         16.5085             0.5      Successful search (ES-ell)        
     8         314         20578.5         19.2993             0.5      Successful search (ES-wcm)        
     8         322           20578         11.4962             0.5      Successful search (ES-wcm)        
     8         323           20507         16.5733             0.5      Successful search (ES-wcm)        
     8         324         20500.8          14.269             0.5      Successful search (ES-ell)        
     8         325         20436.4         21.6745             0.5      Successful search (ES-ell)        
     8         328         20420.2         22.5461             0.5      Successful search (ES-wcm)        
     8         331         20317.8         23.1363             0.5      Successful search (ES-wcm)        
     8         333         20292.8         22.8504             0.5      Successful search (ES-wcm)        
     8         336         20256.8         22.5542             0.5      Successful search (ES-wcm)        
     8         338         20242.2         22.6719             0.5      Successful search (ES-wcm)        
     8         341         20185.7         21.5938             0.5      Successful search (ES-wcm)        
     8         342         20131.1         22.5616             0.5      Successful search (ES-wcm)        
     8         344         20068.9         22.2551             0.5      Successful search (ES-ell)        
     8         346         19996.7         21.7414             0.5      Successful search (ES-ell)        
     8         348         19985.5         21.3002             0.5      Successful search (ES-ell)        
     8         351         19965.9          19.542             0.5      Successful search (ES-ell)        
     8         352         19916.5         21.6438             0.5      Successful search (ES-ell)        
     8         355         19899.3          22.455             0.5      Successful search (ES-ell)        
     8         390         19835.2         26.5415               1        Successful poll           Train
     9         413         19826.6         26.5684               1        Successful poll           Train
    10         437         19826.6         26.5682             0.5          Refine grid             Train
    11         439         19807.3         19.2146             0.5      Successful search (ES-ell)        
    11         473         19800.5         20.8163               1        Successful poll           
    12         479         19797.7         19.5264               1      Successful search (ES-ell)        
    12         507         19781.1         24.1417               1        Successful poll           
    13         531         19781.2         24.1397             0.5          Refine grid             Train
    14         533         19826.8         19.3603             0.5      Successful search (ES-ell)        
    14         542           19818         18.5173             0.5      Successful search (ES-ell)        
    14         576           19818         18.5173            0.25          Refine grid             
    15         578         19823.4         9.80494            0.25      Successful search (ES-wcm)        
    15         579           19815         11.4687            0.25      Successful search (ES-wcm)        
    15         581         19814.5         7.44178            0.25      Successful search (ES-wcm)        
    15         583         19814.1         8.00229            0.25      Successful search (ES-ell)        
    15         584           19809         9.20187            0.25      Successful search (ES-ell)        
    15         585         19801.7         12.6679            0.25      Successful search (ES-ell)        
    15         614         19801.7         12.6679           0.125          Refine grid             
    16         615         19819.2         4.96119           0.125      Successful search (ES-ell)        
    16         616         19817.8         5.93621           0.125      Successful search (ES-ell)        
    16         619           19814         5.61607           0.125      Successful search (ES-ell)        
    16         620           19807         6.45829           0.125      Successful search (ES-ell)        
    16         622         19804.8         6.74587           0.125      Successful search (ES-ell)        
    16         624         19804.7          6.8953           0.125      Successful search (ES-ell)        
    16         625         19802.5         7.20666           0.125      Successful search (ES-ell)        
    16         626         19802.1         8.05487           0.125      Successful search (ES-ell)        
    16         628           19799         8.47655           0.125      Successful search (ES-ell)        
    16         629         19798.5         10.5631           0.125      Successful search (ES-ell)        
    16         632         19596.2         7.87252           0.125      Successful search (ES-ell)        
    16         633         19394.1          8.6402           0.125      Successful search (ES-ell)        
    16         661         19394.1          8.6402          0.0625          Refine grid             
    17         662         19825.7         4.49337          0.0625      Successful search (ES-ell)        
    17         663         19821.6         4.24509          0.0625      Successful search (ES-ell)        
    17         664         19817.7         4.80408          0.0625      Successful search (ES-ell)        
    17         665         19811.2         5.58442          0.0625      Successful search (ES-ell)        
    17         682         19428.6         5.60785           0.125        Successful poll           
    18         683         19415.7         6.39759           0.125      Successful search (ES-ell)        
    18         720         19415.7         6.39759          0.0625          Refine grid             
    19         721         19826.5         4.17088          0.0625      Successful search (ES-ell)        
    19         722         19816.3         3.81905          0.0625      Successful search (ES-wcm)        
    19         741         19183.7         7.15786           0.125        Successful poll           
    20         770         19309.6         6.94031          0.0625          Refine grid             
    21         771         19823.5         4.23896          0.0625      Successful search (ES-wcm)        
    21         772         19819.2         4.80643          0.0625      Successful search (ES-wcm)        
    21         773         19813.2         5.24396          0.0625      Successful search (ES-ell)        
    21         774         19811.9         7.31075          0.0625      Successful search (ES-ell)        
    21         776         19807.8         4.91118          0.0625      Successful search (ES-ell)        
    21         809         19807.8         4.91118         0.03125          Refine grid             
    22         810         19823.3          3.9164         0.03125      Successful search (ES-ell)        
    22         811         19822.7         4.08224         0.03125      Successful search (ES-ell)        
    22         812         19822.4          4.4961         0.03125      Successful search (ES-ell)        
    22         814         19820.7         4.66617         0.03125      Successful search (ES-ell)        
    22         818         19820.2         4.76707         0.03125      Successful search (ES-wcm)        
    22         819         19809.3         3.99953         0.03125      Successful search (ES-wcm)        
    22         821           19806         4.21986         0.03125      Successful search (ES-wcm)        
    22         822         19790.3         4.24811         0.03125      Successful search (ES-ell)        
    22         858         19790.3         4.24811        0.015625          Refine grid             
    23         859         19823.7          3.3625        0.015625      Successful search (ES-ell)        
    23         860           19822         3.12806        0.015625      Successful search (ES-wcm)        
    23         861         19819.4         2.98578        0.015625      Successful search (ES-wcm)        
    23         862           19817         3.14651        0.015625      Successful search (ES-wcm)        
    23         863         19813.1         3.28594        0.015625      Successful search (ES-wcm)        
    23         864         19811.7         3.63988        0.015625      Successful search (ES-wcm)        
    23         865         19809.5         4.63478        0.015625      Successful search (ES-wcm)        
    23         880         19433.4         8.04741         0.03125        Successful poll           
    24         881         19711.2          6.5079         0.03125      Successful search (ES-ell)        
    24         882         19658.6          6.6357         0.03125      Successful search (ES-ell)        
    24         883         19574.5         6.56775         0.03125      Successful search (ES-ell)        
    24         884         19498.8         6.71994         0.03125      Successful search (ES-ell)        
    24         885         19428.2         7.71587         0.03125      Successful search (ES-ell)        
    24         900         19428.2         7.71587        0.015625          Refine grid             
Optimization terminated: reached maximum number of function evaluations options['max_fun_evals'].
Estimated function value at minimum: 19839.567267966177 ± 2.068032025287911 (mean ± SEM from 100 samples)
BADS minimum at: x_min = [1.03150e+00 2.93170e+00 5.63280e+00 2.00000e-04 1.00000e+00 4.00700e-01
 0.00000e+00 7.13810e+00 1.72590e+00 2.68403e+01], NLL = 19839.5673
total f-count: 1000, time: 57.56 min

 Optimization Run 5/10
Initial params: [1.4865, 9.672, 5.576, 0.4583, 0.0617, 0.4004, 14.2899, 4.3386, 6.8408, 13.5092]
bads:TooCloseBounds: For each variable, hard and plausible bounds should not be too close. Moving plausible bounds.
Variables (index) internally transformed to log coordinates: [[0 0]
 [0 3]
 [0 4]
 [0 5]
 [0 6]
 [0 7]
 [0 8]
 [0 9]]
Beginning optimization of a STOCHASTIC objective function

 Iteration    f-count      E[f(x)]        SD[f(x)]           MeshScale          Method              Actions
     0           1         24701.4             nan               1                                  
     0          33         23721.6             nan               1          Initial mesh            Initial points
     0          34         23709.4        0.999988               1        Successful poll           Train
     1          40         23618.6        0.998053               1      Successful search (ES-wcm)        
     1          41         23582.1         0.99743               1      Successful search (ES-wcm)        
     1          46         23497.7        0.999528               1      Successful search (ES-wcm)        
     1          51         23460.9        0.991875               1      Successful search (ES-wcm)        
     1          52         23387.2        0.998289               1      Successful search (ES-ell)        
     1          53         23378.2        0.998531               1      Successful search (ES-ell)        
     1          55         23211.6         1.01377               1      Successful search (ES-ell)        
     1          56         22355.9         1.01377               1      Successful search (ES-wcm)        
     1          58         22317.7         1.01376               1      Successful search (ES-wcm)        
     1          59         22247.3         1.01371               1      Successful search (ES-wcm)        
     1          64         22221.9         1.01281               1      Successful search (ES-wcm)        
     1          67         22203.7         1.01212               1      Successful search (ES-wcm)        
     1          76         22118.9         1.13428               1      Successful search (ES-wcm)        
     1          78         22104.3         1.13419               1      Successful search (ES-wcm)        
     1          80         22099.2         1.13327               1      Successful search (ES-wcm)        
     1          81         22091.3         1.13415               1      Successful search (ES-wcm)        
     1          84         22054.3          1.1342               1      Successful search (ES-ell)        
     1         108         22054.3          1.1342             0.5          Refine grid             Train
     2         112         22071.8         6.08929             0.5      Successful search (ES-wcm)        
     2         113         22069.5         7.80048             0.5      Successful search (ES-ell)        
     2         114         21937.7         10.9049             0.5      Successful search (ES-ell)        
     2         115         21798.8         13.1149             0.5      Successful search (ES-wcm)        
     2         116         21632.9         18.5133             0.5      Successful search (ES-wcm)        
     2         144         21632.9         18.5133            0.25          Refine grid             Train
     3         145         21646.7         13.2899            0.25      Successful search (ES-wcm)        
     3         146         21614.1          21.541            0.25      Successful search (ES-wcm)        
     3         147         21426.8          23.141            0.25      Successful search (ES-wcm)        
     3         148         21293.2         20.3907            0.25      Successful search (ES-ell)        
     3         149         21252.5         21.1252            0.25      Successful search (ES-ell)        
     3         151         21239.9         21.4411            0.25      Successful search (ES-ell)        
     3         153         21218.7         21.4157            0.25      Successful search (ES-ell)        
     3         154         21154.8         21.7718            0.25      Successful search (ES-ell)        
     3         155         21132.8         17.1071            0.25      Successful search (ES-ell)        
     3         156         21130.4         16.3158            0.25      Successful search (ES-ell)        
     3         159         21121.3          12.318            0.25      Successful search (ES-ell)        
     3         176         20877.9         23.1186             0.5        Successful poll           
     4         177         20865.5         18.8259             0.5      Successful search (ES-ell)        
     4         212         20865.5         18.8259            0.25          Refine grid             
     5         213           21052         14.7461            0.25      Successful search (ES-ell)        
     5         215         21028.4         15.9596            0.25      Successful search (ES-ell)        
     5         216         20937.7         21.8985            0.25      Successful search (ES-wcm)        
     5         221           20876         21.9039            0.25      Successful search (ES-wcm)        
     5         227           20847         21.8406            0.25      Successful search (ES-wcm)        
     5         260           20847         21.8406           0.125          Refine grid             
     6         261         20863.2         6.86902           0.125      Successful search (ES-ell)        
     6         262         20859.4         11.8845           0.125      Successful search (ES-ell)        
     6         264         20845.6          18.568           0.125      Successful search (ES-wcm)        
     6         298         20845.6          18.568          0.0625          Refine grid             Train
     7         299         20849.9         4.69399          0.0625      Successful search (ES-wcm)        
     7         301         20849.1         5.91315          0.0625      Successful search (ES-wcm)        
     7         302         20847.9         9.45236          0.0625      Successful search (ES-wcm)        
     7         333         20846.9         7.33745           0.125        Successful poll           Train
     8         334         20845.8         12.5492           0.125      Successful search (ES-wcm)        
     8         371         20845.8         12.5492          0.0625          Refine grid             
     9         399         20854.2         3.45277         0.03125          Refine grid             Train
    10         400         20852.7         3.10135         0.03125      Successful search (ES-wcm)        
    10         401           20851         3.39349         0.03125      Successful search (ES-wcm)        
    10         402           20850         3.86596         0.03125      Successful search (ES-ell)        
    10         403         20849.7         5.01564         0.03125      Successful search (ES-ell)        
    10         404         20845.1         6.29806         0.03125      Successful search (ES-ell)        
    10         405         20836.3         8.01107         0.03125      Successful search (ES-ell)        
    10         407         20835.2         8.82318         0.03125      Successful search (ES-ell)        
    10         437         20835.2         8.82318        0.015625          Refine grid             Train
    11         438         20849.3         3.57412        0.015625      Successful search (ES-ell)        
    11         439           20849         3.66824        0.015625      Successful search (ES-ell)        
    11         440         20848.4         3.91645        0.015625      Successful search (ES-ell)        
    11         441         20848.2         4.19203        0.015625      Successful search (ES-ell)        
    11         442         20846.8         4.74389        0.015625      Successful search (ES-ell)        
    11         443         20845.7         5.69948        0.015625      Successful search (ES-ell)        
    11         444         20844.3         7.36992        0.015625      Successful search (ES-ell)        
    11         445         20839.7         9.54069        0.015625      Successful search (ES-ell)        
    11         476         20839.7         9.54069       0.0078125          Refine grid             
    12         477         20848.4         3.51728       0.0078125      Successful search (ES-ell)        
    12         483         20848.3         3.26529       0.0078125      Successful search (ES-wcm)        
    12         505         20847.2         2.97499        0.015625        Successful poll           
    13         534           20811         3.04768       0.0078125          Refine grid             
    14         535         20846.1         2.61527       0.0078125      Successful search (ES-ell)        
    14         537         20845.9         2.65163       0.0078125      Successful search (ES-ell)        
    14         541         20845.8         3.43863       0.0078125      Successful search (ES-ell)        
    14         542         20843.9         3.45184       0.0078125      Successful search (ES-ell)        
    14         543         20843.8         3.59112       0.0078125      Successful search (ES-ell)        
    14         544           20843         3.88299       0.0078125      Successful search (ES-ell)        
    14         545         20840.9         4.02547       0.0078125      Successful search (ES-ell)        
    14         546         20840.8         4.32639       0.0078125      Successful search (ES-ell)        
    14         547         20840.6         4.82205       0.0078125      Successful search (ES-ell)        
    14         548         20840.2         5.03956       0.0078125      Successful search (ES-wcm)        
    14         582         20840.2         5.03956      0.00390625          Refine grid             
    15         610         20842.4         2.71587       0.0078125        Successful poll           
    16         612         20843.6         2.68267       0.0078125      Successful search (ES-wcm)        
    16         640         20842.9         2.72697        0.015625        Successful poll           Train
    17         645         20841.4         3.05808        0.015625      Successful search (ES-wcm)        
    17         678         20840.7          7.7753         0.03125        Successful poll           
    18         679         20842.2         3.47183         0.03125      Successful search (ES-ell)        
    18         716         20842.2         3.47183        0.015625          Refine grid             
    19         717         20844.8         2.47852        0.015625      Successful search (ES-ell)        
    19         742         20840.1         4.70707         0.03125        Successful poll           Train
    20         745           20845         8.40756         0.03125      Successful search (ES-wcm)        
    20         754         20844.4         9.48439         0.03125      Successful search (ES-ell)        
    20         790         20844.4         9.48439        0.015625          Refine grid             
    21         819         20846.9         1.84618       0.0078125          Refine grid             
    22         848         20846.8         2.82945      0.00390625          Refine grid             Train
    23         877         20846.6         3.26666      0.00195312          Refine grid             Train
    24         900         20846.5          3.2249     0.000976562          Refine grid             Train
Optimization terminated: reached maximum number of function evaluations options['max_fun_evals'].
Estimated function value at minimum: 20845.905493460356 ± 1.8757739402804758 (mean ± SEM from 100 samples)
BADS minimum at: x_min = [ 0.6255 12.1493  5.6202  0.6681  0.9998  0.4429  6.8002  0.5433 49.6416
  1.656 ], NLL = 20845.9055
total f-count: 1000, time: 58.27 min

 Optimization Run 6/10
Initial params: [0.8765, 4.1036, 3.6341, 0.1545, 0.2679, 0.3666, 47.2425, 0.168, 0.4716, 19.177]
bads:TooCloseBounds: For each variable, hard and plausible bounds should not be too close. Moving plausible bounds.
Variables (index) internally transformed to log coordinates: [[0 0]
 [0 3]
 [0 4]
 [0 5]
 [0 6]
 [0 7]
 [0 8]
 [0 9]]
Beginning optimization of a STOCHASTIC objective function

 Iteration    f-count      E[f(x)]        SD[f(x)]           MeshScale          Method              Actions
     0           1         24701.4             nan               1                                  
     0          33         23728.2             nan               1          Initial mesh            Initial points
     0          34         23652.9        0.999967               1        Successful poll           Train
     1          42         23640.9        0.992486               1      Successful search (ES-wcm)        
     1          43         23596.8        0.990623               1      Successful search (ES-wcm)        
     1          44         23589.9        0.995034               1      Successful search (ES-wcm)        
     1          45         22548.5        0.999647               1      Successful search (ES-wcm)        
     1          50         22290.8        0.996782               1      Successful search (ES-wcm)        
     1          52         22181.9        0.992671               1      Successful search (ES-wcm)        
     1          53           22119        0.999075               1      Successful search (ES-wcm)        
     1          60         22062.3        0.983953               1      Successful search (ES-wcm)        
     1          89         22062.3        0.983953             0.5          Refine grid             Train
     2         117         22070.5        0.930425            0.25          Refine grid             Train
     3         118         22069.9         7.73006            0.25      Successful search (ES-wcm)        
     3         156         22069.9         7.73006           0.125          Refine grid             Train
     4         157         22075.3         2.44958           0.125      Successful search (ES-wcm)        
     4         158         22071.4         3.37657           0.125      Successful search (ES-ell)        
     4         159           22071         5.26037           0.125      Successful search (ES-ell)        
     4         160         22070.7         8.40164           0.125      Successful search (ES-ell)        
     4         195         22070.7         8.40164          0.0625          Refine grid             Train
     5         196         22082.5         2.65564          0.0625      Successful search (ES-ell)        
     5         197         22079.3         2.83888          0.0625      Successful search (ES-ell)        
     5         198         22076.9         3.89259          0.0625      Successful search (ES-ell)        
     5         199         22071.6         5.90622          0.0625      Successful search (ES-ell)        
     5         200         22071.2         7.68259          0.0625      Successful search (ES-ell)        
     5         234         22071.2         7.68259         0.03125          Refine grid             Train
     6         235         22078.2         2.54529         0.03125      Successful search (ES-ell)        
     6         236         22077.3           2.614         0.03125      Successful search (ES-ell)        
     6         237         22076.9          2.7912         0.03125      Successful search (ES-ell)        
     6         238         22075.7         3.07805         0.03125      Successful search (ES-ell)        
     6         239         22074.6         3.55088         0.03125      Successful search (ES-ell)        
     6         240         22074.3         4.32791         0.03125      Successful search (ES-ell)        
     6         273         22074.3         4.32791        0.015625          Refine grid             
     7         274         22076.1         2.36839        0.015625      Successful search (ES-ell)        
     7         275           22076         2.37544        0.015625      Successful search (ES-ell)        
     7         276         22075.9         2.41727        0.015625      Successful search (ES-ell)        
     7         277         22075.2         2.56651        0.015625      Successful search (ES-wcm)        
     7         278           22075         2.73699        0.015625      Successful search (ES-ell)        
     7         279           22074         2.98177        0.015625      Successful search (ES-ell)        
     7         280         22072.6         3.45413        0.015625      Successful search (ES-ell)        
     7         281         22072.2         4.61827        0.015625      Successful search (ES-ell)        
     7         283         22070.6         5.92337        0.015625      Successful search (ES-ell)        
     7         312         22070.6         5.92337       0.0078125          Refine grid             
     8         341         22076.4         2.16603      0.00390625          Refine grid             Train
     9         342         22076.6         1.93807      0.00390625      Successful search (ES-ell)        
     9         343         22076.2         1.93532      0.00390625      Successful search (ES-ell)        
     9         344         22076.1         1.95163      0.00390625      Successful search (ES-wcm)        
     9         345         22075.8         1.96552      0.00390625      Successful search (ES-wcm)        
     9         346           22075         1.99044      0.00390625      Successful search (ES-wcm)        
     9         347         22074.1         2.07401      0.00390625      Successful search (ES-wcm)        
     9         348           22073         2.16158      0.00390625      Successful search (ES-wcm)        
     9         349         22072.5         2.31513      0.00390625      Successful search (ES-wcm)        
     9         350         22071.4         2.63021      0.00390625      Successful search (ES-wcm)        
     9         351         22069.2         2.99203      0.00390625      Successful search (ES-wcm)        
     9         352         22069.1         2.98225      0.00390625      Successful search (ES-wcm)        
     9         353         22068.2         2.97718      0.00390625      Successful search (ES-wcm)        
     9         385           22068         4.00075       0.0078125        Successful poll           Train
    10         386         22075.1         3.10119       0.0078125      Successful search (ES-wcm)        
    10         387         22074.9         3.10323       0.0078125      Successful search (ES-wcm)        
    10         388         22074.1          3.1307       0.0078125      Successful search (ES-wcm)        
    10         424         22071.7         3.51938        0.015625        Successful poll           
    11         425         22075.3         2.04158        0.015625      Successful search (ES-ell)        
    11         426         22074.9         2.11756        0.015625      Successful search (ES-ell)        
    11         428         22074.2         2.22944        0.015625      Successful search (ES-ell)        
    11         435         22074.2         2.15575        0.015625      Successful search (ES-ell)        
    11         436         22073.8          2.3413        0.015625      Successful search (ES-ell)        
    11         437         22073.7         2.64761        0.015625      Successful search (ES-ell)        
    11         438         22072.7         2.89458        0.015625      Successful search (ES-wcm)        
    11         439         22071.7         3.38022        0.015625      Successful search (ES-wcm)        
    11         440         22070.9         3.96217        0.015625      Successful search (ES-wcm)        
    11         441         22069.9         5.07042        0.015625      Successful search (ES-wcm)        
    11         442         22065.1         6.39727        0.015625      Successful search (ES-wcm)        
    11         444         22064.2         6.70691        0.015625      Successful search (ES-ell)        
    11         472         22064.2         6.70691       0.0078125          Refine grid             
    12         473           22074         2.76389       0.0078125      Successful search (ES-ell)        
    12         474         22073.9         2.74605       0.0078125      Successful search (ES-ell)        
    12         475         22073.2         2.74521       0.0078125      Successful search (ES-ell)        
    12         476           22073         2.76628       0.0078125      Successful search (ES-ell)        
    12         511         22067.7         8.04107        0.015625        Successful poll           
    13         512           22075         1.81277        0.015625      Successful search (ES-ell)        
    13         517           22075         1.77297        0.015625      Successful search (ES-wcm)        
    13         518         22074.8         1.79111        0.015625      Successful search (ES-wcm)        
    13         521         22074.7         1.79991        0.015625      Successful search (ES-ell)        
    13         522         22074.5         1.85542        0.015625      Successful search (ES-wcm)        
    13         523         22074.4         2.02665        0.015625      Successful search (ES-ell)        
    13         524         22074.1         2.28585        0.015625      Successful search (ES-ell)        
    13         525         22073.4         2.64713        0.015625      Successful search (ES-ell)        
    13         526         22072.5         3.35417        0.015625      Successful search (ES-ell)        
    13         527         22071.9         4.39224        0.015625      Successful search (ES-ell)        
    13         560         22071.9         4.39224       0.0078125          Refine grid             
    14         561           22075         2.01633       0.0078125      Successful search (ES-wcm)        
    14         567           22075         1.93321       0.0078125      Successful search (ES-wcm)        
    14         589         22068.8         7.12192        0.015625        Successful poll           Train
    15         617         22074.1         6.53689         0.03125        Successful poll           Train
    16         635         22073.1         4.53417          0.0625        Successful poll           Train
    17         662           22062         5.57348           0.125        Successful poll           Train
    18         678         22027.6         9.25311            0.25        Successful poll           Train
    19         705         22075.5         1.54969           0.125          Refine grid             Train
    20         706         22071.8         3.93093           0.125      Successful search (ES-ell)        
    20         708         22066.5            6.21           0.125      Successful search (ES-ell)        
    20         709         22065.5         8.54036           0.125      Successful search (ES-ell)        
    20         744         22065.5         8.54036          0.0625          Refine grid             Train
    21         745         22072.4         2.43121          0.0625      Successful search (ES-ell)        
    21         746         22068.4         4.03528          0.0625      Successful search (ES-wcm)        
    21         747         22067.1         4.81226          0.0625      Successful search (ES-wcm)        
    21         783         22067.1         4.81226         0.03125          Refine grid             
    22         796         22060.9         4.69619          0.0625        Successful poll           Train
    23         825         22075.8         3.90301         0.03125          Refine grid             Train
    24         826         22075.1         1.46208         0.03125      Successful search (ES-wcm)        
    24         827         22073.7         2.06829         0.03125      Successful search (ES-ell)        
    24         828         22071.4         2.96072         0.03125      Successful search (ES-ell)        
    24         829         22069.6         4.66829         0.03125      Successful search (ES-ell)        
    24         830         22068.6         6.45242         0.03125      Successful search (ES-ell)        
    24         831         22067.4         8.06983         0.03125      Successful search (ES-ell)        
    24         864         22067.4         8.06983        0.015625          Refine grid             
    25         865         22075.7         1.59266        0.015625      Successful search (ES-ell)        
    25         866         22075.4         1.83971        0.015625      Successful search (ES-ell)        
    25         868         22074.7         2.01651        0.015625      Successful search (ES-ell)        
    25         869         22073.9         2.39316        0.015625      Successful search (ES-ell)        
    25         870         22072.7         3.10284        0.015625      Successful search (ES-ell)        
    25         895         22069.1         7.05845         0.03125        Successful poll           Train
    26         896           22071         3.91772         0.03125      Successful search (ES-ell)        
    26         897         22068.4         4.45347         0.03125      Successful search (ES-ell)        
Optimization terminated: reached maximum number of function evaluations options['max_fun_evals'].
Estimated function value at minimum: 22074.209210911165 ± 1.7027238857748261 (mean ± SEM from 100 samples)
BADS minimum at: x_min = [4.99970e+00 6.77050e+00 5.93710e+00 1.40000e-03 0.00000e+00 3.45600e-01
 4.28910e+00 3.10000e-03 4.41550e+00 2.85536e+01], NLL = 22074.2092
total f-count: 1000, time: 58.88 min

 Optimization Run 7/10
Initial params: [0.5428, 2.0278, 14.9678, 0.3157, 0.4913, 0.1145, 47.1006, 4.459, 11.1068, 15.2846]
bads:TooCloseBounds: For each variable, hard and plausible bounds should not be too close. Moving plausible bounds.
Variables (index) internally transformed to log coordinates: [[0 0]
 [0 3]
 [0 4]
 [0 5]
 [0 6]
 [0 7]
 [0 8]
 [0 9]]
Beginning optimization of a STOCHASTIC objective function

 Iteration    f-count      E[f(x)]        SD[f(x)]           MeshScale          Method              Actions
     0           1         24701.4             nan               1                                  
     0          33         23725.2             nan               1          Initial mesh            Initial points
     0          34         23688.7        0.999931               1        Successful poll           Train
     1          41         23619.3        0.995763               1      Successful search (ES-ell)        
     1          42           23565        0.997813               1      Successful search (ES-ell)        
     1          44         23526.1        0.995422               1      Successful search (ES-wcm)        
     1          45         23514.1         0.99992               1      Successful search (ES-ell)        
     1          47         23403.7        0.999873               1      Successful search (ES-wcm)        
     1          52         23342.7        0.998091               1      Successful search (ES-wcm)        
     1          55         23318.3         1.00323               1      Successful search (ES-wcm)        
     1          56         23247.1         1.00316               1      Successful search (ES-wcm)        
     1          59         23112.5         1.00318               1      Successful search (ES-wcm)        
     1          61         23095.5         1.00297               1      Successful search (ES-wcm)        
     1          66         23045.6         1.00267               1      Successful search (ES-ell)        
     1          69         23044.7         1.00122               1      Incremental search (ES-ell)        
     1          75         23038.5         1.00223               1      Successful search (ES-ell)        
     1          76           22463         1.13469               1      Successful search (ES-ell)        
     1          79           22003         1.13424               1      Successful search (ES-ell)        
     1          83         21995.5         1.12425               1      Successful search (ES-ell)        
     1          85           21993         1.12112               1      Successful search (ES-ell)        
     1          87         21964.9         1.13062               1      Successful search (ES-ell)        
     1          97         21898.7         1.14602               1      Successful search (ES-wcm)        
     1          99         21686.1         1.14605               1      Successful search (ES-wcm)        
     1         101         21616.8         1.14591               1      Successful search (ES-wcm)        
     1         108         21584.1         1.14323               1      Successful search (ES-wcm)        
     1         136         21521.8         9.12371               1        Successful poll           
     2         142         21499.7         17.9725               1      Successful search (ES-wcm)        
     2         151         21415.6         21.1093               1      Successful search (ES-wcm)        
     2         152         21102.1         21.9987               1      Successful search (ES-wcm)        
     2         162           21101          19.396               1      Successful search (ES-wcm)        
     2         171         21058.1          19.137               1      Successful search (ES-wcm)        
     2         172         21028.9         19.7902               1      Successful search (ES-wcm)        
     2         176         20941.3         19.7445               1      Successful search (ES-wcm)        
     2         179         20911.6          18.668               1      Successful search (ES-ell)        
     2         182         20890.9         15.5739               1      Successful search (ES-ell)        
     2         183         20881.7         15.9514               1      Successful search (ES-ell)        
     2         184         20869.7         17.3737               1      Successful search (ES-ell)        
     2         186         20865.2         17.7307               1      Successful search (ES-ell)        
     2         188         20855.8         17.3609               1      Successful search (ES-ell)        
     2         198         20855.6         13.5712               1      Incremental search (ES-ell)        
     2         200         20850.9         16.1671               1      Successful search (ES-ell)        
     2         206         20844.6         17.5259               1      Successful search (ES-wcm)        
     2         209         20844.2         15.9937               1      Incremental search (ES-ell)        
     2         213         20832.5         12.2904               1      Successful search (ES-ell)        
     2         223         20826.8         16.4572               1      Successful search (ES-wcm)        
     2         225         20816.4         11.4817               1      Successful search (ES-ell)        
     2         228         20815.5         14.7531               1      Incremental search (ES-ell)        
     2         246         20815.5         14.7531             0.5          Refine grid             
     3         247         20820.3         10.1122             0.5      Successful search (ES-ell)        
     3         249         20811.6         12.0188             0.5      Successful search (ES-ell)        
     3         251         20805.3         14.3425             0.5      Successful search (ES-ell)        
     3         279         20803.7         12.7702               1        Successful poll           
     4         283         20798.4         10.2386               1      Successful search (ES-ell)        
     4         310         20798.4         10.2386             0.5          Refine grid             
     5         311         20813.1          8.2569             0.5      Successful search (ES-ell)        
     5         312         20807.6         12.4015             0.5      Successful search (ES-ell)        
     5         324         20806.3         5.82401             0.5      Successful search (ES-wcm)        
     5         334         20806.3         4.75571             0.5      Incremental search (ES-wcm)        
     5         356         20806.3         4.75571            0.25          Refine grid             
     6         358         20808.3         3.94618            0.25      Successful search (ES-wcm)        
     6         361         20807.9         4.21988            0.25      Successful search (ES-wcm)        
     6         369           20807         3.93625            0.25      Successful search (ES-ell)        
     6         370         20806.7         4.76186            0.25      Successful search (ES-ell)        
     6         377         20806.3         3.82626            0.25      Successful search (ES-wcm)        
     6         379         20805.7         4.98472            0.25      Successful search (ES-wcm)        
     6         414         20805.7         4.98472           0.125          Refine grid             
     7         415         20809.2         3.46727           0.125      Successful search (ES-wcm)        
     7         416         20808.1         4.17196           0.125      Successful search (ES-wcm)        
     7         421         20807.7         3.67687           0.125      Successful search (ES-ell)        
     7         422         20806.4            3.95           0.125      Successful search (ES-ell)        
     7         423         20805.4         4.60801           0.125      Successful search (ES-ell)        
     7         452         20805.4         4.60801          0.0625          Refine grid             Train
     8         453         20810.3         5.26076          0.0625      Successful search (ES-wcm)        
     8         487         20809.9         7.26705           0.125        Successful poll           Train
     9         488         20750.7         5.79624           0.125      Successful search (ES-ell)        
     9         523         20750.7         5.79624          0.0625          Refine grid             
    10         550         20809.6         3.07577         0.03125          Refine grid             Train
    11         551         20811.7         2.56442         0.03125      Successful search (ES-ell)        
    11         552         20811.7         2.89391         0.03125      Successful search (ES-ell)        
    11         553         20808.6         2.97607         0.03125      Successful search (ES-ell)        
    11         554         20806.6         3.45551         0.03125      Successful search (ES-ell)        
    11         588         20806.6         3.45551        0.015625          Refine grid             Train
    12         593         20812.1         3.13791        0.015625      Successful search (ES-ell)        
    12         594         20811.5         3.07499        0.015625      Successful search (ES-ell)        
    12         601         20811.5         2.89822        0.015625      Successful search (ES-ell)        
    12         602         20811.1         2.84892        0.015625      Successful search (ES-wcm)        
    12         603         20811.1         2.73708        0.015625      Successful search (ES-wcm)        
    12         605         20810.6         2.62981        0.015625      Successful search (ES-wcm)        
    12         606         20809.8         2.61397        0.015625      Successful search (ES-wcm)        
    12         607         20808.8         3.06496        0.015625      Successful search (ES-ell)        
    12         608         20807.8         3.78486        0.015625      Successful search (ES-ell)        
    12         610         20807.1         3.79638        0.015625      Successful search (ES-ell)        
    12         612         20806.8          3.6923        0.015625      Successful search (ES-wcm)        
    12         613         20806.6         3.71734        0.015625      Successful search (ES-wcm)        
    12         616         20806.3         3.54167        0.015625      Successful search (ES-wcm)        
    12         619         20806.2         3.44253        0.015625      Successful search (ES-wcm)        
    12         627         20806.2         3.14108        0.015625      Successful search (ES-ell)        
    12         639         20801.4         7.85643         0.03125        Successful poll           Train
    13         640         20798.1         2.31158         0.03125      Successful search (ES-wcm)        
    13         643         20787.4         2.41756         0.03125      Successful search (ES-ell)        
    13         644           20760         2.57521         0.03125      Successful search (ES-ell)        
    13         645         20726.3         3.49391         0.03125      Successful search (ES-ell)        
    13         646         20676.7         3.93454         0.03125      Successful search (ES-ell)        
    13         647         20620.9         5.27642         0.03125      Successful search (ES-ell)        
    13         648         20584.8         6.74677         0.03125      Successful search (ES-ell)        
    13         677         20584.8         6.74677        0.015625          Refine grid             
    14         678           20809         3.70491        0.015625      Successful search (ES-wcm)        
    14         688         20808.9         3.38598        0.015625      Successful search (ES-ell)        
    14         689         20808.2         3.15791        0.015625      Successful search (ES-ell)        
    14         690         20807.9         3.82179        0.015625      Successful search (ES-ell)        
    14         694         20807.6         3.96295        0.015625      Successful search (ES-wcm)        
    14         695         20807.1         4.71378        0.015625      Successful search (ES-wcm)        
    14         696           20807         5.65056        0.015625      Successful search (ES-wcm)        
    14         725           20807         5.65056       0.0078125          Refine grid             
    15         726         20806.7         3.91305       0.0078125      Successful search (ES-wcm)        
    15         727         20806.3         3.97282       0.0078125      Successful search (ES-wcm)        
    15         728         20805.9         4.07725       0.0078125      Successful search (ES-wcm)        
    15         729           20805         4.27902       0.0078125      Successful search (ES-wcm)        
    15         730         20803.8         4.51261       0.0078125      Successful search (ES-wcm)        
    15         731         20801.9         4.90827       0.0078125      Successful search (ES-wcm)        
    15         733         20801.3         5.06615       0.0078125      Successful search (ES-wcm)        
    15         748         20783.1         6.78413        0.015625        Successful poll           
    16         777           20790         9.75257       0.0078125          Refine grid             
    17         778         20808.1         2.29247       0.0078125      Successful search (ES-ell)        
    17         779         20807.6         2.58205       0.0078125      Successful search (ES-ell)        
    17         780         20805.8         3.12045       0.0078125      Successful search (ES-ell)        
    17         799           20784         5.49309        0.015625        Successful poll           
    18         824         20771.2         4.59035         0.03125        Successful poll           
    19         839         20741.3         4.41141          0.0625        Successful poll           
    20         867         20741.3         4.41118         0.03125          Refine grid             
    21         895         20805.1         2.51067        0.015625          Refine grid             Train
    22         896           20808         3.67776        0.015625      Successful search (ES-wcm)        
Optimization terminated: reached maximum number of function evaluations options['max_fun_evals'].
Estimated function value at minimum: 20811.64197686243 ± 2.2653885039621806 (mean ± SEM from 100 samples)
BADS minimum at: x_min = [1.07000e-02 1.42971e+01 5.95020e+00 0.00000e+00 1.00000e+00 4.70400e-01
 4.29760e+00 3.10700e+00 4.83410e+01 2.05425e+01], NLL = 20811.642
total f-count: 1000, time: 59.85 min

 Optimization Run 8/10
Initial params: [0.6604, 6.2574, 2.4086, 0.1753, 0.2987, 0.1442, 34.2291, 1.9976, 2.5987, 7.2382]
bads:TooCloseBounds: For each variable, hard and plausible bounds should not be too close. Moving plausible bounds.
Variables (index) internally transformed to log coordinates: [[0 0]
 [0 3]
 [0 4]
 [0 5]
 [0 6]
 [0 7]
 [0 8]
 [0 9]]
Beginning optimization of a STOCHASTIC objective function

 Iteration    f-count      E[f(x)]        SD[f(x)]           MeshScale          Method              Actions
     0           1         24701.4             nan               1                                  
     0          33         23731.3             nan               1          Initial mesh            Initial points
     0          34         23704.8         0.99994               1        Successful poll           Train
     1          38         23671.6         0.99976               1      Successful search (ES-wcm)        
     1          45         23610.1        0.999575               1      Successful search (ES-wcm)        
     1          46         23373.8        0.999981               1      Successful search (ES-wcm)        
     1          47         23007.9        0.999967               1      Successful search (ES-wcm)        
     1          49         22846.3        0.999953               1      Successful search (ES-wcm)        
     1          50         22765.9        0.999907               1      Successful search (ES-wcm)        
     1          55         22609.9         1.00389               1      Successful search (ES-wcm)        
     1          56           22559         1.00386               1      Successful search (ES-wcm)        
     1          57         22493.4         1.00385               1      Successful search (ES-wcm)        
     1          58         22473.9         1.00383               1      Successful search (ES-wcm)        
     1          59         22174.6         1.00391               1      Successful search (ES-ell)        
     1          63         21693.3         1.00374               1      Successful search (ES-ell)        
     1          68           21642         1.00366               1      Successful search (ES-wcm)        
     1          69         21497.9         1.00297               1      Successful search (ES-ell)        
     1          70         21350.3         1.00211               1      Successful search (ES-ell)        
     1          79         21120.3        0.938315               1      Successful search (ES-ell)        
     1          81         21108.3        0.937832               1      Successful search (ES-ell)        
     1          82         21059.7        0.938014               1      Successful search (ES-ell)        
     1          83         21059.6        0.937841               1      Incremental search (ES-ell)        
     1          86         21014.4        0.937498               1      Successful search (ES-ell)        
     1          90         20998.9        0.934334               1      Successful search (ES-wcm)        
     1          92           20982        0.898177               1      Successful search (ES-ell)        
     1          93           20952        0.875379               1      Successful search (ES-ell)        
     1         116           20952        0.875379             0.5          Refine grid             
     2         119         20970.8         4.92009             0.5      Successful search (ES-ell)        
     2         121         20958.2         6.93731             0.5      Successful search (ES-ell)        
     2         123         20957.9          6.8892             0.5      Incremental search (ES-ell)        
     2         139         20955.7         6.04199               1        Successful poll           Train
     3         140         20914.6         14.7366               1      Successful search (ES-ell)        
     3         172         20914.6         14.7366             0.5          Refine grid             Train
     4         173         20873.7         15.7035             0.5      Successful search (ES-wcm)        
     4         174         20732.9         19.1122             0.5      Successful search (ES-wcm)        
     4         177         20678.1         19.0375             0.5      Successful search (ES-wcm)        
     4         181           20606         20.2158             0.5      Successful search (ES-wcm)        
     4         182         20533.4         20.8376             0.5      Successful search (ES-wcm)        
     4         184         20499.1         19.4424             0.5      Successful search (ES-wcm)        
     4         187         20441.7         19.8497             0.5      Successful search (ES-wcm)        
     4         188         20416.7          19.952             0.5      Successful search (ES-wcm)        
     4         191         20398.9         20.7149             0.5      Successful search (ES-wcm)        
     4         193         20331.9         20.6121             0.5      Successful search (ES-wcm)        
     4         197         20292.8         19.9903             0.5      Successful search (ES-wcm)        
     4         226         20030.9         20.7888               1        Successful poll           
     5         228         20012.8         19.4407               1      Successful search (ES-ell)        
     5         229         19965.2         19.9941               1      Successful search (ES-ell)        
     5         257         19965.2         19.9941             0.5          Refine grid             
     6         258         19972.6         20.6397             0.5      Successful search (ES-wcm)        
     6         290         19972.6         20.6397            0.25          Refine grid             Train
     7         291         19925.7          15.294            0.25      Successful search (ES-wcm)        
     7         292         19906.2         22.9883            0.25      Successful search (ES-wcm)        
     7         295         19892.3         19.5569            0.25      Successful search (ES-wcm)        
     7         296         19883.9         17.0414            0.25      Successful search (ES-ell)        
     7         298         19856.4          21.875            0.25      Successful search (ES-wcm)        
     7         305         19854.9         11.0717            0.25      Successful search (ES-ell)        
     7         307         19845.4          9.1026            0.25      Successful search (ES-wcm)        
     7         309         19844.3         11.0061            0.25      Successful search (ES-wcm)        
     7         313         19843.6         8.45471            0.25      Successful search (ES-ell)        
     7         314         19838.8         8.92669            0.25      Successful search (ES-ell)        
     7         315         19833.2          10.366            0.25      Successful search (ES-ell)        
     7         320         19832.7         7.49823            0.25      Successful search (ES-ell)        
     7         321         19831.1         9.35769            0.25      Successful search (ES-ell)        
     7         334         19830.9         8.83686            0.25      Successful search (ES-wcm)        
     7         341         19830.1          6.4032            0.25      Successful search (ES-ell)        
     7         343         19826.1         8.39168            0.25      Successful search (ES-ell)        
     7         374         19826.1         8.39168           0.125          Refine grid             
     8         375         19834.6         4.54034           0.125      Successful search (ES-wcm)        
     8         378         19832.4         5.52305           0.125      Successful search (ES-wcm)        
     8         410         19832.4         5.52305          0.0625          Refine grid             
     9         411         19834.4          3.6225          0.0625      Successful search (ES-ell)        
     9         412         19833.7         4.18292          0.0625      Successful search (ES-ell)        
     9         413         19829.4         4.40567          0.0625      Successful search (ES-wcm)        
     9         447         19828.2         2.60817           0.125        Successful poll           Train
    10         448         19828.8         3.47766           0.125      Successful search (ES-wcm)        
    10         449         19827.4         4.58179           0.125      Successful search (ES-wcm)        
    10         483         19827.4         4.58179          0.0625          Refine grid             
    11         487         19829.7          2.7547          0.0625      Successful search (ES-wcm)        
    11         488         19829.2         2.84133          0.0625      Successful search (ES-wcm)        
    11         489         19828.3         3.26697          0.0625      Successful search (ES-wcm)        
    11         491         19828.3         3.62173          0.0625      Incremental search (ES-wcm)        
    11         492         19827.1         4.23014          0.0625      Successful search (ES-wcm)        
    11         493         19825.7         5.06133          0.0625      Successful search (ES-wcm)        
    11         494         19824.2         5.39735          0.0625      Successful search (ES-wcm)        
    11         495         19822.4         5.98559          0.0625      Successful search (ES-wcm)        
    11         530         19822.4         5.98559         0.03125          Refine grid             
    12         541           19580         3.75073          0.0625        Successful poll           
    13         542         19630.8         5.16903          0.0625      Successful search (ES-ell)        
    13         577         19630.8         5.16903         0.03125          Refine grid             
    14         604         19832.1         2.13714        0.015625          Refine grid             Train
    15         631         19832.1         2.96021       0.0078125          Refine grid             Train
    16         632         19831.6         2.14746       0.0078125      Successful search (ES-ell)        
    16         634           19831         2.26933       0.0078125      Successful search (ES-ell)        
    16         635         19830.4         2.29454       0.0078125      Successful search (ES-wcm)        
    16         642         19827.5         2.45722       0.0078125      Successful search (ES-ell)        
    16         643         19808.4         2.45381       0.0078125      Successful search (ES-ell)        
    16         644         19782.9         3.13469       0.0078125      Successful search (ES-ell)        
    16         645         19757.2         3.91457       0.0078125      Successful search (ES-ell)        
    16         646           19720         4.38784       0.0078125      Successful search (ES-ell)        
    16         647         19655.7         3.62109       0.0078125      Successful search (ES-ell)        
    16         679         19655.7         3.62109      0.00390625          Refine grid             
    17         707         19831.8          2.0617      0.00195312          Refine grid             Train
    18         708         19831.4         2.07787      0.00195312      Successful search (ES-ell)        
    18         709         19831.2         2.08882      0.00195312      Successful search (ES-ell)        
    18         718           19831         2.04211      0.00195312      Successful search (ES-ell)        
    18         719         19830.6         2.04266      0.00195312      Successful search (ES-wcm)        
    18         720         19830.5         2.04132      0.00195312      Successful search (ES-wcm)        
    18         721         19830.3         2.04819      0.00195312      Successful search (ES-wcm)        
    18         722         19829.2         2.14442      0.00195312      Successful search (ES-ell)        
    18         723         19828.1         2.36147      0.00195312      Successful search (ES-ell)        
    18         724         19826.1         2.82107      0.00195312      Successful search (ES-ell)        
    18         725         19824.1         3.59177      0.00195312      Successful search (ES-ell)        
    18         755         19824.1         3.59177     0.000976562          Refine grid             Train
    19         783         19827.6         3.97941     0.000488281          Refine grid             Train
    20         784         19828.7         3.89493     0.000488281      Successful search (ES-ell)        
    20         785         19828.4         3.83558     0.000488281      Successful search (ES-ell)        
    20         786         19827.6         3.77133     0.000488281      Successful search (ES-ell)        
    20         787         19826.6         3.72783     0.000488281      Successful search (ES-ell)        
    20         788         19824.1         3.69703     0.000488281      Successful search (ES-ell)        
    20         789           19821         3.64632     0.000488281      Successful search (ES-ell)        
    20         790         19818.5         3.60262     0.000488281      Successful search (ES-ell)        
    20         791         19815.2         3.68542     0.000488281      Successful search (ES-ell)        
    20         822         19815.2         3.68542     0.000244141          Refine grid             
    21         851         19832.8         3.00924      0.00012207          Refine grid             Train
    22         853           19834         2.54324      0.00012207      Successful search (ES-ell)        
    22         855           19834         2.50785      0.00012207      Successful search (ES-ell)        
    22         856         19833.8          2.4905      0.00012207      Successful search (ES-ell)        
    22         890         19833.8          2.4905     6.10352e-05          Refine grid             
    23         895         19836.1         1.80998     6.10352e-05      Successful search (ES-wcm)        
    23         896           19836         1.80273     6.10352e-05      Successful search (ES-ell)        
    23         897           19836         1.79585     6.10352e-05      Successful search (ES-ell)        
    23         898         19835.9          1.7886     6.10352e-05      Successful search (ES-ell)        
    23         900         19835.9         1.77538     6.10352e-05      Successful search (ES-wcm)        
Optimization terminated: reached maximum number of function evaluations options['max_fun_evals'].
Estimated function value at minimum: 19838.47901952715 ± 2.484874648701171 (mean ± SEM from 100 samples)
BADS minimum at: x_min = [1.40000e-03 1.44379e+01 5.56990e+00 9.87900e-01 1.00000e+00 4.46900e-01
 2.33000e-02 7.41330e+00 1.94610e+00 4.99264e+01], NLL = 19838.479
total f-count: 1000, time: 61.55 min

 Optimization Run 9/10
Initial params: [0.6631, 3.8978, 5.785, 0.0122, 0.3571, 0.4372, 17.6241, 0.1042, 5.8297, 7.8433]
bads:TooCloseBounds: For each variable, hard and plausible bounds should not be too close. Moving plausible bounds.
Variables (index) internally transformed to log coordinates: [[0 0]
 [0 3]
 [0 4]
 [0 5]
 [0 6]
 [0 7]
 [0 8]
 [0 9]]
Beginning optimization of a STOCHASTIC objective function

 Iteration    f-count      E[f(x)]        SD[f(x)]           MeshScale          Method              Actions
     0           1         24701.4             nan               1                                  
     0          33         23726.4             nan               1          Initial mesh            Initial points
     0          34         23712.5        0.999951               1        Successful poll           Train
     1          35         23531.2        0.999971               1      Successful search (ES-wcm)        
     1          36           23400        0.999968               1      Successful search (ES-wcm)        
     1          41         23312.5        0.999583               1      Successful search (ES-wcm)        
     1          43           23053        0.999409               1      Successful search (ES-wcm)        
     1          45         22401.2        0.999716               1      Successful search (ES-wcm)        
     1          50         22146.6        0.995224               1      Successful search (ES-wcm)        
     1          56         22108.8        0.995514               1      Successful search (ES-wcm)        
     1          69         22103.9        0.994396               1      Successful search (ES-wcm)        
     1          78         22083.1         1.05534               1      Successful search (ES-wcm)        
     1          82         22068.3         1.05358               1      Successful search (ES-ell)        
     1          85         21640.1          1.0556               1      Successful search (ES-ell)        
     1          89         21627.7         1.05537               1      Successful search (ES-ell)        
     1          90         21613.6         1.05547               1      Successful search (ES-ell)        
     1          91         21613.2         1.05536               1      Incremental search (ES-ell)        
     1          94         21568.4         1.05497               1      Successful search (ES-ell)        
     1         117         21568.4         1.05497             0.5          Refine grid             
     2         121         21590.2         7.79273             0.5      Successful search (ES-ell)        
     2         153         21590.2         7.79273            0.25          Refine grid             Train
     3         154         21599.8         6.00634            0.25      Successful search (ES-ell)        
     3         190         21599.8         6.00634           0.125          Refine grid             Train
     4         191         21605.4          3.9445           0.125      Successful search (ES-ell)        
     4         192         21600.4         5.35689           0.125      Successful search (ES-ell)        
     4         193         21589.7         8.65282           0.125      Successful search (ES-ell)        
     4         194         21582.9          9.9329           0.125      Successful search (ES-ell)        
     4         224         21533.4          20.385            0.25        Successful poll           
     5         225         21503.3         16.2894            0.25      Successful search (ES-ell)        
     5         226         21488.5         17.5061            0.25      Successful search (ES-ell)        
     5         227         21427.2         18.4977            0.25      Successful search (ES-ell)        
     5         230           21398         17.0848            0.25      Successful search (ES-ell)        
     5         232         21397.4         15.1589            0.25      Successful search (ES-ell)        
     5         233         21333.6         19.9772            0.25      Successful search (ES-wcm)        
     5         234         21304.3         18.0285            0.25      Successful search (ES-ell)        
     5         235         21295.8          15.438            0.25      Successful search (ES-ell)        
     5         236         21238.3         16.9266            0.25      Successful search (ES-ell)        
     5         237         21227.9         16.7798            0.25      Successful search (ES-ell)        
     5         240         21193.2         15.4536            0.25      Successful search (ES-ell)        
     5         241         21169.5         17.0565            0.25      Successful search (ES-ell)        
     5         242         21148.2         17.2541            0.25      Successful search (ES-ell)        
     5         243         21111.9         19.0808            0.25      Successful search (ES-ell)        
     5         244         21099.9         19.7682            0.25      Successful search (ES-ell)        
     5         245           21076         15.6666            0.25      Successful search (ES-ell)        
     5         246         21031.9         19.8016            0.25      Successful search (ES-wcm)        
     5         248         20997.7         20.1053            0.25      Successful search (ES-wcm)        
     5         249           20976         17.8431            0.25      Successful search (ES-ell)        
     5         252         20960.7         15.9047            0.25      Successful search (ES-ell)        
     5         280         20936.9         20.2443             0.5        Successful poll           
     6         281         20880.4         17.2419             0.5      Successful search (ES-ell)        
     6         287         20860.6         17.1819             0.5      Successful search (ES-wcm)        
     6         292         20860.3         15.0759             0.5      Successful search (ES-wcm)        
     6         293         20808.2         18.1486             0.5      Successful search (ES-wcm)        
     6         324         20808.2         18.1486            0.25          Refine grid             
     7         326         20846.6         5.47551            0.25      Successful search (ES-ell)        
     7         327         20843.6         6.32059            0.25      Successful search (ES-ell)        
     7         328           20840         7.88718            0.25      Successful search (ES-ell)        
     7         329         20827.2         10.6784            0.25      Successful search (ES-ell)        
     7         331         20825.8         9.82414            0.25      Successful search (ES-ell)        
     7         359         20825.8         9.82414           0.125          Refine grid             
     8         360         20842.8          4.6302           0.125      Successful search (ES-wcm)        
     8         364         20842.1         4.07619           0.125      Successful search (ES-ell)        
     8         365         20840.6         4.01612           0.125      Successful search (ES-ell)        
     8         366           20840         4.31328           0.125      Successful search (ES-ell)        
     8         385         20834.9         6.72981            0.25        Successful poll           Train
     9         387         20839.5         5.68084            0.25      Successful search (ES-ell)        
     9         389         20837.6         6.35026            0.25      Successful search (ES-ell)        
     9         392         20837.3         6.98759            0.25      Successful search (ES-wcm)        
     9         393         20833.8         9.88865            0.25      Successful search (ES-wcm)        
     9         398         20833.7         8.13726            0.25      Incremental search (ES-wcm)        
     9         403         20829.5         7.34458            0.25      Successful search (ES-wcm)        
     9         407           20825         6.22051            0.25      Successful search (ES-wcm)        
     9         408         20824.6         8.47778            0.25      Successful search (ES-wcm)        
     9         440         20824.6         8.47778           0.125          Refine grid             Train
    10         441         20831.8         3.18625           0.125      Successful search (ES-wcm)        
    10         442         20830.3         3.75415           0.125      Successful search (ES-wcm)        
    10         451         20830.2         3.64269           0.125      Successful search (ES-ell)        
    10         452           20830         4.51787           0.125      Successful search (ES-ell)        
    10         454         20829.9         5.16401           0.125      Successful search (ES-ell)        
    10         455         20829.6          6.2717           0.125      Successful search (ES-ell)        
    10         460         20827.1         5.27091           0.125      Successful search (ES-ell)        
    10         486         20827.1         5.27091          0.0625          Refine grid             
    11         487         20833.1         3.48209          0.0625      Successful search (ES-ell)        
    11         489           20833         3.46274          0.0625      Successful search (ES-ell)        
    11         490         20832.8         4.09651          0.0625      Successful search (ES-ell)        
    11         491         20832.1         6.42376          0.0625      Successful search (ES-ell)        
    11         492         20831.8         10.3676          0.0625      Successful search (ES-ell)        
    11         493         20831.5         13.2295          0.0625      Successful search (ES-ell)        
    11         506         20830.5         5.15419          0.0625      Successful search (ES-ell)        
    11         507         20828.4         5.44063          0.0625      Successful search (ES-ell)        
    11         538         20826.5         7.50842           0.125        Successful poll           Train
    12         539         20832.9         3.44081           0.125      Successful search (ES-ell)        
    12         574         20832.7         2.78722            0.25        Successful poll           
    13         575         20829.8          10.981            0.25      Successful search (ES-ell)        
    13         609         20829.8          10.981           0.125          Refine grid             
    14         610         20831.7         3.30198           0.125      Successful search (ES-ell)        
    14         645         20831.7         3.30198          0.0625          Refine grid             Train
    15         646         20827.8         5.57963          0.0625      Successful search (ES-ell)        
    15         647         20826.6         6.12362          0.0625      Successful search (ES-ell)        
    15         681         20826.6         6.12362         0.03125          Refine grid             Train
    16         682           20832         3.59235         0.03125      Successful search (ES-ell)        
    16         683           20830         3.75068         0.03125      Successful search (ES-ell)        
    16         684         20829.8         4.13333         0.03125      Successful search (ES-ell)        
    16         685         20828.6         5.13119         0.03125      Successful search (ES-ell)        
    16         686         20826.8         8.47694         0.03125      Successful search (ES-ell)        
    16         718         20826.8         8.47694        0.015625          Refine grid             
    17         719         20833.9         3.46647        0.015625      Successful search (ES-ell)        
    17         720         20833.6         3.57977        0.015625      Successful search (ES-ell)        
    17         721         20832.7         3.77335        0.015625      Successful search (ES-ell)        
    17         722         20831.7         3.93862        0.015625      Successful search (ES-ell)        
    17         723         20827.6         4.26249        0.015625      Successful search (ES-ell)        
    17         724         20825.7         4.95405        0.015625      Successful search (ES-ell)        
    17         725         20824.1          5.9469        0.015625      Successful search (ES-ell)        
    17         726         20823.2         7.47311        0.015625      Successful search (ES-ell)        
    17         755         20823.2         7.47311       0.0078125          Refine grid             
    18         756         20834.2         2.95172       0.0078125      Successful search (ES-ell)        
    18         757         20833.1         2.92398       0.0078125      Successful search (ES-ell)        
    18         780         20833.1         3.14821        0.015625        Successful poll           Train
    19         781         20834.6         2.49836        0.015625      Successful search (ES-wcm)        
    19         782         20834.2         2.38713        0.015625      Successful search (ES-wcm)        
    19         783         20833.7         2.36295        0.015625      Successful search (ES-wcm)        
    19         785         20833.1         2.32308        0.015625      Successful search (ES-wcm)        
    19         786           20832          2.2992        0.015625      Successful search (ES-wcm)        
    19         787         20831.9         2.41424        0.015625      Successful search (ES-wcm)        
    19         788         20829.4         2.67152        0.015625      Successful search (ES-ell)        
    19         789         20827.7         4.01852        0.015625      Successful search (ES-ell)        
    19         790         20827.5         6.26965        0.015625      Successful search (ES-wcm)        
    19         816         20827.5         6.26965       0.0078125          Refine grid             
    20         817         20834.3         2.40903       0.0078125      Successful search (ES-ell)        
    20         818         20833.8         2.38708       0.0078125      Successful search (ES-ell)        
    20         819         20833.4          2.4215       0.0078125      Successful search (ES-wcm)        
    20         826         20833.3         2.32657       0.0078125      Successful search (ES-wcm)        
    20         852         20830.9         4.59527        0.015625        Successful poll           
    21         878         20833.1         11.3018         0.03125        Successful poll           
    22         879         20834.1         2.46649         0.03125      Successful search (ES-ell)        
    22         880         20833.9         3.38314         0.03125      Successful search (ES-ell)        
    22         900         20833.9         3.38314        0.015625          Refine grid             
Optimization terminated: reached maximum number of function evaluations options['max_fun_evals'].
Estimated function value at minimum: 20831.631002174603 ± 2.031832399294786 (mean ± SEM from 100 samples)
BADS minimum at: x_min = [ 0.2371 20.      5.8594  0.9999  0.9999  0.4836  7.3806  0.     49.9973
 10.2282], NLL = 20831.631
total f-count: 1000, time: 60.78 min

 Optimization Run 10/10
Initial params: [1.675, 8.2044, 10.6809, 0.3772, 0.0674, 0.4802, 44.7347, 4.6003, 8.2487, 16.2388]
bads:TooCloseBounds: For each variable, hard and plausible bounds should not be too close. Moving plausible bounds.
Variables (index) internally transformed to log coordinates: [[0 0]
 [0 3]
 [0 4]
 [0 5]
 [0 6]
 [0 7]
 [0 8]
 [0 9]]
Beginning optimization of a STOCHASTIC objective function

 Iteration    f-count      E[f(x)]        SD[f(x)]           MeshScale          Method              Actions
     0           1         24701.4             nan               1                                  
     0          33         23728.2             nan               1          Initial mesh            Initial points
     0          34         23689.2        0.999964               1        Successful poll           Train
     1          38         23522.2        0.999664               1      Successful search (ES-ell)        
     1          44         23513.5        0.993523               1      Successful search (ES-ell)        
     1          48         23495.4        0.998705               1      Successful search (ES-ell)        
     1          49         23495.3         0.99916               1      Incremental search (ES-ell)        
     1          52         23395.2        0.994299               1      Successful search (ES-ell)        
     1          60           23384         1.01586               1      Successful search (ES-ell)        
     1          61         23319.6           1.021               1      Successful search (ES-wcm)        
     1          62         23310.1         1.02128               1      Successful search (ES-wcm)        
     1          69         23305.1         1.01865               1      Successful search (ES-ell)        
     1          72           23296         1.01519               1      Successful search (ES-ell)        
     1          75         23281.4         1.01926               1      Successful search (ES-ell)        
     1         109         23281.4         1.01926             0.5          Refine grid             Train
     2         111         23290.3         2.96863             0.5      Successful search (ES-ell)        
     2         112           23277         4.41611             0.5      Successful search (ES-ell)        
     2         113         22678.4         5.27285             0.5      Successful search (ES-ell)        
     2         114         22242.9         5.23631             0.5      Successful search (ES-ell)        
     2         115         22130.2         6.56563             0.5      Successful search (ES-wcm)        
     2         116         22065.9         6.21228             0.5      Successful search (ES-wcm)        
     2         117         22039.3         6.08271             0.5      Successful search (ES-wcm)        
     2         118         21919.4         6.80646             0.5      Successful search (ES-wcm)        
     2         121         21862.5         6.47138             0.5      Successful search (ES-wcm)        
     2         123         21649.6         5.85683             0.5      Successful search (ES-ell)        
     2         124         21627.7         6.03662             0.5      Successful search (ES-wcm)        
     2         125         21507.8         6.21007             0.5      Successful search (ES-ell)        
     2         139         21495.5           4.581             0.5      Successful search (ES-ell)        
     2         144         21487.2         5.56024             0.5      Successful search (ES-ell)        
     2         174         21487.2         5.56024            0.25          Refine grid             Train
     3         175         21497.5         11.5827            0.25      Successful search (ES-ell)        
     3         176         21380.9          21.425            0.25      Successful search (ES-ell)        
     3         181         21301.3         12.9415            0.25      Successful search (ES-ell)        
     3         182         21274.2         12.9816            0.25      Successful search (ES-ell)        
     3         184         21265.5         13.7813            0.25      Successful search (ES-ell)        
     3         185         21142.6         14.5653            0.25      Successful search (ES-wcm)        
     3         195         21108.2          13.237            0.25      Successful search (ES-wcm)        
     3         196         21094.1         13.7822            0.25      Successful search (ES-wcm)        
     3         198         21001.5         13.9683            0.25      Successful search (ES-wcm)        
     3         199         20825.2         14.5457            0.25      Successful search (ES-wcm)        
     3         200         20626.7          14.748            0.25      Successful search (ES-wcm)        
     3         204         20541.6         13.8777            0.25      Successful search (ES-wcm)        
     3         205         20534.6         12.6274            0.25      Successful search (ES-wcm)        
     3         242         20534.6         12.6274           0.125          Refine grid             Train
     4         243         20517.2         18.2575           0.125      Successful search (ES-wcm)        
     4         244         20359.2         23.1972           0.125      Successful search (ES-wcm)        
     4         250         20358.7         16.6695           0.125      Successful search (ES-wcm)        
     4         251         20298.6         22.4762           0.125      Successful search (ES-wcm)        
     4         253         20285.7         20.3225           0.125      Successful search (ES-wcm)        
     4         255         20251.8         14.8169           0.125      Successful search (ES-wcm)        
     4         256         20226.8         20.0524           0.125      Successful search (ES-wcm)        
     4         283         20200.6         24.3503            0.25        Successful poll           Train
     5         284         20044.6         25.8077            0.25      Successful search (ES-wcm)        
     5         287         20031.6         25.3168            0.25      Successful search (ES-wcm)        
     5         290         20012.9         24.8679            0.25      Successful search (ES-wcm)        
     5         291         19997.6         22.4415            0.25      Successful search (ES-ell)        
     5         319         19981.8         24.7818             0.5        Successful poll           
     6         324           19948         23.2005             0.5      Successful search (ES-wcm)        
     6         325         19937.8         23.7316             0.5      Successful search (ES-wcm)        
     6         330         19913.4          25.434             0.5      Successful search (ES-wcm)        
     6         332           19871         25.0924             0.5      Successful search (ES-wcm)        
     6         338         19847.1         19.7452             0.5      Successful search (ES-wcm)        
     6         339         19841.4         25.0139             0.5      Successful search (ES-wcm)        
     6         344         19837.8          20.159             0.5      Successful search (ES-wcm)        
     6         353         19832.6         16.9131             0.5      Successful search (ES-wcm)        
     6         355         19828.7         17.4781             0.5      Successful search (ES-wcm)        
     6         359         19819.7         18.0346             0.5      Successful search (ES-ell)        
     6         361           19813         24.1102             0.5      Successful search (ES-ell)        
     6         394         19812.1         10.5402               1        Successful poll           Train
     7         400         19806.3         16.6461               1      Successful search (ES-wcm)        
     7         427         19806.3         16.6461             0.5          Refine grid             
     8         432         19830.3         8.56325             0.5      Successful search (ES-ell)        
     8         434         19828.9         8.40149             0.5      Successful search (ES-ell)        
     8         438         19825.5         10.8098             0.5      Successful search (ES-ell)        
     8         439         19824.3         19.1953             0.5      Successful search (ES-ell)        
     8         444         19822.2           9.992             0.5      Successful search (ES-ell)        
     8         447         19818.8         8.47466             0.5      Successful search (ES-ell)        
     8         448         19812.6         12.1963             0.5      Successful search (ES-ell)        
     8         449         19808.7         16.2078             0.5      Successful search (ES-ell)        
     8         481         19808.7         16.2078            0.25          Refine grid             
     9         482         19817.9         7.54508            0.25      Successful search (ES-wcm)        
     9         483         19809.2         9.00898            0.25      Successful search (ES-wcm)        
     9         517         19809.2         9.00898           0.125          Refine grid             
    10         518         19816.2         5.15062           0.125      Successful search (ES-wcm)        
    10         519         19815.3         6.13924           0.125      Successful search (ES-wcm)        
    10         520           19810         7.41536           0.125      Successful search (ES-wcm)        
    10         521         19809.1         8.56731           0.125      Successful search (ES-wcm)        
    10         523         19806.8         9.63811           0.125      Successful search (ES-ell)        
    10         524         19805.9         11.0788           0.125      Successful search (ES-ell)        
    10         553         19805.9         11.0788          0.0625          Refine grid             Train
    11         554         19818.7         4.79811          0.0625      Successful search (ES-ell)        
    11         555         19816.8         4.94494          0.0625      Successful search (ES-ell)        
    11         556         19813.6         5.19885          0.0625      Successful search (ES-ell)        
    11         557         19810.8         6.34332          0.0625      Successful search (ES-ell)        
    11         591         19810.8         6.34332         0.03125          Refine grid             Train
    12         593         19815.1         3.89728         0.03125      Successful search (ES-wcm)        
    12         594         19813.8         3.76946         0.03125      Successful search (ES-wcm)        
    12         595         19812.3         3.91931         0.03125      Successful search (ES-wcm)        
    12         596         19809.8         4.14021         0.03125      Successful search (ES-wcm)        
    12         597         19808.8         5.21091         0.03125      Successful search (ES-wcm)        
    12         599         19802.5         5.45515         0.03125      Successful search (ES-ell)        
    12         600         19797.5         6.12836         0.03125      Successful search (ES-ell)        
    12         629         19797.5         6.12836        0.015625          Refine grid             
    13         630         19816.3         2.72804        0.015625      Successful search (ES-ell)        
    13         631         19815.4         2.72542        0.015625      Successful search (ES-wcm)        
    13         632         19815.4         2.78845        0.015625      Successful search (ES-wcm)        
    13         634         19815.2         2.84073        0.015625      Successful search (ES-wcm)        
    13         635         19814.9         2.94918        0.015625      Successful search (ES-wcm)        
    13         636         19814.1         3.12426        0.015625      Successful search (ES-wcm)        
    13         637         19813.1         3.57446        0.015625      Successful search (ES-wcm)        
    13         638         19809.2          4.3764        0.015625      Successful search (ES-ell)        
    13         639         19801.4         6.09044        0.015625      Successful search (ES-ell)        
    13         651         19793.4         5.68414         0.03125        Successful poll           
    14         652         19751.5         5.44619         0.03125      Successful search (ES-ell)        
    14         653         19676.6         5.52191         0.03125      Successful search (ES-ell)        
    14         654         19605.3         5.71555         0.03125      Successful search (ES-ell)        
    14         655         19522.4         6.36095         0.03125      Successful search (ES-ell)        
    14         656         19417.2         7.51321         0.03125      Successful search (ES-ell)        
    14         689         19417.2         7.51321        0.015625          Refine grid             
    15         690         19816.5          2.3373        0.015625      Successful search (ES-ell)        
    15         727         19810.2         2.21193         0.03125        Successful poll           
    16         728         19809.7         2.48783         0.03125      Successful search (ES-ell)        
    16         729           19801         2.87137         0.03125      Successful search (ES-ell)        
    16         730         19792.3         3.60776         0.03125      Successful search (ES-ell)        
    16         765         19792.3         3.60776        0.015625          Refine grid             
    17         766         19816.4         2.09789        0.015625      Successful search (ES-ell)        
    17         767           19816         2.24379        0.015625      Successful search (ES-ell)        
    17         768         19815.3         2.50896        0.015625      Successful search (ES-ell)        
    17         769         19815.2         2.92132        0.015625      Successful search (ES-ell)        
    17         771         19815.1         3.07399        0.015625      Successful search (ES-wcm)        
    17         774           19815         3.38865        0.015625      Successful search (ES-ell)        
    17         775         19814.2         3.84541        0.015625      Successful search (ES-ell)        
    17         793         19811.9         3.92511         0.03125        Successful poll           Train
    18         794         19815.6         1.99633         0.03125      Successful search (ES-ell)        
    18         808         19815.6          2.0773         0.03125      Successful search (ES-ell)        
    18         816         19815.4         2.11363         0.03125      Successful search (ES-ell)        
    18         817           19815         2.31311         0.03125      Successful search (ES-ell)        
    18         818         19814.8         3.36861         0.03125      Successful search (ES-wcm)        
    18         844         19813.1         5.68066          0.0625        Successful poll           Train
    19         845         19813.7         2.03002          0.0625      Successful search (ES-ell)        
    19         846         19812.8         2.97953          0.0625      Successful search (ES-ell)        
    19         847         19810.9         4.38679          0.0625      Successful search (ES-ell)        
    19         848           19807         6.70354          0.0625      Successful search (ES-ell)        
    19         882           19807         6.70354         0.03125          Refine grid             
    20         900           19814         1.93637        0.015625          Refine grid             Train
Optimization terminated: reached maximum number of function evaluations options['max_fun_evals'].
Estimated function value at minimum: 19813.408439676954 ± 2.362700043314653 (mean ± SEM from 100 samples)
BADS minimum at: x_min = [1.25250e+00 7.20500e-01 5.79870e+00 7.00000e-04 1.00000e+00 4.73100e-01
 2.70000e-03 7.32610e+00 2.10540e+00 4.98067e+01], NLL = 19813.4084
total f-count: 1000, time: 60.97 min

 ------- Finish Optimization for Subject 3 ---------- 
----------------------------------------
Start job epilogue Wed Aug  6 19:51:03 CEST 2025
----------------------------------------
Job ID:          48455225
Job Exit Code:   0:0
Username:        wenlou
Group:           mpla
Queue:           batch
Compute nodes:   dccn-c048
Asked resources: walltime=20:00:00,nodes=1,cpus=8,mem=4G
Used resources:  cputime=3-06:11:44,walltime=09:46:28,memory=0
----------------------------------------
End job epilogue Wed Aug  6 19:51:03 CEST 2025
----------------------------------------
