----------------------------------------
Start task prologue Mon Jul 27 10:47:16 CEST 2026
----------------------------------------
Step ID:         54379249.
Username:        wenlou
Group:           mpla
Asked resources: walltime=1-00:00:00,nodes=1,cpus=8,mem=2G
Queue:           gpu
Compute nodes:   dccn-c088
----------------------------------------
End task prologue Mon Jul 27 10:47:16 CEST 2026
----------------------------------------
CUDA version:
nvcc: NVIDIA (R) Cuda compiler driver
Copyright (c) 2005-2024 NVIDIA Corporation
Built on Thu_Mar_28_02:18:24_PDT_2024
Cuda compilation tools, release 12.4, V12.4.131
Build cuda_12.4.r12.4/compiler.34097967_0

[WARNING] Please note the interface change for (de-)activating conda environment:

  - DO NOT use `conda activate` to enter the conda environment as it requires extra step to modify your ~/.bashrc file, which will force you to use this Anaconda version (2024.06).  Therefore keep using `source activate` instead.

  - DO use `conda deactivate` to leave your conda environment as `source deactivate` will be deprecated in future release.

Running model for expriment=with_dn_linear, m_id=8, method=bads
device is : cuda
['with_dn_linear', '8', 'all', 'bads', '2']

 ------- Start Optimization for Subject 2 ---------- 

 Cross Validation fold 0/1

 -- Start Optimization: method BADS --

 Optimization Run 1/2
Initial params: [1.6023, 8.5913, 14.4259, 44.0684, 38.0994, 25.5008, 3.6824, 0.4509, 23.3995, 19.2054, 0.3657, 0.167, -0.3006]
bads:TooCloseBounds: For each variable, hard and plausible bounds should not be too close. Moving plausible bounds.
Variables (index) internally transformed to log coordinates: [[0 0]
 [0 3]
 [0 4]
 [0 6]]
Beginning optimization of a STOCHASTIC objective function

 Iteration    f-count      E[f(x)]        SD[f(x)]           MeshScale          Method              Actions
     0           1         26151.5             nan               1                                  
     0          33         25292.6             nan               1          Initial mesh            Initial points
     0          34         25281.6        0.999523               1        Successful poll           Train
     1          38         25262.7        0.999091               1      Successful search (ES-wcm)        
     1          41         24988.7        0.994256               1      Successful search (ES-wcm)        
     1          79         24957.9         4.20763               1        Successful poll           Train
     2          84         24949.4          4.1982               1      Successful search (ES-wcm)        
     2          88           24940         5.83778               1      Successful search (ES-wcm)        
     2          89         24933.1         6.40497               1      Successful search (ES-wcm)        
     2          92         24920.7         4.77553               1      Successful search (ES-ell)        
     2          93         24872.1         6.33091               1      Successful search (ES-ell)        
     2          95         24845.8           6.231               1      Successful search (ES-ell)        
     2          97         24842.8         6.21115               1      Successful search (ES-ell)        
     2         100         24837.4         5.80744               1      Successful search (ES-ell)        
     2         101         24836.4         6.02983               1      Incremental search (ES-ell)        
     2         107         24835.5         5.14023               1      Incremental search (ES-ell)        
     2         111         24833.2         3.82557               1      Successful search (ES-ell)        
     2         112         24829.8         5.22674               1      Successful search (ES-ell)        
     2         120         24820.9         5.13055               1      Successful search (ES-ell)        
     2         122           24817         5.09086               1      Successful search (ES-ell)        
     2         125         24814.7         4.26176               1      Successful search (ES-ell)        
     2         126         24811.1         5.67843               1      Successful search (ES-ell)        
     2         164         24811.1         5.67843             0.5          Refine grid             
     3         165         24806.1         3.86036             0.5      Successful search (ES-ell)        
     3         167           24805         4.90241             0.5      Successful search (ES-ell)        
     3         212           24805         4.90241            0.25          Refine grid             Train
     4         213         24819.7         1.91511            0.25      Successful search (ES-ell)        
     4         214         24813.6         3.43064            0.25      Successful search (ES-ell)        
     4         215           24808         4.52251            0.25      Successful search (ES-ell)        
     4         217         24802.5         4.89433            0.25      Successful search (ES-ell)        
     4         218         24757.6         5.19754            0.25      Successful search (ES-ell)        
     4         219         24730.4         5.80274            0.25      Successful search (ES-wcm)        
     4         220         24706.2         6.82241            0.25      Successful search (ES-wcm)        
     4         222         24689.2         6.13681            0.25      Successful search (ES-wcm)        
     4         223         24674.5         6.80818            0.25      Successful search (ES-wcm)        
     4         226         24671.1         5.35917            0.25      Successful search (ES-ell)        
     4         227         24658.4         4.70183            0.25      Successful search (ES-wcm)        
     4         228           24657         5.27284            0.25      Successful search (ES-wcm)        
     4         232         24651.5         3.77878            0.25      Successful search (ES-wcm)        
     4         273         24650.5         7.18859             0.5        Successful poll           Train
     5         274         24642.7         6.75607             0.5      Successful search (ES-wcm)        
     5         278         24641.8         6.21963             0.5      Successful search (ES-ell)        
     5         319         24641.8         6.21963            0.25          Refine grid             
     6         321         24643.8         2.76518            0.25      Successful search (ES-wcm)        
     6         322         24643.1         4.82477            0.25      Successful search (ES-wcm)        
     6         324         24639.2         3.87997            0.25      Successful search (ES-wcm)        
     6         326         24635.2         5.74021            0.25      Successful search (ES-wcm)        
     6         329         24621.3         7.62148            0.25      Successful search (ES-wcm)        
     6         367         24617.6         4.16316             0.5        Successful poll           
     7         372         24614.8         6.57037             0.5      Successful search (ES-wcm)        
     7         374         24614.3         6.02021             0.5      Successful search (ES-wcm)        
     7         377         24610.1         4.50399             0.5      Successful search (ES-wcm)        
     7         413         24610.1         4.50399            0.25          Refine grid             Train
     8         415         24616.6         4.27949            0.25      Successful search (ES-wcm)        
     8         463         24616.6         4.27949           0.125          Refine grid             Train
     9         465         24617.9         2.23448           0.125      Successful search (ES-wcm)        
     9         467         24617.1         3.02343           0.125      Successful search (ES-wcm)        
     9         469         24616.8         3.64158           0.125      Successful search (ES-wcm)        
     9         473         24615.7         2.45499           0.125      Successful search (ES-wcm)        
     9         480         24615.4         1.90977           0.125      Successful search (ES-wcm)        
     9         481         24615.1          2.0454           0.125      Successful search (ES-wcm)        
     9         486         24614.4          1.7268           0.125      Successful search (ES-ell)        
     9         488         24614.3         1.77036           0.125      Incremental search (ES-wcm)        
     9         489         24614.3         2.30046           0.125      Incremental search (ES-wcm)        
     9         526         24614.3         2.30046          0.0625          Refine grid             Train
    10         527         24614.7         1.21703          0.0625      Successful search (ES-ell)        
    10         528         24613.4         1.89791          0.0625      Successful search (ES-ell)        
    10         529         24609.5         2.94727          0.0625      Successful search (ES-wcm)        
    10         576         24609.5         2.94727         0.03125          Refine grid             
    11         577         24614.5         1.03604         0.03125      Successful search (ES-wcm)        
    11         578           24613         1.21921         0.03125      Successful search (ES-wcm)        
    11         579         24612.9          1.5286         0.03125      Successful search (ES-wcm)        
    11         603         24601.2          1.2297          0.0625        Successful poll           
    12         604           24616        0.977815          0.0625      Successful search (ES-wcm)        
    12         606         24615.3         1.50451          0.0625      Successful search (ES-wcm)        
    12         611         24615.2         1.53848          0.0625      Successful search (ES-wcm)        
    12         613         24614.9         1.71775          0.0625      Successful search (ES-wcm)        
    12         617         24613.9         1.97644          0.0625      Successful search (ES-wcm)        
    12         619         24608.3          2.0953          0.0625      Successful search (ES-wcm)        
    12         620         24591.1          2.3664          0.0625      Successful search (ES-wcm)        
    12         666         24591.1          2.3664         0.03125          Refine grid             Train
    13         681         24603.6         1.22119          0.0625        Successful poll           Train
    14         682         24599.6         1.98416          0.0625      Successful search (ES-wcm)        
    14         731         24599.6         1.98416         0.03125          Refine grid             Train
    15         732         24610.9         1.03339         0.03125      Successful search (ES-wcm)        
    15         733         24609.1         1.38292         0.03125      Successful search (ES-wcm)        
    15         734         24607.9         1.84946         0.03125      Successful search (ES-wcm)        
    15         735         24607.8         2.60482         0.03125      Successful search (ES-wcm)        
    15         781         24607.8         2.60482        0.015625          Refine grid             Train
    16         782         24613.1         1.02574        0.015625      Successful search (ES-wcm)        
    16         783           24613         1.18067        0.015625      Successful search (ES-wcm)        
    16         784         24612.1         1.31519        0.015625      Successful search (ES-ell)        
    16         785         24610.2         1.82044        0.015625      Successful search (ES-ell)        
    16         787           24610         2.21337        0.015625      Successful search (ES-ell)        
    16         788         24609.5         2.90268        0.015625      Successful search (ES-ell)        
    16         789         24607.6         3.28753        0.015625      Successful search (ES-ell)        
    16         831         24607.6         3.28753       0.0078125          Refine grid             
    17         832         24612.5         0.98457       0.0078125      Successful search (ES-ell)        
    17         833         24611.9         1.06501       0.0078125      Successful search (ES-ell)        
    17         834         24611.9         1.19963       0.0078125      Successful search (ES-wcm)        
    17         843         24611.9         1.05579       0.0078125      Successful search (ES-ell)        
    17         844         24611.7        0.935532       0.0078125      Successful search (ES-ell)        
    17         845         24611.2        0.956167       0.0078125      Successful search (ES-ell)        
    17         846           24611         1.00853       0.0078125      Successful search (ES-ell)        
    17         847         24610.3         1.12998       0.0078125      Successful search (ES-ell)        
    17         894         24610.3         1.12998      0.00390625          Refine grid             
    18         895         24612.8        0.712572      0.00390625      Successful search (ES-wcm)        
    18         896         24612.4        0.764534      0.00390625      Successful search (ES-ell)        
    18         897         24612.4        0.805319      0.00390625      Successful search (ES-ell)        
    18         898         24611.7         0.93041      0.00390625      Successful search (ES-ell)        
    18         899         24611.6         1.13488      0.00390625      Successful search (ES-ell)        
    18         900         24611.4         1.41395      0.00390625      Successful search (ES-ell)        
    18         901           24611         1.77508      0.00390625      Successful search (ES-wcm)        
    18         902         24610.1         2.28356      0.00390625      Successful search (ES-wcm)        
    18         944         24610.1         2.28356      0.00195312          Refine grid             
    19         981         24613.1        0.782735     0.000488281          Refine grid             Train
Optimization terminated: change in the function value less than options['tol_mesh']
Estimated function value at minimum: 24615.432705561005 ± 0.6676469082394793 (mean ± SEM from 100 samples)
BADS minimum at: x_min = [ 0.2498  3.0588  3.5444 23.2147  1.663  98.4865  2.5662  0.6188  3.5466
 20.413   0.7963  0.4182  0.6111], training NLL = 24615.4327
total f-count: 1081, time: 45.46 min

 Optimization Run 2/2
Initial params: [0.7393, 5.5341, 14.5846, 39.8064, 46.7395, 13.318, 1.2004, 0.3466, 29.0981, 15.3261, 0.6722, 0.8008, 1.3541]
bads:TooCloseBounds: For each variable, hard and plausible bounds should not be too close. Moving plausible bounds.
Variables (index) internally transformed to log coordinates: [[0 0]
 [0 3]
 [0 4]
 [0 6]]
Beginning optimization of a STOCHASTIC objective function

 Iteration    f-count      E[f(x)]        SD[f(x)]           MeshScale          Method              Actions
     0           1         26151.5             nan               1                                  
     0          33         25298.2             nan               1          Initial mesh            Initial points
     0          34         25292.5         0.99962               1        Successful poll           Train
     1          36         25145.3         0.99926               1      Successful search (ES-wcm)        
     1          44         25120.5        0.975756               1      Successful search (ES-wcm)        
     1          46         25109.5        0.965985               1      Successful search (ES-wcm)        
     1          61         25084.9         0.90183               1        Successful poll           Train
     2          63         24998.8        0.901675               1      Successful search (ES-wcm)        
     2          64         24985.7        0.901637               1      Successful search (ES-wcm)        
     2          67         24933.7        0.901845               1      Successful search (ES-ell)        
     2          69         24932.8        0.901805               1      Incremental search (ES-ell)        
     2          72           24904        0.901628               1      Successful search (ES-ell)        
     2          75         24857.8        0.901666               1      Successful search (ES-ell)        
     2         115         24845.4          2.5346               1        Successful poll           Train
     3         145         24845.2         8.26545               1        Successful poll           Train
     4         146         24829.8         9.21868               1      Successful search (ES-ell)        
     4         191         24829.8         9.21868             0.5          Refine grid             
     5         193         24773.2         3.82629             0.5      Successful search (ES-ell)        
     5         194         24714.1         6.02216             0.5      Successful search (ES-ell)        
     5         195         24704.4         7.01453             0.5      Successful search (ES-ell)        
     5         237         24704.4         7.01453            0.25          Refine grid             
     6         238         24796.8         3.43107            0.25      Successful search (ES-ell)        
     6         286         24796.8         3.43107           0.125          Refine grid             
     7         288         24855.1         2.91488           0.125      Successful search (ES-wcm)        
     7         289         24851.9         3.78034           0.125      Successful search (ES-wcm)        
     7         290         24847.4         5.23141           0.125      Successful search (ES-wcm)        
     7         335         24847.4         5.23141          0.0625          Refine grid             
     8         336         24848.4         1.08019          0.0625      Successful search (ES-ell)        
     8         337         24841.3         1.33528          0.0625      Successful search (ES-ell)        
     8         338         24835.7         1.88941          0.0625      Successful search (ES-ell)        
     8         339           24830         2.64881          0.0625      Successful search (ES-ell)        
     8         340           24822         3.43405          0.0625      Successful search (ES-ell)        
     8         341         24814.3         4.34498          0.0625      Successful search (ES-ell)        
     8         342         24781.2         4.36858          0.0625      Successful search (ES-wcm)        
     8         343           24763         5.46655          0.0625      Successful search (ES-ell)        
     8         344         24734.1         6.61561          0.0625      Successful search (ES-wcm)        
     8         385         24734.1         6.61561         0.03125          Refine grid             Train
     9         386         24773.1         2.30382         0.03125      Successful search (ES-wcm)        
     9         387         24767.1         3.43532         0.03125      Successful search (ES-wcm)        
     9         388         24766.5         3.08451         0.03125      Successful search (ES-wcm)        
     9         389         24765.9         2.78843         0.03125      Successful search (ES-wcm)        
     9         412         24720.8         6.25547          0.0625        Successful poll           
    10         413         24712.5         4.82895          0.0625      Successful search (ES-wcm)        
    10         414         24707.2         4.31684          0.0625      Successful search (ES-wcm)        
    10         415         24702.6         5.34717          0.0625      Successful search (ES-wcm)        
    10         417           24701         3.59563          0.0625      Successful search (ES-ell)        
    10         418         24695.6          3.9186          0.0625      Successful search (ES-ell)        
    10         419         24693.7         4.38338          0.0625      Successful search (ES-ell)        
    10         420         24692.9         5.14433          0.0625      Successful search (ES-ell)        
    10         460         24692.9         5.14433         0.03125          Refine grid             
    11         461           24704         1.71083         0.03125      Successful search (ES-wcm)        
    11         462         24700.7         1.88906         0.03125      Successful search (ES-ell)        
    11         463         24698.2         2.32327         0.03125      Successful search (ES-ell)        
    11         464         24696.3         3.08467         0.03125      Successful search (ES-ell)        
    11         510         24696.3         3.08467        0.015625          Refine grid             Train
    12         511         24697.6           1.067        0.015625      Successful search (ES-wcm)        
    12         512         24696.5         1.28163        0.015625      Successful search (ES-wcm)        
    12         513         24694.9         1.58828        0.015625      Successful search (ES-wcm)        
    12         514         24693.7         2.11071        0.015625      Successful search (ES-wcm)        
    12         515         24692.9         2.77286        0.015625      Successful search (ES-wcm)        
    12         516           24690         3.86176        0.015625      Successful search (ES-wcm)        
    12         560           24690         3.86176       0.0078125          Refine grid             
    13         561         24700.1        0.859004       0.0078125      Successful search (ES-wcm)        
    13         562         24699.9        0.867024       0.0078125      Successful search (ES-wcm)        
    13         563         24699.6        0.905997       0.0078125      Successful search (ES-wcm)        
    13         564         24699.2        0.976928       0.0078125      Successful search (ES-wcm)        
    13         565         24698.6         1.18795       0.0078125      Successful search (ES-wcm)        
    13         567         24697.8         1.34747       0.0078125      Successful search (ES-ell)        
    13         568         24697.2           1.583       0.0078125      Successful search (ES-ell)        
    13         569         24688.8         3.05902       0.0078125      Successful search (ES-wcm)        
    13         570         24687.7         4.03135       0.0078125      Successful search (ES-wcm)        
    13         612         24687.7         4.03135      0.00390625          Refine grid             
    14         651         24700.3        0.758508     0.000976562          Refine grid             Train
Optimization terminated: change in the function value less than options['tol_mesh']
Estimated function value at minimum: 24698.779240681473 ± 0.6906069756115394 (mean ± SEM from 100 samples)
BADS minimum at: x_min = [2.02000e-02 3.20400e-01 3.11790e+00 6.38400e-01 1.49800e+00 8.26067e+01
 3.47240e+00 9.85800e-01 3.16390e+00 1.60572e+01 6.07600e-01 1.65500e-01
 5.23000e-02], training NLL = 24698.7792
total f-count: 751, time: 31.64 min

 ------- Finish Optimization for Subject 2 ---------- 

 ------- Start Optimization for Subject 3 ---------- 

 Cross Validation fold 0/1

 -- Start Optimization: method BADS --

 Optimization Run 1/2
Initial params: [0.0637, 6.8389, 13.7029, 44.1706, 20.1754, 38.2377, 0.3287, 0.3609, 15.569, 17.805, 0.174, 0.8786, -0.2252]
bads:TooCloseBounds: For each variable, hard and plausible bounds should not be too close. Moving plausible bounds.
Variables (index) internally transformed to log coordinates: [[0 0]
 [0 3]
 [0 4]
 [0 6]]
Beginning optimization of a STOCHASTIC objective function

 Iteration    f-count      E[f(x)]        SD[f(x)]           MeshScale          Method              Actions
     0           1         25309.7             nan               1                                  
     0          33         24709.1             nan               1          Initial mesh            Initial points
     0          34         24704.8         1.00018               1        Successful poll           Train
     1          36         24589.9         1.00014               1      Successful search (ES-wcm)        
     1          40         24375.1         0.99996               1      Successful search (ES-wcm)        
     1          41         24291.3         1.00015               1      Successful search (ES-wcm)        
     1          52         24052.6         0.99366               1      Successful search (ES-wcm)        
     1          58         24018.8        0.966866               1      Successful search (ES-wcm)        
     1          59         24006.4         0.91936               1      Successful search (ES-wcm)        
     1          65         23858.8        0.981737               1      Successful search (ES-wcm)        
     1          73         23850.3        0.975959               1      Successful search (ES-ell)        
     1          75         23787.3        0.981514               1      Successful search (ES-ell)        
     1          81         23786.4        0.980188               1      Incremental search (ES-ell)        
     1          82           23766        0.980715               1      Successful search (ES-ell)        
     1          86         23738.2        0.980241               1      Successful search (ES-ell)        
     1          87           23723         0.98133               1      Successful search (ES-ell)        
     1          89         23670.6         1.06578               1      Successful search (ES-ell)        
     1          90           23537         1.06581               1      Successful search (ES-ell)        
     1          95         23521.1          1.0657               1      Successful search (ES-wcm)        
     1          97         23505.5         1.06495               1      Successful search (ES-ell)        
     1         100         23496.6         1.06569               1      Successful search (ES-wcm)        
     1         105         23495.9         1.06334               1      Incremental search (ES-ell)        
     1         108         23488.4          1.0606               1      Successful search (ES-ell)        
     1         115         23481.8         1.13904               1      Successful search (ES-ell)        
     1         127         23478.4         1.13672               1      Successful search (ES-ell)        
     1         130         23464.8         1.13376               1      Successful search (ES-ell)        
     1         137         23459.6        0.963518               1      Successful search (ES-ell)        
     1         172         23459.6        0.963518             0.5          Refine grid             Train
     2         173         23456.1         4.71816             0.5      Successful search (ES-ell)        
     2         176         23451.6         4.15509             0.5      Successful search (ES-ell)        
     2         177         23438.6          6.1807             0.5      Successful search (ES-ell)        
     2         179         23422.2         7.50604             0.5      Successful search (ES-ell)        
     2         180         23362.8         10.0349             0.5      Successful search (ES-wcm)        
     2         181         23118.6         10.0951             0.5      Successful search (ES-wcm)        
     2         182         23077.5         9.96925             0.5      Successful search (ES-ell)        
     2         222         23077.5         9.96925            0.25          Refine grid             
     3         223         23109.7         8.67126            0.25      Successful search (ES-wcm)        
     3         224         23088.1         9.39403            0.25      Successful search (ES-wcm)        
     3         225           23074         9.76609            0.25      Successful search (ES-wcm)        
     3         226         23067.8         10.8613            0.25      Successful search (ES-wcm)        
     3         228           23067         10.2439            0.25      Successful search (ES-wcm)        
     3         232         23058.4         8.82101            0.25      Successful search (ES-wcm)        
     3         234         23031.7         9.10891            0.25      Successful search (ES-wcm)        
     3         235         23028.9          9.4608            0.25      Successful search (ES-ell)        
     3         236         23021.7         8.24607            0.25      Successful search (ES-wcm)        
     3         286         23021.7         8.24607           0.125          Refine grid             
     4         287         23029.9         3.47635           0.125      Successful search (ES-ell)        
     4         288         23026.5         5.68086           0.125      Successful search (ES-ell)        
     4         337         23026.5         5.68086          0.0625          Refine grid             
     5         338         23029.7         1.90443          0.0625      Successful search (ES-wcm)        
     5         339           23024         3.01911          0.0625      Successful search (ES-wcm)        
     5         340         23016.3          4.8104          0.0625      Successful search (ES-wcm)        
     5         341         23015.8         6.92844          0.0625      Successful search (ES-wcm)        
     5         388         23015.8         6.92844         0.03125          Refine grid             
     6         389         23029.5         1.60545         0.03125      Successful search (ES-wcm)        
     6         390         23029.3         1.83586         0.03125      Successful search (ES-wcm)        
     6         421         23028.3          3.5532          0.0625        Successful poll           Train
     7         422         23019.5         1.42724          0.0625      Successful search (ES-wcm)        
     7         423         23004.3         1.83853          0.0625      Successful search (ES-wcm)        
     7         424         22997.3         2.82608          0.0625      Successful search (ES-wcm)        
     7         426           22970         3.22506          0.0625      Successful search (ES-ell)        
     7         427         22969.7         4.38707          0.0625      Successful search (ES-ell)        
     7         428           22958         5.29479          0.0625      Successful search (ES-ell)        
     7         472           22958         5.29479         0.03125          Refine grid             
     8         473         23030.9         1.39207         0.03125      Successful search (ES-ell)        
     8         474           23030         1.49914         0.03125      Successful search (ES-ell)        
     8         475         23029.5         1.80479         0.03125      Successful search (ES-ell)        
     8         476         23028.9         2.43252         0.03125      Successful search (ES-ell)        
     8         477         23027.4         3.64653         0.03125      Successful search (ES-ell)        
     8         499         23010.6         2.37028          0.0625        Successful poll           
     9         513         22938.7         2.52332           0.125        Successful poll           
    10         514         23027.8         2.37526           0.125      Successful search (ES-ell)        
    10         515         23025.1         3.93093           0.125      Successful search (ES-ell)        
    10         516         23020.4         5.74629           0.125      Successful search (ES-ell)        
    10         519         23019.2         5.56791           0.125      Successful search (ES-wcm)        
    10         522         23012.3         3.51259           0.125      Successful search (ES-wcm)        
    10         564         23012.3         3.51259          0.0625          Refine grid             Train
    11         565         23024.1         1.84067          0.0625      Successful search (ES-wcm)        
    11         566         23023.1         2.26076          0.0625      Successful search (ES-ell)        
    11         567         23021.6          2.6639          0.0625      Successful search (ES-ell)        
    11         568         23020.9         3.40523          0.0625      Successful search (ES-ell)        
    11         569           23019         4.16336          0.0625      Successful search (ES-ell)        
    11         571         23017.6         4.42554          0.0625      Successful search (ES-ell)        
    11         573         23017.2         4.50806          0.0625      Successful search (ES-ell)        
    11         574         23015.7         5.57855          0.0625      Successful search (ES-ell)        
    11         575         23013.6         6.65321          0.0625      Successful search (ES-wcm)        
    11         614         23012.2         9.24844           0.125        Successful poll           
    12         651         23018.3         8.60187          0.0625          Refine grid             Train
    13         652         23025.9         1.29357          0.0625      Successful search (ES-wcm)        
    13         653         23023.4          1.5553          0.0625      Successful search (ES-wcm)        
    13         654         23021.9         2.10266          0.0625      Successful search (ES-ell)        
    13         655         23020.4         3.38107          0.0625      Successful search (ES-ell)        
    13         657         23018.6         3.99392          0.0625      Successful search (ES-ell)        
    13         658           23013          4.4991          0.0625      Successful search (ES-ell)        
    13         702           23013          4.4991         0.03125          Refine grid             Train
    14         740         23005.1         2.62314        0.015625          Refine grid             Train
    15         779         23009.7         2.50001       0.0078125          Refine grid             Train
    16         818         23029.5          1.2196      0.00390625          Refine grid             Train
    17         857         23031.2         0.96147      0.00195312          Refine grid             Train
    18         858         23031.2        0.953318      0.00195312      Successful search (ES-ell)        
    18         884         23021.4          2.5165      0.00390625        Successful poll           
    19         886         23031.3         1.32466      0.00390625      Successful search (ES-wcm)        
    19         887           23031           1.305      0.00390625      Successful search (ES-wcm)        
    19         888         23030.9         1.29456      0.00390625      Successful search (ES-wcm)        
    19         889         23030.8         1.27039      0.00390625      Successful search (ES-wcm)        
    19         890         23030.7         1.30991      0.00390625      Successful search (ES-wcm)        
    19         891         23030.4         1.28196      0.00390625      Successful search (ES-wcm)        
    19         892         23029.7         1.33121      0.00390625      Successful search (ES-wcm)        
    19         935         23026.7         2.67262       0.0078125        Successful poll           
    20         938         23024.8         2.64814       0.0078125      Successful search (ES-wcm)        
    20         965         23020.5         1.83775        0.015625        Successful poll           
    21         966         23019.4         1.94369        0.015625      Successful search (ES-wcm)        
    21        1016         23019.4         1.94369       0.0078125          Refine grid             Train
    22        1017         23027.5         1.47302       0.0078125      Successful search (ES-ell)        
    22        1018         23027.4         1.46662       0.0078125      Successful search (ES-ell)        
    22        1019           23027         1.50592       0.0078125      Successful search (ES-ell)        
    22        1020         23026.2          1.6048       0.0078125      Successful search (ES-ell)        
    22        1021         23025.5         1.80977       0.0078125      Successful search (ES-ell)        
    22        1022           23025          2.1015       0.0078125      Successful search (ES-ell)        
    22        1023         23024.5         2.84427       0.0078125      Successful search (ES-ell)        
    22        1024         23020.6         3.87014       0.0078125      Successful search (ES-ell)        
    22        1025         23020.6         4.74819       0.0078125      Successful search (ES-ell)        
    22        1049         23007.1         8.21925        0.015625        Successful poll           
    23        1050         23027.3         1.37989        0.015625      Successful search (ES-ell)        
    23        1051           23027         1.50427        0.015625      Successful search (ES-ell)        
    23        1063           23027         1.46116        0.015625      Successful search (ES-ell)        
    23        1064         23026.9         1.58008        0.015625      Successful search (ES-ell)        
    23        1066         23026.8         1.72175        0.015625      Successful search (ES-ell)        
    23        1067         23026.1         1.93889        0.015625      Successful search (ES-ell)        
    23        1098           23026         8.73395         0.03125        Successful poll           
    24        1099         23027.5         3.77527         0.03125      Successful search (ES-wcm)        
    24        1101         23025.7         3.51927         0.03125      Successful search (ES-ell)        
    24        1102         23024.5         3.58151         0.03125      Successful search (ES-ell)        
    24        1134         23022.9           5.181          0.0625        Successful poll           Train
    25        1135         23016.9         5.21705          0.0625      Successful search (ES-ell)        
    25        1185         23016.9         5.21705         0.03125          Refine grid             Train
    26        1186         23022.9         1.42456         0.03125      Successful search (ES-ell)        
    26        1188         23022.4         1.59182         0.03125      Successful search (ES-ell)        
    26        1192         23022.3         1.58305         0.03125      Successful search (ES-ell)        
    26        1193         23020.4         1.59726         0.03125      Successful search (ES-wcm)        
    26        1194         23018.5         1.98616         0.03125      Successful search (ES-wcm)        
    26        1195         23017.6         2.50721         0.03125      Successful search (ES-wcm)        
    26        1196         23017.2         3.01427         0.03125      Successful search (ES-wcm)        
    26        1236         23017.2         3.01427        0.015625          Refine grid             Train
    27        1237         23020.4         1.42338        0.015625      Successful search (ES-ell)        
    27        1238         23019.9         1.52751        0.015625      Successful search (ES-ell)        
    27        1251         23019.9         1.40131        0.015625      Successful search (ES-wcm)        
    27        1296         23008.7          5.4884         0.03125        Successful poll           Train
    28        1297           23018         2.37609         0.03125      Successful search (ES-wcm)        
    28        1298         23017.6         3.27416         0.03125      Successful search (ES-wcm)        
    28        1347         23017.6         3.27416        0.015625          Refine grid             
    29        1348         23021.2          1.3323        0.015625      Successful search (ES-wcm)        
    29        1358         23021.1         1.22187        0.015625      Successful search (ES-wcm)        
    29        1360         23021.1         1.21591        0.015625      Successful search (ES-ell)        
    29        1362         23020.6         1.39287        0.015625      Successful search (ES-ell)        
    29        1363         23019.6         1.83534        0.015625      Successful search (ES-ell)        
    29        1364         23018.6         2.30361        0.015625      Successful search (ES-ell)        
    29        1409         23016.9         3.45566         0.03125        Successful poll           
    30        1410         23019.1         2.17097         0.03125      Successful search (ES-ell)        
    30        1413         23018.5         2.62589         0.03125      Successful search (ES-wcm)        
    30        1416         23016.1         3.00719         0.03125      Successful search (ES-ell)        
    30        1417         23014.4         3.45753         0.03125      Successful search (ES-ell)        
    30        1460         23014.4         3.45753        0.015625          Refine grid             
    31        1461         23019.4         1.68311        0.015625      Successful search (ES-ell)        
    31        1462         23017.6         2.31044        0.015625      Successful search (ES-ell)        
    31        1463         23014.2         4.13522        0.015625      Successful search (ES-wcm)        
    31        1464         23010.8         5.69682        0.015625      Successful search (ES-wcm)        
    31        1512         23010.8         5.69682       0.0078125          Refine grid             
    32        1513           23021         1.54488       0.0078125      Successful search (ES-wcm)        
    32        1518         23020.8         1.46696       0.0078125      Successful search (ES-ell)        
    32        1519         23020.8         1.46936       0.0078125      Successful search (ES-ell)        
    32        1529         23020.2          1.3299       0.0078125      Successful search (ES-ell)        
    32        1530         23019.9         1.36848       0.0078125      Successful search (ES-ell)        
    32        1531         23019.4         1.47232       0.0078125      Successful search (ES-ell)        
    32        1532         23018.5         1.58017       0.0078125      Successful search (ES-ell)        
    32        1533           23017         1.86357       0.0078125      Successful search (ES-ell)        
    32        1534         23014.3         2.34623       0.0078125      Successful search (ES-ell)        
    32        1535         23011.7         3.00478       0.0078125      Successful search (ES-ell)        
    32        1536         23010.5         3.93881       0.0078125      Successful search (ES-ell)        
    32        1577         23010.5         3.93881      0.00390625          Refine grid             
    33        1578         23020.9         1.14969      0.00390625      Successful search (ES-ell)        
    33        1579         23020.7         1.29289      0.00390625      Successful search (ES-wcm)        
    33        1580         23020.6          1.5009      0.00390625      Successful search (ES-wcm)        
    33        1581         23020.4         1.72495      0.00390625      Successful search (ES-wcm)        
    33        1582         23019.6         2.24308      0.00390625      Successful search (ES-wcm)        
    33        1629         23019.6         2.24308      0.00195312          Refine grid             Train
    34        1630         23021.4         1.28323      0.00195312      Successful search (ES-ell)        
    34        1631         23021.4         1.31222      0.00195312      Successful search (ES-ell)        
    34        1632         23021.1         1.39021      0.00195312      Successful search (ES-ell)        
    34        1633         23020.9         1.55166      0.00195312      Successful search (ES-wcm)        
    34        1634         23020.4         1.77023      0.00195312      Successful search (ES-wcm)        
    34        1636         23020.3         2.01347      0.00195312      Successful search (ES-wcm)        
    34        1639         23020.2         2.02036      0.00195312      Successful search (ES-wcm)        
    34        1680         23020.2         2.02036     0.000976562          Refine grid             Train
Optimization terminated: change in the function value less than options['tol_mesh']
Estimated function value at minimum: 23020.80999659552 ± 0.957141332353203 (mean ± SEM from 100 samples)
BADS minimum at: x_min = [ 0.2313  6.386   4.1368  0.      0.9848 12.0446  4.4418  0.9987 42.6285
 29.2758  0.6594  0.573   0.3871], training NLL = 23020.81
total f-count: 1780, time: 75.54 min

 Optimization Run 2/2
Initial params: [0.8562, 4.5453, 6.0758, 19.9064, 2.4508, -3.5773, 0.924, 0.1005, 17.4744, 22.8729, 0.5442, 0.2835, 0.8478]
bads:TooCloseBounds: For each variable, hard and plausible bounds should not be too close. Moving plausible bounds.
Variables (index) internally transformed to log coordinates: [[0 0]
 [0 3]
 [0 4]
 [0 6]]
Beginning optimization of a STOCHASTIC objective function

 Iteration    f-count      E[f(x)]        SD[f(x)]           MeshScale          Method              Actions
     0           1         24671.8             nan               1                                  
     0          33         24671.8             nan               1          Initial mesh            Initial points
     0          52           24476         1.01658               1        Successful poll           Train
     1          53         23983.9         1.01656               1      Successful search (ES-wcm)        
     1          57         23705.7         1.01652               1      Successful search (ES-wcm)        
     1          62         23685.9         1.03721               1      Successful search (ES-ell)        
     1          68         23670.7          1.0375               1      Successful search (ES-wcm)        
     1          71         23585.4         1.03736               1      Successful search (ES-wcm)        
     1          72         23437.7         1.03743               1      Successful search (ES-wcm)        
     1          75         23322.6         1.03694               1      Successful search (ES-wcm)        
     1          78         23286.9         1.03739               1      Successful search (ES-wcm)        
     1          82         23272.2         1.03682               1      Successful search (ES-wcm)        
     1          83         23211.3         1.03658               1      Successful search (ES-wcm)        
     1          85         23190.7         1.03653               1      Successful search (ES-wcm)        
     1          90         23158.1         1.09401               1      Successful search (ES-wcm)        
     1          92         23050.3         1.09415               1      Successful search (ES-wcm)        
     1          95         23040.8         1.09427               1      Successful search (ES-wcm)        
     1         101         22967.7         1.09356               1      Successful search (ES-wcm)        
     1         131         22483.2         18.6995               1        Successful poll           
     2         137         22399.2         17.6172               1      Successful search (ES-wcm)        
     2         144         22312.7        0.899031               1      Successful search (ES-wcm)        
     2         155         22307.7        0.896142               1      Successful search (ES-wcm)        
     2         157         22278.8        0.895819               1      Successful search (ES-wcm)        
     2         188         22168.9         1.00153               1        Successful poll           
     3         194         22106.8         1.00267               1      Successful search (ES-wcm)        
     3         209         22090.9         1.03405               1      Successful search (ES-wcm)        
     3         224         22064.7         1.03313               1      Successful search (ES-wcm)        
     3         240         22056.8         1.02103               1      Successful search (ES-wcm)        
     3         268         21919.8         1.25525               1        Successful poll           
     4         297         21919.8         1.25524             0.5          Refine grid             Train
     5         319         21861.4          1.0249               1        Successful poll           Train
     6         324         21847.6         24.2374               1      Successful search (ES-ell)        
     6         325         21818.5         24.4142               1      Successful search (ES-ell)        
     6         332         21749.5         21.2394               1      Successful search (ES-ell)        
     6         335           21722         24.3963               1      Successful search (ES-ell)        
     6         339         21719.9         24.0923               1      Successful search (ES-ell)        
     6         342         21613.7           21.85               1      Successful search (ES-ell)        
     6         345         21601.7         21.4446               1      Successful search (ES-ell)        
     6         349         21567.2         23.0506               1      Successful search (ES-ell)        
     6         351         21527.5         22.7054               1      Successful search (ES-ell)        
     6         358         21525.7         16.4971               1      Successful search (ES-ell)        
     6         362         21523.1         19.9336               1      Successful search (ES-ell)        
     6         368         21518.5         15.4163               1      Successful search (ES-ell)        
     6         369           21512         20.0551               1      Successful search (ES-ell)        
     6         370         21480.4         20.4688               1      Successful search (ES-ell)        
     6         382         21479.4         16.6018               1      Incremental search (ES-wcm)        
     6         383           21462         16.2467               1      Successful search (ES-ell)        
     6         414           21462         16.2467             0.5          Refine grid             
     7         422         21459.9          13.982             0.5      Successful search (ES-ell)        
     7         424         21459.3         13.7097             0.5      Successful search (ES-ell)        
     7         427         21453.1         11.0818             0.5      Successful search (ES-ell)        
     7         432         21409.9         17.8636             0.5      Successful search (ES-ell)        
     7         473         21409.9         17.8636            0.25          Refine grid             
     8         475         21420.9         24.8008            0.25      Successful search (ES-ell)        
     8         476         21409.9         26.4347            0.25      Successful search (ES-ell)        
     8         520         21409.9         26.4347           0.125          Refine grid             Train
     9         555         21437.3         8.05388          0.0625          Refine grid             Train
    10         556         21414.2         11.4006          0.0625      Successful search (ES-ell)        
    10         604         21414.2         11.4006         0.03125          Refine grid             Train
    11         605         21425.9         8.05399         0.03125      Successful search (ES-ell)        
    11         606         21415.7         10.5099         0.03125      Successful search (ES-ell)        
    11         607         21406.4         12.1193         0.03125      Successful search (ES-ell)        
    11         654         21406.4         12.1193        0.015625          Refine grid             Train
    12         655         21400.4         6.67158        0.015625      Successful search (ES-ell)        
    12         656         21391.9         11.1973        0.015625      Successful search (ES-ell)        
    12         657         21380.8         13.8432        0.015625      Successful search (ES-ell)        
    12         705         21380.8         13.8432       0.0078125          Refine grid             
    13         706         21413.8         5.01799       0.0078125      Successful search (ES-wcm)        
    13         709           21412         5.93483       0.0078125      Successful search (ES-wcm)        
    13         711         21409.6         6.56338       0.0078125      Successful search (ES-wcm)        
    13         712         21409.5         7.71621       0.0078125      Successful search (ES-ell)        
    13         713         21402.3         8.53612       0.0078125      Successful search (ES-ell)        
    13         714         21392.5         10.0499       0.0078125      Successful search (ES-ell)        
    13         715         21382.9         11.2982       0.0078125      Successful search (ES-ell)        
    13         757         21382.9         11.2982      0.00390625          Refine grid             
    14         761         21401.2         4.69365      0.00390625      Successful search (ES-wcm)        
    14         762           21400         4.79541      0.00390625      Successful search (ES-wcm)        
    14         763         21399.4         4.89043      0.00390625      Successful search (ES-wcm)        
    14         766         21398.9         4.85871      0.00390625      Successful search (ES-wcm)        
    14         767           21396         5.11532      0.00390625      Successful search (ES-wcm)        
    14         768         21394.2         5.82515      0.00390625      Successful search (ES-wcm)        
    14         771         21392.4         6.16412      0.00390625      Successful search (ES-wcm)        
    14         797         21179.3         10.4426       0.0078125        Successful poll           
    15         836           21179         10.4538      0.00390625          Refine grid             Train
    16         837         21400.9         4.45579      0.00390625      Successful search (ES-wcm)        
    16         838         21397.5          5.8607      0.00390625      Successful search (ES-wcm)        
    16         840         21393.2         7.19582      0.00390625      Successful search (ES-wcm)        
    16         841         21391.7         10.8411      0.00390625      Successful search (ES-wcm)        
    16         842         21391.5         12.8861      0.00390625      Successful search (ES-wcm)        
    16         845         21389.5         10.6231      0.00390625      Successful search (ES-wcm)        
    16         888         21389.5         10.6231      0.00195312          Refine grid             
    17         889         21399.1         3.38296      0.00195312      Successful search (ES-wcm)        
    17         890         21397.6          3.8926      0.00195312      Successful search (ES-wcm)        
    17         891         21396.6          4.5576      0.00195312      Successful search (ES-wcm)        
    17         892         21393.3          6.8746      0.00195312      Successful search (ES-wcm)        
    17         893         21381.7           9.944      0.00195312      Successful search (ES-wcm)        
    17         915         21314.1         19.9516      0.00390625        Successful poll           
    18         916         21379.9         12.8251      0.00390625      Successful search (ES-ell)        
    18         917         21366.3         12.3223      0.00390625      Successful search (ES-ell)        
    18         918         21359.4         12.2865      0.00390625      Successful search (ES-ell)        
    18         919         21356.4         13.2328      0.00390625      Successful search (ES-ell)        
    18         920         21349.5         14.9195      0.00390625      Successful search (ES-ell)        
    18         967         21349.5         14.9195      0.00195312          Refine grid             
    19        1006         21403.4         3.49691     0.000976562          Refine grid             
Optimization terminated: change in the function value less than options['tol_mesh']
Estimated function value at minimum: 21409.471182097845 ± 2.9325334042562163 (mean ± SEM from 100 samples)
BADS minimum at: x_min = [  4.317    5.6156   6.5533  80.2392   1.3186 -40.204    1.2716   0.0956
   6.7334  19.978    0.4705   0.3182   2.5628], training NLL = 21409.4712
total f-count: 1106, time: 46.72 min

 ------- Finish Optimization for Subject 3 ---------- 

 ------- Start Optimization for Subject 5 ---------- 

 Cross Validation fold 0/1

 -- Start Optimization: method BADS --

 Optimization Run 1/2
Initial params: [1.5652, 2.09, 13.216, 39.0972, 36.1401, 37.6084, 4.3431, 0.3133, 22.3226, 29.5679, 0.7693, 0.2435, -0.2177]
bads:TooCloseBounds: For each variable, hard and plausible bounds should not be too close. Moving plausible bounds.
Variables (index) internally transformed to log coordinates: [[0 0]
 [0 3]
 [0 4]
 [0 6]]
Beginning optimization of a STOCHASTIC objective function

 Iteration    f-count      E[f(x)]        SD[f(x)]           MeshScale          Method              Actions
     0           1         25625.7             nan               1                                  
     0          33         24702.3             nan               1          Initial mesh            Initial points
     0          50         24574.9         1.01435               1        Successful poll           Train
     1          55         24076.6         1.00985               1      Successful search (ES-wcm)        
     1          60         24051.1        0.965758               1      Successful search (ES-wcm)        
     1          61         24039.2          1.5709               1      Successful search (ES-wcm)        
     1          63         24029.9         1.50215               1      Successful search (ES-ell)        
     1          64         24012.9         1.57118               1      Successful search (ES-wcm)        
     1          70         24006.7         1.57016               1      Successful search (ES-wcm)        
     1          71         24004.1         1.56861               1      Successful search (ES-wcm)        
     1          76         24003.3         1.56822               1      Incremental search (ES-wcm)        
     1          79         23993.9         1.57103               1      Successful search (ES-wcm)        
     1          83         23982.8         1.56899               1      Successful search (ES-wcm)        
     1          91         23982.1         3.57164               1      Incremental search (ES-wcm)        
     1          92         23971.9          3.6038               1      Successful search (ES-wcm)        
     1         102           23964          2.5433               1      Successful search (ES-wcm)        
     1         107         23960.4         2.58388               1      Successful search (ES-wcm)        
     1         111         23960.2         2.19895               1      Incremental search (ES-wcm)        
     1         112         23942.6         2.99291               1      Successful search (ES-ell)        
     1         113         23925.4         3.12241               1      Successful search (ES-ell)        
     1         114         23850.5         3.39381               1      Successful search (ES-ell)        
     1         142         23821.5         6.38799               1        Successful poll           Train
     2         144         23798.8          10.423               1      Successful search (ES-ell)        
     2         160         23795.7         6.15944               1      Successful search (ES-wcm)        
     2         169         23783.5          13.606               1      Successful search (ES-ell)        
     2         172         23776.4         13.2705               1      Successful search (ES-ell)        
     2         173         23762.9         13.6262               1      Successful search (ES-ell)        
     2         211         23762.9         13.6262             0.5          Refine grid             Train
     3         212         23760.4         7.11187             0.5      Successful search (ES-ell)        
     3         256         23760.4         7.11187            0.25          Refine grid             
     4         257         23770.9         3.46748            0.25      Successful search (ES-ell)        
     4         259         23767.5         5.08582            0.25      Successful search (ES-wcm)        
     4         263         23767.2          2.9271            0.25      Successful search (ES-wcm)        
     4         264         23762.1         4.18384            0.25      Successful search (ES-wcm)        
     4         266         23760.3         3.90116            0.25      Successful search (ES-wcm)        
     4         267           23759         4.31929            0.25      Successful search (ES-ell)        
     4         268         23758.5         5.37504            0.25      Successful search (ES-ell)        
     4         273         23758.1          3.3176            0.25      Successful search (ES-ell)        
     4         274         23756.2         3.41636            0.25      Successful search (ES-ell)        
     4         275           23756         3.81061            0.25      Successful search (ES-ell)        
     4         276         23755.7         4.37283            0.25      Successful search (ES-ell)        
     4         316         23755.7         4.37283           0.125          Refine grid             
     5         317         23758.3         1.79002           0.125      Successful search (ES-wcm)        
     5         365         23758.3         1.79002          0.0625          Refine grid             
     6         366         23761.5         1.35607          0.0625      Successful search (ES-wcm)        
     6         367         23761.2         3.17994          0.0625      Successful search (ES-wcm)        
     6         368         23761.1         6.28892          0.0625      Successful search (ES-wcm)        
     6         369           23760         7.34702          0.0625      Successful search (ES-wcm)        
     6         371         23754.2         6.06762          0.0625      Successful search (ES-wcm)        
     6         372         23752.5         5.64088          0.0625      Successful search (ES-ell)        
     6         373         23747.9         6.34558          0.0625      Successful search (ES-ell)        
     6         374           23746         6.80272          0.0625      Successful search (ES-ell)        
     6         394         23740.3          6.8502           0.125        Successful poll           Train
     7         432         23741.1         6.79507          0.0625          Refine grid             Train
     8         433         23750.3         1.48516          0.0625      Successful search (ES-ell)        
     8         434         23748.4         2.06707          0.0625      Successful search (ES-ell)        
     8         436         23747.4         2.68531          0.0625      Successful search (ES-ell)        
     8         460         23746.3         2.92356           0.125        Successful poll           Train
     9         462           23744         2.80186           0.125      Successful search (ES-wcm)        
     9         510           23744         2.80186          0.0625          Refine grid             
    10         511         23751.1         1.44548          0.0625      Successful search (ES-ell)        
    10         513         23750.8         1.78347          0.0625      Successful search (ES-ell)        
    10         514           23750         2.41069          0.0625      Successful search (ES-ell)        
    10         561           23750         2.41069         0.03125          Refine grid             
    11         562         23750.4         1.08863         0.03125      Successful search (ES-wcm)        
    11         563         23749.9         1.67726         0.03125      Successful search (ES-wcm)        
    11         564         23749.6         2.95375         0.03125      Successful search (ES-wcm)        
    11         567         23748.1         2.36282         0.03125      Successful search (ES-ell)        
    11         568         23747.9         2.62121         0.03125      Successful search (ES-ell)        
    11         570         23747.3          2.6711         0.03125      Successful search (ES-ell)        
    11         571         23746.4         3.02186         0.03125      Successful search (ES-ell)        
    11         613         23746.4         3.02186        0.015625          Refine grid             Train
    12         614         23747.8         2.06572        0.015625      Successful search (ES-wcm)        
    12         615         23747.1         2.41733        0.015625      Successful search (ES-wcm)        
    12         647         23741.8         4.75003         0.03125        Successful poll           
    13         686           23700         2.43506          0.0625        Successful poll           
    14         687         23749.3         1.62093          0.0625      Successful search (ES-ell)        
    14         688         23747.8         2.39262          0.0625      Successful search (ES-ell)        
    14         691         23746.3         3.00301          0.0625      Successful search (ES-ell)        
    14         692         23742.7         3.34521          0.0625      Successful search (ES-ell)        
    14         738         23742.7         3.34521         0.03125          Refine grid             
    15         739         23748.1         1.24881         0.03125      Successful search (ES-ell)        
    15         740         23746.6         1.67676         0.03125      Successful search (ES-wcm)        
    15         742         23745.9          1.9004         0.03125      Successful search (ES-wcm)        
    15         744         23744.1         1.88644         0.03125      Successful search (ES-ell)        
    15         745         23741.5         2.16416         0.03125      Successful search (ES-ell)        
    15         789         23741.5         2.16416        0.015625          Refine grid             
    16         790           23748         1.19509        0.015625      Successful search (ES-ell)        
    16         791           23747         1.24372        0.015625      Successful search (ES-ell)        
    16         792         23746.4         1.45816        0.015625      Successful search (ES-ell)        
    16         793         23745.5         1.72189        0.015625      Successful search (ES-ell)        
    16         794         23744.9         2.24606        0.015625      Successful search (ES-wcm)        
    16         795         23744.9         2.92705        0.015625      Successful search (ES-wcm)        
    16         796         23743.9          3.0177        0.015625      Successful search (ES-wcm)        
    16         838         23743.9          3.0177       0.0078125          Refine grid             Train
    17         874         23749.6         1.13683      0.00390625          Refine grid             Train
    18         875         23749.3         1.11557      0.00390625      Successful search (ES-ell)        
    18         926         23749.3         1.11557      0.00195312          Refine grid             
    19         927         23749.9          1.0485      0.00195312      Successful search (ES-ell)        
    19         928         23749.7         1.04822      0.00195312      Successful search (ES-ell)        
    19         929         23749.5         1.05539      0.00195312      Successful search (ES-ell)        
    19         930         23749.3         1.07034      0.00195312      Successful search (ES-ell)        
    19         931         23748.9          1.0918      0.00195312      Successful search (ES-ell)        
    19         932         23748.3         1.15159      0.00195312      Successful search (ES-ell)        
    19         933         23747.6         1.23682      0.00195312      Successful search (ES-ell)        
    19         934           23747         1.45108      0.00195312      Successful search (ES-ell)        
    19         935         23745.3          1.7433      0.00195312      Successful search (ES-ell)        
    19         936         23744.3         2.22826      0.00195312      Successful search (ES-ell)        
    19         937         23739.9         2.66751      0.00195312      Successful search (ES-ell)        
    19         938         23737.4         3.45528      0.00195312      Successful search (ES-ell)        
    19         939         23737.3         4.09352      0.00195312      Successful search (ES-ell)        
    19         977         23737.3         4.09352     0.000976562          Refine grid             Train
Optimization terminated: change in the function value less than options['tol_mesh']
Estimated function value at minimum: 23748.15150826289 ± 0.8596835556344808 (mean ± SEM from 100 samples)
BADS minimum at: x_min = [  0.4778   0.7873   3.4987 100.       1.0386  71.357    4.4274   0.3939
   5.2173  55.3421   0.5819   0.1249  -1.3078], training NLL = 23748.1515
total f-count: 1077, time: 45.58 min

 Optimization Run 2/2
Initial params: [1.1265, 3.575, 9.5134, 47.7451, 6.6093, -25.3361, 0.8401, 0.4316, 18.6489, 18.464, 0.5386, 0.4343, 0.5766]
bads:TooCloseBounds: For each variable, hard and plausible bounds should not be too close. Moving plausible bounds.
Variables (index) internally transformed to log coordinates: [[0 0]
 [0 3]
 [0 4]
 [0 6]]
Beginning optimization of a STOCHASTIC objective function

 Iteration    f-count      E[f(x)]        SD[f(x)]           MeshScale          Method              Actions
     0           1         25547.6             nan               1                                  
     0          33           24703             nan               1          Initial mesh            Initial points
     0          47           24556        0.996326               1        Successful poll           Train
     1          51           24531        0.995782               1      Successful search (ES-wcm)        
     1          54         24143.3        0.995144               1      Successful search (ES-wcm)        
     1          59         24103.9        0.958651               1      Successful search (ES-wcm)        
     1          62         24042.8        0.952678               1      Successful search (ES-wcm)        
     1          64         24025.4        0.952726               1      Successful search (ES-wcm)        
     1          66         23992.8        0.952255               1      Successful search (ES-wcm)        
     1          69         23991.8        0.952607               1      Incremental search (ES-wcm)        
     1          71         23969.2        0.952306               1      Successful search (ES-wcm)        
     1          77         23968.6         0.94467               1      Incremental search (ES-ell)        
     1          80         23942.4        0.946815               1      Successful search (ES-ell)        
     1          87         23923.5         0.94926               1      Successful search (ES-ell)        
     1          88           23887         8.31161               1      Successful search (ES-ell)        
     1          89         23863.8         8.46432               1      Successful search (ES-ell)        
     1          92         23849.6          8.1529               1      Successful search (ES-wcm)        
     1          93         23834.6         8.30308               1      Successful search (ES-wcm)        
     1          98         23822.9         7.31584               1      Successful search (ES-ell)        
     1         101           23806         7.53389               1      Successful search (ES-ell)        
     1         116         23803.9         9.45664               1      Successful search (ES-wcm)        
     1         142         23793.8         8.05618               1        Successful poll           Train
     2         146         23793.4         6.91646               1      Successful search (ES-wcm)        
     2         178         23790.8         9.51143               1        Successful poll           Train
     3         179         23588.8         12.6146               1      Successful search (ES-ell)        
     3         221         23588.8         12.6146             0.5          Refine grid             
     4         222           23826         10.9721             0.5      Successful search (ES-ell)        
     4         223         23783.7         12.1353             0.5      Successful search (ES-ell)        
     4         235         23782.2         7.65727             0.5      Successful search (ES-ell)        
     4         238         23773.7         13.6291             0.5      Successful search (ES-wcm)        
     4         250         23771.3         11.0193             0.5      Successful search (ES-wcm)        
     4         255         23769.1         7.00751             0.5      Successful search (ES-ell)        
     4         262         23748.6         5.55001             0.5      Successful search (ES-ell)        
     4         263         23693.8         7.05824             0.5      Successful search (ES-ell)        
     4         305         23693.8         7.05824            0.25          Refine grid             
     5         306         23771.5         2.41743            0.25      Successful search (ES-ell)        
     5         307         23681.8         5.35934            0.25      Successful search (ES-wcm)        
     5         309         23633.1         5.55908            0.25      Successful search (ES-wcm)        
     5         310         23586.7         5.88359            0.25      Successful search (ES-ell)        
     5         353         23586.7         5.88359           0.125          Refine grid             
     6         354         23757.4         3.64395           0.125      Successful search (ES-wcm)        
     6         355         23752.2         3.88163           0.125      Successful search (ES-ell)        
     6         356         23749.4         5.00422           0.125      Successful search (ES-ell)        
     6         357         23749.3         6.31986           0.125      Successful search (ES-ell)        
     6         402         23749.3         6.31986          0.0625          Refine grid             Train
     7         403         23745.4         1.57462          0.0625      Successful search (ES-ell)        
     7         404           23734         1.66625          0.0625      Successful search (ES-ell)        
     7         405         23723.9         1.90311          0.0625      Successful search (ES-ell)        
     7         406         23710.2         2.40205          0.0625      Successful search (ES-ell)        
     7         407           23698         3.31876          0.0625      Successful search (ES-ell)        
     7         409         23697.8         3.39585          0.0625      Successful search (ES-ell)        
     7         451         23697.8         3.39585         0.03125          Refine grid             
     8         452           23755         1.38565         0.03125      Successful search (ES-ell)        
     8         453         23749.6         1.46624         0.03125      Successful search (ES-ell)        
     8         454         23744.2         1.65818         0.03125      Successful search (ES-ell)        
     8         455         23737.8         2.19572         0.03125      Successful search (ES-ell)        
     8         456         23730.5         3.02083         0.03125      Successful search (ES-ell)        
     8         457         23729.1         3.58837         0.03125      Successful search (ES-ell)        
     8         501         23729.1         3.58837        0.015625          Refine grid             
     9         502         23758.5          1.3807        0.015625      Successful search (ES-ell)        
     9         503         23755.7         1.42695        0.015625      Successful search (ES-ell)        
     9         504         23753.6         1.51986        0.015625      Successful search (ES-ell)        
     9         505         23750.4         1.63467        0.015625      Successful search (ES-ell)        
     9         506         23745.7         1.65983        0.015625      Successful search (ES-wcm)        
     9         507         23740.6         1.90266        0.015625      Successful search (ES-wcm)        
     9         508         23732.8         2.11747        0.015625      Successful search (ES-wcm)        
     9         509         23722.4         2.83931        0.015625      Successful search (ES-wcm)        
     9         510         23703.6         3.56855        0.015625      Successful search (ES-wcm)        
     9         511         23698.4         4.64251        0.015625      Successful search (ES-wcm)        
     9         551         23698.4         4.64251       0.0078125          Refine grid             
    10         552         23758.1         1.43792       0.0078125      Successful search (ES-wcm)        
    10         553         23757.6         1.43286       0.0078125      Successful search (ES-ell)        
    10         554         23757.3         1.43925       0.0078125      Successful search (ES-ell)        
    10         555         23757.1         1.48327       0.0078125      Successful search (ES-wcm)        
    10         556         23756.8         1.57678       0.0078125      Successful search (ES-wcm)        
    10         557         23756.3         1.72067       0.0078125      Successful search (ES-wcm)        
    10         558         23755.4         1.90699       0.0078125      Successful search (ES-wcm)        
    10         559         23754.8         2.23046       0.0078125      Successful search (ES-wcm)        
    10         560           23754         2.68526       0.0078125      Successful search (ES-wcm)        
    10         561         23753.4         3.21462       0.0078125      Successful search (ES-wcm)        
    10         562         23753.3         3.63978       0.0078125      Successful search (ES-wcm)        
    10         603         23753.3         3.63978      0.00390625          Refine grid             Train
    11         604         23760.4          1.0249      0.00390625      Successful search (ES-wcm)        
    11         605         23760.3          1.0218      0.00390625      Successful search (ES-wcm)        
    11         606         23760.3         1.02057      0.00390625      Successful search (ES-wcm)        
    11         607         23760.2         1.01976      0.00390625      Successful search (ES-wcm)        
    11         608         23760.1         1.02077      0.00390625      Successful search (ES-wcm)        
    11         609           23760         1.03188      0.00390625      Successful search (ES-wcm)        
    11         610         23759.8          1.0407      0.00390625      Successful search (ES-wcm)        
    11         611         23759.4         1.05059      0.00390625      Successful search (ES-wcm)        
    11         612         23759.1         1.07133      0.00390625      Successful search (ES-wcm)        
    11         613         23758.8         1.11947      0.00390625      Successful search (ES-wcm)        
    11         614         23757.7         1.23102      0.00390625      Successful search (ES-wcm)        
    11         615         23756.8         1.40106      0.00390625      Successful search (ES-wcm)        
    11         616         23755.9         1.84807      0.00390625      Successful search (ES-wcm)        
    11         655         23754.8         2.27789       0.0078125        Successful poll           
    12         656           23754         1.85767       0.0078125      Successful search (ES-wcm)        
    12         680         23753.4         1.11082       0.0078125      Successful search (ES-wcm)        
    12         714         23751.6         2.00063        0.015625        Successful poll           
    13         720         23748.8         1.70146        0.015625      Successful search (ES-wcm)        
    13         766         23748.8         1.70146       0.0078125          Refine grid             
    14         767         23754.2         1.01498       0.0078125      Successful search (ES-wcm)        
    14         768         23753.9         1.15944       0.0078125      Successful search (ES-wcm)        
    14         769         23753.5         1.35763       0.0078125      Successful search (ES-wcm)        
    14         770           23753         1.71419       0.0078125      Successful search (ES-wcm)        
    14         771         23751.8         2.31483       0.0078125      Successful search (ES-wcm)        
    14         772         23749.4         2.97503       0.0078125      Successful search (ES-wcm)        
    14         773         23747.3         4.10548       0.0078125      Successful search (ES-wcm)        
    14         818         23743.4         4.93414        0.015625        Successful poll           
    15         819         23741.6          3.8913        0.015625      Successful search (ES-wcm)        
    15         820           23740         4.24098        0.015625      Successful search (ES-wcm)        
    15         822         23736.7         3.79004        0.015625      Successful search (ES-wcm)        
    15         823         23736.7         4.47635        0.015625      Successful search (ES-wcm)        
    15         824         23734.5         5.25596        0.015625      Successful search (ES-wcm)        
    15         856         23732.9         7.39322         0.03125        Successful poll           Train
    16         857         23733.8         5.41672         0.03125      Successful search (ES-ell)        
    16         858         23732.6         5.94342         0.03125      Successful search (ES-ell)        
    16         860         23731.7         6.23042         0.03125      Successful search (ES-ell)        
    16         862         23728.1         5.72239         0.03125      Successful search (ES-ell)        
    16         908         23728.1         5.72239        0.015625          Refine grid             
    17         909         23738.2         3.01845        0.015625      Successful search (ES-ell)        
    17         910         23738.1         4.04985        0.015625      Successful search (ES-ell)        
    17         912         23737.8         4.21766        0.015625      Successful search (ES-ell)        
    17         913         23734.6         4.93916        0.015625      Successful search (ES-ell)        
    17         914           23727         5.70012        0.015625      Successful search (ES-ell)        
    17         960           23727         5.70012       0.0078125          Refine grid             
    18         962         23736.1         1.15975       0.0078125      Successful search (ES-wcm)        
    18         988         23734.1         1.24416        0.015625        Successful poll           Train
    19         989         23735.5         1.68934        0.015625      Successful search (ES-ell)        
    19        1040         23735.5         1.68934       0.0078125          Refine grid             
    20        1041         23738.4        0.856645       0.0078125      Successful search (ES-wcm)        
    20        1042         23738.2        0.951299       0.0078125      Successful search (ES-wcm)        
    20        1054           23734         1.18162       0.0078125      Successful search (ES-wcm)        
    20        1055         23727.9         1.77449       0.0078125      Successful search (ES-wcm)        
    20        1056         23725.8         2.42694       0.0078125      Successful search (ES-ell)        
    20        1057         23724.6         3.52406       0.0078125      Successful search (ES-ell)        
    20        1094         23721.7         2.25278        0.015625        Successful poll           
    21        1133         23721.8         2.35847       0.0078125          Refine grid             Train
    22        1135         23724.4         1.40948       0.0078125      Successful search (ES-ell)        
    22        1136         23721.6         1.97032       0.0078125      Successful search (ES-ell)        
    22        1137         23719.3         3.25661       0.0078125      Successful search (ES-wcm)        
    22        1185         23719.3         3.25661      0.00390625          Refine grid             
    23        1186         23723.2         1.14703      0.00390625      Successful search (ES-wcm)        
    23        1187           23722         1.47512      0.00390625      Successful search (ES-wcm)        
    23        1188         23721.3         2.11841      0.00390625      Successful search (ES-wcm)        
    23        1237         23721.3         2.11841      0.00195312          Refine grid             
    24        1238         23722.2         1.06311      0.00195312      Successful search (ES-ell)        
    24        1239         23721.7         1.30076      0.00195312      Successful search (ES-ell)        
    24        1240         23721.7         1.74864      0.00195312      Successful search (ES-ell)        
    24        1241         23720.8          2.5423      0.00195312      Successful search (ES-ell)        
    24        1242           23719          3.4066      0.00195312      Successful search (ES-ell)        
    24        1243         23717.6         4.57329      0.00195312      Successful search (ES-ell)        
    24        1244         23714.7         5.31881      0.00195312      Successful search (ES-ell)        
    24        1289         23714.7         5.31881     0.000976562          Refine grid             
Optimization terminated: change in the function value less than options['tol_mesh']
Estimated function value at minimum: 23723.58990957817 ± 0.8040761417830069 (mean ± SEM from 100 samples)
BADS minimum at: x_min = [ 0.2227  0.4123  4.2225  0.      0.8689 87.4278  4.6778  0.676   5.9052
  9.6221  0.5088  0.2875  1.0434], training NLL = 23723.5899
total f-count: 1389, time: 59.05 min

 ------- Finish Optimization for Subject 5 ---------- 

 ------- Start Optimization for Subject 6 ---------- 

 Cross Validation fold 0/1

 -- Start Optimization: method BADS --

 Optimization Run 1/2
Initial params: [1.1994, 7.78, 7.0733, 34.3717, 10.5156, 38.576, 2.8323, 0.3947, 19.3494, 27.5665, 0.7453, 0.6913, 0.3224]
bads:TooCloseBounds: For each variable, hard and plausible bounds should not be too close. Moving plausible bounds.
Variables (index) internally transformed to log coordinates: [[0 0]
 [0 3]
 [0 4]
 [0 6]]
Beginning optimization of a STOCHASTIC objective function

 Iteration    f-count      E[f(x)]        SD[f(x)]           MeshScale          Method              Actions
     0           1         25329.2             nan               1                                  
     0          33         24566.2             nan               1          Initial mesh            Initial points
     0          48         24382.2         1.00007               1        Successful poll           Train
     1          52           24352        0.998506               1      Successful search (ES-wcm)        
     1          73         24346.4        0.758291               1      Successful search (ES-wcm)        
     1          79           24346        0.748005               1      Incremental search (ES-ell)        
     1          83         24339.6        0.669073               1      Successful search (ES-ell)        
     1          89           24336         4.29031               1      Successful search (ES-ell)        
     1         132         24106.3         3.37763               1        Successful poll           Train
     2         164         24097.1         3.27798             0.5          Refine grid             Train
     3         166         24338.1         5.16293             0.5      Successful search (ES-ell)        
     3         167         24331.5         5.79426             0.5      Successful search (ES-ell)        
     3         196         24303.4         6.45569               1        Successful poll           Train
     4         197         24294.1         5.91804               1      Successful search (ES-ell)        
     4         200         24289.6         5.51646               1      Successful search (ES-ell)        
     4         201         24277.2         5.81856               1      Successful search (ES-ell)        
     4         203         24275.5         5.77183               1      Successful search (ES-ell)        
     4         204         24271.1         6.12665               1      Successful search (ES-ell)        
     4         240         24269.2         6.43629               1        Successful poll           
     5         274         24268.4          6.1098             0.5          Refine grid             Train
     6         307         24263.3         7.01778            0.25          Refine grid             Train
     7         310         24259.5         4.07033            0.25      Successful search (ES-wcm)        
     7         311         24254.3         7.10251            0.25      Successful search (ES-wcm)        
     7         312         24246.1          7.2797            0.25      Successful search (ES-wcm)        
     7         314         24238.8         7.29997            0.25      Successful search (ES-wcm)        
     7         356         24236.3         5.84597             0.5        Successful poll           
     8         360           24235         5.81183             0.5      Successful search (ES-wcm)        
     8         362         24228.4         5.69996             0.5      Successful search (ES-wcm)        
     8         374           24225         4.58137             0.5      Successful search (ES-wcm)        
     8         386         24222.3         2.81089             0.5      Successful search (ES-ell)        
     8         387         24217.1         3.78379             0.5      Successful search (ES-ell)        
     8         396         24207.8         6.22888             0.5      Successful search (ES-wcm)        
     8         397         24198.6         6.25162             0.5      Successful search (ES-wcm)        
     8         402         24189.9          6.1225             0.5      Successful search (ES-wcm)        
     8         403         24186.8         5.60859             0.5      Successful search (ES-ell)        
     8         406           24186         4.94517             0.5      Successful search (ES-ell)        
     8         440           24186         4.94517            0.25          Refine grid             
     9         441         24177.9         2.55061            0.25      Successful search (ES-ell)        
     9         443         24169.5         2.99071            0.25      Successful search (ES-ell)        
     9         479         24154.3         5.79868             0.5        Successful poll           
    10         512         24152.3         5.76977            0.25          Refine grid             Train
    11         513         24193.2         2.38405            0.25      Successful search (ES-ell)        
    11         518           24193          3.0183            0.25      Incremental search (ES-wcm)        
    11         561           24193          3.0183           0.125          Refine grid             Train
    12         562         24189.9         3.55616           0.125      Successful search (ES-wcm)        
    12         564         24182.6         4.19496           0.125      Successful search (ES-wcm)        
    12         611         24182.6         4.19496          0.0625          Refine grid             Train
    13         612         24186.4         1.81736          0.0625      Successful search (ES-wcm)        
    13         661         24186.4         1.81736         0.03125          Refine grid             
    14         662         24188.1        0.842858         0.03125      Successful search (ES-wcm)        
    14         663         24188.1         1.60262         0.03125      Successful search (ES-wcm)        
    14         666         24187.7         1.35898         0.03125      Successful search (ES-wcm)        
    14         667         24186.5         1.44601         0.03125      Successful search (ES-ell)        
    14         668         24184.7         1.73499         0.03125      Successful search (ES-ell)        
    14         669         24183.1         2.23639         0.03125      Successful search (ES-ell)        
    14         670         24178.3         2.78233         0.03125      Successful search (ES-ell)        
    14         671         24173.2         3.29117         0.03125      Successful search (ES-ell)        
    14         675         24157.8         1.57953         0.03125      Successful search (ES-ell)        
    14         676         24135.6         1.56078         0.03125      Successful search (ES-ell)        
    14         677         24107.6         1.54654         0.03125      Successful search (ES-ell)        
    14         678         24069.5         1.74251         0.03125      Successful search (ES-ell)        
    14         679           24045         2.12398         0.03125      Successful search (ES-ell)        
    14         680         24025.3         2.41741         0.03125      Successful search (ES-ell)        
    14         724         24025.3         2.41741        0.015625          Refine grid             
    15         725         24164.7        0.685313        0.015625      Successful search (ES-ell)        
    15         726         24158.8        0.716221        0.015625      Successful search (ES-ell)        
    15         727         24150.8        0.744145        0.015625      Successful search (ES-ell)        
    15         728         24139.6        0.893815        0.015625      Successful search (ES-ell)        
    15         729         24125.9         1.14932        0.015625      Successful search (ES-ell)        
    15         730         24110.8         1.61594        0.015625      Successful search (ES-ell)        
    15         731         24102.3         1.99894        0.015625      Successful search (ES-ell)        
    15         775         24102.3         1.99894       0.0078125          Refine grid             
    16         776         24170.6        0.596005       0.0078125      Successful search (ES-ell)        
    16         777         24169.4        0.587368       0.0078125      Successful search (ES-ell)        
    16         778         24167.6        0.577431       0.0078125      Successful search (ES-ell)        
    16         779         24165.8        0.577702       0.0078125      Successful search (ES-ell)        
    16         780         24163.8        0.647767       0.0078125      Successful search (ES-ell)        
    16         827         24163.8        0.647767      0.00390625          Refine grid             Train
    17         828         24176.7        0.517792      0.00390625      Successful search (ES-ell)        
    17         829         24176.4        0.520343      0.00390625      Successful search (ES-ell)        
    17         830         24176.2        0.538194      0.00390625      Successful search (ES-ell)        
    17         831           24176        0.574389      0.00390625      Successful search (ES-ell)        
    17         832         24175.7        0.639067      0.00390625      Successful search (ES-ell)        
    17         833           24175        0.719004      0.00390625      Successful search (ES-ell)        
    17         834         24174.3        0.917101      0.00390625      Successful search (ES-ell)        
    17         835         24173.3         1.29459      0.00390625      Successful search (ES-ell)        
    17         836         24172.3         1.82908      0.00390625      Successful search (ES-ell)        
    17         872         24171.7         1.35489       0.0078125        Successful poll           Train
    18         873         24171.8        0.972429       0.0078125      Successful search (ES-wcm)        
    18         919         24171.4         1.15713        0.015625        Successful poll           
    19         920         24171.2         1.56708        0.015625      Successful search (ES-wcm)        
    19         956         24170.6         3.54383         0.03125        Successful poll           
    20         958         24170.8          2.0768         0.03125      Successful search (ES-wcm)        
    20         959           24169         1.88794         0.03125      Successful search (ES-ell)        
    20         960         24165.1         1.74356         0.03125      Successful search (ES-ell)        
    20         961         24160.2         1.74602         0.03125      Successful search (ES-ell)        
    20         962         24153.7         1.88386         0.03125      Successful search (ES-ell)        
    20         963         24145.3         2.14011         0.03125      Successful search (ES-ell)        
    20         964         24135.5          2.2555         0.03125      Successful search (ES-ell)        
    20         965         24130.5         2.57439         0.03125      Successful search (ES-ell)        
    20        1008         24130.5         2.57439        0.015625          Refine grid             Train
    21        1009           24174        0.678226        0.015625      Successful search (ES-ell)        
    21        1010         24173.8        0.846358        0.015625      Successful search (ES-ell)        
    21        1058         24173.5         1.56082         0.03125        Successful poll           
    22        1095         24173.4         1.56075        0.015625          Refine grid             
    23        1096         24174.2        0.624282        0.015625      Successful search (ES-ell)        
    23        1097         24173.9        0.766526        0.015625      Successful search (ES-ell)        
    23        1099         24173.8        0.943571        0.015625      Successful search (ES-ell)        
    23        1100         24173.7         1.33179        0.015625      Successful search (ES-ell)        
    23        1101         24173.7         1.76213        0.015625      Successful search (ES-ell)        
    23        1102         24171.7         1.98008        0.015625      Successful search (ES-ell)        
    23        1103         24169.2         2.40555        0.015625      Successful search (ES-ell)        
    23        1145         24169.2         2.40555       0.0078125          Refine grid             Train
    24        1146         24174.6        0.574415       0.0078125      Successful search (ES-ell)        
    24        1147         24174.4        0.659024       0.0078125      Successful search (ES-ell)        
    24        1148         24174.4         0.82559       0.0078125      Successful search (ES-ell)        
    24        1150         24174.2        0.929227       0.0078125      Successful search (ES-ell)        
    24        1181         24165.2          4.2032        0.015625        Successful poll           
    25        1182         24174.4        0.897289        0.015625      Successful search (ES-ell)        
    25        1183         24174.3         1.15792        0.015625      Successful search (ES-ell)        
    25        1184         24171.8         1.64111        0.015625      Successful search (ES-ell)        
    25        1185         24171.3         2.34135        0.015625      Successful search (ES-ell)        
    25        1188         24171.2         1.81434        0.015625      Successful search (ES-ell)        
    25        1190         24170.4         1.86572        0.015625      Successful search (ES-ell)        
    25        1191         24169.6         2.42959        0.015625      Successful search (ES-ell)        
    25        1192         24169.2         2.93816        0.015625      Successful search (ES-ell)        
    25        1231         24169.2         2.93816       0.0078125          Refine grid             
    26        1232         24174.5        0.760438       0.0078125      Successful search (ES-wcm)        
    26        1233         24174.3         0.82568       0.0078125      Successful search (ES-wcm)        
    26        1234         24174.3         1.08656       0.0078125      Successful search (ES-wcm)        
    26        1236         24174.2         1.34234       0.0078125      Successful search (ES-wcm)        
    26        1268         24173.8         1.23662        0.015625        Successful poll           Train
    27        1269         24174.8        0.596025        0.015625      Successful search (ES-ell)        
    27        1270         24173.6         1.13788        0.015625      Successful search (ES-wcm)        
    27        1271           24171         1.70979        0.015625      Successful search (ES-wcm)        
    27        1272         24170.8         1.78319        0.015625      Successful search (ES-ell)        
    27        1318         24170.8         1.78319       0.0078125          Refine grid             
    28        1319         24174.4         0.66604       0.0078125      Successful search (ES-ell)        
    28        1320         24174.2        0.713649       0.0078125      Successful search (ES-ell)        
    28        1321           24174        0.797135       0.0078125      Successful search (ES-ell)        
    28        1322         24173.7          0.9393       0.0078125      Successful search (ES-ell)        
    28        1323         24173.6         1.17929       0.0078125      Successful search (ES-ell)        
    28        1324         24173.2         1.62552       0.0078125      Successful search (ES-ell)        
    28        1369         24173.2         1.62552      0.00390625          Refine grid             
    29        1407         24174.7         1.28421     0.000976562          Refine grid             Train
Optimization terminated: change in the function value less than options['tol_mesh']
Estimated function value at minimum: 24175.177427978822 ± 0.4527342621907704 (mean ± SEM from 100 samples)
BADS minimum at: x_min = [ 0.2483  0.2964  3.2391  0.0759  0.9567 60.9696  3.0525  0.9935 34.6875
  6.3538  0.4924  0.5281  1.151 ], training NLL = 24175.1774
total f-count: 1507, time: 66.62 min

 Optimization Run 2/2
Initial params: [1.6556, 9.3483, 11.5053, 23.5894, 29.3238, 25.4799, 4.6816, 0.6369, 19.4755, 17.4793, 0.7311, 0.4659, -0.1303]
bads:TooCloseBounds: For each variable, hard and plausible bounds should not be too close. Moving plausible bounds.
Variables (index) internally transformed to log coordinates: [[0 0]
 [0 3]
 [0 4]
 [0 6]]
Beginning optimization of a STOCHASTIC objective function

 Iteration    f-count      E[f(x)]        SD[f(x)]           MeshScale          Method              Actions
     0           1         25329.2             nan               1                                  
     0          33         24567.9             nan               1          Initial mesh            Initial points
     0          34         24563.6        0.984478               1        Successful poll           Train
     1          43         24544.5        0.939194               1      Successful search (ES-wcm)        
     1          50         24531.6         0.98127               1      Successful search (ES-wcm)        
     1          54         24516.6        0.973709               1      Successful search (ES-wcm)        
     1          64         24514.2          1.1306               1      Successful search (ES-ell)        
     1          66         24512.8         1.13052               1      Successful search (ES-ell)        
     1          69         24509.3         1.12919               1      Successful search (ES-ell)        
     1          71         24507.3          1.1293               1      Successful search (ES-ell)        
     1          74         24501.8         1.13083               1      Successful search (ES-ell)        
     1          81         24497.7         1.12854               1      Successful search (ES-ell)        
     1         109         24408.9         4.91021               1        Successful poll           
     2         110         24377.9         4.75467               1      Successful search (ES-ell)        
     2         113         24376.5         4.34026               1      Successful search (ES-ell)        
     2         123         24353.3         4.87395               1      Successful search (ES-ell)        
     2         124         24352.8         5.20033               1      Incremental search (ES-ell)        
     2         127         24336.7         5.11834               1      Successful search (ES-ell)        
     2         131         24317.6         4.38842               1      Successful search (ES-ell)        
     2         132         24290.1         4.73459               1      Successful search (ES-ell)        
     2         133         24266.2         5.03589               1      Successful search (ES-ell)        
     2         138           24265         3.60148               1      Successful search (ES-ell)        
     2         139         24258.4         4.11569               1      Successful search (ES-ell)        
     2         143         24244.9          4.4928               1      Successful search (ES-ell)        
     2         144         24239.5         4.76716               1      Successful search (ES-ell)        
     2         150         24238.2         3.53888               1      Successful search (ES-ell)        
     2         152         24235.5         4.26846               1      Successful search (ES-ell)        
     2         155         24234.2         3.69611               1      Successful search (ES-ell)        
     2         169         24225.8         4.52878               1      Successful search (ES-ell)        
     2         170         24224.9         5.80069               1      Incremental search (ES-ell)        
     2         171         24219.6         6.78213               1      Successful search (ES-ell)        
     2         196         24215.1         8.63035               1        Successful poll           Train
     3         198         24212.4         6.40225               1      Successful search (ES-ell)        
     3         199         24207.2          6.6995               1      Successful search (ES-ell)        
     3         202         24203.9         6.00952               1      Successful search (ES-ell)        
     3         205         24201.6         5.28908               1      Successful search (ES-ell)        
     3         207         24199.6         5.69347               1      Successful search (ES-ell)        
     3         239         24199.6         5.69347             0.5          Refine grid             
     4         241         24203.7         2.43641             0.5      Successful search (ES-ell)        
     4         244         24203.4         2.99759             0.5      Incremental search (ES-ell)        
     4         246         24203.1         3.45564             0.5      Incremental search (ES-ell)        
     4         247           24202         4.78729             0.5      Successful search (ES-ell)        
     4         285         24194.5         5.07463               1        Successful poll           
     5         315           24195         4.92507             0.5          Refine grid             
     6         316         24192.6          3.2143             0.5      Successful search (ES-ell)        
     6         318         24192.4         4.02365             0.5      Incremental search (ES-ell)        
     6         323         24191.2          2.3356             0.5      Successful search (ES-ell)        
     6         324         24190.3         3.08281             0.5      Successful search (ES-ell)        
     6         329         24189.9         3.38847             0.5      Successful search (ES-ell)        
     6         331         24188.7         3.51616             0.5      Successful search (ES-ell)        
     6         372         24188.7         3.51616            0.25          Refine grid             
     7         376         24195.8         2.01665            0.25      Successful search (ES-wcm)        
     7         377         24194.9          2.2419            0.25      Successful search (ES-ell)        
     7         380         24193.8         2.22525            0.25      Successful search (ES-wcm)        
     7         383         24192.9          1.8909            0.25      Successful search (ES-wcm)        
     7         385         24192.1         1.93205            0.25      Successful search (ES-wcm)        
     7         422         24192.1         1.93205           0.125          Refine grid             
     8         423         24191.5         1.73498           0.125      Successful search (ES-wcm)        
     8         472         24190.7          1.9437            0.25        Successful poll           
     9         509           24190         1.93971           0.125          Refine grid             Train
    10         510         24191.3          1.4092           0.125      Successful search (ES-wcm)        
    10         512         24191.1         1.65087           0.125      Successful search (ES-ell)        
    10         513         24189.4         2.30226           0.125      Successful search (ES-ell)        
    10         559         24189.4         2.30226          0.0625          Refine grid             Train
    11         560           24193        0.678286          0.0625      Successful search (ES-wcm)        
    11         561           24192         1.22641          0.0625      Successful search (ES-wcm)        
    11         562         24190.9         1.63458          0.0625      Successful search (ES-ell)        
    11         565         24189.7         1.69968          0.0625      Successful search (ES-ell)        
    11         567         24189.4         1.86658          0.0625      Successful search (ES-ell)        
    11         568         24187.5         2.20612          0.0625      Successful search (ES-ell)        
    11         569         24183.8         2.69134          0.0625      Successful search (ES-ell)        
    11         609         24183.8         2.69134         0.03125          Refine grid             
    12         610         24190.9         0.87531         0.03125      Successful search (ES-ell)        
    12         611         24190.2        0.967383         0.03125      Successful search (ES-ell)        
    12         612         24189.5         1.21606         0.03125      Successful search (ES-ell)        
    12         613         24189.4         1.55883         0.03125      Successful search (ES-ell)        
    12         637         24169.6         1.44171          0.0625        Successful poll           
    13         638         24190.8         1.09061          0.0625      Successful search (ES-ell)        
    13         639         24189.2         1.55441          0.0625      Successful search (ES-ell)        
    13         651         24189.1         1.31029          0.0625      Successful search (ES-ell)        
    13         652         24188.9         1.79692          0.0625      Successful search (ES-ell)        
    13         700         24188.9         1.79692         0.03125          Refine grid             Train
    14         738         24179.5         1.76722        0.015625          Refine grid             Train
    15         776         24182.2         1.65304      0.00390625          Refine grid             Train
    16         777         24190.5        0.865076      0.00390625      Successful search (ES-wcm)        
    16         790         24190.5         0.75259      0.00390625      Successful search (ES-ell)        
    16         791         24190.3        0.763648      0.00390625      Successful search (ES-ell)        
    16         792         24190.1        0.787571      0.00390625      Successful search (ES-ell)        
    16         794           24190        0.810783      0.00390625      Successful search (ES-ell)        
    16         795         24189.9        0.895188      0.00390625      Successful search (ES-ell)        
    16         796         24189.4        0.961953      0.00390625      Successful search (ES-ell)        
    16         797         24189.1         1.15996      0.00390625      Successful search (ES-ell)        
    16         798         24188.6         1.49838      0.00390625      Successful search (ES-ell)        
    16         799         24187.2         1.91597      0.00390625      Successful search (ES-ell)        
    16         841         24187.2         1.91597      0.00195312          Refine grid             Train
    17         842         24190.9        0.683945      0.00195312      Successful search (ES-ell)        
    17         843         24190.8        0.686717      0.00195312      Successful search (ES-ell)        
    17         844         24190.6        0.698693      0.00195312      Successful search (ES-ell)        
    17         845         24190.3        0.713819      0.00195312      Successful search (ES-ell)        
    17         846         24190.2        0.757262      0.00195312      Successful search (ES-ell)        
    17         847         24189.9        0.836014      0.00195312      Successful search (ES-wcm)        
    17         848         24189.7        0.920346      0.00195312      Successful search (ES-wcm)        
    17         849         24189.3          1.0711      0.00195312      Successful search (ES-wcm)        
    17         893         24189.3          1.0711     0.000976562          Refine grid             Train
Optimization terminated: change in the function value less than options['tol_mesh']
Estimated function value at minimum: 24188.913502801737 ± 0.5682173092386787 (mean ± SEM from 100 samples)
BADS minimum at: x_min = [ 0.3863  0.4352  2.7498  0.      0.8951 84.2628  3.5191  0.5363  5.2905
 31.0144  0.8711  0.2515  1.6495], training NLL = 24188.9135
total f-count: 993, time: 45.5 min

 ------- Finish Optimization for Subject 6 ---------- 

 ------- Start Optimization for Subject 11 ---------- 

 Cross Validation fold 0/1

 -- Start Optimization: method BADS --

 Optimization Run 1/2
Initial params: [0.6128, 6.4104, 14.2855, 48.5904, 6.3055, -2.601, 4.3894, 0.5888, 15.9085, 21.8944, 0.8912, 0.8018, -0.2527]
bads:TooCloseBounds: For each variable, hard and plausible bounds should not be too close. Moving plausible bounds.
Variables (index) internally transformed to log coordinates: [[0 0]
 [0 3]
 [0 4]
 [0 6]]
Beginning optimization of a STOCHASTIC objective function

 Iteration    f-count      E[f(x)]        SD[f(x)]           MeshScale          Method              Actions
     0           1         25766.6             nan               1                                  
     0          33         24631.4             nan               1          Initial mesh            Initial points
     0          34         24627.9        0.998505               1        Successful poll           Train
     1          38         24453.4        0.997803               1      Successful search (ES-wcm)        
     1          41         24430.3        0.997902               1      Successful search (ES-wcm)        
     1          45         24421.1        0.990594               1      Successful search (ES-wcm)        
     1          70         21266.9         1.97799               1        Successful poll           Train
     2          79         21185.8         1.90397               1      Successful search (ES-ell)        
     2          82         21153.3         1.81924               1      Successful search (ES-ell)        
     2          83         21008.5         1.85652               1      Successful search (ES-ell)        
     2         102         20548.4        0.950342               1        Successful poll           
     3         115           20516        0.767556               1      Successful search (ES-ell)        
     3         117         20399.2        0.805111               1      Successful search (ES-ell)        
     3         120         20277.7        0.805056               1      Successful search (ES-ell)        
     3         121           20247        0.805108               1      Successful search (ES-ell)        
     3         123         20158.4        0.805079               1      Successful search (ES-ell)        
     3         125           20024        0.805088               1      Successful search (ES-ell)        
     3         128         19875.1        0.804592               1      Successful search (ES-ell)        
     3         133         19872.7        0.803934               1      Successful search (ES-ell)        
     3         134         19848.6        0.803452               1      Successful search (ES-ell)        
     3         137         19761.1        0.803107               1      Successful search (ES-ell)        
     3         138         19749.8        0.803417               1      Successful search (ES-ell)        
     3         140         19716.8        0.803341               1      Successful search (ES-ell)        
     3         141         19699.4        0.804506               1      Successful search (ES-ell)        
     3         151         19684.1         7.92857               1      Successful search (ES-ell)        
     3         152         19625.3         10.8198               1      Successful search (ES-wcm)        
     3         169         19515.4         28.9952               1        Successful poll           Train
     4         173         19443.4         31.5206               1      Successful search (ES-wcm)        
     4         175         19329.6         29.7217               1      Successful search (ES-ell)        
     4         187         19327.4         22.8882               1      Successful search (ES-ell)        
     4         227         19327.4         22.8882             0.5          Refine grid             
     5         229           19286         21.7299             0.5      Successful search (ES-ell)        
     5         277           19286         21.7299            0.25          Refine grid             Train
     6         279           19339         18.2091            0.25      Successful search (ES-ell)        
     6         280         19282.3         22.8962            0.25      Successful search (ES-ell)        
     6         283         19277.7          19.111            0.25      Successful search (ES-ell)        
     6         288         19266.9         18.3599            0.25      Successful search (ES-wcm)        
     6         329         19266.9         18.3599           0.125          Refine grid             Train
     7         330         19276.3         13.4585           0.125      Successful search (ES-wcm)        
     7         332         19271.4         14.0912           0.125      Successful search (ES-ell)        
     7         381         19271.4         14.0912          0.0625          Refine grid             
     8         382         19269.1          7.2501          0.0625      Successful search (ES-ell)        
     8         383         19256.4         12.7117          0.0625      Successful search (ES-ell)        
     8         384         19248.7          17.454          0.0625      Successful search (ES-ell)        
     8         385         19235.8         25.1208          0.0625      Successful search (ES-ell)        
     8         386         19202.5           26.06          0.0625      Successful search (ES-ell)        
     8         392         19187.6         16.8928          0.0625      Successful search (ES-ell)        
     8         395         19177.7         12.9712          0.0625      Successful search (ES-ell)        
     8         397         19168.3          14.351          0.0625      Successful search (ES-ell)        
     8         446         19168.3          14.351         0.03125          Refine grid             
     9         447         19168.5         5.49833         0.03125      Successful search (ES-ell)        
     9         448         19163.2         13.8185         0.03125      Successful search (ES-wcm)        
     9         449         19162.4         21.2668         0.03125      Successful search (ES-wcm)        
     9         454         19158.9          9.9377         0.03125      Successful search (ES-wcm)        
     9         498         19158.9          9.9377        0.015625          Refine grid             
    10         499         19165.4         3.86776        0.015625      Successful search (ES-wcm)        
    10         501         19164.5         5.69611        0.015625      Successful search (ES-wcm)        
    10         502         19158.5         6.87373        0.015625      Successful search (ES-ell)        
    10         503         19154.5         9.73955        0.015625      Successful search (ES-ell)        
    10         504         19137.4         12.3777        0.015625      Successful search (ES-ell)        
    10         505         19137.2         15.3405        0.015625      Successful search (ES-ell)        
    10         506         19124.6         17.1548        0.015625      Successful search (ES-ell)        
    10         527         19123.7         11.2863         0.03125        Successful poll           Train
    11         528         19120.3         10.0889         0.03125      Successful search (ES-ell)        
    11         579         19120.3         10.0889        0.015625          Refine grid             
    12         580         19152.5         3.51645        0.015625      Successful search (ES-ell)        
    12         581         19141.3         4.91415        0.015625      Successful search (ES-ell)        
    12         582         19129.3         10.4087        0.015625      Successful search (ES-wcm)        
    12         583         19121.1         9.71886        0.015625      Successful search (ES-wcm)        
    12         584         19115.6          9.5806        0.015625      Successful search (ES-wcm)        
    12         585         19103.8          11.905        0.015625      Successful search (ES-ell)        
    12         631         19103.8          11.905       0.0078125          Refine grid             
    13         632         19112.2         4.82595       0.0078125      Successful search (ES-wcm)        
    13         633         19103.3         7.94985       0.0078125      Successful search (ES-wcm)        
    13         634         19095.3         12.9969       0.0078125      Successful search (ES-wcm)        
    13         635         19081.5         18.5829       0.0078125      Successful search (ES-wcm)        
    13         636         19074.1         21.6767       0.0078125      Successful search (ES-wcm)        
    13         638         19072.7         13.7569       0.0078125      Successful search (ES-wcm)        
    13         639         19071.7         16.6236       0.0078125      Successful search (ES-wcm)        
    13         642         19068.8          12.203       0.0078125      Successful search (ES-wcm)        
    13         644         19056.9         13.2067       0.0078125      Successful search (ES-wcm)        
    13         645         19055.9         12.6031       0.0078125      Successful search (ES-wcm)        
    13         646         19044.7         12.4911       0.0078125      Successful search (ES-wcm)        
    13         651         19044.2         7.96584       0.0078125      Successful search (ES-wcm)        
    13         695         19027.7         14.8893        0.015625        Successful poll           
    14         696         19015.3         11.8452        0.015625      Successful search (ES-ell)        
    14         697         19011.6         11.6521        0.015625      Successful search (ES-ell)        
    14         698         19001.5         12.2483        0.015625      Successful search (ES-ell)        
    14         702         18996.8         14.0829        0.015625      Successful search (ES-wcm)        
    14         703         18988.3         20.2586        0.015625      Successful search (ES-wcm)        
    14         704         18938.8         21.4053        0.015625      Successful search (ES-wcm)        
    14         705         18859.2         23.5798        0.015625      Successful search (ES-wcm)        
    14         707         18826.3         19.1011        0.015625      Successful search (ES-wcm)        
    14         747         18826.3         19.1011       0.0078125          Refine grid             Train
    15         748         18862.8         4.94845       0.0078125      Successful search (ES-wcm)        
    15         749         18862.1         7.23526       0.0078125      Successful search (ES-wcm)        
    15         750         18854.3         8.08383       0.0078125      Successful search (ES-wcm)        
    15         751         18848.4         9.47546       0.0078125      Successful search (ES-wcm)        
    15         752         18845.8         12.3785       0.0078125      Successful search (ES-wcm)        
    15         753         18840.3         14.3808       0.0078125      Successful search (ES-wcm)        
    15         754         18814.6         15.7885       0.0078125      Successful search (ES-wcm)        
    15         790         18808.9          14.341        0.015625        Successful poll           Train
    16         791         18783.3         14.6267        0.015625      Successful search (ES-ell)        
    16         842         18783.3         14.6267       0.0078125          Refine grid             
    17         843         18793.8         4.28398       0.0078125      Successful search (ES-ell)        
    17         844         18790.3         6.83322       0.0078125      Successful search (ES-ell)        
    17         845           18786         10.2793       0.0078125      Successful search (ES-ell)        
    17         846         18781.4         13.8118       0.0078125      Successful search (ES-ell)        
    17         847         18760.8         16.7343       0.0078125      Successful search (ES-ell)        
    17         848         18744.1          18.718       0.0078125      Successful search (ES-ell)        
    17         894         18744.1          18.718      0.00390625          Refine grid             
    18         895           18775         4.21203      0.00390625      Successful search (ES-wcm)        
    18         897           18774         4.27827      0.00390625      Successful search (ES-ell)        
    18         898         18771.7         5.01563      0.00390625      Successful search (ES-ell)        
    18         900         18771.2         5.66632      0.00390625      Successful search (ES-ell)        
    18         901         18768.1           7.135      0.00390625      Successful search (ES-ell)        
    18         919         18766.8         4.67758      0.00390625      Successful search (ES-ell)        
    18         920         18766.3         4.61714      0.00390625      Successful search (ES-ell)        
    18         921         18766.2         5.24118      0.00390625      Successful search (ES-ell)        
    18         972         18766.2         5.24118      0.00195312          Refine grid             
    19         974         18769.2         3.37544      0.00195312      Successful search (ES-wcm)        
    19         975         18768.9         3.90023      0.00195312      Successful search (ES-wcm)        
    19         976         18766.8         5.29405      0.00195312      Successful search (ES-wcm)        
    19         977         18765.9          7.4958      0.00195312      Successful search (ES-wcm)        
    19         999           18756         5.99398      0.00390625        Successful poll           
    20        1038         18756.4         5.99598      0.00195312          Refine grid             
    21        1077         18775.4         3.79596     0.000976562          Refine grid             
Optimization terminated: change in the function value less than options['tol_mesh']
Estimated function value at minimum: 18777.02662417283 ± 2.5520424033928166 (mean ± SEM from 100 samples)
BADS minimum at: x_min = [ 0.2721  1.1864  4.0376  2.152   1.0831 -1.0144  2.3649  0.8005 29.4797
 31.4149  0.2973  0.313   0.9171], training NLL = 18777.0266
total f-count: 1177, time: 54.01 min

 Optimization Run 2/2
Initial params: [1.8744, 2.1166, 2.5812, 45.5013, 45.1835, -35.7724, 3.1632, 0.127, 28.819, 19.6002, 0.4216, 0.7858, -0.4663]
bads:TooCloseBounds: For each variable, hard and plausible bounds should not be too close. Moving plausible bounds.
Variables (index) internally transformed to log coordinates: [[0 0]
 [0 3]
 [0 4]
 [0 6]]
Beginning optimization of a STOCHASTIC objective function

 Iteration    f-count      E[f(x)]        SD[f(x)]           MeshScale          Method              Actions
     0           1         25766.6             nan               1                                  
     0          33         24622.3             nan               1          Initial mesh            Initial points
     0          53         24567.3         1.01633               1        Successful poll           Train
     1          60         24433.3        0.975613               1      Successful search (ES-wcm)        
     1          61         24369.1        0.814533               1      Successful search (ES-wcm)        
     1          66         24334.3        0.814386               1      Successful search (ES-wcm)        
     1          73         24295.2        0.813955               1      Successful search (ES-wcm)        
     1          76         24293.6        0.809207               1      Successful search (ES-wcm)        
     1          82         24274.3        0.813967               1      Successful search (ES-wcm)        
     1          83         24237.5        0.814024               1      Successful search (ES-wcm)        
     1          86         24227.1        0.812792               1      Successful search (ES-wcm)        
     1          88         24214.9        0.884552               1      Successful search (ES-ell)        
     1          89         24214.7        0.884712               1      Incremental search (ES-ell)        
     1          92         24184.9        0.884914               1      Successful search (ES-ell)        
     1         112         24183.6        0.885054               1        Successful poll           
     2         129           23827         3.72335               1        Successful poll           
     3         132         23531.5         7.34807               1      Successful search (ES-wcm)        
     3         134         22587.9         7.36275               1      Successful search (ES-wcm)        
     3         142         22394.9         2.77993               1      Successful search (ES-wcm)        
     3         148         20900.3         2.77939               1      Successful search (ES-wcm)        
     3         178           20872        0.940811               1        Successful poll           Train
     4         182         20831.4        0.992945               1      Successful search (ES-wcm)        
     4         212         20744.8        0.568253               1        Successful poll           
     5         245         20744.8        0.568253             0.5          Refine grid             
     6         250         20743.3         22.4698             0.5      Successful search (ES-ell)        
     6         294         20743.3         22.4698            0.25          Refine grid             
     7         297         20763.6        0.997457            0.25      Successful search (ES-ell)        
     7         344         20763.6        0.997457           0.125          Refine grid             
     8         364         20768.4         11.0639            0.25        Successful poll           Train
     9         365         20729.9         30.6997            0.25      Successful search (ES-ell)        
     9         379           20700         22.7022            0.25      Successful search (ES-ell)        
     9         426         20683.3         23.2399             0.5        Successful poll           
    10         431         20691.2         24.1985             0.5      Incremental search (ES-ell)        
    10         434         20672.5          22.743             0.5      Successful search (ES-ell)        
    10         474         20666.8         16.3084               1        Successful poll           
    11         507         20652.7         25.8924               1        Successful poll           Train
    12         510           20571         36.4854               1      Successful search (ES-ell)        
    12         514         20545.3         35.6895               1      Successful search (ES-ell)        
    12         519         20538.3         29.2824               1      Successful search (ES-ell)        
    12         525         20520.6         36.2207               1      Successful search (ES-ell)        
    12         528         20510.9         34.5573               1      Successful search (ES-ell)        
    12         563         20510.9         34.5573             0.5          Refine grid             Train
    13         565         20518.1         35.7082             0.5      Successful search (ES-ell)        
    13         570         20478.8         26.8851             0.5      Successful search (ES-ell)        
    13         610         20478.8         26.8851            0.25          Refine grid             
    14         611         20467.4         31.3038            0.25      Successful search (ES-ell)        
    14         622         20452.7         17.8388            0.25      Successful search (ES-wcm)        
    14         629         20450.2           19.07            0.25      Successful search (ES-wcm)        
    14         632         20441.6         17.2394            0.25      Successful search (ES-wcm)        
    14         633         20436.6         17.8696            0.25      Successful search (ES-wcm)        
    14         673         20427.1         10.2004             0.5        Successful poll           
    15         679         20389.9         13.2043             0.5      Successful search (ES-ell)        
    15         680         20373.3         19.8918             0.5      Successful search (ES-ell)        
    15         721         20373.3         19.8918            0.25          Refine grid             
    16         723         20400.1         13.9973            0.25      Successful search (ES-ell)        
    16         771         20400.1         13.9973           0.125          Refine grid             Train
    17         772         20412.8         34.8061           0.125      Successful search (ES-wcm)        
    17         821         20409.6         26.9472            0.25        Successful poll           
    18         857         20410.3         31.0083             0.5        Successful poll           
    19         862         20400.5          25.876             0.5      Successful search (ES-ell)        
    19         905         20400.5          25.876            0.25          Refine grid             
    20         942         20419.4         6.94091           0.125          Refine grid             Train
    21         943         20416.6         19.3592           0.125      Successful search (ES-ell)        
    21         992         20416.6         19.3592          0.0625          Refine grid             
    22         993         20419.5         11.8057          0.0625      Successful search (ES-ell)        
    22        1006         20400.1         7.45968          0.0625      Successful search (ES-ell)        
    22        1007         20384.2         10.6216          0.0625      Successful search (ES-ell)        
    22        1055         20384.2         10.6216         0.03125          Refine grid             
    23        1092         20424.8         7.01883        0.015625          Refine grid             Train
    24        1129         20418.4         9.26964       0.0078125          Refine grid             Train
    25        1166         20424.7         10.4592      0.00390625          Refine grid             Train
    26        1167         20426.9         9.99323      0.00390625      Successful search (ES-wcm)        
    26        1168           20422          10.414      0.00390625      Successful search (ES-wcm)        
    26        1169         20416.6         11.8912      0.00390625      Successful search (ES-wcm)        
    26        1218         20416.6         11.8912      0.00195312          Refine grid             Train
    27        1257         20431.9         11.5105     0.000976562          Refine grid             Train
Optimization terminated: change in the function value less than options['tol_mesh']
Estimated function value at minimum: 20431.685825406996 ± 3.3125981808977962 (mean ± SEM from 100 samples)
BADS minimum at: x_min = [ 3.12000e-01  1.57020e+00  4.08670e+00  1.30204e+01  1.03100e+00
 -1.21086e+01  2.64680e+00  4.58300e-01  4.32770e+00  2.90309e+01
  7.12100e-01  2.80500e-01  1.47000e-02], training NLL = 20431.6858
total f-count: 1357, time: 60.46 min

 ------- Finish Optimization for Subject 11 ---------- 

 ------- Start Optimization for Subject 15 ---------- 

 Cross Validation fold 0/1

 -- Start Optimization: method BADS --

 Optimization Run 1/2
Initial params: [1.4143, 7.9153, 11.2153, 19.3344, 15.8401, 43.9889, 2.3241, 0.6951, 17.9403, 17.7861, 0.2441, 0.6158, 0.1695]
bads:TooCloseBounds: For each variable, hard and plausible bounds should not be too close. Moving plausible bounds.
Variables (index) internally transformed to log coordinates: [[0 0]
 [0 3]
 [0 4]
 [0 6]]
Beginning optimization of a STOCHASTIC objective function

 Iteration    f-count      E[f(x)]        SD[f(x)]           MeshScale          Method              Actions
     0           1         24745.3             nan               1                                  
     0          33         22689.2             nan               1          Initial mesh            Initial points
     0          53           22192         1.00327               1        Successful poll           Train
     1          56           22058         1.00325               1      Successful search (ES-wcm)        
     1          62         21965.7        0.807119               1      Successful search (ES-wcm)        
     1          66           21898        0.805041               1      Successful search (ES-wcm)        
     1          67         21711.5        0.807197               1      Successful search (ES-wcm)        
     1          69         21320.5        0.807207               1      Successful search (ES-wcm)        
     1          71           21182        0.807171               1      Successful search (ES-ell)        
     1          72         21060.6        0.807198               1      Successful search (ES-ell)        
     1          75         20943.1        0.807187               1      Successful search (ES-ell)        
     1          78         20918.3        0.807126               1      Successful search (ES-ell)        
     1          86         20917.1        0.792197               1      Successful search (ES-ell)        
     1          87         20886.9        0.803786               1      Successful search (ES-ell)        
     1          94         20806.8         11.0769               1      Successful search (ES-wcm)        
     1          97         20666.9         11.0466               1      Successful search (ES-wcm)        
     1          99         20606.6         9.82401               1      Successful search (ES-ell)        
     1         100         20555.8         10.4922               1      Successful search (ES-ell)        
     1         102         20295.3         10.2116               1      Successful search (ES-ell)        
     1         104         20270.8         10.2121               1      Successful search (ES-ell)        
     1         105         20269.2          10.487               1      Successful search (ES-ell)        
     1         106         20223.5          10.102               1      Successful search (ES-ell)        
     1         148         20223.5          10.102             0.5          Refine grid             Train
     2         150         20475.9         8.48213             0.5      Successful search (ES-ell)        
     2         151         20451.6         12.1714             0.5      Successful search (ES-ell)        
     2         170         20424.6         4.39487             0.5      Successful search (ES-wcm)        
     2         171         20378.1         6.00539             0.5      Successful search (ES-wcm)        
     2         172         20355.3         7.98621             0.5      Successful search (ES-wcm)        
     2         206         20355.3         7.98621            0.25          Refine grid             Train
     3         207         20428.9           14.66            0.25      Successful search (ES-wcm)        
     3         208         20399.9         16.7288            0.25      Successful search (ES-wcm)        
     3         210           20376         16.8531            0.25      Successful search (ES-wcm)        
     3         213         20374.9         13.0494            0.25      Successful search (ES-ell)        
     3         214         20351.5         16.0751            0.25      Successful search (ES-wcm)        
     3         256         20351.5         16.0751           0.125          Refine grid             
     4         257           20362         5.67151           0.125      Successful search (ES-wcm)        
     4         258         20349.9         9.42094           0.125      Successful search (ES-wcm)        
     4         260         20348.4         9.94614           0.125      Successful search (ES-ell)        
     4         263         20336.2         10.9091           0.125      Successful search (ES-wcm)        
     4         265         20330.4         8.36328           0.125      Successful search (ES-ell)        
     4         266         20316.3          9.6632           0.125      Successful search (ES-ell)        
     4         307         20316.3          9.6632          0.0625          Refine grid             
     5         308         20370.5         3.86803          0.0625      Successful search (ES-ell)        
     5         309           20362         4.04014          0.0625      Successful search (ES-ell)        
     5         310         20350.9         4.69363          0.0625      Successful search (ES-ell)        
     5         311         20348.9         7.35912          0.0625      Successful search (ES-ell)        
     5         312         20341.9         10.9799          0.0625      Successful search (ES-ell)        
     5         357         20306.6         14.6937           0.125        Successful poll           
     6         358         20290.4         12.9641           0.125      Successful search (ES-wcm)        
     6         360         20282.2         11.4417           0.125      Successful search (ES-wcm)        
     6         361         20263.8         11.8396           0.125      Successful search (ES-wcm)        
     6         407         20263.8         11.8396          0.0625          Refine grid             Train
     7         408         20293.4         3.60797          0.0625      Successful search (ES-wcm)        
     7         409         20280.8         7.07928          0.0625      Successful search (ES-wcm)        
     7         410         20271.8         7.28759          0.0625      Successful search (ES-ell)        
     7         411         20259.5         8.01322          0.0625      Successful search (ES-ell)        
     7         412         20249.4         9.25332          0.0625      Successful search (ES-ell)        
     7         413         20242.9         10.1893          0.0625      Successful search (ES-ell)        
     7         414         20233.8         10.4804          0.0625      Successful search (ES-ell)        
     7         457         20228.6         10.7204           0.125        Successful poll           
     8         494         20230.1         9.50812          0.0625          Refine grid             
     9         495         20238.5         2.63361          0.0625      Successful search (ES-ell)        
     9         496         20236.4         3.46684          0.0625      Successful search (ES-ell)        
     9         497         20233.1         4.73475          0.0625      Successful search (ES-ell)        
     9         498         20230.8         6.39868          0.0625      Successful search (ES-ell)        
     9         526         20203.3         11.3417           0.125        Successful poll           Train
    10         562         20201.8         11.3358            0.25        Successful poll           Train
    11         570         20204.1         4.19389            0.25      Successful search (ES-wcm)        
    11         571         20201.7         4.60535            0.25      Successful search (ES-wcm)        
    11         574           20199          4.1142            0.25      Successful search (ES-wcm)        
    11         575         20196.7         4.87967            0.25      Successful search (ES-wcm)        
    11         580         20195.6         4.34575            0.25      Successful search (ES-ell)        
    11         581         20193.8         5.53705            0.25      Successful search (ES-ell)        
    11         582         20189.8          6.6427            0.25      Successful search (ES-ell)        
    11         625         20189.8          6.6427           0.125          Refine grid             
    12         626         20199.3         2.91239           0.125      Successful search (ES-ell)        
    12         628           20196         2.91116           0.125      Successful search (ES-ell)        
    12         629         20193.6         4.35521           0.125      Successful search (ES-ell)        
    12         638         20193.1         3.09122           0.125      Successful search (ES-ell)        
    12         639         20191.8         4.11504           0.125      Successful search (ES-ell)        
    12         640         20188.8         5.45567           0.125      Successful search (ES-ell)        
    12         658         20188.6          2.6505           0.125      Successful search (ES-wcm)        
    12         659         20184.2         2.68233           0.125      Successful search (ES-ell)        
    12         660         20179.8         2.91663           0.125      Successful search (ES-wcm)        
    12         661         20177.4          3.5476           0.125      Successful search (ES-wcm)        
    12         701         20177.4          3.5476          0.0625          Refine grid             
    13         702         20197.7         2.12187          0.0625      Successful search (ES-wcm)        
    13         703         20197.4         3.89978          0.0625      Successful search (ES-wcm)        
    13         705         20196.1         2.99784          0.0625      Successful search (ES-wcm)        
    13         706         20193.6         3.40308          0.0625      Successful search (ES-ell)        
    13         707         20189.5         4.57094          0.0625      Successful search (ES-ell)        
    13         708         20189.3         7.12369          0.0625      Successful search (ES-ell)        
    13         750           20129         4.27099           0.125        Successful poll           
    14         751         20121.3          4.9186           0.125      Successful search (ES-ell)        
    14         800         20121.3          4.9186          0.0625          Refine grid             Train
    15         801         20201.8         2.50146          0.0625      Successful search (ES-ell)        
    15         802         20200.4         3.36705          0.0625      Successful search (ES-ell)        
    15         803         20197.3         4.45054          0.0625      Successful search (ES-ell)        
    15         804         20190.7         5.71134          0.0625      Successful search (ES-ell)        
    15         805         20180.7         7.09108          0.0625      Successful search (ES-ell)        
    15         836         20178.3         3.89726           0.125        Successful poll           
    16         837         20182.8         5.76997           0.125      Successful search (ES-ell)        
    16         886         20182.8         5.76997          0.0625          Refine grid             
    17         887         20197.9         2.47393          0.0625      Successful search (ES-ell)        
    17         888         20193.2         2.07301          0.0625      Successful search (ES-wcm)        
    17         889         20189.5         3.08224          0.0625      Successful search (ES-ell)        
    17         890           20189         4.64047          0.0625      Successful search (ES-ell)        
    17         891         20188.6         6.87403          0.0625      Successful search (ES-ell)        
    17         935         20188.6         6.87403         0.03125          Refine grid             
    18         936           20197         2.20871         0.03125      Successful search (ES-ell)        
    18         937         20195.2         2.39808         0.03125      Successful search (ES-ell)        
    18         938         20194.4         2.84726         0.03125      Successful search (ES-ell)        
    18         939         20194.4         3.85968         0.03125      Successful search (ES-ell)        
    18         967         20188.5         11.8034          0.0625        Successful poll           Train
    19         968         20199.7         4.66898          0.0625      Successful search (ES-wcm)        
    19         969         20194.9         4.16357          0.0625      Successful search (ES-wcm)        
    19         970         20191.3         5.02906          0.0625      Successful search (ES-wcm)        
    19         972         20185.6          4.3174          0.0625      Successful search (ES-wcm)        
    19        1017         20185.6          4.3174         0.03125          Refine grid             
    20        1018         20192.7         1.87318         0.03125      Successful search (ES-wcm)        
    20        1019         20190.6         2.29372         0.03125      Successful search (ES-ell)        
    20        1020         20188.6         3.44935         0.03125      Successful search (ES-ell)        
    20        1021         20184.8         4.50824         0.03125      Successful search (ES-ell)        
    20        1022         20180.3         6.55144         0.03125      Successful search (ES-ell)        
    20        1024         20176.8         5.89019         0.03125      Successful search (ES-ell)        
    20        1025           20173         7.70707         0.03125      Successful search (ES-ell)        
    20        1067           20173         7.70707        0.015625          Refine grid             
    21        1068           20192         2.07192        0.015625      Successful search (ES-ell)        
    21        1069         20190.3         2.23638        0.015625      Successful search (ES-ell)        
    21        1070         20188.4         2.41771        0.015625      Successful search (ES-ell)        
    21        1071         20187.3         3.44173        0.015625      Successful search (ES-ell)        
    21        1072         20182.8         4.54057        0.015625      Successful search (ES-ell)        
    21        1073         20180.7         4.96744        0.015625      Successful search (ES-ell)        
    21        1075         20178.3         4.85602        0.015625      Successful search (ES-ell)        
    21        1076         20172.9         5.96933        0.015625      Successful search (ES-ell)        
    21        1077         20172.2         7.09335        0.015625      Successful search (ES-ell)        
    21        1079         20169.2         7.09737        0.015625      Successful search (ES-ell)        
    21        1080         20162.8         9.21962        0.015625      Successful search (ES-ell)        
    21        1081         20152.4         7.72918        0.015625      Successful search (ES-ell)        
    21        1123         20134.7         3.33223         0.03125        Successful poll           
    22        1124         20154.5         3.53662         0.03125      Successful search (ES-ell)        
    22        1125         20151.5         4.30721         0.03125      Successful search (ES-ell)        
    22        1173         20151.5         4.30721        0.015625          Refine grid             Train
    23        1174         20185.1         2.91323        0.015625      Successful search (ES-ell)        
    23        1175         20183.5         3.89863        0.015625      Successful search (ES-ell)        
    23        1176         20182.8         4.56872        0.015625      Successful search (ES-ell)        
    23        1223         20182.8         4.56872       0.0078125          Refine grid             
    24        1224         20192.5         2.02544       0.0078125      Successful search (ES-ell)        
    24        1225         20190.9         2.00228       0.0078125      Successful search (ES-ell)        
    24        1228           20190         2.01154       0.0078125      Successful search (ES-ell)        
    24        1229         20189.9         2.11168       0.0078125      Successful search (ES-ell)        
    24        1230         20189.2         2.18598       0.0078125      Successful search (ES-wcm)        
    24        1273         20189.2         2.18598      0.00390625          Refine grid             
    25        1274         20192.8         1.39733      0.00390625      Successful search (ES-ell)        
    25        1275         20192.2         1.40464      0.00390625      Successful search (ES-ell)        
    25        1276         20191.6         1.44006      0.00390625      Successful search (ES-ell)        
    25        1277         20190.9         1.39142      0.00390625      Successful search (ES-wcm)        
    25        1278         20189.5         1.38805      0.00390625      Successful search (ES-wcm)        
    25        1279         20188.6         1.41507      0.00390625      Successful search (ES-wcm)        
    25        1280         20188.2         1.67919      0.00390625      Successful search (ES-wcm)        
    25        1281         20185.3         1.96202      0.00390625      Successful search (ES-wcm)        
    25        1282         20184.1         2.98638      0.00390625      Successful search (ES-wcm)        
    25        1283         20183.7         5.13664      0.00390625      Successful search (ES-wcm)        
    25        1322         20183.7         5.13664      0.00195312          Refine grid             
    26        1323         20191.4         1.94112      0.00195312      Successful search (ES-wcm)        
    26        1324         20191.4         1.93076      0.00195312      Successful search (ES-wcm)        
    26        1325         20191.1         1.92876      0.00195312      Successful search (ES-wcm)        
    26        1326           20191         1.93979      0.00195312      Successful search (ES-wcm)        
    26        1327         20190.8         1.94163      0.00195312      Successful search (ES-wcm)        
    26        1328         20189.8         1.99653      0.00195312      Successful search (ES-ell)        
    26        1329         20187.4         2.11621      0.00195312      Successful search (ES-ell)        
    26        1330           20185         2.35563      0.00195312      Successful search (ES-ell)        
    26        1331         20182.5         3.01648      0.00195312      Successful search (ES-ell)        
    26        1332         20181.6           3.789      0.00195312      Successful search (ES-wcm)        
    26        1333         20178.3          4.8924      0.00195312      Successful search (ES-wcm)        
    26        1334         20174.7         5.90224      0.00195312      Successful search (ES-wcm)        
    26        1371         20174.7         5.90224     0.000976562          Refine grid             Train
Optimization terminated: change in the function value less than options['tol_mesh']
Estimated function value at minimum: 20190.70499765506 ± 1.4063452966456935 (mean ± SEM from 100 samples)
BADS minimum at: x_min = [ 0.6012  3.0708  8.8932  1.4982  1.0257 85.195   3.1655  0.3369  8.9366
 51.4097  0.5774  0.2334 -1.2072], training NLL = 20190.705
total f-count: 1471, time: 64.85 min

 Optimization Run 2/2
Initial params: [1.2679, 9.85, 3.334, 37.3447, 25.7579, 31.4379, 1.7969, 0.6326, 29.007, 17.3088, 0.3654, 0.5306, 1.1401]
bads:TooCloseBounds: For each variable, hard and plausible bounds should not be too close. Moving plausible bounds.
Variables (index) internally transformed to log coordinates: [[0 0]
 [0 3]
 [0 4]
 [0 6]]
Beginning optimization of a STOCHASTIC objective function

 Iteration    f-count      E[f(x)]        SD[f(x)]           MeshScale          Method              Actions
     0           1         24745.3             nan               1                                  
     0          33         22691.8             nan               1          Initial mesh            Initial points
     0          52         22188.8         1.02749               1        Successful poll           Train
     1          59         22164.3          1.0259               1      Successful search (ES-ell)        
     1          60         22069.8         1.02621               1      Successful search (ES-ell)        
     1          62         22025.5        0.908683               1      Successful search (ES-ell)        
     1          64         21944.1        0.907135               1      Successful search (ES-ell)        
     1          65         21776.6        0.908529               1      Successful search (ES-ell)        
     1          66         21688.6        0.909965               1      Successful search (ES-ell)        
     1          71         21677.7        0.909384               1      Successful search (ES-ell)        
     1          73         21636.5        0.909051               1      Successful search (ES-ell)        
     1          75         21454.7        0.907991               1      Successful search (ES-ell)        
     1          76         21436.8        0.908899               1      Successful search (ES-ell)        
     1          82         21433.9        0.908166               1      Successful search (ES-ell)        
     1          88         21411.6        0.840693               1      Successful search (ES-ell)        
     1          89         21398.9         0.84256               1      Successful search (ES-ell)        
     1          91         21368.8        0.840069               1      Successful search (ES-ell)        
     1          93         21259.5        0.844621               1      Successful search (ES-ell)        
     1          95         21221.4         0.84464               1      Successful search (ES-ell)        
     1          96         21029.8        0.844692               1      Successful search (ES-ell)        
     1          99         20982.7        0.844652               1      Successful search (ES-ell)        
     1         100         20907.2        0.844691               1      Successful search (ES-ell)        
     1         103         20813.1        0.844669               1      Successful search (ES-ell)        
     1         105         20799.2        0.844692               1      Successful search (ES-ell)        
     1         107           20782        0.844672               1      Successful search (ES-ell)        
     1         109         20768.2        0.844649               1      Successful search (ES-wcm)        
     1         111         20739.7        0.844652               1      Successful search (ES-wcm)        
     1         117         20653.8        0.893267               1      Successful search (ES-wcm)        
     1         120         20604.3        0.893058               1      Successful search (ES-ell)        
     1         121         20601.7        0.893293               1      Successful search (ES-ell)        
     1         126         20492.4        0.891393               1      Successful search (ES-ell)        
     1         129         20481.8        0.885505               1      Successful search (ES-ell)        
     1         161         20481.8        0.885505             0.5          Refine grid             
     2         162         20497.7         12.1457             0.5      Successful search (ES-ell)        
     2         163         20473.4         20.7055             0.5      Successful search (ES-wcm)        
     2         166         20434.5         19.1311             0.5      Successful search (ES-wcm)        
     2         168         20415.2         16.5712             0.5      Successful search (ES-ell)        
     2         172         20413.2         10.0494             0.5      Successful search (ES-ell)        
     2         209         20413.2         10.0494            0.25          Refine grid             Train
     3         211         20413.6         11.5356            0.25      Successful search (ES-wcm)        
     3         213         20411.1         9.20237            0.25      Successful search (ES-ell)        
     3         259         20411.1         9.20237           0.125          Refine grid             
     4         260         20405.6         4.98789           0.125      Successful search (ES-wcm)        
     4         309         20405.6         4.98789          0.0625          Refine grid             
     5         310         20426.7         3.15468          0.0625      Successful search (ES-wcm)        
     5         311         20422.6          6.1085          0.0625      Successful search (ES-wcm)        
     5         313         20417.8         6.02011          0.0625      Successful search (ES-wcm)        
     5         315         20409.3         4.31805          0.0625      Successful search (ES-wcm)        
     5         316         20399.1         8.78341          0.0625      Successful search (ES-wcm)        
     5         358         20383.8         9.93671           0.125        Successful poll           
     6         360         20368.7         9.26442           0.125      Successful search (ES-wcm)        
     6         373         20358.9         6.58806           0.125      Successful search (ES-wcm)        
     6         378         20357.8         4.54092           0.125      Successful search (ES-wcm)        
     6         380         20357.5         3.81635           0.125      Successful search (ES-ell)        
     6         381         20356.6         4.18625           0.125      Successful search (ES-ell)        
     6         382         20356.2         4.78558           0.125      Successful search (ES-ell)        
     6         383         20351.6         5.67309           0.125      Successful search (ES-ell)        
     6         384         20348.2         6.77147           0.125      Successful search (ES-ell)        
     6         385         20338.7         7.15585           0.125      Successful search (ES-ell)        
     6         386         20334.9         7.94103           0.125      Successful search (ES-ell)        
     6         387         20320.6         8.37702           0.125      Successful search (ES-ell)        
     6         388         20301.7         9.46726           0.125      Successful search (ES-ell)        
     6         434         20301.7         9.46726          0.0625          Refine grid             
     7         435         20310.2         2.88821          0.0625      Successful search (ES-ell)        
     7         436         20305.3         3.88382          0.0625      Successful search (ES-ell)        
     7         437         20305.2         6.07923          0.0625      Successful search (ES-ell)        
     7         438         20292.8         7.55917          0.0625      Successful search (ES-ell)        
     7         483         20292.8         7.55917         0.03125          Refine grid             Train
     8         484         20312.4         2.27172         0.03125      Successful search (ES-ell)        
     8         485         20307.6         2.61538         0.03125      Successful search (ES-ell)        
     8         486         20303.2         3.48795         0.03125      Successful search (ES-ell)        
     8         487         20299.5         4.57747         0.03125      Successful search (ES-ell)        
     8         488         20298.7         5.85383         0.03125      Successful search (ES-ell)        
     8         533         20298.7         5.85383        0.015625          Refine grid             
     9         534         20304.6         1.84929        0.015625      Successful search (ES-wcm)        
     9         535           20301         2.15339        0.015625      Successful search (ES-wcm)        
     9         536         20297.7         2.43145        0.015625      Successful search (ES-wcm)        
     9         537         20294.9         3.01471        0.015625      Successful search (ES-wcm)        
     9         583         20294.9         3.01471       0.0078125          Refine grid             
    10         584         20297.9         1.72059       0.0078125      Successful search (ES-ell)        
    10         585         20297.2         1.79829       0.0078125      Successful search (ES-ell)        
    10         586         20296.9         2.15735       0.0078125      Successful search (ES-ell)        
    10         587         20295.4         2.87252       0.0078125      Successful search (ES-ell)        
    10         588         20295.4         4.19604       0.0078125      Successful search (ES-ell)        
    10         634         20295.4         4.19604      0.00390625          Refine grid             Train
    11         635         20299.2         1.75918      0.00390625      Successful search (ES-ell)        
    11         636         20298.8         1.87446      0.00390625      Successful search (ES-wcm)        
    11         637         20298.3         2.05708      0.00390625      Successful search (ES-ell)        
    11         638         20297.8         2.40732      0.00390625      Successful search (ES-ell)        
    11         639         20297.3         3.01398      0.00390625      Successful search (ES-ell)        
    11         684         20297.3         3.01398      0.00195312          Refine grid             
    12         685         20301.2         1.85892      0.00195312      Successful search (ES-ell)        
    12         686         20301.1         1.86099      0.00195312      Successful search (ES-ell)        
    12         687         20300.7         1.88742      0.00195312      Successful search (ES-ell)        
    12         736         20300.7         1.88742     0.000976562          Refine grid             
Optimization terminated: change in the function value less than options['tol_mesh']
Estimated function value at minimum: 20296.475996613124 ± 1.3864617193199569 (mean ± SEM from 100 samples)
BADS minimum at: x_min = [ 0.4717  2.4238 10.547  14.5118  0.8894 94.3455  2.6694  0.7202 10.5543
 15.2823  0.5061  0.4606  1.2561], training NLL = 20296.476
total f-count: 836, time: 35.31 min

 ------- Finish Optimization for Subject 15 ---------- 

 ------- Start Optimization for Subject 20 ---------- 

 Cross Validation fold 0/1

 -- Start Optimization: method BADS --

 Optimization Run 1/2
Initial params: [1.8928, 5.8705, 5.7596, 33.7043, 42.2433, -29.486, 0.5865, 0.3952, 29.0476, 26.6828, 0.6485, 0.3858, -0.2289]
bads:TooCloseBounds: For each variable, hard and plausible bounds should not be too close. Moving plausible bounds.
Variables (index) internally transformed to log coordinates: [[0 0]
 [0 3]
 [0 4]
 [0 6]]
Beginning optimization of a STOCHASTIC objective function

 Iteration    f-count      E[f(x)]        SD[f(x)]           MeshScale          Method              Actions
     0           1         25256.5             nan               1                                  
     0          33         24480.9             nan               1          Initial mesh            Initial points
     0          34         24466.8        0.999587               1        Successful poll           Train
     1          35         24238.1        0.999566               1      Successful search (ES-wcm)        
     1          42         24165.3        0.990115               1      Successful search (ES-wcm)        
     1          45         24126.2        0.990677               1      Successful search (ES-ell)        
     1          47         24080.8        0.987649               1      Successful search (ES-ell)        
     1          55         24067.3        0.846761               1      Successful search (ES-ell)        
     1          56         23993.3        0.928917               1      Successful search (ES-ell)        
     1          69         23985.8        0.995266               1      Successful search (ES-ell)        
     1          71         23979.8        0.997889               1      Successful search (ES-wcm)        
     1          88         23841.2         3.01725               1        Successful poll           Train
     2          91         23821.8         2.95917               1      Successful search (ES-ell)        
     2          98         23819.3         2.89315               1      Successful search (ES-wcm)        
     2         100         23810.5         2.92048               1      Successful search (ES-wcm)        
     2         103         23803.9         2.76467               1      Successful search (ES-wcm)        
     2         104         23743.7         2.97224               1      Successful search (ES-ell)        
     2         106         23736.7         2.95935               1      Successful search (ES-ell)        
     2         107           23727         3.00027               1      Successful search (ES-ell)        
     2         109         23723.9         2.94026               1      Successful search (ES-ell)        
     2         116         23718.1         3.21521               1      Successful search (ES-ell)        
     2         118           23692         3.19717               1      Successful search (ES-ell)        
     2         155           23692         3.19717             0.5          Refine grid             Train
     3         156         23697.3         2.36858             0.5      Successful search (ES-ell)        
     3         202         23697.3         2.36858            0.25          Refine grid             Train
     4         204         23703.2         3.22776            0.25      Successful search (ES-wcm)        
     4         216         23701.7         2.21368            0.25      Successful search (ES-ell)        
     4         220         23700.1         2.28428            0.25      Successful search (ES-wcm)        
     4         221         23694.7         5.01622            0.25      Successful search (ES-wcm)        
     4         225         23694.5         2.50954            0.25      Successful search (ES-wcm)        
     4         226         23691.8         3.55383            0.25      Successful search (ES-wcm)        
     4         266         23691.8         3.55383           0.125          Refine grid             Train
     5         269         23695.1         1.13957           0.125      Successful search (ES-wcm)        
     5         270           23695         1.70136           0.125      Successful search (ES-wcm)        
     5         272         23694.8         1.83485           0.125      Successful search (ES-wcm)        
     5         276         23694.8         1.31962           0.125      Incremental search (ES-wcm)        
     5         280         23694.5         1.53635           0.125      Successful search (ES-ell)        
     5         329         23694.5         1.53635          0.0625          Refine grid             Train
     6         330         23695.8         1.01744          0.0625      Successful search (ES-wcm)        
     6         332         23695.7         1.44669          0.0625      Successful search (ES-wcm)        
     6         335         23695.6         1.31941          0.0625      Successful search (ES-ell)        
     6         336         23695.3         1.41716          0.0625      Successful search (ES-ell)        
     6         337         23695.3         1.62587          0.0625      Successful search (ES-ell)        
     6         339         23695.1         1.64615          0.0625      Successful search (ES-ell)        
     6         340         23694.8         1.88281          0.0625      Successful search (ES-ell)        
     6         380         23694.8         1.88281         0.03125          Refine grid             
     7         381         23695.7        0.925385         0.03125      Successful search (ES-ell)        
     7         382         23695.6        0.994841         0.03125      Successful search (ES-ell)        
     7         383         23695.2          1.1077         0.03125      Successful search (ES-ell)        
     7         384           23695         1.33278         0.03125      Successful search (ES-ell)        
     7         385         23694.8         1.74107         0.03125      Successful search (ES-ell)        
     7         407           23679        0.924531          0.0625        Successful poll           
     8         408         23675.8        0.989841          0.0625      Successful search (ES-ell)        
     8         409         23672.5         1.09938          0.0625      Successful search (ES-wcm)        
     8         458         23672.5         1.09938         0.03125          Refine grid             
     9         459         23695.4        0.991944         0.03125      Successful search (ES-wcm)        
     9         490         23689.3        0.660583          0.0625        Successful poll           
    10         491         23683.4         0.82122          0.0625      Successful search (ES-wcm)        
    10         492           23678         1.30791          0.0625      Successful search (ES-wcm)        
    10         542           23678         1.30791         0.03125          Refine grid             Train
    11         543         23695.4        0.724014         0.03125      Successful search (ES-wcm)        
    11         544         23695.1        0.775234         0.03125      Successful search (ES-wcm)        
    11         545         23694.5         1.00718         0.03125      Successful search (ES-wcm)        
    11         546           23694         1.49276         0.03125      Successful search (ES-wcm)        
    11         547         23693.8          2.2302         0.03125      Successful search (ES-wcm)        
    11         569         23661.8         1.61794          0.0625        Successful poll           
    12         607         23661.6         1.62214         0.03125          Refine grid             
    13         608         23695.5         1.02176         0.03125      Successful search (ES-wcm)        
    13         610         23695.5         1.23442         0.03125      Successful search (ES-wcm)        
    13         614         23695.4         1.16275         0.03125      Successful search (ES-ell)        
    13         615           23695         1.20011         0.03125      Successful search (ES-ell)        
    13         634         23662.6         1.38887          0.0625        Successful poll           
    14         635         23695.5         1.03752          0.0625      Successful search (ES-wcm)        
    14         636         23695.1           1.245          0.0625      Successful search (ES-ell)        
    14         637         23693.8         2.19539          0.0625      Successful search (ES-ell)        
    14         664         23687.7         1.96789           0.125        Successful poll           
    15         665         23675.2         1.63441           0.125      Successful search (ES-ell)        
    15         714         23675.2         1.63441          0.0625          Refine grid             
    16         715         23695.8         1.33745          0.0625      Successful search (ES-ell)        
    16         765         23694.2         1.34518           0.125        Successful poll           Train
    17         766         23693.2         1.78658           0.125      Successful search (ES-ell)        
    17         770         23692.9          1.5213           0.125      Successful search (ES-ell)        
    17         771           23692         1.83503           0.125      Successful search (ES-ell)        
    17         816           23692         1.83503          0.0625          Refine grid             Train
    18         817         23695.3         1.64917          0.0625      Successful search (ES-wcm)        
    18         859         23692.8          4.5625           0.125        Successful poll           Train
    19         862         23695.5         2.41211           0.125      Successful search (ES-ell)        
    19         863         23694.5         2.64082           0.125      Successful search (ES-ell)        
    19         864         23694.4         3.19293           0.125      Successful search (ES-ell)        
    19         910         23694.4         3.19293          0.0625          Refine grid             
    20         911         23695.3         1.00753          0.0625      Successful search (ES-ell)        
    20         912           23695         1.70482          0.0625      Successful search (ES-wcm)        
    20         913         23694.7          2.4598          0.0625      Successful search (ES-ell)        
    20         915         23693.2         2.63301          0.0625      Successful search (ES-ell)        
    20         917         23691.7         3.16814          0.0625      Successful search (ES-wcm)        
    20         938         23673.1         3.11912           0.125        Successful poll           
    21         940         23694.9         3.05196           0.125      Successful search (ES-ell)        
    21         984         23693.6         1.51523            0.25        Successful poll           Train
    22        1019         23694.6         1.54066             0.5        Successful poll           Train
    23        1029         23695.1          1.7171             0.5      Incremental search (ES-wcm)        
    23        1054         23695.1          1.7171            0.25          Refine grid             Train
Optimization terminated: change in the function value less than options['tol_fun'].
Estimated function value at minimum: 23695.05150541341 ± 0.4753660138485647 (mean ± SEM from 100 samples)
BADS minimum at: x_min = [ 0.585   1.916   3.1993  6.8124  0.8252 48.6877  4.3959  0.2048 57.6343
 12.4557  0.9734  0.4517  2.1387], training NLL = 23695.0515
total f-count: 1155, time: 48.58 min

 Optimization Run 2/2
Initial params: [0.0702, 2.0774, 10.5413, 45.73, 36.9865, 10.5011, 2.49, 0.3178, 24.2859, 16.0038, 0.8262, 0.6678, 1.3799]
bads:TooCloseBounds: For each variable, hard and plausible bounds should not be too close. Moving plausible bounds.
Variables (index) internally transformed to log coordinates: [[0 0]
 [0 3]
 [0 4]
 [0 6]]
Beginning optimization of a STOCHASTIC objective function

 Iteration    f-count      E[f(x)]        SD[f(x)]           MeshScale          Method              Actions
     0           1         24985.1             nan               1                                  
     0          33         24463.8             nan               1          Initial mesh            Initial points
     0          46         24241.6         1.00031               1        Successful poll           Train
     1          52         24141.1        0.997918               1      Successful search (ES-wcm)        
     1          56         24125.7        0.974041               1      Successful search (ES-ell)        
     1          59         24082.4        0.905395               1      Successful search (ES-ell)        
     1          61         24052.4         0.94615               1      Successful search (ES-ell)        
     1          62         24009.7         0.94676               1      Successful search (ES-ell)        
     1          64         23954.5        0.947264               1      Successful search (ES-wcm)        
     1          66         23904.5        0.947068               1      Successful search (ES-wcm)        
     1          72         23863.8        0.946186               1      Successful search (ES-wcm)        
     1          88         23817.7        0.944731               1        Successful poll           Train
     2          89         23817.2         4.10413               1      Successful search (ES-wcm)        
     2          94         23811.6         3.50006               1      Successful search (ES-ell)        
     2         102         23805.3         3.92901               1      Successful search (ES-ell)        
     2         106         23800.7         3.45018               1      Successful search (ES-ell)        
     2         107         23771.8         3.58468               1      Successful search (ES-ell)        
     2         108         23745.1         3.80219               1      Successful search (ES-ell)        
     2         115         23740.4         4.21597               1      Successful search (ES-ell)        
     2         118         23732.2         4.19819               1      Successful search (ES-ell)        
     2         120         23726.4         3.92525               1      Successful search (ES-ell)        
     2         122           23719         3.67111               1      Successful search (ES-ell)        
     2         126           23717         2.77469               1      Successful search (ES-ell)        
     2         127         23714.3         3.52506               1      Successful search (ES-ell)        
     2         128         23707.5         3.66432               1      Successful search (ES-ell)        
     2         145         23706.6          4.2576               1      Incremental search (ES-wcm)        
     2         146         23704.8         4.06195               1      Successful search (ES-wcm)        
     2         180         23704.8         4.06195             0.5          Refine grid             Train
     3         181         23712.3         2.30922             0.5      Successful search (ES-ell)        
     3         182         23709.6         3.29299             0.5      Successful search (ES-ell)        
     3         184         23708.8         3.26846             0.5      Successful search (ES-ell)        
     3         225         23660.2         5.38022               1        Successful poll           
     4         227         23658.7         4.83631               1      Successful search (ES-ell)        
     4         228         23651.4         4.95727               1      Successful search (ES-ell)        
     4         231         23646.5         4.51557               1      Successful search (ES-ell)        
     4         232         23644.2         4.95714               1      Successful search (ES-ell)        
     4         265         23644.2         4.95714             0.5          Refine grid             Train
     5         266         23644.7         4.47191             0.5      Successful search (ES-wcm)        
     5         267         23640.4          5.1425             0.5      Successful search (ES-wcm)        
     5         307         23637.8         5.54412               1        Successful poll           
     6         335         23638.3         5.52192             0.5          Refine grid             Train
     7         337         23644.4         3.00431             0.5      Successful search (ES-wcm)        
     7         339         23643.8         2.99451             0.5      Successful search (ES-wcm)        
     7         342         23641.1         1.79839             0.5      Successful search (ES-wcm)        
     7         343         23640.5         3.37165             0.5      Successful search (ES-wcm)        
     7         345           23637         4.10256             0.5      Successful search (ES-wcm)        
     7         360         23636.3         1.51382             0.5      Successful search (ES-wcm)        
     7         369         23635.7         1.27813             0.5      Successful search (ES-wcm)        
     7         372           23635         1.37931             0.5      Successful search (ES-wcm)        
     7         377         23634.5         2.00932             0.5      Successful search (ES-wcm)        
     7         382         23634.4         1.55586             0.5      Incremental search (ES-wcm)        
     7         394         23628.4         2.32471             0.5      Successful search (ES-wcm)        
     7         397         23627.6         2.04449             0.5      Successful search (ES-wcm)        
     7         430         23627.6         2.04449            0.25          Refine grid             
     8         433         23629.6         1.04081            0.25      Successful search (ES-ell)        
     8         434         23629.5         1.37456            0.25      Incremental search (ES-ell)        
     8         475         23629.5         1.37456           0.125          Refine grid             Train
     9         476         23630.5         1.67749           0.125      Successful search (ES-wcm)        
     9         522         23630.5         1.67749          0.0625          Refine grid             
    10         523         23631.5        0.765343          0.0625      Successful search (ES-ell)        
    10         524         23631.2        0.828045          0.0625      Successful search (ES-ell)        
    10         525         23630.6         1.06423          0.0625      Successful search (ES-ell)        
    10         554         23625.5          1.6509           0.125        Successful poll           Train
    11         555         23631.5        0.821216           0.125      Successful search (ES-ell)        
    11         556         23630.8         1.24551           0.125      Successful search (ES-ell)        
    11         558         23630.7         1.70532           0.125      Successful search (ES-ell)        
    11         600         23630.7         1.70532          0.0625          Refine grid             
    12         615         23614.4         1.28353           0.125        Successful poll           
    13         629         23455.2         1.48742            0.25        Successful poll           
    14         661         23632.1        0.658464           0.125          Refine grid             
    15         694         23629.1         3.04122          0.0625          Refine grid             
    16         695         23630.6         1.20519          0.0625      Successful search (ES-wcm)        
    16         696         23630.3         1.42377          0.0625      Successful search (ES-ell)        
    16         697         23629.5         1.64041          0.0625      Successful search (ES-ell)        
    16         698         23628.7         2.08309          0.0625      Successful search (ES-ell)        
    16         699         23626.7         2.49184          0.0625      Successful search (ES-ell)        
    16         700         23625.3         2.91174          0.0625      Successful search (ES-ell)        
    16         701         23619.3         3.39911          0.0625      Successful search (ES-ell)        
    16         742         23619.3         3.39911         0.03125          Refine grid             Train
    17         743         23631.7        0.878301         0.03125      Successful search (ES-ell)        
    17         744         23631.5         1.00952         0.03125      Successful search (ES-ell)        
    17         745         23630.8        0.965652         0.03125      Successful search (ES-wcm)        
    17         746         23630.3         1.05222         0.03125      Successful search (ES-wcm)        
    17         747         23629.8          1.2288         0.03125      Successful search (ES-wcm)        
    17         791         23629.8          1.2288        0.015625          Refine grid             
    18         792         23631.1        0.644722        0.015625      Successful search (ES-ell)        
    18         793         23630.9        0.656102        0.015625      Successful search (ES-ell)        
    18         794         23630.7         0.68844        0.015625      Successful search (ES-ell)        
    18         795         23630.3        0.650198        0.015625      Successful search (ES-wcm)        
    18         796         23629.7        0.684258        0.015625      Successful search (ES-wcm)        
    18         818           23622         1.37148         0.03125        Successful poll           
    19         819         23631.4        0.531717         0.03125      Successful search (ES-wcm)        
    19         821         23631.2        0.534633         0.03125      Successful search (ES-ell)        
    19         822         23630.7        0.576143         0.03125      Successful search (ES-ell)        
    19         823           23630        0.729031         0.03125      Successful search (ES-ell)        
    19         824         23628.9         1.10143         0.03125      Successful search (ES-ell)        
    19         867         23628.9         1.10143        0.015625          Refine grid             Train
    20         868         23631.9          0.5362        0.015625      Successful search (ES-wcm)        
    20         869         23631.6        0.525954        0.015625      Successful search (ES-wcm)        
    20         870           23631        0.599872        0.015625      Successful search (ES-ell)        
    20         871         23630.4        0.795068        0.015625      Successful search (ES-ell)        
    20         872         23629.2         1.07516        0.015625      Successful search (ES-ell)        
    20         873         23628.7         1.30932        0.015625      Successful search (ES-wcm)        
    20         875         23626.8         1.75887        0.015625      Successful search (ES-ell)        
    20         909         23622.7         3.53098         0.03125        Successful poll           
    21         910         23627.2         1.85667         0.03125      Successful search (ES-ell)        
    21         912         23626.6         1.62299         0.03125      Successful search (ES-ell)        
    21         913           23626         1.62654         0.03125      Successful search (ES-ell)        
    21         915         23625.8          1.5452         0.03125      Successful search (ES-ell)        
    21         916         23624.9         1.61254         0.03125      Successful search (ES-ell)        
    21         937         23582.8         3.56085          0.0625        Successful poll           
    22         938         23628.5         1.39359          0.0625      Successful search (ES-ell)        
    22         939         23627.6          1.5766          0.0625      Successful search (ES-ell)        
    22         942         23627.5         1.37942          0.0625      Successful search (ES-ell)        
    22         943         23627.4         1.70811          0.0625      Successful search (ES-ell)        
    22         944         23626.3         2.21797          0.0625      Successful search (ES-ell)        
    22         945         23624.4          2.4231          0.0625      Successful search (ES-ell)        
    22         984         23624.4          2.4231         0.03125          Refine grid             Train
    23         985         23627.8         1.02745         0.03125      Successful search (ES-ell)        
    23         986         23627.7         1.10694         0.03125      Successful search (ES-ell)        
    23         987         23626.9         1.35905         0.03125      Successful search (ES-wcm)        
    23         988         23624.8          1.9217         0.03125      Successful search (ES-wcm)        
    23        1034         23624.3         1.10339          0.0625        Successful poll           
    24        1035         23625.8         1.26944          0.0625      Successful search (ES-ell)        
    24        1081         23625.8         1.26944         0.03125          Refine grid             Train
    25        1082         23626.4        0.739288         0.03125      Successful search (ES-wcm)        
    25        1129         23626.4        0.739288        0.015625          Refine grid             
    26        1145         23617.5          2.6175         0.03125        Successful poll           
    27        1160         23619.2         1.20105          0.0625        Successful poll           
    28        1161         23625.8         2.07655          0.0625      Successful search (ES-wcm)        
    28        1207         23625.8         2.07655         0.03125          Refine grid             
    29        1208         23626.7        0.905661         0.03125      Successful search (ES-ell)        
    29        1209         23626.4         1.15442         0.03125      Successful search (ES-ell)        
    29        1257         23626.4         1.15442        0.015625          Refine grid             Train
    30        1258         23627.5         0.71825        0.015625      Successful search (ES-ell)        
    30        1259         23626.9        0.866314        0.015625      Successful search (ES-ell)        
    30        1260         23626.3          1.0522        0.015625      Successful search (ES-ell)        
    30        1262         23625.7         1.23268        0.015625      Successful search (ES-ell)        
    30        1266         23624.8         1.16414        0.015625      Successful search (ES-wcm)        
    30        1275         23624.7        0.919932        0.015625      Successful search (ES-wcm)        
    30        1277         23624.6        0.897818        0.015625      Successful search (ES-ell)        
    30        1278         23623.9        0.909358        0.015625      Successful search (ES-ell)        
    30        1286         23623.7        0.818007        0.015625      Successful search (ES-ell)        
    30        1315         23623.6         1.21841         0.03125        Successful poll           Train
    31        1317         23626.2         1.19841         0.03125      Successful search (ES-ell)        
    31        1346           23622         1.06412          0.0625        Successful poll           
    32        1350         23626.5         1.30742          0.0625      Successful search (ES-wcm)        
    32        1352           23626         1.34177          0.0625      Successful search (ES-wcm)        
    32        1353         23624.5         1.40867          0.0625      Successful search (ES-ell)        
    32        1355         23624.5         1.39648          0.0625      Incremental search (ES-ell)        
    32        1356         23623.2         1.75265          0.0625      Successful search (ES-ell)        
    32        1360         23605.9         1.47833          0.0625      Successful search (ES-wcm)        
    32        1361         23605.5         1.66437          0.0625      Successful search (ES-wcm)        
    32        1409         23605.5         1.66437         0.03125          Refine grid             Train
    33        1446         23627.5        0.551162        0.015625          Refine grid             Train
    34        1447         23627.4         0.52411        0.015625      Successful search (ES-wcm)        
    34        1448         23627.4        0.612175        0.015625      Successful search (ES-wcm)        
    34        1449           23626        0.594682        0.015625      Successful search (ES-wcm)        
    34        1450         23625.6         1.08335        0.015625      Successful search (ES-ell)        
    34        1495         23623.3          1.4912         0.03125        Successful poll           
    35        1497         23624.4          1.2864         0.03125      Successful search (ES-ell)        
    35        1499         23624.1         1.30915         0.03125      Successful search (ES-ell)        
    35        1534           23624         1.60728          0.0625        Successful poll           Train
    36        1535         23626.2         1.22667          0.0625      Successful search (ES-ell)        
    36        1539         23626.2         1.31508          0.0625      Incremental search (ES-ell)        
    36        1582         23626.2         1.31508         0.03125          Refine grid             
    37        1619         23626.6        0.769426        0.015625          Refine grid             Train
    38        1620         23626.8         1.05215        0.015625      Successful search (ES-ell)        
    38        1622         23626.5         1.21578        0.015625      Successful search (ES-ell)        
    38        1624         23626.5         1.37539        0.015625      Successful search (ES-ell)        
    38        1667         23621.6         3.88239         0.03125        Successful poll           Train
    39        1704         23621.4         2.36511          0.0625        Successful poll           Train
    40        1740         23625.8         2.40726         0.03125          Refine grid             Train
    41        1762         23624.9          1.4055          0.0625        Successful poll           Train
Optimization terminated: change in the function value less than options['tol_fun'].
Estimated function value at minimum: 23626.116774441824 ± 0.4887364221811444 (mean ± SEM from 100 samples)
BADS minimum at: x_min = [ 0.1475  0.3434  2.7174  0.      0.8498 62.6989  4.7425  0.7206  2.9667
 31.5259  0.9999  0.3859  2.7022], training NLL = 23626.1168
total f-count: 1863, time: 81.28 min

 ------- Finish Optimization for Subject 20 ---------- 

 ------- Start Optimization for Subject 25 ---------- 

 Cross Validation fold 0/1

 -- Start Optimization: method BADS --

 Optimization Run 1/2
Initial params: [1.9913, 5.06, 8.4813, 30.5172, 4.7337, 13.9566, 2.5128, 0.5992, 19.3075, 16.3519, 0.3962, 0.4246, 0.3251]
bads:TooCloseBounds: For each variable, hard and plausible bounds should not be too close. Moving plausible bounds.
Variables (index) internally transformed to log coordinates: [[0 0]
 [0 3]
 [0 4]
 [0 6]]
Beginning optimization of a STOCHASTIC objective function

 Iteration    f-count      E[f(x)]        SD[f(x)]           MeshScale          Method              Actions
     0           1         25224.7             nan               1                                  
     0          33         24601.5             nan               1          Initial mesh            Initial points
     0          54         24188.8         1.00522               1        Successful poll           Train
     1          58         23698.3         1.00483               1      Successful search (ES-wcm)        
     1          59         23585.6           1.005               1      Successful search (ES-wcm)        
     1          60         23377.9         1.00508               1      Successful search (ES-wcm)        
     1          65         23165.6         1.08399               1      Successful search (ES-ell)        
     1          77         23149.5        0.964552               1      Successful search (ES-ell)        
     1          78           23055        0.999666               1      Successful search (ES-ell)        
     1          80         23043.4        0.876851               1      Successful search (ES-ell)        
     1          89           23036         1.29952               1      Successful search (ES-ell)        
     1          90         23017.3         1.31916               1      Successful search (ES-wcm)        
     1          92         23005.2         1.30746               1      Successful search (ES-ell)        
     1          98         22932.8         1.31667               1      Successful search (ES-ell)        
     1         100         22920.9         1.31775               1      Successful search (ES-ell)        
     1         109         22906.3         1.31913               1      Successful search (ES-wcm)        
     1         111         22881.1         1.31918               1      Successful search (ES-wcm)        
     1         124         22880.4         8.25258               1      Incremental search (ES-wcm)        
     1         128           22879         7.93282               1      Successful search (ES-ell)        
     1         129         22872.8         9.56245               1      Successful search (ES-ell)        
     1         133         22857.9         11.7552               1      Successful search (ES-ell)        
     1         134         22853.1         11.9783               1      Successful search (ES-ell)        
     1         145         22841.8         1.09957               1      Successful search (ES-ell)        
     1         149         22824.9         1.11626               1      Successful search (ES-ell)        
     1         153         22818.3           1.114               1      Successful search (ES-ell)        
     1         156         22791.6         1.11656               1      Successful search (ES-wcm)        
     1         190         22791.6         1.11656             0.5          Refine grid             
     2         192           22813          8.9053             0.5      Successful search (ES-ell)        
     2         193         22812.2         11.0858             0.5      Successful search (ES-ell)        
     2         241         22812.2         11.0858            0.25          Refine grid             Train
     3         242         22816.7         5.63027            0.25      Successful search (ES-ell)        
     3         243         22782.3         9.69006            0.25      Successful search (ES-ell)        
     3         244         22750.1         12.3559            0.25      Successful search (ES-ell)        
     3         256         22746.2         8.92248            0.25      Successful search (ES-wcm)        
     3         257         22728.3         13.5209            0.25      Successful search (ES-wcm)        
     3         258         22710.9         14.5681            0.25      Successful search (ES-wcm)        
     3         259         22705.5         14.7137            0.25      Successful search (ES-wcm)        
     3         260         22695.1         14.8514            0.25      Successful search (ES-wcm)        
     3         262         22687.7         14.4266            0.25      Successful search (ES-wcm)        
     3         263         22524.2         14.9161            0.25      Successful search (ES-wcm)        
     3         265         22482.8         14.8499            0.25      Successful search (ES-wcm)        
     3         270         22425.8         13.7169            0.25      Successful search (ES-wcm)        
     3         271         22404.2         12.3327            0.25      Successful search (ES-wcm)        
     3         272         22394.7           12.46            0.25      Successful search (ES-wcm)        
     3         304         22382.8         11.3813             0.5        Successful poll           Train
     4         305           22370         11.3854             0.5      Successful search (ES-wcm)        
     4         309         22369.1          9.2251             0.5      Successful search (ES-wcm)        
     4         310         22358.9         11.1657             0.5      Successful search (ES-wcm)        
     4         314         22347.4          8.8539             0.5      Successful search (ES-wcm)        
     4         315         22338.3         9.99685             0.5      Successful search (ES-wcm)        
     4         318         22333.3         10.9387             0.5      Successful search (ES-wcm)        
     4         323           22326         8.80595             0.5      Successful search (ES-ell)        
     4         327           22323          5.8954             0.5      Successful search (ES-wcm)        
     4         328         22319.1          6.9306             0.5      Successful search (ES-ell)        
     4         363           22293         11.7649               1        Successful poll           
     5         392         22293.3         11.7643             0.5          Refine grid             
     6         394         22306.3         5.63701             0.5      Successful search (ES-ell)        
     6         440         22306.3         5.63701            0.25          Refine grid             Train
     7         441         22309.4         6.97543            0.25      Successful search (ES-wcm)        
     7         442         21296.8         8.98746            0.25      Successful search (ES-wcm)        
     7         483         21055.8         10.7768             0.5        Successful poll           Train
     8         484         19855.9         10.8534             0.5      Successful search (ES-wcm)        
     8         492         19790.1         10.7928             0.5      Successful search (ES-wcm)        
     8         494         19787.6         10.3434             0.5      Successful search (ES-wcm)        
     8         502         19770.9         1.41765             0.5      Successful search (ES-wcm)        
     8         543         19620.2         1.41707               1        Successful poll           
     9         551         19559.9         1.41758               1      Successful search (ES-wcm)        
     9         552         19489.4         1.41793               1      Successful search (ES-wcm)        
     9         556         19474.4         1.41782               1      Successful search (ES-wcm)        
     9         565         19425.9         28.7604               1      Successful search (ES-wcm)        
     9         568         19411.8         29.3841               1      Successful search (ES-wcm)        
     9         581         19380.9          21.482               1      Successful search (ES-wcm)        
     9         611         19380.9          21.482             0.5          Refine grid             
    10         620         19416.5         13.9107             0.5      Successful search (ES-wcm)        
    10         622         19408.7         14.0545             0.5      Successful search (ES-wcm)        
    10         623         19405.9         17.3421             0.5      Successful search (ES-wcm)        
    10         657         19405.9         17.3421            0.25          Refine grid             
    11         660         19377.4         18.9143            0.25      Successful search (ES-wcm)        
    11         662         19366.8         23.2427            0.25      Successful search (ES-ell)        
    11         706         19366.8         23.2427           0.125          Refine grid             
    12         707         19373.8         18.1087           0.125      Successful search (ES-ell)        
    12         755         19373.8         18.1087          0.0625          Refine grid             
    13         756         19412.7         8.96977          0.0625      Successful search (ES-ell)        
    13         757         19391.7          11.512          0.0625      Successful search (ES-ell)        
    13         758         19369.6         21.0957          0.0625      Successful search (ES-ell)        
    13         759         19332.2         24.6344          0.0625      Successful search (ES-ell)        
    13         761         19323.3         24.7895          0.0625      Successful search (ES-ell)        
    13         805         19323.3         24.7895         0.03125          Refine grid             Train
    14         806         19357.7         7.67518         0.03125      Successful search (ES-ell)        
    14         807         19336.6         13.0629         0.03125      Successful search (ES-ell)        
    14         809         19328.9         11.5803         0.03125      Successful search (ES-ell)        
    14         811         19326.6         13.1922         0.03125      Successful search (ES-ell)        
    14         812         19322.9         16.4186         0.03125      Successful search (ES-ell)        
    14         816         19319.1         11.5133         0.03125      Successful search (ES-ell)        
    14         817         19318.3         14.0351         0.03125      Successful search (ES-ell)        
    14         818         19314.9         18.1741         0.03125      Successful search (ES-ell)        
    14         820         19296.9         15.8115         0.03125      Successful search (ES-ell)        
    14         868         19296.9         15.8115        0.015625          Refine grid             Train
    15         871           19312         5.95502        0.015625      Successful search (ES-wcm)        
    15         872         19305.8          6.0907        0.015625      Successful search (ES-ell)        
    15         873         19304.7         8.24562        0.015625      Successful search (ES-ell)        
    15         875         19304.1         9.07583        0.015625      Successful search (ES-wcm)        
    15         878         19299.4         7.91483        0.015625      Successful search (ES-ell)        
    15         879         19292.3         8.77938        0.015625      Successful search (ES-ell)        
    15         880         19287.8         9.82655        0.015625      Successful search (ES-ell)        
    15         881         19284.5           12.69        0.015625      Successful search (ES-ell)        
    15         918         19284.5           12.69       0.0078125          Refine grid             
    16         919         19291.4         3.99196       0.0078125      Successful search (ES-ell)        
    16         920           19291         5.47934       0.0078125      Successful search (ES-ell)        
    16         921         19286.8         8.06946       0.0078125      Successful search (ES-ell)        
    16         922           19284          10.444       0.0078125      Successful search (ES-ell)        
    16         923         19277.4         12.7758       0.0078125      Successful search (ES-ell)        
    16         968         19277.4         12.7758      0.00390625          Refine grid             
    17         969         19293.5         3.64842      0.00390625      Successful search (ES-ell)        
    17         970         19293.3         4.10388      0.00390625      Successful search (ES-ell)        
    17         972         19292.6         4.62727      0.00390625      Successful search (ES-ell)        
    17         973           19291         5.90566      0.00390625      Successful search (ES-ell)        
    17         976         19289.3         6.31944      0.00390625      Successful search (ES-wcm)        
    17         977         19288.7         7.32329      0.00390625      Successful search (ES-ell)        
    17         978         19284.8          8.6887      0.00390625      Successful search (ES-ell)        
    17         980         19283.1         8.93586      0.00390625      Successful search (ES-ell)        
    17         981         19272.5         10.3726      0.00390625      Successful search (ES-ell)        
    17        1018         19269.8         4.61393       0.0078125        Successful poll           
    18        1019         19270.2         4.78728       0.0078125      Successful search (ES-ell)        
    18        1020         19263.2         6.50817       0.0078125      Successful search (ES-wcm)        
    18        1021         19259.8         11.5151       0.0078125      Successful search (ES-wcm)        
    18        1068         19259.8         11.5151      0.00390625          Refine grid             Train
    19        1069         19263.7         3.45304      0.00390625      Successful search (ES-wcm)        
    19        1070         19261.7         3.66468      0.00390625      Successful search (ES-wcm)        
    19        1071         19260.2         4.42839      0.00390625      Successful search (ES-wcm)        
    19        1072         19257.7         5.55272      0.00390625      Successful search (ES-ell)        
    19        1118         19257.7         5.55272      0.00195312          Refine grid             
    20        1119         19268.6         3.18914      0.00195312      Successful search (ES-wcm)        
    20        1120         19267.3         3.30687      0.00195312      Successful search (ES-wcm)        
    20        1121         19266.8         3.61916      0.00195312      Successful search (ES-wcm)        
    20        1122         19263.3          4.1323      0.00195312      Successful search (ES-wcm)        
    20        1123         19259.6         5.05824      0.00195312      Successful search (ES-wcm)        
    20        1124         19252.5         6.54164      0.00195312      Successful search (ES-wcm)        
    20        1145         19041.6         11.7541      0.00390625        Successful poll           
    21        1146         19268.7         2.46043      0.00390625      Successful search (ES-wcm)        
    21        1147         19266.7         2.96186      0.00390625      Successful search (ES-wcm)        
    21        1148         19266.6         4.28691      0.00390625      Successful search (ES-wcm)        
    21        1149         19259.3         5.43416      0.00390625      Successful search (ES-ell)        
    21        1150         19250.5         8.59476      0.00390625      Successful search (ES-ell)        
    21        1151         19242.2          10.987      0.00390625      Successful search (ES-ell)        
    21        1195         19242.2          10.987      0.00195312          Refine grid             Train
    22        1196         19269.8         2.56167      0.00195312      Successful search (ES-ell)        
    22        1197         19268.8         3.15815      0.00195312      Successful search (ES-ell)        
    22        1198           19267         3.73078      0.00195312      Successful search (ES-ell)        
    22        1199         19264.4         4.97648      0.00195312      Successful search (ES-ell)        
    22        1200         19262.3         6.18087      0.00195312      Successful search (ES-ell)        
    22        1201         19260.1         8.60494      0.00195312      Successful search (ES-ell)        
    22        1202         19256.5         10.8676      0.00195312      Successful search (ES-ell)        
    22        1247         19256.5         10.8676     0.000976562          Refine grid             
Optimization terminated: change in the function value less than options['tol_mesh']
Estimated function value at minimum: 19263.727895310774 ± 2.0039975821047853 (mean ± SEM from 100 samples)
BADS minimum at: x_min = [ 0.6816  2.6495  4.5056  3.1313  2.1873 -1.4959  2.7387  0.2709  4.5075
  6.4459  0.6951  0.5814  1.0917], training NLL = 19263.7279
total f-count: 1347, time: 58.75 min

 Optimization Run 2/2
Initial params: [0.1575, 6.4885, 5.9945, 7.762, 35.8885, 11.0298, 1.5423, 0.2619, 18.7795, 24.5804, 0.4008, 0.4962, -0.4692]
bads:TooCloseBounds: For each variable, hard and plausible bounds should not be too close. Moving plausible bounds.
Variables (index) internally transformed to log coordinates: [[0 0]
 [0 3]
 [0 4]
 [0 6]]
Beginning optimization of a STOCHASTIC objective function

 Iteration    f-count      E[f(x)]        SD[f(x)]           MeshScale          Method              Actions
     0           1         25238.3             nan               1                                  
     0          33         24614.1             nan               1          Initial mesh            Initial points
     0          50         24176.6         1.01732               1        Successful poll           Train
     1          54         23848.5         1.01685               1      Successful search (ES-ell)        
     1          56         23691.7         1.01691               1      Successful search (ES-ell)        
     1          57         23464.4         1.01709               1      Successful search (ES-ell)        
     1          64         23315.9        0.717145               1      Successful search (ES-ell)        
     1          67         23305.1        0.717136               1      Successful search (ES-ell)        
     1          68         23246.6        0.717086               1      Successful search (ES-ell)        
     1          73         23200.5        0.715272               1      Successful search (ES-ell)        
     1          74         23165.7        0.716602               1      Successful search (ES-ell)        
     1          77         23105.1        0.717063               1      Successful search (ES-ell)        
     1          82         23073.9        0.714022               1      Successful search (ES-ell)        
     1          84         23052.5        0.712795               1      Successful search (ES-ell)        
     1          86         23042.7        0.714927               1      Successful search (ES-ell)        
     1          88         23041.3        0.980045               1      Successful search (ES-wcm)        
     1          89         22996.9        0.979219               1      Successful search (ES-ell)        
     1          93         22989.7        0.977937               1      Successful search (ES-ell)        
     1          99         22980.4        0.915416               1      Successful search (ES-ell)        
     1         104         22974.2         0.97586               1      Successful search (ES-ell)        
     1         108         22956.3        0.965536               1      Successful search (ES-ell)        
     1         140         22841.9         4.49101               1        Successful poll           
     2         151         22949.7         4.76473               1      Successful search (ES-wcm)        
     2         152         22920.1          8.6367               1      Successful search (ES-wcm)        
     2         153         22864.4          9.6536               1      Successful search (ES-wcm)        
     2         154         22788.3         9.99231               1      Successful search (ES-ell)        
     2         156         22787.1         10.1127               1      Successful search (ES-ell)        
     2         159         22747.7         9.52924               1      Successful search (ES-ell)        
     2         160         22669.6         9.97245               1      Successful search (ES-ell)        
     2         196         22669.6         9.97245             0.5          Refine grid             Train
     3         197         22662.1         9.61585             0.5      Successful search (ES-wcm)        
     3         199         22660.3          8.5043             0.5      Successful search (ES-wcm)        
     3         200         22626.3         9.17747             0.5      Successful search (ES-wcm)        
     3         202         22607.4         9.67816             0.5      Successful search (ES-wcm)        
     3         203         22570.6         10.2499             0.5      Successful search (ES-wcm)        
     3         206         22564.7         10.2223             0.5      Successful search (ES-wcm)        
     3         212         22543.4          7.4123             0.5      Successful search (ES-wcm)        
     3         213         22515.6         9.52571             0.5      Successful search (ES-wcm)        
     3         216         22508.4         8.31389             0.5      Successful search (ES-wcm)        
     3         217         22478.5         10.1088             0.5      Successful search (ES-wcm)        
     3         220         22465.4         9.71491             0.5      Successful search (ES-wcm)        
     3         221         22454.9         10.3509             0.5      Successful search (ES-wcm)        
     3         226         22443.9         9.56161             0.5      Successful search (ES-wcm)        
     3         228         22429.6         8.92412             0.5      Successful search (ES-wcm)        
     3         229         22429.1         9.65343             0.5      Successful search (ES-wcm)        
     3         269         22429.1         9.65343            0.25          Refine grid             Train
     4         270         22415.8         6.00048            0.25      Successful search (ES-ell)        
     4         271         22402.3         8.43782            0.25      Successful search (ES-ell)        
     4         272         22385.3         9.09944            0.25      Successful search (ES-ell)        
     4         319         22385.3         9.09944           0.125          Refine grid             
     5         320         22394.3         2.78144           0.125      Successful search (ES-ell)        
     5         322         22393.7         4.02718           0.125      Successful search (ES-wcm)        
     5         333           22391         5.22928           0.125      Successful search (ES-wcm)        
     5         338         22390.8          3.1788           0.125      Successful search (ES-ell)        
     5         339         22388.9         3.38857           0.125      Successful search (ES-ell)        
     5         340         22386.9          4.7444           0.125      Successful search (ES-wcm)        
     5         342         22385.9         5.17725           0.125      Successful search (ES-wcm)        
     5         343         22381.8         7.60591           0.125      Successful search (ES-wcm)        
     5         344         22380.8         9.55391           0.125      Successful search (ES-wcm)        
     5         345         22362.9         9.98496           0.125      Successful search (ES-wcm)        
     5         348         22361.8            6.04           0.125      Successful search (ES-wcm)        
     5         349         22359.7         7.58398           0.125      Successful search (ES-wcm)        
     5         350         22358.3         9.96926           0.125      Successful search (ES-wcm)        
     5         395         22358.3         9.96926          0.0625          Refine grid             Train
     6         396         22362.1          2.4075          0.0625      Successful search (ES-ell)        
     6         397         22359.3         3.81888          0.0625      Successful search (ES-ell)        
     6         398         22356.2         5.35525          0.0625      Successful search (ES-ell)        
     6         445         22356.2         5.35525         0.03125          Refine grid             
     7         446         22364.4         1.58432         0.03125      Successful search (ES-ell)        
     7         447           22362         1.83836         0.03125      Successful search (ES-ell)        
     7         448         22358.4         2.63289         0.03125      Successful search (ES-ell)        
     7         449         22356.2         4.37986         0.03125      Successful search (ES-ell)        
     7         450         22354.5         5.40625         0.03125      Successful search (ES-ell)        
     7         451         22354.4         6.39677         0.03125      Successful search (ES-ell)        
     7         452           22348         7.54294         0.03125      Successful search (ES-ell)        
     7         495           22348         7.54294        0.015625          Refine grid             
     8         496         22355.5          1.6434        0.015625      Successful search (ES-ell)        
     8         497         22353.7           1.947        0.015625      Successful search (ES-ell)        
     8         500           22352         2.09688        0.015625      Successful search (ES-ell)        
     8         502         22351.1         2.29801        0.015625      Successful search (ES-ell)        
     8         545         22351.1         2.29801       0.0078125          Refine grid             Train
     9         546         22357.4         1.35113       0.0078125      Successful search (ES-wcm)        
     9         547         22357.2         1.33057       0.0078125      Successful search (ES-wcm)        
     9         548         22356.9         1.37469       0.0078125      Successful search (ES-wcm)        
     9         552         22356.8         1.36674       0.0078125      Successful search (ES-ell)        
     9         553         22356.1         1.45656       0.0078125      Successful search (ES-ell)        
     9         554         22355.4         1.80792       0.0078125      Successful search (ES-ell)        
     9         555         22354.5          2.4089       0.0078125      Successful search (ES-ell)        
     9         556           22353         3.24481       0.0078125      Successful search (ES-ell)        
     9         557           22352         4.20493       0.0078125      Successful search (ES-ell)        
     9         558         22346.3         5.41472       0.0078125      Successful search (ES-ell)        
     9         595         22346.3         5.41472      0.00390625          Refine grid             Train
    10         597           22358         1.67582      0.00390625      Successful search (ES-wcm)        
    10         598         22357.9         1.68832      0.00390625      Successful search (ES-wcm)        
    10         611         22357.9         1.47914      0.00390625      Successful search (ES-wcm)        
    10         612         22357.6          1.4692      0.00390625      Successful search (ES-ell)        
    10         613         22357.6          1.4612      0.00390625      Successful search (ES-ell)        
    10         614         22357.3         1.45927      0.00390625      Successful search (ES-ell)        
    10         619         22357.1         1.41617      0.00390625      Successful search (ES-wcm)        
    10         620         22357.1         1.42768      0.00390625      Successful search (ES-wcm)        
    10         658         22357.1         1.42768      0.00195312          Refine grid             Train
    11         659         22358.6         1.37822      0.00195312      Successful search (ES-ell)        
    11         660         22358.5         1.38886      0.00195312      Successful search (ES-ell)        
    11         661         22357.8         1.42077      0.00195312      Successful search (ES-ell)        
    11         662           22357         1.45498      0.00195312      Successful search (ES-ell)        
    11         663         22356.9         1.69426      0.00195312      Successful search (ES-ell)        
    11         664         22356.1         1.80772      0.00195312      Successful search (ES-ell)        
    11         665         22355.1         2.06722      0.00195312      Successful search (ES-ell)        
    11         666         22353.7         2.99224      0.00195312      Successful search (ES-ell)        
    11         667         22350.9         3.88908      0.00195312      Successful search (ES-ell)        
    11         708         22350.9         3.88908     0.000976562          Refine grid             
Optimization terminated: change in the function value less than options['tol_mesh']
Estimated function value at minimum: 22358.010411648036 ± 0.9834720396737554 (mean ± SEM from 100 samples)
BADS minimum at: x_min = [ 0.4075  1.7689  5.2788 10.825   1.5805 97.4406  3.6905  0.4017  5.2826
  9.8048  0.5936  0.4619  1.603 ], training NLL = 22358.0104
total f-count: 808, time: 34.09 min

 ------- Finish Optimization for Subject 25 ---------- 
Tue Jul 28 01:01:04 2026       
+---------------------------------------------------------------------------------------+
| NVIDIA-SMI 535.113.01             Driver Version: 535.113.01   CUDA Version: 12.2     |
|-----------------------------------------+----------------------+----------------------+
| GPU  Name                 Persistence-M | Bus-Id        Disp.A | Volatile Uncorr. ECC |
| Fan  Temp   Perf          Pwr:Usage/Cap |         Memory-Usage | GPU-Util  Compute M. |
|                                         |                      |               MIG M. |
|=========================================+======================+======================|
|   0  NVIDIA L40S                    On  | 00000000:21:00.0 Off |                    0 |
| N/A   42C    P0              87W / 350W |      3MiB / 46068MiB |      0%      Default |
|                                         |                      |                  N/A |
+-----------------------------------------+----------------------+----------------------+
                                                                                         
+---------------------------------------------------------------------------------------+
| Processes:                                                                            |
|  GPU   GI   CI        PID   Type   Process name                            GPU Memory |
|        ID   ID                                                             Usage      |
|=======================================================================================|
|  No running processes found                                                           |
+---------------------------------------------------------------------------------------+
----------------------------------------
Start job epilogue Tue Jul 28 01:01:04 CEST 2026
----------------------------------------
Job ID:          54379249
Job Exit Code:   0:0
Username:        wenlou
Group:           mpla
Queue:           gpu
Compute nodes:   dccn-c088
Asked resources: walltime=1-00:00:00,nodes=1,cpus=8,mem=2G
Used resources:  cputime=4-17:50:24,walltime=14:13:48,memory=0
----------------------------------------
End job epilogue Tue Jul 28 01:01:04 CEST 2026
----------------------------------------
