----------------------------------------
Start task prologue Mon Jun 22 14:49:12 CEST 2026
----------------------------------------
Step ID:         53757336.
Username:        wenlou
Group:           mpla
Asked resources: walltime=1-00:00:00,nodes=1,cpus=8,mem=2G
Queue:           gpu
Compute nodes:   dccn-c083
----------------------------------------
End task prologue Mon Jun 22 14:49:12 CEST 2026
----------------------------------------
CUDA version:
nvcc: NVIDIA (R) Cuda compiler driver
Copyright (c) 2005-2024 NVIDIA Corporation
Built on Thu_Mar_28_02:18:24_PDT_2024
Cuda compilation tools, release 12.4, V12.4.131
Build cuda_12.4.r12.4/compiler.34097967_0

[WARNING] Please note the interface change for (de-)activating conda environment:

  - DO NOT use `conda activate` to enter the conda environment as it requires extra step to modify your ~/.bashrc file, which will force you to use this Anaconda version (2024.06).  Therefore keep using `source activate` instead.

  - DO use `conda deactivate` to leave your conda environment as `source deactivate` will be deprecated in future release.

Running model for expriment=fixed_bug, m_id=2, method=bads
device is : cuda
['fixed_bug', '2', 'all', 'bads', '2']

 ------- Start Optimization for Subject 2 ---------- 

 Cross Validation fold 0/1

 -- Start Optimization: method BADS --

 Optimization Run 1/2
Initial params: [0.7455, 5.1096, 11.832, 9.827, -1.0976, 16.5091, 4.5154, 0.3068, 24.4021, 21.3166, 0.3059, 0.5963, 0.123, 0.2926]
bads:TooCloseBounds: For each variable, hard and plausible bounds should not be too close. Moving plausible bounds.
Variables (index) internally transformed to log coordinates: [[0 0]
 [0 3]
 [0 5]
 [0 6]]
Beginning optimization of a STOCHASTIC objective function

 Iteration    f-count      E[f(x)]        SD[f(x)]           MeshScale          Method              Actions
     0           1         28059.5             nan               1                                  
     0          33         27045.8             nan               1          Initial mesh            Initial points
     0          55           26954         1.00612               1        Successful poll           Train
     1          62           26938         1.00057               1      Successful search (ES-wcm)        
     1          67         26932.2        0.931286               1      Successful search (ES-wcm)        
     1          68           26928        0.931273               1      Successful search (ES-wcm)        
     1          69         26921.3        0.920894               1      Successful search (ES-ell)        
     1          70         25486.3        0.931722               1      Successful search (ES-ell)        
     1          78         25381.3         0.91435               1      Successful search (ES-ell)        
     1          80         25282.9        0.914575               1      Successful search (ES-ell)        
     1          93         25213.7        0.763243               1      Successful search (ES-wcm)        
     1          96         25147.2        0.763061               1      Successful search (ES-wcm)        
     1          97         25139.2        0.755967               1      Successful search (ES-ell)        
     1         100         25021.9         0.76332               1      Successful search (ES-wcm)        
     1         105         24984.9          0.7633               1      Successful search (ES-wcm)        
     1         108         24964.7        0.762892               1      Successful search (ES-ell)        
     1         114         24787.2        0.763263               1      Successful search (ES-ell)        
     1         119         24749.9        0.762686               1      Successful search (ES-ell)        
     1         123         24746.4         0.81984               1      Successful search (ES-ell)        
     1         125         24724.1        0.817261               1      Successful search (ES-ell)        
     1         128         24663.4        0.822434               1      Successful search (ES-ell)        
     1         133         24582.8        0.813975               1      Successful search (ES-ell)        
     1         134         24533.7        0.819869               1      Successful search (ES-ell)        
     1         139         24491.9        0.808228               1      Successful search (ES-ell)        
     1         173         24491.9        0.808228             0.5          Refine grid             
     2         177         24486.8         1.18297             0.5      Successful search (ES-ell)        
     2         179         24451.3         18.5213             0.5      Successful search (ES-wcm)        
     2         184         24446.7           14.14             0.5      Successful search (ES-wcm)        
     2         192         24429.5         16.6094             0.5      Successful search (ES-wcm)        
     2         193         24403.3         15.4036             0.5      Successful search (ES-ell)        
     2         241         24403.3         15.4036            0.25          Refine grid             
     3         242         24369.5         16.4775            0.25      Successful search (ES-wcm)        
     3         257         24368.5         19.3958            0.25      Successful search (ES-wcm)        
     3         270         24327.1         18.0451            0.25      Successful search (ES-ell)        
     3         272         24294.3         19.6293            0.25      Successful search (ES-ell)        
     3         275         24275.2         18.7812            0.25      Successful search (ES-ell)        
     3         277         24268.9         19.2684            0.25      Successful search (ES-ell)        
     3         278         24220.5         20.5568            0.25      Successful search (ES-ell)        
     3         279         24208.3         21.1498            0.25      Successful search (ES-ell)        
     3         280         24127.8         21.6424            0.25      Successful search (ES-ell)        
     3         285         24112.8         19.7201            0.25      Successful search (ES-ell)        
     3         298         24050.3         18.9132            0.25      Successful search (ES-ell)        
     3         299         23998.4         21.0377            0.25      Successful search (ES-ell)        
     3         301         23956.6         20.8284            0.25      Successful search (ES-ell)        
     3         305           23922         16.4103            0.25      Successful search (ES-wcm)        
     3         308           23911         17.6088            0.25      Successful search (ES-ell)        
     3         312         23906.8         15.4051            0.25      Successful search (ES-wcm)        
     3         313         23875.7         17.7453            0.25      Successful search (ES-wcm)        
     3         314         23869.5         19.1429            0.25      Successful search (ES-wcm)        
     3         318         23867.9         17.2228            0.25      Successful search (ES-wcm)        
     3         319           23858         19.3228            0.25      Successful search (ES-wcm)        
     3         364         23819.3         26.0976             0.5        Successful poll           
     4         367         23792.1         20.8556             0.5      Successful search (ES-wcm)        
     4         370         23787.6         16.4857             0.5      Successful search (ES-wcm)        
     4         371         23736.7         24.5462             0.5      Successful search (ES-wcm)        
     4         415         23736.7         24.5462            0.25          Refine grid             Train
     5         416         23774.9         22.8335            0.25      Successful search (ES-wcm)        
     5         468         23774.9         22.8335           0.125          Refine grid             Train
     6         469         23715.5         16.2316           0.125      Successful search (ES-wcm)        
     6         517         23703.8         25.4511            0.25        Successful poll           Train
     7         520         23703.1         25.0747            0.25      Successful search (ES-wcm)        
     7         524         23697.8         23.8561            0.25      Successful search (ES-wcm)        
     7         530         23679.6         18.5961            0.25      Successful search (ES-wcm)        
     7         531         23664.9         21.1476            0.25      Successful search (ES-wcm)        
     7         533         23584.9         26.3003            0.25      Successful search (ES-ell)        
     7         536         23575.9         26.7708            0.25      Successful search (ES-wcm)        
     7         538         23509.2         26.2421            0.25      Successful search (ES-ell)        
     7         547           23489         26.8456            0.25      Successful search (ES-wcm)        
     7         548         23482.7          26.611            0.25      Successful search (ES-wcm)        
     7         553         23409.4         26.3362            0.25      Successful search (ES-wcm)        
     7         557         23379.6         25.1359            0.25      Successful search (ES-wcm)        
     7         563         23351.3         25.6337            0.25      Successful search (ES-wcm)        
     7         568         23312.2         22.8657            0.25      Successful search (ES-ell)        
     7         569         23286.2         24.5384            0.25      Successful search (ES-ell)        
     7         578         23264.9         22.4457            0.25      Successful search (ES-ell)        
     7         589           23233         25.3092            0.25      Successful search (ES-ell)        
     7         594         23222.4         22.3142            0.25      Successful search (ES-ell)        
     7         597         23175.9         26.4387            0.25      Successful search (ES-wcm)        
     7         598         23134.7         26.7463            0.25      Successful search (ES-wcm)        
     7         605         23081.7         22.4374            0.25      Successful search (ES-wcm)        
     7         606         23046.7         25.4457            0.25      Successful search (ES-wcm)        
     7         621         23041.9         15.0135            0.25      Successful search (ES-wcm)        
     7         623         23041.8         15.5122            0.25      Incremental search (ES-wcm)        
     7         627         23032.4         12.9309            0.25      Successful search (ES-wcm)        
     7         628         23028.3         16.9906            0.25      Successful search (ES-wcm)        
     7         629         23019.8         21.1255            0.25      Successful search (ES-wcm)        
     7         633         23007.3         23.8198            0.25      Successful search (ES-ell)        
     7         634         22960.8         24.9454            0.25      Successful search (ES-ell)        
     7         636           22909         25.0595            0.25      Successful search (ES-ell)        
     7         639         22894.5         23.0235            0.25      Successful search (ES-ell)        
     7         683         22894.5         23.0235           0.125          Refine grid             Train
     8         684         22863.5         20.3135           0.125      Successful search (ES-ell)        
     8         685         22836.8         24.0123           0.125      Successful search (ES-ell)        
     8         691         22836.5         15.1635           0.125      Successful search (ES-ell)        
     8         693         22835.2         18.7107           0.125      Successful search (ES-wcm)        
     8         700         22833.3         18.1104           0.125      Successful search (ES-wcm)        
     8         703         22820.5         19.4267           0.125      Successful search (ES-ell)        
     8         751         22820.5         19.4267          0.0625          Refine grid             Train
     9         752         22833.2          11.576          0.0625      Successful search (ES-ell)        
     9         753         22825.4         21.2715          0.0625      Successful search (ES-ell)        
     9         805         22825.4         21.2715         0.03125          Refine grid             
    10         806         22837.4         6.51527         0.03125      Successful search (ES-wcm)        
    10         807         22834.3         8.55618         0.03125      Successful search (ES-wcm)        
    10         808         22831.6         15.0708         0.03125      Successful search (ES-wcm)        
    10         860         22831.6         15.0708        0.015625          Refine grid             
    11         861         22842.1         6.06695        0.015625      Successful search (ES-wcm)        
    11         862         22828.9         7.09464        0.015625      Successful search (ES-ell)        
    11         863         22819.3         9.81811        0.015625      Successful search (ES-ell)        
    11         864         22800.4          12.021        0.015625      Successful search (ES-ell)        
    11         914         22800.4          12.021       0.0078125          Refine grid             
    12         915           22824         4.58592       0.0078125      Successful search (ES-ell)        
    12         916         22815.2         4.93492       0.0078125      Successful search (ES-ell)        
    12         917         22811.9         8.34893       0.0078125      Successful search (ES-wcm)        
    12         943         22776.2         13.3507        0.015625        Successful poll           
    13         948           22827         8.94753        0.015625      Successful search (ES-ell)        
    13         997           22827         8.94753       0.0078125          Refine grid             
    14         998         22825.5         5.19006       0.0078125      Successful search (ES-ell)        
    14         999         22823.9         8.03975       0.0078125      Successful search (ES-ell)        
    14        1001         22823.9         9.52499       0.0078125      Successful search (ES-wcm)        
    14        1051         22823.9         9.52499      0.00390625          Refine grid             Train
    15        1052         22829.1         4.93936      0.00390625      Successful search (ES-wcm)        
    15        1053           22826         6.71979      0.00390625      Successful search (ES-wcm)        
    15        1054         22823.2         10.2547      0.00390625      Successful search (ES-wcm)        
    15        1055         22819.6         13.3473      0.00390625      Successful search (ES-wcm)        
    15        1056         22819.6         17.6533      0.00390625      Successful search (ES-wcm)        
    15        1105         22819.6         17.6533      0.00195312          Refine grid             Train
    16        1106         22837.3         2.97382      0.00195312      Successful search (ES-wcm)        
    16        1107         22835.5         3.16283      0.00195312      Successful search (ES-wcm)        
    16        1108         22833.8         3.72368      0.00195312      Successful search (ES-ell)        
    16        1109         22831.9         4.69353      0.00195312      Successful search (ES-ell)        
    16        1110         22829.4         6.88969      0.00195312      Successful search (ES-ell)        
    16        1111         22825.3         10.1159      0.00195312      Successful search (ES-ell)        
    16        1161         22825.3         10.1159     0.000976562          Refine grid             
Optimization terminated: change in the function value less than options['tol_mesh']
Estimated function value at minimum: 22827.449820143738 ± 3.4556320584454774 (mean ± SEM from 100 samples)
BADS minimum at: x_min = [ 1.3352  4.2133  4.0728 11.7238  7.3952  5.5852  0.9356  0.1343  4.1021
 11.4929  0.6838  0.5978  0.1421  0.099 ], training NLL = 22827.4498
total f-count: 1261, time: 54.29 min

 Optimization Run 2/2
Initial params: [0.9966, 2.4879, 2.0629, 4.5504, -4.3794, 43.3983, 0.3248, 0.2025, 17.7669, 17.3134, 0.4643, 0.6126, 0.121, 0.2119]
bads:TooCloseBounds: For each variable, hard and plausible bounds should not be too close. Moving plausible bounds.
Variables (index) internally transformed to log coordinates: [[0 0]
 [0 3]
 [0 5]
 [0 6]]
Beginning optimization of a STOCHASTIC objective function

 Iteration    f-count      E[f(x)]        SD[f(x)]           MeshScale          Method              Actions
     0           1         28063.8             nan               1                                  
     0          33         27040.9             nan               1          Initial mesh            Initial points
     0          54           26957        0.985465               1        Successful poll           Train
     1          60         26921.8        0.984759               1      Successful search (ES-ell)        
     1          71         26891.7         1.33384               1      Successful search (ES-ell)        
     1          76         26874.2         1.32369               1      Successful search (ES-ell)        
     1         117         26846.4         7.53194               1        Successful poll           
     2         119         26754.8         7.66104               1      Successful search (ES-ell)        
     2         120         26486.9         7.88969               1      Successful search (ES-ell)        
     2         122         26447.6         9.42151               1      Successful search (ES-ell)        
     2         150         26346.7         6.01141               1        Successful poll           Train
     3         151         26794.9         7.47771               1      Successful search (ES-ell)        
     3         152         26764.8         7.99338               1      Successful search (ES-ell)        
     3         156         26686.3          5.9499               1      Successful search (ES-ell)        
     3         157         26649.3         6.36065               1      Successful search (ES-ell)        
     3         197         26649.3         6.36065             0.5          Refine grid             Train
     4         198         26796.2          10.188             0.5      Successful search (ES-ell)        
     4         202         26775.6         8.74911             0.5      Successful search (ES-ell)        
     4         204         26766.5         11.8853             0.5      Successful search (ES-wcm)        
     4         205         26731.1         11.8802             0.5      Successful search (ES-wcm)        
     4         210         26715.4          9.6915             0.5      Successful search (ES-wcm)        
     4         246         26688.1         7.03081               1        Successful poll           Train
     5         258         26719.7         6.75458               1      Successful search (ES-wcm)        
     5         259         26710.4         9.62073               1      Successful search (ES-wcm)        
     5         293         26683.7         9.87774               1        Successful poll           
     6         294         26661.6         13.7704               1      Successful search (ES-wcm)        
     6         295         26390.6         13.7254               1      Successful search (ES-wcm)        
     6         319         26389.1         7.63029               1      Successful search (ES-wcm)        
     6         321         26377.4         6.61342               1      Successful search (ES-wcm)        
     6         325         26333.5         9.86467               1      Successful search (ES-wcm)        
     6         337         26286.1         10.9999               1      Successful search (ES-wcm)        
     6         341         26273.2         10.8254               1      Successful search (ES-wcm)        
     6         342         26251.7         10.6146               1      Successful search (ES-wcm)        
     6         344         26239.2         10.8248               1      Successful search (ES-wcm)        
     6         347         26228.9         8.52369               1      Successful search (ES-wcm)        
     6         352         26206.9         9.96291               1      Successful search (ES-wcm)        
     6         396         26206.9         9.96291             0.5          Refine grid             
     7         399         26228.1         6.77546             0.5      Successful search (ES-ell)        
     7         400         26209.4         10.5879             0.5      Successful search (ES-ell)        
     7         440         26187.3         6.25004               1        Successful poll           Train
     8         442         26210.3         11.1442               1      Incremental search (ES-ell)        
     8         443         26203.5         11.4198               1      Successful search (ES-ell)        
     8         447         26180.1         11.3542               1      Successful search (ES-ell)        
     8         452         26164.2          10.272               1      Successful search (ES-ell)        
     8         459         26163.4         9.25306               1      Incremental search (ES-ell)        
     8         488         26129.8         10.3083               1        Successful poll           
     9         490         26123.9         11.0958               1      Successful search (ES-ell)        
     9         511         26117.1         6.27299               1      Successful search (ES-ell)        
     9         525         26116.6         6.51145               1      Incremental search (ES-ell)        
     9         527         26115.1           7.672               1      Successful search (ES-ell)        
     9         528           26104         8.58267               1      Successful search (ES-ell)        
     9         564           26104         8.58267             0.5          Refine grid             
    10         569         26118.6         5.15724             0.5      Successful search (ES-ell)        
    10         570         26113.4         8.30015             0.5      Successful search (ES-ell)        
    10         582           26108         8.74539             0.5      Successful search (ES-ell)        
    10         584         26103.9         7.34745             0.5      Successful search (ES-ell)        
    10         585         26100.3         10.0388             0.5      Successful search (ES-ell)        
    10         594         26099.4         9.45618             0.5      Successful search (ES-ell)        
    10         599         26096.2         6.82091             0.5      Successful search (ES-ell)        
    10         603           26096         4.92177             0.5      Incremental search (ES-ell)        
    10         605         26095.3         4.97337             0.5      Successful search (ES-ell)        
    10         613         26094.8          4.2785             0.5      Successful search (ES-ell)        
    10         615         26092.8         4.16906             0.5      Successful search (ES-ell)        
    10         656         26092.8         4.16906            0.25          Refine grid             Train
    11         658         26096.5         8.28092            0.25      Successful search (ES-ell)        
    11         671         26092.4         9.88961            0.25      Successful search (ES-ell)        
    11         673         26081.6         10.4775            0.25      Successful search (ES-ell)        
    11         723         26081.6         10.4775           0.125          Refine grid             
    12         724         26094.5         3.18056           0.125      Successful search (ES-ell)        
    12         725         26088.2         5.09699           0.125      Successful search (ES-ell)        
    12         726           26087         6.77805           0.125      Successful search (ES-ell)        
    12         729           26084         6.52364           0.125      Successful search (ES-ell)        
    12         777           26084         6.52364          0.0625          Refine grid             
    13         778         26091.3         3.18882          0.0625      Successful search (ES-wcm)        
    13         779         26089.4         5.11954          0.0625      Successful search (ES-wcm)        
    13         833         26089.4         5.11954         0.03125          Refine grid             
    14         834         26093.5         2.51981         0.03125      Successful search (ES-wcm)        
    14         836         26092.5         2.89007         0.03125      Successful search (ES-wcm)        
    14         839           26092         3.04318         0.03125      Successful search (ES-wcm)        
    14         840         26091.4         3.77567         0.03125      Successful search (ES-wcm)        
    14         842         26091.4         4.52583         0.03125      Successful search (ES-wcm)        
    14         846         26091.1         3.49826         0.03125      Successful search (ES-wcm)        
    14         889           26091         2.41857          0.0625        Successful poll           Train
    15         891           26083         2.30337          0.0625      Successful search (ES-ell)        
    15         892         26075.4          2.7881          0.0625      Successful search (ES-ell)        
    15         893           26072         3.88554          0.0625      Successful search (ES-ell)        
    15         945           26072         3.88554         0.03125          Refine grid             Train
    16         946         26095.8         2.85725         0.03125      Successful search (ES-wcm)        
    16         947         26090.4         2.88489         0.03125      Successful search (ES-wcm)        
    16         950         26089.6         2.88384         0.03125      Successful search (ES-ell)        
    16         951           26089          3.7227         0.03125      Successful search (ES-wcm)        
    16         959         26088.8         2.95815         0.03125      Successful search (ES-wcm)        
    16         960         26088.3         3.33746         0.03125      Successful search (ES-wcm)        
    16         967         26088.3         2.89219         0.03125      Successful search (ES-wcm)        
    16         972         26088.3         2.64372         0.03125      Successful search (ES-ell)        
    16         974         26087.9          2.8687         0.03125      Successful search (ES-ell)        
    16         976         26086.5         3.02358         0.03125      Successful search (ES-ell)        
    16         978         26084.8          3.2574         0.03125      Successful search (ES-ell)        
    16        1029         26084.8          3.2574        0.015625          Refine grid             Train
    17        1030         26091.6          2.7211        0.015625      Successful search (ES-wcm)        
    17        1031         26091.2         3.00768        0.015625      Successful search (ES-wcm)        
    17        1035         26091.2         2.98167        0.015625      Successful search (ES-wcm)        
    17        1079         26087.2         5.91818         0.03125        Successful poll           Train
    18        1080         26093.7         3.34928         0.03125      Successful search (ES-wcm)        
    18        1082           26093         3.86148         0.03125      Successful search (ES-wcm)        
    18        1089         26092.9          2.8819         0.03125      Successful search (ES-wcm)        
    18        1091         26092.3         2.87059         0.03125      Successful search (ES-wcm)        
    18        1093         26091.5          2.8336         0.03125      Successful search (ES-wcm)        
    18        1135         26091.4         4.12318          0.0625        Successful poll           
    19        1136         26087.1          5.2051          0.0625      Successful search (ES-ell)        
    19        1191         26087.1          5.2051         0.03125          Refine grid             
    20        1221         26082.4         11.4982          0.0625        Successful poll           Train
    21        1256         26089.3         5.19191           0.125        Successful poll           Train
    22        1261         26089.4         6.38098           0.125      Successful search (ES-ell)        
    22        1262         26064.1         6.00181           0.125      Successful search (ES-ell)        
    22        1263           26037         6.23485           0.125      Successful search (ES-ell)        
    22        1310           26037         6.23485          0.0625          Refine grid             
    23        1311         26080.7         3.52241          0.0625      Successful search (ES-ell)        
    23        1366         26080.7         3.52241         0.03125          Refine grid             Train
    24        1367         26087.9         2.29557         0.03125      Successful search (ES-ell)        
    24        1368         26087.8         3.16021         0.03125      Successful search (ES-ell)        
    24        1422         26087.8         3.16021        0.015625          Refine grid             
    25        1423         26095.2         2.24432        0.015625      Successful search (ES-wcm)        
    25        1424         26094.1         3.02561        0.015625      Successful search (ES-wcm)        
    25        1427         26093.3         2.73794        0.015625      Successful search (ES-ell)        
    25        1428         26089.6         3.20241        0.015625      Successful search (ES-ell)        
    25        1429         26084.4         3.74376        0.015625      Successful search (ES-ell)        
    25        1478         26084.4         3.74376       0.0078125          Refine grid             
    26        1479         26097.2         2.03053       0.0078125      Successful search (ES-ell)        
    26        1480         26095.9          2.0478       0.0078125      Successful search (ES-ell)        
    26        1481         26094.6         2.21062       0.0078125      Successful search (ES-ell)        
    26        1482         26093.6         2.79355       0.0078125      Successful search (ES-ell)        
    26        1483         26091.7         3.55183       0.0078125      Successful search (ES-ell)        
    26        1484         26088.7         4.74326       0.0078125      Successful search (ES-ell)        
    26        1509         26078.5         2.53961        0.015625        Successful poll           
    27        1510         26072.9          3.1932        0.015625      Successful search (ES-wcm)        
    27        1565         26072.9          3.1932       0.0078125          Refine grid             
    28        1566         26096.3          1.4914       0.0078125      Successful search (ES-ell)        
    28        1567         26095.1          1.7279       0.0078125      Successful search (ES-ell)        
    28        1568         26094.5         2.16474       0.0078125      Successful search (ES-ell)        
    28        1569         26093.4         2.79131       0.0078125      Successful search (ES-ell)        
    28        1570         26091.1         3.20016       0.0078125      Successful search (ES-ell)        
    28        1571           26087         4.26085       0.0078125      Successful search (ES-ell)        
    28        1621           26087         4.26085      0.00390625          Refine grid             
    29        1622         26093.3         1.59558      0.00390625      Successful search (ES-ell)        
    29        1623           26093         1.65772      0.00390625      Successful search (ES-ell)        
    29        1624         26092.7         1.81718      0.00390625      Successful search (ES-ell)        
    29        1625         26091.9         2.08023      0.00390625      Successful search (ES-ell)        
    29        1626         26090.1         2.56515      0.00390625      Successful search (ES-ell)        
    29        1677         26090.1         2.56515      0.00195312          Refine grid             
    30        1714         26094.7         1.23298      0.00390625        Successful poll           Train
    31        1715         26093.3         1.77345      0.00390625      Successful search (ES-wcm)        
    31        1716         26092.4         1.99672      0.00390625      Successful search (ES-wcm)        
    31        1717         26091.7         2.38818      0.00390625      Successful search (ES-wcm)        
    31        1718         26090.8         3.05457      0.00390625      Successful search (ES-wcm)        
    31        1719         26087.9         3.47571      0.00390625      Successful search (ES-ell)        
    31        1721         26086.5         3.80505      0.00390625      Successful search (ES-wcm)        
    31        1722         26083.1         4.97778      0.00390625      Successful search (ES-wcm)        
    31        1770         26083.1         4.97778      0.00195312          Refine grid             
    32        1771         26092.2         1.46648      0.00195312      Successful search (ES-wcm)        
    32        1772         26091.8         1.49348      0.00195312      Successful search (ES-wcm)        
    32        1774         26091.4         1.53609      0.00195312      Successful search (ES-wcm)        
    32        1775         26091.2         1.57549      0.00195312      Successful search (ES-wcm)        
    32        1777         26091.1         1.62345      0.00195312      Successful search (ES-ell)        
    32        1781         26090.8         1.58759      0.00195312      Successful search (ES-ell)        
    32        1782         26090.6         1.61905      0.00195312      Successful search (ES-ell)        
    32        1784         26090.2         1.63884      0.00195312      Successful search (ES-ell)        
    32        1785           26090         1.98775      0.00195312      Successful search (ES-wcm)        
    32        1786         26089.8         2.16853      0.00195312      Successful search (ES-wcm)        
    32        1788         26089.7         2.30884      0.00195312      Successful search (ES-ell)        
    32        1798         26089.6         2.01292      0.00195312      Successful search (ES-ell)        
    32        1799         26089.4          2.1008      0.00195312      Successful search (ES-ell)        
    32        1800         26088.9         2.25529      0.00195312      Successful search (ES-ell)        
    32        1803         26088.9          2.2763      0.00195312      Incremental search (ES-ell)        
    32        1804         26087.9         2.58216      0.00195312      Successful search (ES-wcm)        
    32        1806         26086.8          2.8322      0.00195312      Successful search (ES-wcm)        
    32        1807         26084.8           3.271      0.00195312      Successful search (ES-wcm)        
    32        1808         26084.4         3.52581      0.00195312      Successful search (ES-ell)        
    32        1809         26083.3         4.08388      0.00195312      Successful search (ES-ell)        
    32        1854         26083.3         4.08388     0.000976562          Refine grid             
Optimization terminated: change in the function value less than options['tol_mesh']
Estimated function value at minimum: 26089.124945344265 ± 1.4009824774453121 (mean ± SEM from 100 samples)
BADS minimum at: x_min = [ 7.5850e-01  2.9499e+00  2.7316e+00  0.0000e+00 -1.5652e+00  1.1200e+01
  2.8000e-03  2.2820e-01  3.2988e+00  2.1275e+01  9.3220e-01  4.8510e-01
  1.1800e-01  9.5500e-02], training NLL = 26089.1249
total f-count: 1954, time: 83.98 min

 ------- Finish Optimization for Subject 2 ---------- 

 ------- Start Optimization for Subject 3 ---------- 

 Cross Validation fold 0/1

 -- Start Optimization: method BADS --

 Optimization Run 1/2
Initial params: [0.1031, 2.3023, 4.7015, 10.1049, -4.2004, 0.4213, 2.4391, 0.156, 28.2892, 25.5966, 0.7365, 0.743, 0.2125, 0.2538]
bads:TooCloseBounds: For each variable, hard and plausible bounds should not be too close. Moving plausible bounds.
Variables (index) internally transformed to log coordinates: [[0 0]
 [0 3]
 [0 5]
 [0 6]]
Beginning optimization of a STOCHASTIC objective function

 Iteration    f-count      E[f(x)]        SD[f(x)]           MeshScale          Method              Actions
     0           1         27064.1             nan               1                                  
     0          33         26203.3             nan               1          Initial mesh            Initial points
     0          34         26157.4        0.986149               1        Successful poll           Train
     1          38         26055.3        0.986095               1      Successful search (ES-wcm)        
     1          42         25875.3        0.984491               1      Successful search (ES-wcm)        
     1          45         25787.3        0.983162               1      Successful search (ES-wcm)        
     1          47         25705.3        0.982781               1      Successful search (ES-wcm)        
     1          48         25510.5        0.984985               1      Successful search (ES-wcm)        
     1          56         25499.4        0.948804               1      Successful search (ES-wcm)        
     1          60         25489.7         0.89935               1      Successful search (ES-wcm)        
     1          67           25484        0.927604               1      Successful search (ES-ell)        
     1          69           25469        0.928099               1      Successful search (ES-wcm)        
     1          76         25462.7        0.920279               1      Successful search (ES-wcm)        
     1          92         25410.2        0.927725               1        Successful poll           Train
     2          94         25390.8         1.85809               1      Successful search (ES-wcm)        
     2         100         25368.1         1.84401               1      Successful search (ES-ell)        
     2         111         25365.2         1.78411               1      Successful search (ES-ell)        
     2         117         25357.5         1.23831               1      Successful search (ES-ell)        
     2         118         25336.9         1.62834               1      Successful search (ES-ell)        
     2         119         25331.3         1.63726               1      Successful search (ES-ell)        
     2         150         25215.2         6.28652               1        Successful poll           Train
     3         152         25083.7         11.8286               1      Successful search (ES-ell)        
     3         166         25056.7         11.6357               1      Successful search (ES-ell)        
     3         171         25009.6         10.0657               1      Successful search (ES-ell)        
     3         179         24834.8         14.3227               1      Successful search (ES-ell)        
     3         182         23987.8         14.4743               1      Successful search (ES-wcm)        
     3         187         23983.4         13.7019               1      Successful search (ES-wcm)        
     3         188         23802.9         13.4169               1      Successful search (ES-wcm)        
     3         189         23757.6         13.7194               1      Successful search (ES-wcm)        
     3         212         23745.9         14.8005               1        Successful poll           Train
     4         216         23501.1         14.5587               1      Successful search (ES-wcm)        
     4         233         23490.4         13.5238               1      Successful search (ES-wcm)        
     4         234           23436         14.6502               1      Successful search (ES-wcm)        
     4         238         23406.7         11.4718               1      Successful search (ES-ell)        
     4         240         23396.6          10.967               1      Successful search (ES-ell)        
     4         245         23371.4         13.6583               1      Successful search (ES-ell)        
     4         247         23370.6         13.4759               1      Incremental search (ES-ell)        
     4         248         23241.1         14.3099               1      Successful search (ES-ell)        
     4         258         23211.2         11.9569               1      Successful search (ES-ell)        
     4         260         23183.3         13.7387               1      Successful search (ES-ell)        
     4         301         23183.3         13.7387             0.5          Refine grid             Train
     5         302         23068.7         20.0411             0.5      Successful search (ES-ell)        
     5         353         23068.7         20.0411            0.25          Refine grid             
     6         354         23183.2         19.4228            0.25      Successful search (ES-ell)        
     6         409         23183.2         19.4228           0.125          Refine grid             
     7         410         23196.8         12.4389           0.125      Successful search (ES-wcm)        
     7         411         23190.9         18.7397           0.125      Successful search (ES-wcm)        
     7         413           23168         23.9998           0.125      Successful search (ES-wcm)        
     7         414         23148.3          26.865           0.125      Successful search (ES-wcm)        
     7         419         23140.2         21.8669           0.125      Successful search (ES-wcm)        
     7         465         23123.9         31.0728            0.25        Successful poll           
     8         466         23046.9         30.9927            0.25      Successful search (ES-wcm)        
     8         472         23033.8         21.9413            0.25      Successful search (ES-wcm)        
     8         473         23020.7         30.1712            0.25      Successful search (ES-wcm)        
     8         474         22996.4         28.3741            0.25      Successful search (ES-wcm)        
     8         477         22966.3         24.2285            0.25      Successful search (ES-wcm)        
     8         482         22951.2         28.2003            0.25      Successful search (ES-wcm)        
     8         484         22925.8         23.9913            0.25      Successful search (ES-wcm)        
     8         534         22925.8         23.9913           0.125          Refine grid             
     9         537         22964.6         7.32354           0.125      Successful search (ES-wcm)        
     9         538         22950.5          13.688           0.125      Successful search (ES-wcm)        
     9         541         22934.1         12.0939           0.125      Successful search (ES-wcm)        
     9         542         22921.8         14.0303           0.125      Successful search (ES-ell)        
     9         567         22883.5         29.4809            0.25        Successful poll           Train
    10         568         22860.1         24.7689            0.25      Successful search (ES-ell)        
    10         621         22860.1         24.7689           0.125          Refine grid             
    11         624         22881.1         17.4382           0.125      Successful search (ES-wcm)        
    11         634           22879          9.1912           0.125      Successful search (ES-wcm)        
    11         635         22876.9         8.59031           0.125      Successful search (ES-wcm)        
    11         636         22864.9         12.9471           0.125      Successful search (ES-wcm)        
    11         638         22863.7         19.0486           0.125      Successful search (ES-wcm)        
    11         641         22860.9         16.3438           0.125      Successful search (ES-wcm)        
    11         643         22846.5         12.6214           0.125      Successful search (ES-wcm)        
    11         646         22838.3         12.1921           0.125      Successful search (ES-ell)        
    11         647         22835.8         15.0306           0.125      Successful search (ES-wcm)        
    11         648         22820.4          15.903           0.125      Successful search (ES-wcm)        
    11         691         22817.2         9.07049            0.25        Successful poll           
    12         695         22809.5         13.4898            0.25      Successful search (ES-wcm)        
    12         696         22805.1         15.0151            0.25      Successful search (ES-wcm)        
    12         745         22805.1         15.0151           0.125          Refine grid             
    13         746           22829           11.93           0.125      Successful search (ES-wcm)        
    13         760         22822.1         11.4333           0.125      Successful search (ES-wcm)        
    13         781         22810.1         6.35034           0.125      Successful search (ES-ell)        
    13         782         22774.9         6.33736           0.125      Successful search (ES-ell)        
    13         783         22736.4         8.21943           0.125      Successful search (ES-wcm)        
    13         784         22701.9          11.998           0.125      Successful search (ES-wcm)        
    13         785         22657.7         12.7556           0.125      Successful search (ES-ell)        
    13         829         22657.7         12.7556          0.0625          Refine grid             Train
    14         830         22825.9         8.17779          0.0625      Successful search (ES-ell)        
    14         885         22825.9         8.17779         0.03125          Refine grid             
    15         886         22829.1         4.09793         0.03125      Successful search (ES-wcm)        
    15         887         22824.8         5.23689         0.03125      Successful search (ES-wcm)        
    15         888           22823         8.67954         0.03125      Successful search (ES-wcm)        
    15         921         22821.4         7.19606          0.0625        Successful poll           Train
    16         922         22825.6         9.60506          0.0625      Successful search (ES-wcm)        
    16         923         22819.6         13.2943          0.0625      Successful search (ES-wcm)        
    16         977         22819.6         13.2943         0.03125          Refine grid             
    17         979           22829          4.3541         0.03125      Successful search (ES-wcm)        
    17         980         22823.3         6.11186         0.03125      Successful search (ES-ell)        
    17         981         22812.2         9.51535         0.03125      Successful search (ES-ell)        
    17        1033         22812.2         9.51535        0.015625          Refine grid             
    18        1034         22825.2         4.29713        0.015625      Successful search (ES-wcm)        
    18        1035         22818.7         5.79657        0.015625      Successful search (ES-wcm)        
    18        1036         22812.9         7.42678        0.015625      Successful search (ES-wcm)        
    18        1038         22807.7         8.07299        0.015625      Successful search (ES-ell)        
    18        1039         22805.7         9.00173        0.015625      Successful search (ES-ell)        
    18        1041         22793.8         10.5421        0.015625      Successful search (ES-ell)        
    18        1089           22792         9.59287         0.03125        Successful poll           Train
    19        1091         22782.3         8.82085         0.03125      Successful search (ES-ell)        
    19        1145         22782.3         8.82085        0.015625          Refine grid             Train
    20        1146         22796.5         4.73242        0.015625      Successful search (ES-wcm)        
    20        1147         22792.3          4.9624        0.015625      Successful search (ES-wcm)        
    20        1148         22781.6          9.5891        0.015625      Successful search (ES-ell)        
    20        1149         22765.2         15.7353        0.015625      Successful search (ES-ell)        
    20        1189           22733         13.6004         0.03125        Successful poll           
    21        1190         22784.4         5.79622         0.03125      Successful search (ES-ell)        
    21        1191         22758.5         15.2226         0.03125      Successful search (ES-wcm)        
    21        1245         22758.5         15.2226        0.015625          Refine grid             
    22        1246         22794.7         6.14828        0.015625      Successful search (ES-wcm)        
    22        1247         22787.7          9.0617        0.015625      Successful search (ES-ell)        
    22        1248         22775.7         14.5457        0.015625      Successful search (ES-ell)        
    22        1301         22775.7         14.5457       0.0078125          Refine grid             
    23        1302           22787         5.19968       0.0078125      Successful search (ES-ell)        
    23        1303         22783.9           6.324       0.0078125      Successful search (ES-ell)        
    23        1304         22782.7         8.26807       0.0078125      Successful search (ES-ell)        
    23        1305         22779.7         10.6023       0.0078125      Successful search (ES-ell)        
    23        1331           22749         21.8967        0.015625        Successful poll           
    24        1373         22773.1         13.3279       0.0078125          Refine grid             
    25        1374         22782.2         5.27853       0.0078125      Successful search (ES-wcm)        
    25        1376         22779.2         5.53851       0.0078125      Successful search (ES-ell)        
    25        1377         22773.4         6.67392       0.0078125      Successful search (ES-ell)        
    25        1378         22770.4         9.09338       0.0078125      Successful search (ES-ell)        
    25        1424         22747.7         5.90105        0.015625        Successful poll           
    26        1426         22776.9         9.16878        0.015625      Successful search (ES-ell)        
    26        1428         22755.9         9.07175        0.015625      Successful search (ES-wcm)        
    26        1430         22755.4         10.6727        0.015625      Successful search (ES-wcm)        
    26        1480         22755.4         10.6727       0.0078125          Refine grid             Train
    27        1481         22786.3         5.32879       0.0078125      Successful search (ES-wcm)        
    27        1495         22785.2         5.22591       0.0078125      Successful search (ES-ell)        
    27        1496           22780         6.23186       0.0078125      Successful search (ES-ell)        
    27        1497         22777.8         8.86396       0.0078125      Successful search (ES-ell)        
    27        1498         22773.1         12.2781       0.0078125      Successful search (ES-ell)        
    27        1532         22759.2         19.5885        0.015625        Successful poll           Train
    28        1533         22779.3         8.03695        0.015625      Successful search (ES-ell)        
    28        1582         22730.1          26.391         0.03125        Successful poll           
    29        1583           22766         14.9758         0.03125      Successful search (ES-ell)        
    29        1638           22766         14.9758        0.015625          Refine grid             
    30        1639         22781.9          8.2987        0.015625      Successful search (ES-wcm)        
    30        1674           22738         26.0266         0.03125        Successful poll           Train
    31        1675         22782.4         9.77652         0.03125      Successful search (ES-ell)        
    31        1676         22772.2          13.184         0.03125      Successful search (ES-ell)        
    31        1677         22751.6         18.7763         0.03125      Successful search (ES-ell)        
    31        1730         22751.6         18.7763        0.015625          Refine grid             
    32        1731         22762.7         5.25502        0.015625      Successful search (ES-ell)        
    32        1732         22749.6         7.13862        0.015625      Successful search (ES-wcm)        
    32        1733         22734.5         10.6755        0.015625      Successful search (ES-wcm)        
    32        1764         22711.7         19.7245         0.03125        Successful poll           
    33        1765         22778.1         10.8191         0.03125      Successful search (ES-ell)        
    33        1820         22778.1         10.8191        0.015625          Refine grid             Train
    34        1821         22777.6         6.24811        0.015625      Successful search (ES-ell)        
    34        1822         22768.8         8.99787        0.015625      Successful search (ES-ell)        
    34        1876         22768.8         8.99787       0.0078125          Refine grid             
    35        1877         22782.6         3.81473       0.0078125      Successful search (ES-wcm)        
    35        1879         22769.1         4.40224       0.0078125      Successful search (ES-ell)        
    35        1880         22751.6         5.92929       0.0078125      Successful search (ES-ell)        
    35        1881           22731           8.025       0.0078125      Successful search (ES-ell)        
    35        1882           22711         11.8821       0.0078125      Successful search (ES-ell)        
    35        1932           22711         11.8821      0.00390625          Refine grid             
    36        1933         22769.1         4.40441      0.00390625      Successful search (ES-ell)        
    36        1934         22764.8         5.09762      0.00390625      Successful search (ES-ell)        
    36        1935         22758.5         6.37803      0.00390625      Successful search (ES-ell)        
    36        1936         22753.7         7.70374      0.00390625      Successful search (ES-wcm)        
    36        1937         22749.7         9.28406      0.00390625      Successful search (ES-wcm)        
    36        1938         22741.9         12.0029      0.00390625      Successful search (ES-wcm)        
    36        1939         22720.9         15.5355      0.00390625      Successful search (ES-wcm)        
    36        1988         22720.9         15.5355      0.00195312          Refine grid             
    37        1997           22754         4.20711      0.00195312      Successful search (ES-wcm)        
    37        1998         22752.9         4.17175      0.00195312      Successful search (ES-wcm)        
    37        2000         22752.6         4.10491      0.00195312      Successful search (ES-ell)        
    37        2001         22752.4         4.07437      0.00195312      Successful search (ES-ell)        
    37        2002         22752.3         4.04344      0.00195312      Successful search (ES-ell)        
    37        2003         22751.8         4.07814      0.00195312      Successful search (ES-ell)        
    37        2004         22749.5         4.17466      0.00195312      Successful search (ES-ell)        
    37        2005           22748         4.56774      0.00195312      Successful search (ES-ell)        
    37        2006         22747.2         5.19312      0.00195312      Successful search (ES-ell)        
    37        2007         22745.6          6.2067      0.00195312      Successful search (ES-ell)        
    37        2008         22744.7         8.30468      0.00195312      Successful search (ES-ell)        
    37        2058         22744.7         8.30468     0.000976562          Refine grid             
Optimization terminated: change in the function value less than options['tol_mesh']
Estimated function value at minimum: 22760.63325871096 ± 2.9561038136810405 (mean ± SEM from 100 samples)
BADS minimum at: x_min = [2.97840e+00 8.16740e+00 3.32560e+00 9.70510e+00 6.03990e+00 1.27044e+01
 2.30000e-03 5.91000e-02 9.57330e+00 2.06893e+01 6.29900e-01 5.09100e-01
 8.17000e-02 7.98000e-02], training NLL = 22760.6333
total f-count: 2158, time: 93.06 min

 Optimization Run 2/2
Initial params: [1.6292, 9.4628, 11.5863, 10.7466, 2.1049, 47.6653, 0.5331, 0.4063, 26.2828, 29.4503, 0.7426, 0.4694, 0.1292, 0.2356]
bads:TooCloseBounds: For each variable, hard and plausible bounds should not be too close. Moving plausible bounds.
Variables (index) internally transformed to log coordinates: [[0 0]
 [0 3]
 [0 5]
 [0 6]]
Beginning optimization of a STOCHASTIC objective function

 Iteration    f-count      E[f(x)]        SD[f(x)]           MeshScale          Method              Actions
     0           1         27260.7             nan               1                                  
     0          33         26197.1             nan               1          Initial mesh            Initial points
     0          34         26193.7        0.986701               1        Successful poll           Train
     1          38           26025        0.986549               1      Successful search (ES-wcm)        
     1          40           25698        0.986349               1      Successful search (ES-wcm)        
     1          42           25618        0.986412               1      Successful search (ES-wcm)        
     1          44         25533.7         0.98626               1      Successful search (ES-wcm)        
     1          56         25528.9        0.974266               1      Successful search (ES-wcm)        
     1          57         25488.4        0.953664               1      Successful search (ES-wcm)        
     1          96         25234.5         1.49259               1        Successful poll           Train
     2          97         25233.4         1.49256               1      Successful search (ES-wcm)        
     2         101           25223         1.49256               1      Successful search (ES-wcm)        
     2         117           25218          1.4923               1      Successful search (ES-wcm)        
     2         122         25211.8         10.8861               1      Successful search (ES-wcm)        
     2         158         25211.8         10.8861             0.5          Refine grid             Train
     3         159           25213         8.50317             0.5      Successful search (ES-ell)        
     3         161         25158.1         14.2766             0.5      Successful search (ES-wcm)        
     3         162         25154.7         14.4236             0.5      Successful search (ES-wcm)        
     3         167         25072.3         13.9444             0.5      Successful search (ES-wcm)        
     3         172         25061.6          13.145             0.5      Successful search (ES-wcm)        
     3         210         25052.2         15.3884               1        Successful poll           
     4         244         25051.6         8.38365             0.5          Refine grid             
     5         246         25039.8         13.8782             0.5      Successful search (ES-wcm)        
     5         248         24996.8         13.0116             0.5      Successful search (ES-wcm)        
     5         249         24984.8         13.3249             0.5      Successful search (ES-wcm)        
     5         250         24914.1         14.2267             0.5      Successful search (ES-wcm)        
     5         252         24884.8         13.9466             0.5      Successful search (ES-wcm)        
     5         253         24865.9          14.836             0.5      Successful search (ES-wcm)        
     5         257           24834         13.7024             0.5      Successful search (ES-wcm)        
     5         260         24818.3         11.7948             0.5      Successful search (ES-wcm)        
     5         306         24818.3         11.7948            0.25          Refine grid             
     6         307         24818.6         7.42375            0.25      Successful search (ES-wcm)        
     6         308         24814.7         11.8942            0.25      Successful search (ES-wcm)        
     6         309         24805.8         10.9798            0.25      Successful search (ES-wcm)        
     6         358         24805.8         10.9798           0.125          Refine grid             
     7         359         24833.2          6.0147           0.125      Successful search (ES-wcm)        
     7         361         24832.9         7.47034           0.125      Successful search (ES-wcm)        
     7         362         24827.3         8.02302           0.125      Successful search (ES-wcm)        
     7         365         24823.5         5.69544           0.125      Successful search (ES-wcm)        
     7         409         24821.1         7.37211            0.25        Successful poll           
     8         410         24773.2         15.1846            0.25      Successful search (ES-wcm)        
     8         461         24773.2         15.1846           0.125          Refine grid             Train
     9         462         24791.4         9.26181           0.125      Successful search (ES-wcm)        
     9         463         24780.1         9.60533           0.125      Successful search (ES-wcm)        
     9         464         24771.1         12.3908           0.125      Successful search (ES-wcm)        
     9         511           24766         12.2177            0.25        Successful poll           
    10         515         24760.2         8.21182            0.25      Successful search (ES-ell)        
    10         517         24750.7         12.6214            0.25      Successful search (ES-wcm)        
    10         563         24749.1         12.4249             0.5        Successful poll           
    11         597         24749.9         12.2116            0.25          Refine grid             Train
    12         599           24764         12.0457            0.25      Successful search (ES-wcm)        
    12         603           24743         9.91808            0.25      Successful search (ES-wcm)        
    12         604         24739.2         12.2308            0.25      Successful search (ES-wcm)        
    12         605         24737.6         13.1719            0.25      Successful search (ES-wcm)        
    12         608         24726.6         12.1302            0.25      Successful search (ES-wcm)        
    12         609         24722.8         12.4634            0.25      Successful search (ES-wcm)        
    12         614         24721.1         11.3082            0.25      Successful search (ES-wcm)        
    12         617         24715.4          9.5892            0.25      Successful search (ES-wcm)        
    12         619         24712.6         9.61863            0.25      Successful search (ES-wcm)        
    12         620         24710.8         10.8619            0.25      Successful search (ES-wcm)        
    12         621           24688         12.3956            0.25      Successful search (ES-wcm)        
    12         662           24688         12.3956           0.125          Refine grid             
    13         663         24695.7         4.86704           0.125      Successful search (ES-wcm)        
    13         664         24689.6         7.45118           0.125      Successful search (ES-wcm)        
    13         665         24675.1         12.8317           0.125      Successful search (ES-wcm)        
    13         679         24674.4         4.89244           0.125      Successful search (ES-ell)        
    13         681         24674.3         5.86429           0.125      Successful search (ES-wcm)        
    13         693         24670.9         4.57336           0.125      Successful search (ES-ell)        
    13         694         24669.5          6.4233           0.125      Successful search (ES-ell)        
    13         742         24669.5          6.4233          0.0625          Refine grid             Train
    14         743         24697.9          3.9701          0.0625      Successful search (ES-ell)        
    14         745         24696.5         5.88495          0.0625      Successful search (ES-ell)        
    14         750           24696         4.31968          0.0625      Successful search (ES-ell)        
    14         751         24695.9         4.65914          0.0625      Successful search (ES-ell)        
    14         752           24688         5.05302          0.0625      Successful search (ES-wcm)        
    14         753         24679.5         6.27255          0.0625      Successful search (ES-wcm)        
    14         754         24678.5         7.01094          0.0625      Successful search (ES-ell)        
    14         755         24676.7         8.23903          0.0625      Successful search (ES-ell)        
    14         756         24667.4         11.0543          0.0625      Successful search (ES-wcm)        
    14         757         24652.4         10.8073          0.0625      Successful search (ES-wcm)        
    14         758         24645.7         9.36805          0.0625      Successful search (ES-ell)        
    14         765         24644.3         4.77464          0.0625      Successful search (ES-ell)        
    14         766         24644.2         4.67617          0.0625      Successful search (ES-ell)        
    14         767           24643         4.70173          0.0625      Successful search (ES-ell)        
    14         768         24638.8         4.98807          0.0625      Successful search (ES-ell)        
    14         769         24634.8         5.32483          0.0625      Successful search (ES-wcm)        
    14         809         24634.8         5.32483         0.03125          Refine grid             Train
    15         810         24633.7         2.53877         0.03125      Successful search (ES-wcm)        
    15         811         24631.2         3.87463         0.03125      Successful search (ES-wcm)        
    15         812         24629.5         5.70733         0.03125      Successful search (ES-wcm)        
    15         813         24623.7         7.79212         0.03125      Successful search (ES-ell)        
    15         862         24621.8         3.61209          0.0625        Successful poll           
    16         863         24614.6         5.25679          0.0625      Successful search (ES-ell)        
    16         864         24599.4         7.01131          0.0625      Successful search (ES-ell)        
    16         865         24586.8         8.46632          0.0625      Successful search (ES-ell)        
    16         866         24576.9         9.81896          0.0625      Successful search (ES-ell)        
    16         877         24575.7         4.28316          0.0625      Successful search (ES-ell)        
    16         878         24565.6         5.64842          0.0625      Successful search (ES-ell)        
    16         880         24561.7         6.63065          0.0625      Successful search (ES-ell)        
    16         881         24555.9         9.05848          0.0625      Successful search (ES-ell)        
    16         930         24555.9         9.05848         0.03125          Refine grid             
    17         931         24584.1          2.2423         0.03125      Successful search (ES-ell)        
    17         932         24577.7         3.57073         0.03125      Successful search (ES-ell)        
    17         933           24572         5.52582         0.03125      Successful search (ES-ell)        
    17         934         24565.8         6.39058         0.03125      Successful search (ES-ell)        
    17         935         24564.6         7.63931         0.03125      Successful search (ES-ell)        
    17         984         24564.6         7.63931        0.015625          Refine grid             
    18         985         24582.1         2.04933        0.015625      Successful search (ES-ell)        
    18         987         24581.1         2.20737        0.015625      Successful search (ES-ell)        
    18         988           24580         2.70687        0.015625      Successful search (ES-ell)        
    18         989         24579.5         3.76395        0.015625      Successful search (ES-ell)        
    18         992         24578.4         2.85555        0.015625      Successful search (ES-wcm)        
    18         993         24577.4         3.48593        0.015625      Successful search (ES-ell)        
    18         995         24576.4         3.77535        0.015625      Successful search (ES-ell)        
    18         997         24576.3         3.62357        0.015625      Successful search (ES-wcm)        
    18         998         24573.9          3.8514        0.015625      Successful search (ES-ell)        
    18         999         24573.2         3.81854        0.015625      Successful search (ES-ell)        
    18        1001         24572.2         3.75554        0.015625      Successful search (ES-ell)        
    18        1003         24571.5         3.83064        0.015625      Successful search (ES-ell)        
    18        1006         24571.1         4.05148        0.015625      Successful search (ES-wcm)        
    18        1033         24569.2         4.53208         0.03125        Successful poll           
    19        1034         24565.9         4.08334         0.03125      Successful search (ES-wcm)        
    19        1035         24563.5         3.72635         0.03125      Successful search (ES-wcm)        
    19        1087         24563.5         3.72635        0.015625          Refine grid             
    20        1088         24582.8          1.7398        0.015625      Successful search (ES-wcm)        
    20        1102         24582.7          1.7696        0.015625      Successful search (ES-ell)        
    20        1103         24578.4         2.84943        0.015625      Successful search (ES-ell)        
    20        1104         24571.4         3.88797        0.015625      Successful search (ES-ell)        
    20        1105         24568.9         5.86162        0.015625      Successful search (ES-ell)        
    20        1155         24568.9         5.86162       0.0078125          Refine grid             
    21        1156         24579.8         2.00945       0.0078125      Successful search (ES-wcm)        
    21        1157         24579.4         2.28627       0.0078125      Successful search (ES-wcm)        
    21        1158           24578         2.61264       0.0078125      Successful search (ES-wcm)        
    21        1159           24576         2.95566       0.0078125      Successful search (ES-ell)        
    21        1184           24566         10.5618        0.015625        Successful poll           
    22        1190         24582.9         4.08636        0.015625      Successful search (ES-wcm)        
    22        1191         24581.2         3.87829        0.015625      Successful search (ES-wcm)        
    22        1192         24580.8         3.75637        0.015625      Successful search (ES-ell)        
    22        1193         24578.6         3.55125        0.015625      Successful search (ES-wcm)        
    22        1194         24578.2          3.2483        0.015625      Successful search (ES-wcm)        
    22        1195         24575.2         2.92075        0.015625      Successful search (ES-wcm)        
    22        1196         24572.6          2.9584        0.015625      Successful search (ES-wcm)        
    22        1197         24571.8         3.52072        0.015625      Successful search (ES-wcm)        
    22        1200         24571.3         3.23035        0.015625      Successful search (ES-ell)        
    22        1201         24570.1         3.63041        0.015625      Successful search (ES-ell)        
    22        1202         24569.1         4.52695        0.015625      Successful search (ES-ell)        
    22        1203         24568.3         6.23911        0.015625      Successful search (ES-ell)        
    22        1252         24568.3         6.23911       0.0078125          Refine grid             Train
    23        1253         24578.8         1.99695       0.0078125      Successful search (ES-wcm)        
    23        1254         24577.8         2.50872       0.0078125      Successful search (ES-wcm)        
    23        1308         24577.8         2.50872      0.00390625          Refine grid             Train
    24        1350         24577.3         3.83711     0.000976562          Refine grid             Train
Optimization terminated: change in the function value less than options['tol_mesh']
Estimated function value at minimum: 24577.57226877124 ± 1.1813589336409964 (mean ± SEM from 100 samples)
BADS minimum at: x_min = [ 0.9798  4.1993  3.3439  0.2081 -4.0459  1.9052  5.3566  0.089   3.3606
 24.1319  0.9488  0.5572  0.2089  0.0946], training NLL = 24577.5723
total f-count: 1450, time: 62.02 min

 ------- Finish Optimization for Subject 3 ---------- 

 ------- Start Optimization for Subject 5 ---------- 

 Cross Validation fold 0/1

 -- Start Optimization: method BADS --

 Optimization Run 1/2
Initial params: [1.9287, 6.498, 5.2006, 19.8332, 3.8798, 23.2024, 4.155, 0.2764, 21.3902, 24.9458, 0.4249, 0.8138, 0.1703, 0.1994]
bads:TooCloseBounds: For each variable, hard and plausible bounds should not be too close. Moving plausible bounds.
Variables (index) internally transformed to log coordinates: [[0 0]
 [0 3]
 [0 5]
 [0 6]]
Beginning optimization of a STOCHASTIC objective function

 Iteration    f-count      E[f(x)]        SD[f(x)]           MeshScale          Method              Actions
     0           1         27525.4             nan               1                                  
     0          33         26351.3             nan               1          Initial mesh            Initial points
     0          51         26323.1         1.03285               1        Successful poll           Train
     1          53         26301.1           1.033               1      Successful search (ES-wcm)        
     1          54           26278         1.03291               1      Successful search (ES-wcm)        
     1          59           26245           1.033               1      Successful search (ES-wcm)        
     1          74         26240.2         1.39889               1      Successful search (ES-wcm)        
     1          83         26232.5         1.56569               1      Successful search (ES-ell)        
     1          84         26230.3         1.57743               1      Successful search (ES-ell)        
     1          95           26226         8.42139               1      Successful search (ES-ell)        
     1          96         25690.8         10.5066               1      Successful search (ES-wcm)        
     1         121         25660.5          7.3055               1      Successful search (ES-wcm)        
     1         124         25517.8         14.6835               1      Successful search (ES-wcm)        
     1         129         25443.2         14.3553               1      Successful search (ES-wcm)        
     1         131           25407          14.585               1      Successful search (ES-wcm)        
     1         133           25350         14.5246               1      Successful search (ES-wcm)        
     1         171         24879.2         15.1958               1        Successful poll           Train
     2         207         24854.6          14.933             0.5          Refine grid             Train
     3         210         25333.5         14.7128             0.5      Successful search (ES-ell)        
     3         211         25286.9         16.4356             0.5      Successful search (ES-ell)        
     3         214         25281.7         15.2687             0.5      Successful search (ES-ell)        
     3         259         25281.7         15.2687            0.25          Refine grid             Train
     4         260         25281.6         11.7753            0.25      Successful search (ES-ell)        
     4         261         25272.6         13.8795            0.25      Successful search (ES-ell)        
     4         265         25268.5         13.6438            0.25      Successful search (ES-wcm)        
     4         266         25266.2         14.9868            0.25      Successful search (ES-wcm)        
     4         312         25257.3         13.0402             0.5        Successful poll           
     5         317         25256.2         12.1115             0.5      Incremental search (ES-wcm)        
     5         319         25199.8         13.1345             0.5      Successful search (ES-wcm)        
     5         322         25187.2         13.6226             0.5      Successful search (ES-wcm)        
     5         331         25183.8         10.6338             0.5      Successful search (ES-ell)        
     5         348         25182.6         6.27457             0.5      Successful search (ES-wcm)        
     5         392         25182.6         6.27457            0.25          Refine grid             Train
     6         396         25183.8         5.16593            0.25      Successful search (ES-ell)        
     6         397         25183.4          7.8771            0.25      Successful search (ES-ell)        
     6         398         25174.4         11.0207            0.25      Successful search (ES-ell)        
     6         401         25160.3         9.91292            0.25      Successful search (ES-ell)        
     6         404         25156.5         8.83289            0.25      Successful search (ES-ell)        
     6         405         25154.6         10.4093            0.25      Successful search (ES-ell)        
     6         445         25154.6         10.4093           0.125          Refine grid             
     7         446         25151.6         18.0541           0.125      Successful search (ES-wcm)        
     7         447           25095         22.5617           0.125      Successful search (ES-wcm)        
     7         458         25094.6         8.18454           0.125      Successful search (ES-wcm)        
     7         459           25093         7.51926           0.125      Successful search (ES-wcm)        
     7         462         25084.1         9.73695           0.125      Successful search (ES-wcm)        
     7         512         25084.1         9.73695          0.0625          Refine grid             
     8         513         25087.2         5.84125          0.0625      Successful search (ES-ell)        
     8         514         25078.5         9.61845          0.0625      Successful search (ES-ell)        
     8         564           25075         7.43269           0.125        Successful poll           
     9         565         25068.9         8.65321           0.125      Successful search (ES-ell)        
     9         581         25067.9         7.57956           0.125      Successful search (ES-wcm)        
     9         585         25067.3         7.15459           0.125      Successful search (ES-wcm)        
     9         595           25065         5.06791           0.125      Successful search (ES-wcm)        
     9         596         25056.1         11.0054           0.125      Successful search (ES-wcm)        
     9         600         25051.3         8.91082           0.125      Successful search (ES-wcm)        
     9         601         25037.6         12.9301           0.125      Successful search (ES-wcm)        
     9         603         25025.1         11.8098           0.125      Successful search (ES-wcm)        
     9         605         24998.4         12.4449           0.125      Successful search (ES-wcm)        
     9         606         24981.2         14.3263           0.125      Successful search (ES-wcm)        
     9         645           24964         17.5995            0.25        Successful poll           
    10         684         24943.3          16.059           0.125          Refine grid             Train
    11         686         24991.6         13.9508           0.125      Successful search (ES-wcm)        
    11         687         24945.3         16.6133           0.125      Successful search (ES-wcm)        
    11         689         24887.4         20.3484           0.125      Successful search (ES-wcm)        
    11         690         24810.9         20.5266           0.125      Successful search (ES-wcm)        
    11         737         24771.3         20.4731            0.25        Successful poll           
    12         738         24707.1         20.4444            0.25      Successful search (ES-wcm)        
    12         741         24617.4         20.4593            0.25      Successful search (ES-wcm)        
    12         744         24596.9         16.4297            0.25      Successful search (ES-ell)        
    12         746         24576.9         15.9778            0.25      Successful search (ES-ell)        
    12         790         24576.9         15.9778           0.125          Refine grid             
    13         791         24579.2         9.97798           0.125      Successful search (ES-ell)        
    13         792         24537.1         15.7484           0.125      Successful search (ES-ell)        
    13         793         24532.9         18.6731           0.125      Successful search (ES-ell)        
    13         794         24484.7         18.8915           0.125      Successful search (ES-ell)        
    13         844         24484.7         18.8915          0.0625          Refine grid             Train
    14         845           24522         5.87593          0.0625      Successful search (ES-ell)        
    14         846         24512.2         8.95648          0.0625      Successful search (ES-wcm)        
    14         898         24512.2         8.95648         0.03125          Refine grid             Train
    15         899         24522.8         3.73509         0.03125      Successful search (ES-wcm)        
    15         900         24520.3         5.00045         0.03125      Successful search (ES-wcm)        
    15         901         24515.6         7.03286         0.03125      Successful search (ES-wcm)        
    15         902         24510.2         11.7922         0.03125      Successful search (ES-wcm)        
    15         903         24503.7         18.1996         0.03125      Successful search (ES-wcm)        
    15         905         24485.5         12.5804         0.03125      Successful search (ES-wcm)        
    15         906         24483.6         13.5863         0.03125      Successful search (ES-wcm)        
    15         921         24483.5         5.62578         0.03125      Successful search (ES-wcm)        
    15         929         24482.9         4.75869         0.03125      Successful search (ES-wcm)        
    15         980         24482.9         4.75869        0.015625          Refine grid             Train
    16         981         24487.7         2.91559        0.015625      Successful search (ES-ell)        
    16         982         24485.6         3.23165        0.015625      Successful search (ES-ell)        
    16         983         24482.5         3.99831        0.015625      Successful search (ES-ell)        
    16         984         24478.6         5.44805        0.015625      Successful search (ES-ell)        
    16         985         24474.8         7.27578        0.015625      Successful search (ES-ell)        
    16         986         24469.7         10.4412        0.015625      Successful search (ES-ell)        
    16        1034         24469.7         10.4412       0.0078125          Refine grid             Train
    17        1035         24490.7         2.78026       0.0078125      Successful search (ES-wcm)        
    17        1036           24490         2.82035       0.0078125      Successful search (ES-wcm)        
    17        1037         24489.6         2.90969       0.0078125      Successful search (ES-wcm)        
    17        1038         24487.5         2.82188       0.0078125      Successful search (ES-wcm)        
    17        1039         24482.8         3.15303       0.0078125      Successful search (ES-wcm)        
    17        1040           24477         3.93632       0.0078125      Successful search (ES-wcm)        
    17        1041           24470          5.1838       0.0078125      Successful search (ES-wcm)        
    17        1042         24466.5         6.70277       0.0078125      Successful search (ES-wcm)        
    17        1043         24453.2         10.2997       0.0078125      Successful search (ES-ell)        
    17        1044         24449.1         13.7412       0.0078125      Successful search (ES-ell)        
    17        1090         24449.1         13.7412      0.00390625          Refine grid             
    18        1091         24471.4         3.40624      0.00390625      Successful search (ES-ell)        
    18        1092         24470.7         3.45967      0.00390625      Successful search (ES-wcm)        
    18        1093         24470.4         3.46315      0.00390625      Successful search (ES-ell)        
    18        1094         24469.3         3.66166      0.00390625      Successful search (ES-ell)        
    18        1095         24468.7          4.0674      0.00390625      Successful search (ES-wcm)        
    18        1096         24467.8         4.64347      0.00390625      Successful search (ES-wcm)        
    18        1097         24465.2         5.54663      0.00390625      Successful search (ES-wcm)        
    18        1146         24465.2         5.54663      0.00195312          Refine grid             
    19        1147         24474.6         2.71197      0.00195312      Successful search (ES-ell)        
    19        1148         24473.6         2.74902      0.00195312      Successful search (ES-ell)        
    19        1149         24473.1         2.88867      0.00195312      Successful search (ES-ell)        
    19        1150           24473         3.08898      0.00195312      Successful search (ES-ell)        
    19        1151         24472.2         3.15448      0.00195312      Successful search (ES-wcm)        
    19        1152         24472.2         3.28019      0.00195312      Successful search (ES-wcm)        
    19        1153         24471.6         3.48397      0.00195312      Successful search (ES-wcm)        
    19        1154         24471.1         3.91493      0.00195312      Successful search (ES-wcm)        
    19        1155           24470          4.5455      0.00195312      Successful search (ES-wcm)        
    19        1158         24468.5         4.93821      0.00195312      Successful search (ES-wcm)        
    19        1159         24468.4         6.05433      0.00195312      Successful search (ES-wcm)        
    19        1160         24464.1         8.05489      0.00195312      Successful search (ES-ell)        
    19        1202         24464.1         8.05489     0.000976562          Refine grid             
Optimization terminated: change in the function value less than options['tol_mesh']
Estimated function value at minimum: 24471.114423231236 ± 2.616991756926463 (mean ± SEM from 100 samples)
BADS minimum at: x_min = [1.70000e-03 6.10570e+00 4.86040e+00 1.42468e+01 9.89770e+00 4.49390e+00
 1.89000e-02 1.37000e-02 1.71071e+01 3.35591e+01 1.69400e-01 3.40700e-01
 1.46400e-01 1.18100e-01], training NLL = 24471.1144
total f-count: 1302, time: 55.8 min

 Optimization Run 2/2
Initial params: [1.1738, 6.1765, 12.6879, 12.0451, -0.4895, 26.2994, 0.99, 0.621, 18.3032, 28.4742, 0.1013, 0.7725, 0.2749, 0.1452]
bads:TooCloseBounds: For each variable, hard and plausible bounds should not be too close. Moving plausible bounds.
Variables (index) internally transformed to log coordinates: [[0 0]
 [0 3]
 [0 5]
 [0 6]]
Beginning optimization of a STOCHASTIC objective function

 Iteration    f-count      E[f(x)]        SD[f(x)]           MeshScale          Method              Actions
     0           1         27525.4             nan               1                                  
     0          33         26348.6             nan               1          Initial mesh            Initial points
     0          54         26312.6         1.00084               1        Successful poll           Train
     1          62         26296.6        0.997927               1      Successful search (ES-wcm)        
     1          64         26280.3        0.955078               1      Successful search (ES-wcm)        
     1          67         26278.7        0.953914               1      Successful search (ES-wcm)        
     1          68         26272.7        0.955193               1      Successful search (ES-wcm)        
     1          73         26261.5        0.956458               1      Successful search (ES-wcm)        
     1          75         26185.8         0.95693               1      Successful search (ES-wcm)        
     1          85           26159        0.956941               1      Successful search (ES-wcm)        
     1          94         26157.5        0.978612               1      Successful search (ES-wcm)        
     1          95         26155.4        0.970487               1      Successful search (ES-wcm)        
     1          96         26149.5        0.972521               1      Successful search (ES-wcm)        
     1         107         26130.7        0.935734               1      Successful search (ES-wcm)        
     1         115           26130        0.978106               1      Incremental search (ES-wcm)        
     1         147         26114.6         7.48935               1        Successful poll           
     2         157         26120.4         4.47552               1      Incremental search (ES-wcm)        
     2         184         26120.4         4.47552             0.5          Refine grid             Train
     3         185         26118.5         8.32745             0.5      Successful search (ES-ell)        
     3         187         26117.1         10.4533             0.5      Successful search (ES-ell)        
     3         190         26116.2         9.68239             0.5      Successful search (ES-ell)        
     3         192           26095         11.3044             0.5      Successful search (ES-wcm)        
     3         196         26094.6         7.26525             0.5      Incremental search (ES-wcm)        
     3         234         25918.2         11.7742               1        Successful poll           
     4         235         25749.4         12.4912               1      Successful search (ES-ell)        
     4         236         25675.1         12.8481               1      Successful search (ES-ell)        
     4         241         25598.2         12.0134               1      Successful search (ES-ell)        
     4         243         25531.4         12.0291               1      Successful search (ES-ell)        
     4         252         25355.1         16.0205               1      Successful search (ES-wcm)        
     4         253         25265.2         15.5627               1      Successful search (ES-wcm)        
     4         256         25135.4         16.0592               1      Successful search (ES-wcm)        
     4         258         25064.7         15.8485               1      Successful search (ES-wcm)        
     4         261           24984          15.666               1      Successful search (ES-wcm)        
     4         265         24866.1         15.6212               1      Successful search (ES-wcm)        
     4         268         24838.1         14.7623               1      Successful search (ES-wcm)        
     4         273         24836.8         9.16076               1      Successful search (ES-wcm)        
     4         274         24821.8         10.5661               1      Successful search (ES-ell)        
     4         310         24821.8         10.5661             0.5          Refine grid             
     5         312         24843.6          11.194             0.5      Successful search (ES-ell)        
     5         313         24734.1         11.6486             0.5      Successful search (ES-ell)        
     5         326         24699.9          14.208             0.5      Successful search (ES-ell)        
     5         328         24692.5         14.7915             0.5      Successful search (ES-ell)        
     5         341         24677.6         10.6063             0.5      Successful search (ES-ell)        
     5         353         24659.3         13.1715             0.5      Successful search (ES-ell)        
     5         369         24647.5         12.9508             0.5      Successful search (ES-wcm)        
     5         370         24632.8         14.9186             0.5      Successful search (ES-ell)        
     5         373         24631.1          12.077             0.5      Successful search (ES-ell)        
     5         374         24619.3         14.8501             0.5      Successful search (ES-ell)        
     5         377           24596         13.4033             0.5      Successful search (ES-ell)        
     5         378         24564.3         15.0101             0.5      Successful search (ES-ell)        
     5         379         24550.8         15.6916             0.5      Successful search (ES-ell)        
     5         418         24550.8         15.6916            0.25          Refine grid             
     6         419         24534.5         13.4315            0.25      Successful search (ES-ell)        
     6         423         24515.7         12.2868            0.25      Successful search (ES-wcm)        
     6         424         24504.1         14.9605            0.25      Successful search (ES-wcm)        
     6         425         24502.5         17.8361            0.25      Successful search (ES-wcm)        
     6         426           24481         16.6726            0.25      Successful search (ES-wcm)        
     6         428         24436.8         15.4765            0.25      Successful search (ES-wcm)        
     6         431         24432.8          16.441            0.25      Successful search (ES-wcm)        
     6         435           24430         10.9526            0.25      Successful search (ES-wcm)        
     6         486         24416.1         15.1517             0.5        Successful poll           Train
     7         489         24400.6         17.7084             0.5      Successful search (ES-wcm)        
     7         495         24369.7         13.8518             0.5      Successful search (ES-wcm)        
     7         496         24360.3         14.8416             0.5      Successful search (ES-wcm)        
     7         498         24331.8         15.5771             0.5      Successful search (ES-wcm)        
     7         534         24331.8         15.5771            0.25          Refine grid             Train
     8         538         24333.3         11.6182            0.25      Successful search (ES-ell)        
     8         540         24322.7          10.418            0.25      Successful search (ES-ell)        
     8         542         24314.7         12.7018            0.25      Successful search (ES-ell)        
     8         544         24288.4         16.5126            0.25      Successful search (ES-wcm)        
     8         558         24286.5         7.41613            0.25      Successful search (ES-wcm)        
     8         560         24284.3          7.4857            0.25      Successful search (ES-wcm)        
     8         566         24280.2         13.1449            0.25      Successful search (ES-ell)        
     8         615         24280.2         13.1449           0.125          Refine grid             Train
     9         617         24283.5         8.06141           0.125      Successful search (ES-ell)        
     9         670         24283.5         8.06141          0.0625          Refine grid             
    10         672         24295.2         5.55772          0.0625      Successful search (ES-ell)        
    10         673         24291.9         8.13009          0.0625      Successful search (ES-ell)        
    10         675           24290         9.61233          0.0625      Successful search (ES-ell)        
    10         676         24285.1         13.2674          0.0625      Successful search (ES-wcm)        
    10         724         24285.1         13.2674         0.03125          Refine grid             
    11         725         24288.3         5.97943         0.03125      Successful search (ES-ell)        
    11         726         24287.6         8.91728         0.03125      Successful search (ES-ell)        
    11         727         24282.3         12.7429         0.03125      Successful search (ES-ell)        
    11         780         24282.3         12.7429        0.015625          Refine grid             
    12         781         24289.8         4.91246        0.015625      Successful search (ES-ell)        
    12         784         24289.3         5.10153        0.015625      Successful search (ES-ell)        
    12         785         24285.7         5.73354        0.015625      Successful search (ES-ell)        
    12         795         24282.5         6.23539        0.015625      Successful search (ES-ell)        
    12         796         24277.1         8.14401        0.015625      Successful search (ES-ell)        
    12         797         24272.8         11.1438        0.015625      Successful search (ES-ell)        
    12         826         24257.3         5.57744         0.03125        Successful poll           
    13         827         24287.3         4.95109         0.03125      Successful search (ES-wcm)        
    13         828         24280.2         8.83927         0.03125      Successful search (ES-wcm)        
    13         879         24264.6         18.4418          0.0625        Successful poll           
    14         880         24276.5         12.6483          0.0625      Successful search (ES-ell)        
    14         894         24276.2         8.61734          0.0625      Successful search (ES-ell)        
    14         896         24257.7         11.2853          0.0625      Successful search (ES-ell)        
    14         948         24257.7         11.2853         0.03125          Refine grid             Train
    15         949         24291.4         8.94406         0.03125      Successful search (ES-ell)        
    15         951         24288.3          4.6077         0.03125      Successful search (ES-wcm)        
    15         954         24282.4         4.09964         0.03125      Successful search (ES-wcm)        
    15         956         24277.1         7.12976         0.03125      Successful search (ES-wcm)        
    15         996         24272.9          9.3414          0.0625        Successful poll           Train
    16         999           24286         7.50197          0.0625      Successful search (ES-wcm)        
    16        1027         24264.3         21.2683           0.125        Successful poll           Train
    17        1032         24243.9         16.8468           0.125      Successful search (ES-wcm)        
    17        1043         24242.9         20.2632           0.125      Successful search (ES-wcm)        
    17        1095         24240.7         17.0585            0.25        Successful poll           
    18        1100         24244.4         21.6303            0.25      Successful search (ES-wcm)        
    18        1148         24244.4         21.6303           0.125          Refine grid             
    19        1150         24238.4         12.5902           0.125      Successful search (ES-ell)        
    19        1151         24227.3         19.1622           0.125      Successful search (ES-ell)        
    19        1153         24225.9         18.3789           0.125      Successful search (ES-ell)        
    19        1202         24225.9         18.3789          0.0625          Refine grid             
    20        1203         24221.4         7.33491          0.0625      Successful search (ES-wcm)        
    20        1204         24212.2         17.4448          0.0625      Successful search (ES-wcm)        
    20        1206         24204.9         15.8745          0.0625      Successful search (ES-wcm)        
    20        1207         24196.4         18.6755          0.0625      Successful search (ES-wcm)        
    20        1215         24191.9         9.81293          0.0625      Successful search (ES-wcm)        
    20        1240           24179         20.6958           0.125        Successful poll           Train
    21        1280         24187.1         23.6888          0.0625          Refine grid             Train
    22        1281         24228.1         6.74528          0.0625      Successful search (ES-ell)        
    22        1296         24227.6         8.46588          0.0625      Successful search (ES-wcm)        
    22        1297         24214.9         11.9384          0.0625      Successful search (ES-wcm)        
    22        1348         24214.9         11.9384         0.03125          Refine grid             
    23        1349         24214.1         6.46402         0.03125      Successful search (ES-wcm)        
    23        1350           24213         7.60558         0.03125      Successful search (ES-ell)        
    23        1351           24211          10.128         0.03125      Successful search (ES-wcm)        
    23        1402           24211          10.128        0.015625          Refine grid             Train
    24        1403         24213.4         3.69758        0.015625      Successful search (ES-wcm)        
    24        1404           24204         5.66531        0.015625      Successful search (ES-wcm)        
    24        1405         24198.3         9.35069        0.015625      Successful search (ES-wcm)        
    24        1412         24197.7         6.04245        0.015625      Successful search (ES-ell)        
    24        1457         24197.7         6.04245       0.0078125          Refine grid             Train
    25        1458         24201.8         3.68457       0.0078125      Successful search (ES-wcm)        
    25        1512         24201.8         3.68457      0.00390625          Refine grid             
    26        1513         24206.6         2.64119      0.00390625      Successful search (ES-wcm)        
    26        1514         24204.6         3.03314      0.00390625      Successful search (ES-wcm)        
    26        1515         24202.4         3.39659      0.00390625      Successful search (ES-ell)        
    26        1516         24199.8         4.82017      0.00390625      Successful search (ES-ell)        
    26        1517         24196.6         6.77516      0.00390625      Successful search (ES-ell)        
    26        1518         24194.4         9.95541      0.00390625      Successful search (ES-ell)        
    26        1519         24183.2         12.9294      0.00390625      Successful search (ES-ell)        
    26        1567         24183.2         12.9294      0.00195312          Refine grid             
    27        1568           24205         2.54636      0.00195312      Successful search (ES-wcm)        
    27        1569         24204.7         2.57573      0.00195312      Successful search (ES-wcm)        
    27        1570         24204.2         2.74323      0.00195312      Successful search (ES-wcm)        
    27        1571         24203.1         3.11737      0.00195312      Successful search (ES-wcm)        
    27        1573         24201.4          3.7585      0.00195312      Successful search (ES-wcm)        
    27        1622         24201.4          3.7585     0.000976562          Refine grid             Train
Optimization terminated: change in the function value less than options['tol_mesh']
Estimated function value at minimum: 24194.254138657958 ± 2.4725591873896566 (mean ± SEM from 100 samples)
BADS minimum at: x_min = [1.00000e-03 4.80430e+00 4.03800e+00 1.38452e+01 9.97550e+00 2.70080e+00
 6.66800e-01 5.61000e-02 6.76990e+00 1.03022e+01 2.57800e-01 5.00000e-01
 2.73100e-01 2.02000e-01], training NLL = 24194.2541
total f-count: 1722, time: 73.99 min

 ------- Finish Optimization for Subject 5 ---------- 

 ------- Start Optimization for Subject 6 ---------- 

 Cross Validation fold 0/1

 -- Start Optimization: method BADS --

 Optimization Run 1/2
Initial params: [0.0611, 3.8173, 14.0264, 4.4989, -2.7092, 40.1096, 0.095, 0.257, 25.573, 15.1635, 0.3209, 0.6564, 0.1204, 0.1892]
bads:TooCloseBounds: For each variable, hard and plausible bounds should not be too close. Moving plausible bounds.
Variables (index) internally transformed to log coordinates: [[0 0]
 [0 3]
 [0 5]
 [0 6]]
Beginning optimization of a STOCHASTIC objective function

 Iteration    f-count      E[f(x)]        SD[f(x)]           MeshScale          Method              Actions
     0           1           27102             nan               1                                  
     0          33         26210.5             nan               1          Initial mesh            Initial points
     0          34         26206.4        0.958124               1        Successful poll           Train
     1          43           25892        0.940646               1      Successful search (ES-wcm)        
     1          44         25667.7        0.947671               1      Successful search (ES-wcm)        
     1          47         25634.4        0.924835               1      Successful search (ES-wcm)        
     1          56         25608.4        0.915093               1      Successful search (ES-wcm)        
     1          57         25573.7        0.934982               1      Successful search (ES-wcm)        
     1          61         25568.2        0.888853               1      Successful search (ES-ell)        
     1          65           25549        0.975425               1      Successful search (ES-ell)        
     1          70         25471.7        0.975198               1      Successful search (ES-ell)        
     1          74         25448.3        0.973911               1      Successful search (ES-ell)        
     1          92         25331.5         17.3357               1        Successful poll           Train
     2          94         25318.8         17.0065               1      Successful search (ES-wcm)        
     2          96           25292         17.3602               1      Successful search (ES-wcm)        
     2          98         25146.4          16.985               1      Successful search (ES-wcm)        
     2         101         25011.4          17.205               1      Successful search (ES-wcm)        
     2         137           24404         18.1496               1        Successful poll           Train
     3         143         24390.7         17.4845               1      Successful search (ES-wcm)        
     3         147         24374.6          14.046               1      Successful search (ES-wcm)        
     3         149         24371.6         13.9065               1      Successful search (ES-wcm)        
     3         161           24369         12.6676               1      Successful search (ES-wcm)        
     3         162         24366.1         18.1577               1      Successful search (ES-wcm)        
     3         163         24318.6         17.0928               1      Successful search (ES-wcm)        
     3         164         24295.6         16.1943               1      Successful search (ES-ell)        
     3         167         24287.4         20.5761               1      Successful search (ES-wcm)        
     3         170         24187.7         20.4259               1      Successful search (ES-wcm)        
     3         173         24145.9         20.1742               1      Successful search (ES-wcm)        
     3         178           24064         19.7302               1      Successful search (ES-wcm)        
     3         180         24005.9         22.9874               1      Successful search (ES-wcm)        
     3         183           23963         23.5762               1      Successful search (ES-wcm)        
     3         184         23935.3         23.6603               1      Successful search (ES-wcm)        
     3         187         23765.9         23.6946               1      Successful search (ES-wcm)        
     3         191         23492.9         23.4581               1      Successful search (ES-wcm)        
     3         193         23451.4         23.6629               1      Successful search (ES-wcm)        
     3         197         23425.9         23.4086               1      Successful search (ES-wcm)        
     3         198         23358.1         23.4196               1      Successful search (ES-wcm)        
     3         199         23343.6         23.3878               1      Successful search (ES-wcm)        
     3         205         23307.2         22.6467               1      Successful search (ES-wcm)        
     3         206         23213.5         23.2619               1      Successful search (ES-wcm)        
     3         207         23136.3         22.7728               1      Successful search (ES-ell)        
     3         208         23002.4         23.7038               1      Successful search (ES-ell)        
     3         210         22779.2         23.5014               1      Successful search (ES-ell)        
     3         211         22482.5         23.6232               1      Successful search (ES-ell)        
     3         214         22431.7         23.4982               1      Successful search (ES-wcm)        
     3         216         22295.5         23.3806               1      Successful search (ES-ell)        
     3         220         22245.7         23.0206               1      Successful search (ES-ell)        
     3         223         22094.4         23.2015               1      Successful search (ES-ell)        
     3         227         21982.4         22.4377               1      Successful search (ES-wcm)        
     3         228         21932.1         21.5906               1      Successful search (ES-wcm)        
     3         230           21916         19.9154               1      Successful search (ES-wcm)        
     3         233         21874.7         20.8196               1      Successful search (ES-wcm)        
     3         236         21835.4         20.4481               1      Successful search (ES-wcm)        
     3         237           21821         21.8796               1      Successful search (ES-wcm)        
     3         241         21736.1         22.1183               1      Successful search (ES-wcm)        
     3         242         21666.3         20.5282               1      Successful search (ES-wcm)        
     3         243         21649.7         19.9663               1      Successful search (ES-wcm)        
     3         246         21623.8          20.343               1      Successful search (ES-wcm)        
     3         247           21615         20.4345               1      Successful search (ES-wcm)        
     3         250         21609.3         22.5514               1      Successful search (ES-wcm)        
     3         254         21556.4         19.9927               1      Successful search (ES-wcm)        
     3         258         21514.4         16.8809               1      Successful search (ES-wcm)        
     3         260         21458.5         18.9082               1      Successful search (ES-ell)        
     3         261           21393         20.7578               1      Successful search (ES-ell)        
     3         297           21393         20.7578             0.5          Refine grid             
     4         299         21399.3         14.5702             0.5      Successful search (ES-ell)        
     4         303         21372.1         17.9929             0.5      Successful search (ES-wcm)        
     4         304         21319.3         19.9657             0.5      Successful search (ES-wcm)        
     4         305           21281         20.0046             0.5      Successful search (ES-ell)        
     4         310         21279.2         13.8457             0.5      Successful search (ES-ell)        
     4         311         21231.2         21.0942             0.5      Successful search (ES-wcm)        
     4         314         21218.7         18.9903             0.5      Successful search (ES-ell)        
     4         316         21130.6         19.0813             0.5      Successful search (ES-ell)        
     4         320         21109.6         13.7643             0.5      Successful search (ES-ell)        
     4         362         21109.6         13.7643            0.25          Refine grid             
     5         363         21142.7          18.957            0.25      Successful search (ES-ell)        
     5         365         21129.3         19.1501            0.25      Successful search (ES-ell)        
     5         416         21129.3         19.1501           0.125          Refine grid             Train
     6         417         21142.4         10.5125           0.125      Successful search (ES-ell)        
     6         418         21140.9         16.1069           0.125      Successful search (ES-ell)        
     6         470         21140.9         16.1069          0.0625          Refine grid             Train
     7         471         21163.5         6.18036          0.0625      Successful search (ES-ell)        
     7         472         21147.3         8.00127          0.0625      Successful search (ES-ell)        
     7         473         21141.9         13.0898          0.0625      Successful search (ES-ell)        
     7         524         21141.9         13.0898         0.03125          Refine grid             
     8         525         21146.1         5.28086         0.03125      Successful search (ES-ell)        
     8         526         21139.3         5.76118         0.03125      Successful search (ES-ell)        
     8         527         21136.5         6.93125         0.03125      Successful search (ES-ell)        
     8         528         21132.7         9.13322         0.03125      Successful search (ES-ell)        
     8         578         21128.9         9.54411          0.0625        Successful poll           
     9         579         21117.1         14.4238          0.0625      Successful search (ES-wcm)        
     9         580         21109.4         21.4208          0.0625      Successful search (ES-wcm)        
     9         583         21107.1         11.8241          0.0625      Successful search (ES-wcm)        
     9         584         21098.8         13.3286          0.0625      Successful search (ES-wcm)        
     9         585           21092         17.8436          0.0625      Successful search (ES-ell)        
     9         586         21085.6         21.6565          0.0625      Successful search (ES-ell)        
     9         587         21056.7         24.4979          0.0625      Successful search (ES-ell)        
     9         590         21050.8         19.1522          0.0625      Successful search (ES-ell)        
     9         596         21049.2         11.5555          0.0625      Successful search (ES-ell)        
     9         597         21048.8         11.3227          0.0625      Successful search (ES-ell)        
     9         598         21046.4         12.3471          0.0625      Successful search (ES-ell)        
     9         600         21046.1         11.3588          0.0625      Successful search (ES-ell)        
     9         601         21031.8         14.0877          0.0625      Successful search (ES-ell)        
     9         603         21030.4         14.1979          0.0625      Successful search (ES-ell)        
     9         648         21030.4         14.1979         0.03125          Refine grid             Train
    10         649         21035.7         7.48046         0.03125      Successful search (ES-wcm)        
    10         650         21028.3         12.1125         0.03125      Successful search (ES-wcm)        
    10         704         21028.3         12.1125        0.015625          Refine grid             
    11         705         21042.9         5.10187        0.015625      Successful search (ES-wcm)        
    11         706         21041.1          6.7101        0.015625      Successful search (ES-wcm)        
    11         708           21040         9.24214        0.015625      Successful search (ES-wcm)        
    11         734         21003.3         6.28552         0.03125        Successful poll           
    12         735         21017.3         7.98002         0.03125      Successful search (ES-wcm)        
    12         790         21017.3         7.98002        0.015625          Refine grid             Train
    13         791         21041.7         4.53472        0.015625      Successful search (ES-ell)        
    13         792         21036.2          5.7037        0.015625      Successful search (ES-ell)        
    13         793         21027.3         7.16968        0.015625      Successful search (ES-ell)        
    13         795         21025.3         8.10374        0.015625      Successful search (ES-ell)        
    13         846         21025.3         8.10374       0.0078125          Refine grid             
    14         847         21048.4         3.67607       0.0078125      Successful search (ES-ell)        
    14         848         21047.5         4.02435       0.0078125      Successful search (ES-ell)        
    14         849         21045.4         4.83297       0.0078125      Successful search (ES-ell)        
    14         850           21041         6.13167       0.0078125      Successful search (ES-ell)        
    14         851         21039.8         9.85572       0.0078125      Successful search (ES-wcm)        
    14         852         21038.9         15.6761       0.0078125      Successful search (ES-wcm)        
    14         873         21038.5         6.38398       0.0078125      Successful search (ES-ell)        
    14         874         21037.6         6.27623       0.0078125      Successful search (ES-ell)        
    14         875         21032.8         6.30487       0.0078125      Successful search (ES-ell)        
    14         876         21028.7         6.41434       0.0078125      Successful search (ES-ell)        
    14         877         21024.1         7.02922       0.0078125      Successful search (ES-ell)        
    14         878         21017.4         8.33694       0.0078125      Successful search (ES-ell)        
    14         879         21015.1         10.1994       0.0078125      Successful search (ES-ell)        
    14         930         21015.1         10.1994      0.00390625          Refine grid             Train
    15         931           21049         4.11086      0.00390625      Successful search (ES-ell)        
    15         932         21047.9         4.33602      0.00390625      Successful search (ES-ell)        
    15         933         21043.2         4.17093      0.00390625      Successful search (ES-wcm)        
    15         934         21037.1         4.09802      0.00390625      Successful search (ES-wcm)        
    15         935         21031.8         4.99191      0.00390625      Successful search (ES-wcm)        
    15         936         21025.5         7.37918      0.00390625      Successful search (ES-wcm)        
    15         937         21014.3         9.52966      0.00390625      Successful search (ES-wcm)        
    15         938         21006.2         14.6883      0.00390625      Successful search (ES-wcm)        
    15         986         21006.2         14.6883      0.00195312          Refine grid             
    16         987           21047         3.86322      0.00195312      Successful search (ES-wcm)        
    16         988         21046.1         3.83374      0.00195312      Successful search (ES-wcm)        
    16         989         21044.7         3.69932      0.00195312      Successful search (ES-wcm)        
    16         990         21043.9         3.76271      0.00195312      Successful search (ES-wcm)        
    16         991         21041.2         4.14658      0.00195312      Successful search (ES-ell)        
    16         992           21038         4.89557      0.00195312      Successful search (ES-ell)        
    16         993         21034.6         6.53056      0.00195312      Successful search (ES-ell)        
    16         994         21027.4            8.21      0.00195312      Successful search (ES-ell)        
    16         995         21011.2         10.5892      0.00195312      Successful search (ES-ell)        
    16         998           21003         9.67939      0.00195312      Successful search (ES-wcm)        
    16         999         20980.3         12.8291      0.00195312      Successful search (ES-wcm)        
    16        1042         20980.3         12.8291     0.000976562          Refine grid             
Optimization terminated: change in the function value less than options['tol_mesh']
Estimated function value at minimum: 21043.579495806825 ± 3.4612896683085497 (mean ± SEM from 100 samples)
BADS minimum at: x_min = [ 2.1724  2.6671  3.3369  5.2045  3.3731  1.0469  4.2447  0.1488 35.2771
 33.5165  0.4234  0.426   0.1533  0.0884], training NLL = 21043.5795
total f-count: 1142, time: 48.88 min

 Optimization Run 2/2
Initial params: [1.1742, 2.3015, 9.5251, 16.9317, -3.8332, 44.3535, 0.8026, 0.2885, 29.7464, 21.7424, 0.5135, 0.5688, 0.224, 0.167]
bads:TooCloseBounds: For each variable, hard and plausible bounds should not be too close. Moving plausible bounds.
Variables (index) internally transformed to log coordinates: [[0 0]
 [0 3]
 [0 5]
 [0 6]]
Beginning optimization of a STOCHASTIC objective function

 Iteration    f-count      E[f(x)]        SD[f(x)]           MeshScale          Method              Actions
     0           1         27147.8             nan               1                                  
     0          33         26189.6             nan               1          Initial mesh            Initial points
     0          50         25935.2         1.00896               1        Successful poll           Train
     1          55         25670.9         1.00769               1      Successful search (ES-wcm)        
     1          61           25641        0.974131               1      Successful search (ES-wcm)        
     1          64         25588.8         0.96345               1      Successful search (ES-wcm)        
     1          72         25483.8        0.967976               1      Successful search (ES-wcm)        
     1          91         25483.6          0.7219               1      Incremental search (ES-wcm)        
     1          93           25392         1.03093               1        Successful poll           Train
     2          94           25230         1.03095               1      Successful search (ES-wcm)        
     2          95         24967.1         1.03094               1      Successful search (ES-wcm)        
     2          96         24885.6         1.03094               1      Successful search (ES-ell)        
     2         101         24817.4          1.0309               1      Successful search (ES-ell)        
     2         106         24726.1         1.03034               1      Successful search (ES-ell)        
     2         144         24726.1         1.03034             0.5          Refine grid             Train
     3         179         24749.1         21.5198               1        Successful poll           Train
     4         216         24700.5         30.7721             0.5          Refine grid             Train
     5         220         24720.3         16.1749             0.5      Successful search (ES-ell)        
     5         223         24706.9         24.1138             0.5      Successful search (ES-wcm)        
     5         225         24696.6         24.5741             0.5      Successful search (ES-wcm)        
     5         226         24659.3          37.576             0.5      Successful search (ES-wcm)        
     5         230         24633.9         28.9857             0.5      Successful search (ES-wcm)        
     5         234         24628.5         37.7377             0.5      Successful search (ES-wcm)        
     5         245         24617.7          42.196             0.5      Successful search (ES-wcm)        
     5         250         24480.1         29.2312             0.5      Successful search (ES-wcm)        
     5         253         24444.3         28.9908             0.5      Successful search (ES-wcm)        
     5         257         24415.4         24.2078             0.5      Successful search (ES-wcm)        
     5         258         24396.1         26.2322             0.5      Successful search (ES-wcm)        
     5         260         24339.3         28.4952             0.5      Successful search (ES-wcm)        
     5         265         24307.8         22.8365             0.5      Successful search (ES-ell)        
     5         266         24300.6         25.2067             0.5      Successful search (ES-ell)        
     5         268         24296.7         24.6563             0.5      Successful search (ES-ell)        
     5         271         24290.2          20.666             0.5      Successful search (ES-ell)        
     5         274         24266.1         28.8419             0.5      Successful search (ES-wcm)        
     5         275         24032.8          29.259             0.5      Successful search (ES-wcm)        
     5         280         23845.7         29.2081             0.5      Successful search (ES-wcm)        
     5         283         23826.3         27.1001             0.5      Successful search (ES-wcm)        
     5         284         23751.6         25.3987             0.5      Successful search (ES-wcm)        
     5         327         23751.6         25.3987            0.25          Refine grid             Train
     6         328         23729.2          28.808            0.25      Successful search (ES-wcm)        
     6         331         23710.8         15.9351            0.25      Successful search (ES-wcm)        
     6         332         23640.4         20.7064            0.25      Successful search (ES-ell)        
     6         382         23640.4         20.7064           0.125          Refine grid             
     7         383         23704.6         9.59827           0.125      Successful search (ES-ell)        
     7         397           23704         27.2793           0.125      Successful search (ES-wcm)        
     7         398         23685.2           21.09           0.125      Successful search (ES-ell)        
     7         399         23643.1         23.0544           0.125      Successful search (ES-ell)        
     7         400         23585.1         24.5862           0.125      Successful search (ES-ell)        
     7         411         23581.6         13.7452           0.125      Successful search (ES-ell)        
     7         413         23575.5         12.9855           0.125      Successful search (ES-ell)        
     7         416         23573.5         16.6487           0.125      Successful search (ES-wcm)        
     7         417         23528.4         21.5714           0.125      Successful search (ES-wcm)        
     7         418         23456.6         24.4313           0.125      Successful search (ES-wcm)        
     7         420         23450.4         19.7374           0.125      Successful search (ES-wcm)        
     7         463         23420.8         21.5517            0.25        Successful poll           Train
     8         464         23381.1         25.5022            0.25      Successful search (ES-wcm)        
     8         480         23380.4         11.6091            0.25      Successful search (ES-wcm)        
     8         482         23367.6         14.1125            0.25      Successful search (ES-wcm)        
     8         484         23364.4         13.7637            0.25      Successful search (ES-wcm)        
     8         485         23348.5         19.0419            0.25      Successful search (ES-ell)        
     8         486         23312.1          21.391            0.25      Successful search (ES-ell)        
     8         489         23303.1         20.3901            0.25      Successful search (ES-ell)        
     8         490         23256.5         23.0874            0.25      Successful search (ES-ell)        
     8         491         23244.6         24.2321            0.25      Successful search (ES-ell)        
     8         494         23236.2         19.1591            0.25      Successful search (ES-ell)        
     8         547         23236.2         19.1591           0.125          Refine grid             Train
     9         548         23230.2         13.1123           0.125      Successful search (ES-ell)        
     9         603         23230.2         13.1123          0.0625          Refine grid             
    10         604         23226.4         6.10563          0.0625      Successful search (ES-ell)        
    10         605         23196.1         12.9695          0.0625      Successful search (ES-ell)        
    10         606         23179.7         17.3309          0.0625      Successful search (ES-ell)        
    10         607         23172.2         19.8768          0.0625      Successful search (ES-ell)        
    10         609         23149.7         18.1638          0.0625      Successful search (ES-ell)        
    10         611         23142.3         17.2533          0.0625      Successful search (ES-ell)        
    10         612         23107.7         22.2502          0.0625      Successful search (ES-ell)        
    10         659         23107.7         22.2502         0.03125          Refine grid             
    11         660         23148.8         4.67679         0.03125      Successful search (ES-ell)        
    11         661         23142.5         6.35357         0.03125      Successful search (ES-wcm)        
    11         663           23140         7.36903         0.03125      Successful search (ES-wcm)        
    11         664         23135.4         8.85341         0.03125      Successful search (ES-ell)        
    11         665         23125.6         12.3938         0.03125      Successful search (ES-ell)        
    11         666         23124.7         15.9057         0.03125      Successful search (ES-ell)        
    11         670         23123.6         9.81355         0.03125      Successful search (ES-ell)        
    11         671         23117.5         11.8903         0.03125      Successful search (ES-ell)        
    11         715         23117.5         11.8903        0.015625          Refine grid             
    12         716         23130.1         3.56375        0.015625      Successful search (ES-wcm)        
    12         717           23123         4.01832        0.015625      Successful search (ES-wcm)        
    12         718         23119.7         4.83944        0.015625      Successful search (ES-wcm)        
    12         719         23115.7         5.84342        0.015625      Successful search (ES-wcm)        
    12         720         23108.4         7.83258        0.015625      Successful search (ES-wcm)        
    12         721         23105.9         11.5705        0.015625      Successful search (ES-wcm)        
    12         722         23094.6         17.8489        0.015625      Successful search (ES-wcm)        
    12         725         23090.9          9.4377        0.015625      Successful search (ES-wcm)        
    12         771         23090.9          9.4377       0.0078125          Refine grid             Train
    13         772         23099.2         3.65492       0.0078125      Successful search (ES-wcm)        
    13         773         23097.7         3.72248       0.0078125      Successful search (ES-wcm)        
    13         774         23096.6         3.93599       0.0078125      Successful search (ES-ell)        
    13         775           23095         4.38616       0.0078125      Successful search (ES-ell)        
    13         776         23093.6         5.37739       0.0078125      Successful search (ES-ell)        
    13         777         23089.9         7.11287       0.0078125      Successful search (ES-ell)        
    13         778         23081.2         9.82325       0.0078125      Successful search (ES-ell)        
    13         779         23079.4         12.5274       0.0078125      Successful search (ES-ell)        
    13         780         23073.2         15.1158       0.0078125      Successful search (ES-ell)        
    13         827         23073.2         15.1158      0.00390625          Refine grid             Train
    14         828         23086.4         3.56159      0.00390625      Successful search (ES-ell)        
    14         829         23085.3         3.59953      0.00390625      Successful search (ES-ell)        
    14         830         23084.3         3.48007      0.00390625      Successful search (ES-wcm)        
    14         831         23082.6         3.42753      0.00390625      Successful search (ES-wcm)        
    14         832         23079.1          3.9972      0.00390625      Successful search (ES-wcm)        
    14         833         23077.7         4.92795      0.00390625      Successful search (ES-wcm)        
    14         834         23076.5         6.06056      0.00390625      Successful search (ES-wcm)        
    14         836         23068.7         7.72929      0.00390625      Successful search (ES-ell)        
    14         883         23068.7         7.72929      0.00195312          Refine grid             
    15         921         23078.2         3.11081      0.00390625        Successful poll           
    16         922         23087.7          3.4048      0.00390625      Successful search (ES-ell)        
    16         923         23085.3         3.76662      0.00390625      Successful search (ES-ell)        
    16         924         23083.3         4.28821      0.00390625      Successful search (ES-ell)        
    16         925         23079.3         5.14591      0.00390625      Successful search (ES-ell)        
    16         926         23075.2         6.55025      0.00390625      Successful search (ES-ell)        
    16         977         23075.2         6.55025      0.00195312          Refine grid             Train
    17         978         23089.8         2.57574      0.00195312      Successful search (ES-ell)        
    17         979         23089.1          2.5996      0.00195312      Successful search (ES-ell)        
    17         980         23088.1         2.70527      0.00195312      Successful search (ES-ell)        
    17        1031         23086.8          3.6445      0.00390625        Successful poll           Train
    18        1061         23079.4         7.30757       0.0078125        Successful poll           Train
    19        1065         23075.6         6.82999       0.0078125      Successful search (ES-ell)        
    19        1066         23072.1         6.96789       0.0078125      Successful search (ES-ell)        
    19        1067         23071.4          6.6216       0.0078125      Successful search (ES-ell)        
    19        1068         23064.3         7.23187       0.0078125      Successful search (ES-ell)        
    19        1069         23063.7         8.16332       0.0078125      Successful search (ES-ell)        
    19        1070         23059.9         9.95194       0.0078125      Successful search (ES-ell)        
    19        1117         23059.9         9.95194      0.00390625          Refine grid             Train
    20        1118         23081.6         4.93492      0.00390625      Successful search (ES-ell)        
    20        1119           23081         5.49442      0.00390625      Successful search (ES-ell)        
    20        1120         23073.4         6.86713      0.00390625      Successful search (ES-ell)        
    20        1121         23072.8         8.65841      0.00390625      Successful search (ES-ell)        
    20        1173         23072.8         8.65841      0.00195312          Refine grid             Train
    21        1174         23076.4         4.29728      0.00195312      Successful search (ES-ell)        
    21        1175           23072         5.43296      0.00195312      Successful search (ES-ell)        
    21        1176         23067.3         7.36512      0.00195312      Successful search (ES-ell)        
    21        1177         23059.4         10.1079      0.00195312      Successful search (ES-ell)        
    21        1178         23046.8         13.3023      0.00195312      Successful search (ES-ell)        
    21        1179         23040.3         15.9768      0.00195312      Successful search (ES-ell)        
    21        1229         23040.3         15.9768     0.000976562          Refine grid             
Optimization terminated: change in the function value less than options['tol_mesh']
Estimated function value at minimum: 23065.746882719326 ± 2.360553905126633 (mean ± SEM from 100 samples)
BADS minimum at: x_min = [5.70000e-03 3.87930e+00 3.92880e+00 5.82270e+00 3.94020e+00 1.81040e+00
 7.21300e-01 9.83000e-02 3.30414e+01 5.16563e+01 3.57900e-01 2.31900e-01
 2.77000e-01 2.19400e-01], training NLL = 23065.7469
total f-count: 1329, time: 56.75 min

 ------- Finish Optimization for Subject 6 ---------- 

 ------- Start Optimization for Subject 11 ---------- 

 Cross Validation fold 0/1

 -- Start Optimization: method BADS --

 Optimization Run 1/2
Initial params: [0.5941, 5.7633, 4.0714, 2.9035, -4.647, 8.2636, 2.2288, 0.2181, 26.2097, 16.7433, 0.1534, 0.7613, 0.1879, 0.2203]
bads:TooCloseBounds: For each variable, hard and plausible bounds should not be too close. Moving plausible bounds.
Variables (index) internally transformed to log coordinates: [[0 0]
 [0 3]
 [0 5]
 [0 6]]
Beginning optimization of a STOCHASTIC objective function

 Iteration    f-count      E[f(x)]        SD[f(x)]           MeshScale          Method              Actions
     0           1         27607.7             nan               1                                  
     0          33         26489.9             nan               1          Initial mesh            Initial points
     0          55         26385.1        0.980026               1        Successful poll           Train
     1          60         26376.8        0.979351               1      Successful search (ES-wcm)        
     1          64         26360.3         1.25569               1      Successful search (ES-ell)        
     1          65         26344.5         1.25758               1      Successful search (ES-ell)        
     1          67         26331.2         1.25633               1      Successful search (ES-ell)        
     1          68         26331.2         1.25807               1      Incremental search (ES-ell)        
     1          71         26295.1          1.2602               1      Successful search (ES-ell)        
     1          72         26228.6         1.26066               1      Successful search (ES-ell)        
     1          81         26217.2         1.20914               1      Successful search (ES-ell)        
     1          88         26214.3         1.24815               1      Successful search (ES-ell)        
     1          89         26205.3         1.25549               1      Successful search (ES-ell)        
     1          94         26201.7         4.80938               1      Successful search (ES-ell)        
     1         103         26199.4         4.27162               1      Successful search (ES-ell)        
     1         106           26197         4.11307               1      Successful search (ES-ell)        
     1         119         26187.7            6.35               1      Successful search (ES-wcm)        
     1         150           26166         10.0483               1        Successful poll           Train
     2         160         26156.5         8.12769               1      Successful search (ES-wcm)        
     2         161         26154.4         9.18874               1      Successful search (ES-wcm)        
     2         163         26153.5         9.17065               1      Incremental search (ES-wcm)        
     2         170         26145.6         8.60264               1      Successful search (ES-ell)        
     2         172         26137.6         8.79322               1      Successful search (ES-ell)        
     2         173         26133.2         9.24845               1      Successful search (ES-ell)        
     2         182         26101.5         8.97764               1      Successful search (ES-ell)        
     2         184         25872.9         8.94459               1      Successful search (ES-ell)        
     2         185           25703         9.48221               1      Successful search (ES-ell)        
     2         187         25601.4         8.25144               1      Successful search (ES-ell)        
     2         193           25320         9.90403               1      Successful search (ES-ell)        
     2         196         24820.2         9.66711               1      Successful search (ES-ell)        
     2         198         23894.4         10.5107               1      Successful search (ES-wcm)        
     2         200         23261.7         9.29359               1      Successful search (ES-wcm)        
     2         201         23086.6         10.7208               1      Successful search (ES-wcm)        
     2         202         22852.8         10.4117               1      Successful search (ES-wcm)        
     2         203         22649.1         10.3892               1      Successful search (ES-wcm)        
     2         236         22649.1         10.3892             0.5          Refine grid             Train
     3         241         22725.2         21.7988             0.5      Successful search (ES-wcm)        
     3         243           22725         23.0374             0.5      Incremental search (ES-wcm)        
     3         252         22621.7         21.8791             0.5      Successful search (ES-wcm)        
     3         255         22557.5         26.9405             0.5      Successful search (ES-wcm)        
     3         262         22488.6         19.1114             0.5      Successful search (ES-ell)        
     3         263         22456.8         19.2605             0.5      Successful search (ES-ell)        
     3         265         22307.3          26.482             0.5      Successful search (ES-ell)        
     3         279         22099.2         25.6283             0.5      Successful search (ES-ell)        
     3         293         22070.8         22.8944             0.5      Successful search (ES-ell)        
     3         295         22043.7         25.1424             0.5      Successful search (ES-ell)        
     3         298         22033.5         22.8868             0.5      Successful search (ES-ell)        
     3         303         22009.4          15.689             0.5      Successful search (ES-ell)        
     3         304         21985.3         18.7736             0.5      Successful search (ES-ell)        
     3         345         21985.3         18.7736            0.25          Refine grid             Train
     4         346         21853.8         25.3117            0.25      Successful search (ES-ell)        
     4         401         21853.8         25.3117           0.125          Refine grid             Train
     5         402         21978.5         18.4678           0.125      Successful search (ES-wcm)        
     5         404         21977.1         22.2465           0.125      Successful search (ES-wcm)        
     5         406         21963.6         22.1361           0.125      Successful search (ES-wcm)        
     5         408         21926.9         26.5735           0.125      Successful search (ES-ell)        
     5         416         21925.4         22.0614           0.125      Successful search (ES-ell)        
     5         417         21896.8         29.2652           0.125      Successful search (ES-ell)        
     5         418           21883         35.1163           0.125      Successful search (ES-wcm)        
     5         419           21880         34.6992           0.125      Successful search (ES-wcm)        
     5         431         21860.4         11.9721           0.125      Successful search (ES-wcm)        
     5         432         21826.8         14.7505           0.125      Successful search (ES-wcm)        
     5         485         21826.8         14.7505          0.0625          Refine grid             Train
     6         486         21857.1         13.7976          0.0625      Successful search (ES-wcm)        
     6         487         21841.8         20.3321          0.0625      Successful search (ES-wcm)        
     6         490         21840.8         13.7811          0.0625      Successful search (ES-wcm)        
     6         491         21832.8         13.3328          0.0625      Successful search (ES-wcm)        
     6         492         21803.4          16.162          0.0625      Successful search (ES-wcm)        
     6         541         21803.4          16.162         0.03125          Refine grid             Train
     7         542         21808.5         9.40963         0.03125      Successful search (ES-ell)        
     7         543         21784.1         16.8755         0.03125      Successful search (ES-ell)        
     7         545         21767.8         18.8867         0.03125      Successful search (ES-ell)        
     7         546           21754         23.4538         0.03125      Successful search (ES-ell)        
     7         547         21732.4         26.5998         0.03125      Successful search (ES-ell)        
     7         549         21727.8          27.939         0.03125      Successful search (ES-ell)        
     7         597         21727.8          27.939        0.015625          Refine grid             
     8         598         21755.2         6.17611        0.015625      Successful search (ES-ell)        
     8         599         21747.6         8.18502        0.015625      Successful search (ES-ell)        
     8         600         21734.1         12.2049        0.015625      Successful search (ES-ell)        
     8         603         21733.3         12.0867        0.015625      Successful search (ES-ell)        
     8         605         21730.8          13.266        0.015625      Successful search (ES-ell)        
     8         653         21730.8          13.266       0.0078125          Refine grid             
     9         654         21741.3         4.55607       0.0078125      Successful search (ES-wcm)        
     9         655         21738.1         5.41507       0.0078125      Successful search (ES-wcm)        
     9         656           21738         7.29781       0.0078125      Successful search (ES-wcm)        
     9         709           21738         7.29781      0.00390625          Refine grid             Train
    10         710         21751.1         3.32372      0.00390625      Successful search (ES-wcm)        
    10         711         21747.7         3.49802      0.00390625      Successful search (ES-ell)        
    10         712         21742.4         4.17436      0.00390625      Successful search (ES-ell)        
    10         713         21735.6         5.77908      0.00390625      Successful search (ES-ell)        
    10         714         21728.1         8.12993      0.00390625      Successful search (ES-ell)        
    10         715         21713.1         12.4382      0.00390625      Successful search (ES-ell)        
    10         716         21687.2         15.9999      0.00390625      Successful search (ES-ell)        
    10         752         21685.3         11.7313       0.0078125        Successful poll           Train
    11         753         21701.3         9.89587       0.0078125      Successful search (ES-wcm)        
    11         754         21686.7         11.8401       0.0078125      Successful search (ES-wcm)        
    11         755         21682.5         14.0284       0.0078125      Successful search (ES-wcm)        
    11         756         21663.4          17.351       0.0078125      Successful search (ES-wcm)        
    11         808         21663.4          17.351      0.00390625          Refine grid             
    12         809         21685.9         4.07181      0.00390625      Successful search (ES-wcm)        
    12         810         21682.1         4.12033      0.00390625      Successful search (ES-wcm)        
    12         811         21679.2          4.3409      0.00390625      Successful search (ES-wcm)        
    12         812         21672.2         5.08836      0.00390625      Successful search (ES-wcm)        
    12         813         21660.4         6.13936      0.00390625      Successful search (ES-ell)        
    12         814           21653         9.25274      0.00390625      Successful search (ES-ell)        
    12         864           21653         9.25274      0.00195312          Refine grid             
    13         865           21694         4.04903      0.00195312      Successful search (ES-ell)        
    13         866         21690.7          4.2281      0.00195312      Successful search (ES-ell)        
    13         867         21685.8         4.54188      0.00195312      Successful search (ES-ell)        
    13         868         21678.5         4.92013      0.00195312      Successful search (ES-ell)        
    13         869         21670.7         5.72508      0.00195312      Successful search (ES-ell)        
    13         870         21663.5         6.48628      0.00195312      Successful search (ES-ell)        
    13         872         21662.3         7.41443      0.00195312      Successful search (ES-ell)        
    13         873         21652.1         9.19875      0.00195312      Successful search (ES-ell)        
    13         874         21641.1         12.4433      0.00195312      Successful search (ES-wcm)        
    13         920         21641.1         12.4433     0.000976562          Refine grid             Train
Optimization terminated: change in the function value less than options['tol_mesh']
Estimated function value at minimum: 21689.71816945653 ± 3.197739198653756 (mean ± SEM from 100 samples)
BADS minimum at: x_min = [1.0859 3.425  3.3918 8.2401 5.6334 7.6157 0.8437 0.1817 6.0499 9.2088
 0.7094 0.4753 0.0977 0.0804], training NLL = 21689.7182
total f-count: 1020, time: 43.73 min

 Optimization Run 2/2
Initial params: [1.7241, 7.352, 3.9824, 19.6777, 3.0948, 38.4027, 0.5332, 0.5715, 29.5047, 20.0802, 0.6011, 0.3498, 0.1664, 0.1572]
bads:TooCloseBounds: For each variable, hard and plausible bounds should not be too close. Moving plausible bounds.
Variables (index) internally transformed to log coordinates: [[0 0]
 [0 3]
 [0 5]
 [0 6]]
Beginning optimization of a STOCHASTIC objective function

 Iteration    f-count      E[f(x)]        SD[f(x)]           MeshScale          Method              Actions
     0           1         27650.4             nan               1                                  
     0          33           26483             nan               1          Initial mesh            Initial points
     0          55         26394.9         1.00082               1        Successful poll           Train
     1          62         26320.6        0.998581               1      Successful search (ES-wcm)        
     1          64         26289.9         1.47503               1      Successful search (ES-wcm)        
     1          69         26289.3         1.28088               1      Incremental search (ES-ell)        
     1          92         26250.1         1.46583               1        Successful poll           Train
     2          93         26217.7         7.29695               1      Successful search (ES-ell)        
     2          94           25815         7.37039               1      Successful search (ES-ell)        
     2         107         25745.8         6.77144               1      Successful search (ES-ell)        
     2         108         25058.2         7.39748               1      Successful search (ES-ell)        
     2         121         25027.5          5.1151               1      Successful search (ES-ell)        
     2         122         24764.6         5.11906               1      Successful search (ES-ell)        
     2         123         24696.9         5.12121               1      Successful search (ES-ell)        
     2         130           24536         5.09596               1      Successful search (ES-ell)        
     2         132         24516.8         5.09193               1      Successful search (ES-ell)        
     2         136         24287.1         5.10974               1      Successful search (ES-ell)        
     2         148           24266         3.19692               1      Successful search (ES-wcm)        
     2         149         24166.7         5.07715               1      Successful search (ES-ell)        
     2         160         24162.9          8.2723               1      Successful search (ES-wcm)        
     2         161         24063.1         8.15747               1      Successful search (ES-wcm)        
     2         165         24057.1         8.43626               1      Successful search (ES-wcm)        
     2         170         24051.4         6.75594               1      Successful search (ES-wcm)        
     2         177         24036.7           8.504               1      Successful search (ES-wcm)        
     2         179           23713         28.9245               1      Successful search (ES-wcm)        
     2         184           23691         28.4159               1      Successful search (ES-wcm)        
     2         185         23659.7         28.5731               1      Successful search (ES-wcm)        
     2         188         23653.8         28.5297               1      Successful search (ES-wcm)        
     2         221         23585.6         29.1573               1        Successful poll           
     3         226         23381.9         28.7648               1      Successful search (ES-wcm)        
     3         228         23339.3         28.6545               1      Successful search (ES-wcm)        
     3         230           23338         28.1132               1      Successful search (ES-wcm)        
     3         233         23296.8         27.6904               1      Successful search (ES-wcm)        
     3         234         23231.6         27.9755               1      Successful search (ES-wcm)        
     3         241         23217.7          23.328               1      Successful search (ES-wcm)        
     3         243           23178          25.113               1      Successful search (ES-wcm)        
     3         245         23103.9          27.754               1      Successful search (ES-wcm)        
     3         246           23098         24.0336               1      Successful search (ES-wcm)        
     3         248         22969.7          27.933               1      Successful search (ES-wcm)        
     3         252         22926.2         26.9833               1      Successful search (ES-ell)        
     3         253         22747.3         26.8452               1      Successful search (ES-ell)        
     3         257         22745.1         24.7624               1      Successful search (ES-ell)        
     3         258         22706.8         25.8898               1      Successful search (ES-ell)        
     3         269         22705.7         16.4618               1      Successful search (ES-ell)        
     3         271         22684.2          15.081               1      Successful search (ES-ell)        
     3         273           22680         16.4896               1      Successful search (ES-ell)        
     3         275         22655.2         19.1857               1      Successful search (ES-ell)        
     3         280         22622.1         19.6436               1      Successful search (ES-ell)        
     3         300         22621.8         12.5431               1      Incremental search (ES-wcm)        
     3         303         22618.4          11.864               1      Successful search (ES-ell)        
     3         305         22610.7         10.3214               1      Successful search (ES-ell)        
     3         308         22610.4         12.9929               1      Incremental search (ES-ell)        
     3         311         22603.2         12.7593               1      Successful search (ES-ell)        
     3         319         22601.1         9.34378               1      Successful search (ES-ell)        
     3         326         22587.8          13.799               1      Successful search (ES-ell)        
     3         328         22573.8         17.0734               1      Successful search (ES-ell)        
     3         331           22571         15.8593               1      Successful search (ES-ell)        
     3         332         22548.2         19.8779               1      Successful search (ES-ell)        
     3         334           22486         28.1316               1      Successful search (ES-ell)        
     3         340         22447.8         26.5881               1      Successful search (ES-ell)        
     3         347         22437.5         15.8827               1      Successful search (ES-ell)        
     3         352         22435.1         25.1499               1      Successful search (ES-ell)        
     3         356         22415.2         27.5173               1      Successful search (ES-wcm)        
     3         359         22411.5         21.2936               1      Successful search (ES-ell)        
     3         362         22389.1         29.2489               1      Successful search (ES-wcm)        
     3         363         22257.5         28.5038               1      Successful search (ES-wcm)        
     3         366         22239.3         28.9613               1      Successful search (ES-wcm)        
     3         369         22178.5         28.7659               1      Successful search (ES-wcm)        
     3         376         22115.6         28.4407               1      Successful search (ES-wcm)        
     3         380         22079.5         25.3648               1      Successful search (ES-wcm)        
     3         392           22066         31.8912               1      Successful search (ES-wcm)        
     3         395         22027.3         32.2176               1      Successful search (ES-wcm)        
     3         398         21935.4         32.0658               1      Successful search (ES-wcm)        
     3         409         21925.7         30.4893               1      Successful search (ES-ell)        
     3         424           21924         18.4748               1      Successful search (ES-ell)        
     3         427         21898.4         22.0606               1      Successful search (ES-wcm)        
     3         437         21862.6         29.5436               1      Successful search (ES-wcm)        
     3         440           21857         24.1262               1      Successful search (ES-ell)        
     3         475           21857         24.1262             0.5          Refine grid             Train
     4         480         21889.5         27.7089             0.5      Successful search (ES-wcm)        
     4         491         21880.5         37.7674             0.5      Successful search (ES-wcm)        
     4         498         21873.2         26.2042             0.5      Successful search (ES-ell)        
     4         502         21835.7         25.3702             0.5      Successful search (ES-wcm)        
     4         503         21831.7          27.096             0.5      Successful search (ES-wcm)        
     4         540         21831.7          27.096            0.25          Refine grid             Train
     5         542         21889.9         36.0777            0.25      Successful search (ES-wcm)        
     5         545         21827.3         35.5232            0.25      Successful search (ES-wcm)        
     5         550         21822.9          21.974            0.25      Successful search (ES-ell)        
     5         551         21806.3         26.3128            0.25      Successful search (ES-ell)        
     5         552         21753.4          28.953            0.25      Successful search (ES-ell)        
     5         594         21712.4         34.2776             0.5        Successful poll           
     6         597         21658.5          33.453             0.5      Successful search (ES-ell)        
     6         646         21658.5          33.453            0.25          Refine grid             
     7         651         21693.2         12.4995            0.25      Successful search (ES-wcm)        
     7         654         21692.4         15.1257            0.25      Successful search (ES-wcm)        
     7         655         21691.4         20.7489            0.25      Successful search (ES-wcm)        
     7         657         21668.7         28.4025            0.25      Successful search (ES-wcm)        
     7         659         21664.9          21.921            0.25      Successful search (ES-ell)        
     7         665         21659.8         21.4015            0.25      Successful search (ES-wcm)        
     7         667         21657.9         24.2298            0.25      Successful search (ES-wcm)        
     7         670         21634.3         15.7066            0.25      Successful search (ES-wcm)        
     7         671         21623.9          19.582            0.25      Successful search (ES-wcm)        
     7         674         21617.9         17.3724            0.25      Successful search (ES-wcm)        
     7         678         21605.6         24.8439            0.25      Successful search (ES-wcm)        
     7         681         21581.4         27.8018            0.25      Successful search (ES-wcm)        
     7         683         21561.5         29.9033            0.25      Successful search (ES-wcm)        
     7         685         21559.9         32.1604            0.25      Successful search (ES-wcm)        
     7         730         21559.8         27.5502           0.125          Refine grid             
     8         732         21530.1         18.4066           0.125      Successful search (ES-wcm)        
     8         786         21530.1         18.4066          0.0625          Refine grid             
     9         788         21566.7         12.9978          0.0625      Successful search (ES-wcm)        
     9         789         21556.1         26.0199          0.0625      Successful search (ES-wcm)        
     9         791         21546.4         26.4084          0.0625      Successful search (ES-wcm)        
     9         793         21529.6         17.8672          0.0625      Successful search (ES-wcm)        
     9         795         21508.9         15.6624          0.0625      Successful search (ES-wcm)        
     9         797         21506.3         18.8882          0.0625      Successful search (ES-wcm)        
     9         799         21500.4         15.1559          0.0625      Successful search (ES-wcm)        
     9         800         21498.2          20.566          0.0625      Successful search (ES-wcm)        
     9         842         21498.2          20.566         0.03125          Refine grid             
    10         843         21515.6         6.45611         0.03125      Successful search (ES-wcm)        
    10         844         21503.7         8.21498         0.03125      Successful search (ES-wcm)        
    10         846         21498.3         12.5458         0.03125      Successful search (ES-wcm)        
    10         848         21495.2         13.5397         0.03125      Successful search (ES-wcm)        
    10         850         21485.7         13.6115         0.03125      Successful search (ES-wcm)        
    10         852         21484.5         16.8155         0.03125      Successful search (ES-wcm)        
    10         855         21473.8         12.2492         0.03125      Successful search (ES-wcm)        
    10         856         21469.7         17.8051         0.03125      Successful search (ES-ell)        
    10         857         21467.2         20.6448         0.03125      Successful search (ES-wcm)        
    10         858         21405.7         24.1297         0.03125      Successful search (ES-ell)        
    10         912         21405.7         24.1297        0.015625          Refine grid             
    11         913         21419.6         5.96149        0.015625      Successful search (ES-ell)        
    11         914         21414.1         8.89978        0.015625      Successful search (ES-ell)        
    11         915         21413.5         12.6446        0.015625      Successful search (ES-ell)        
    11         968         21413.5         12.6446       0.0078125          Refine grid             Train
    12         969         21422.4          4.9332       0.0078125      Successful search (ES-wcm)        
    12         970         21420.1          6.0498       0.0078125      Successful search (ES-wcm)        
    12         971         21418.1         8.09697       0.0078125      Successful search (ES-wcm)        
    12         973         21416.4         9.70739       0.0078125      Successful search (ES-wcm)        
    12        1024         21416.4         9.70739      0.00390625          Refine grid             Train
    13        1025         21426.4         3.07162      0.00390625      Successful search (ES-wcm)        
    13        1026         21423.8         3.56286      0.00390625      Successful search (ES-ell)        
    13        1027         21419.6         4.78334      0.00390625      Successful search (ES-ell)        
    13        1028         21416.2         7.20909      0.00390625      Successful search (ES-ell)        
    13        1029         21410.9         10.4688      0.00390625      Successful search (ES-ell)        
    13        1080         21410.9         10.4688      0.00195312          Refine grid             
    14        1081         21422.5          4.2246      0.00195312      Successful search (ES-ell)        
    14        1082         21421.4         4.42886      0.00195312      Successful search (ES-ell)        
    14        1083         21421.3          4.9252      0.00195312      Successful search (ES-ell)        
    14        1085         21420.8         5.57722      0.00195312      Successful search (ES-ell)        
    14        1086         21420.6         7.00579      0.00195312      Successful search (ES-ell)        
    14        1087         21417.3          9.1386      0.00195312      Successful search (ES-ell)        
    14        1136         21417.3          9.1386     0.000976562          Refine grid             
Optimization terminated: change in the function value less than options['tol_mesh']
Estimated function value at minimum: 21420.71580845866 ± 3.685454727447032 (mean ± SEM from 100 samples)
BADS minimum at: x_min = [ 0.946   4.0193  4.3428  8.7241  5.9174  4.3593  2.3628  0.1947  6.1286
 12.1443  0.6988  0.4723  0.0926  0.063 ], training NLL = 21420.7158
total f-count: 1236, time: 53.18 min

 ------- Finish Optimization for Subject 11 ---------- 

 ------- Start Optimization for Subject 15 ---------- 

 Cross Validation fold 0/1

 -- Start Optimization: method BADS --

 Optimization Run 1/2
Initial params: [0.0827, 5.1199, 8.3133, 10.0622, -2.3476, 6.4486, 0.3362, 0.3281, 19.8555, 16.0045, 0.3548, 0.3396, 0.2643, 0.1469]
bads:TooCloseBounds: For each variable, hard and plausible bounds should not be too close. Moving plausible bounds.
Variables (index) internally transformed to log coordinates: [[0 0]
 [0 3]
 [0 5]
 [0 6]]
Beginning optimization of a STOCHASTIC objective function

 Iteration    f-count      E[f(x)]        SD[f(x)]           MeshScale          Method              Actions
     0           1         26429.4             nan               1                                  
     0          33         24068.2             nan               1          Initial mesh            Initial points
     0          54         23801.2        0.999952               1        Successful poll           Train
     1          61         23718.1        0.998828               1      Successful search (ES-wcm)        
     1          63         23623.9        0.986409               1      Successful search (ES-wcm)        
     1          73         23547.8        0.985899               1      Successful search (ES-ell)        
     1          74         23498.2        0.986342               1      Successful search (ES-ell)        
     1          78         23487.1        0.985759               1      Successful search (ES-ell)        
     1          81         23426.2         0.97857               1      Successful search (ES-ell)        
     1         117         23301.1         14.8928               1        Successful poll           
     2         122           23293         18.5374               1      Successful search (ES-ell)        
     2         123           23235         22.6843               1      Successful search (ES-wcm)        
     2         126         23204.7         22.0657               1      Successful search (ES-wcm)        
     2         127         23188.5         21.3132               1      Successful search (ES-ell)        
     2         131         23186.6         19.8003               1      Successful search (ES-wcm)        
     2         133         23177.8         21.9734               1      Successful search (ES-wcm)        
     2         135         23112.9         21.7076               1      Successful search (ES-wcm)        
     2         138         23090.7         21.0522               1      Successful search (ES-wcm)        
     2         146         23035.9         21.8751               1      Successful search (ES-ell)        
     2         192         23035.9         21.8751             0.5          Refine grid             Train
     3         193         23044.8         16.8974             0.5      Successful search (ES-ell)        
     3         245         23044.8         16.8974            0.25          Refine grid             
     4         246         23039.1          7.8327            0.25      Successful search (ES-ell)        
     4         247         23033.7          10.159            0.25      Successful search (ES-ell)        
     4         298         23033.7          10.159           0.125          Refine grid             
     5         299         23048.5         5.28911           0.125      Successful search (ES-ell)        
     5         300         23017.9         8.17461           0.125      Successful search (ES-ell)        
     5         351         23017.9         8.17461          0.0625          Refine grid             
     6         352         23090.7         4.45563          0.0625      Successful search (ES-ell)        
     6         353         23078.6         5.53707          0.0625      Successful search (ES-ell)        
     6         354         23063.2         7.37192          0.0625      Successful search (ES-ell)        
     6         355         23048.8         10.4219          0.0625      Successful search (ES-ell)        
     6         407         23048.8         10.4219         0.03125          Refine grid             Train
     7         408         23080.6         4.35459         0.03125      Successful search (ES-ell)        
     7         409           23077         4.73251         0.03125      Successful search (ES-ell)        
     7         410         23072.3         5.99707         0.03125      Successful search (ES-ell)        
     7         411         23065.2         7.21648         0.03125      Successful search (ES-ell)        
     7         412         23057.5         9.87394         0.03125      Successful search (ES-ell)        
     7         413         23040.9         11.9032         0.03125      Successful search (ES-ell)        
     7         417         23039.8         8.37086         0.03125      Successful search (ES-ell)        
     7         418         23037.4         10.0273         0.03125      Successful search (ES-ell)        
     7         461         23022.5         17.2283          0.0625        Successful poll           
     8         462           23025         15.9082          0.0625      Successful search (ES-ell)        
     8         464         23019.6         3.91372          0.0625      Successful search (ES-ell)        
     8         465         23016.4         5.61845          0.0625      Successful search (ES-ell)        
     8         466         23014.3         6.31015          0.0625      Successful search (ES-wcm)        
     8         516         23014.3         6.31015         0.03125          Refine grid             
     9         517         23037.2         10.2231         0.03125      Successful search (ES-ell)        
     9         518         23033.4          10.047         0.03125      Successful search (ES-ell)        
     9         519           23024         10.6401         0.03125      Successful search (ES-ell)        
     9         567         23020.5          3.9303          0.0625        Successful poll           
    10         568         23014.2           5.787          0.0625      Successful search (ES-ell)        
    10         569         23000.7         7.42352          0.0625      Successful search (ES-ell)        
    10         622         23000.7         7.42352         0.03125          Refine grid             Train
    11         623         23021.8         3.71005         0.03125      Successful search (ES-ell)        
    11         624         23018.8         5.28519         0.03125      Successful search (ES-ell)        
    11         625         23015.8         6.57093         0.03125      Successful search (ES-ell)        
    11         626         23015.1         8.62152         0.03125      Successful search (ES-ell)        
    11         678         23015.1         8.62152        0.015625          Refine grid             Train
    12         679         23026.2          2.5099        0.015625      Successful search (ES-ell)        
    12         680         23020.4         2.82396        0.015625      Successful search (ES-ell)        
    12         681         23012.8         3.84195        0.015625      Successful search (ES-ell)        
    12         682         23012.4         6.43178        0.015625      Successful search (ES-wcm)        
    12         711         23010.7         11.2095         0.03125        Successful poll           
    13         712         23023.1         3.50449         0.03125      Successful search (ES-wcm)        
    13         713         23017.8          4.1604         0.03125      Successful search (ES-wcm)        
    13         715         23015.8         5.10045         0.03125      Successful search (ES-ell)        
    13         716           23012         7.67239         0.03125      Successful search (ES-wcm)        
    13         767         23011.2         4.21685          0.0625        Successful poll           Train
    14         768         22993.6         8.64345          0.0625      Successful search (ES-ell)        
    14         769         22984.9         10.5469          0.0625      Successful search (ES-ell)        
    14         823         22984.9         10.5469         0.03125          Refine grid             Train
    15         824         23011.5         4.29354         0.03125      Successful search (ES-ell)        
    15         825         23004.9         6.87974         0.03125      Successful search (ES-ell)        
    15         826         22998.9         9.29862         0.03125      Successful search (ES-ell)        
    15         827         22990.9         12.2406         0.03125      Successful search (ES-wcm)        
    15         879         22990.9         12.2406        0.015625          Refine grid             
    16         880         23016.2         1.95831        0.015625      Successful search (ES-wcm)        
    16         881         23012.4         1.99142        0.015625      Successful search (ES-wcm)        
    16         882         23008.5          2.5937        0.015625      Successful search (ES-wcm)        
    16         883         23002.6         4.56435        0.015625      Successful search (ES-wcm)        
    16         884         22994.1         7.68142        0.015625      Successful search (ES-wcm)        
    16         885         22980.6         10.5976        0.015625      Successful search (ES-wcm)        
    16         910           22968         6.87083         0.03125        Successful poll           
    17         952         22967.8         6.83957        0.015625          Refine grid             
    18         953         23014.2         2.33428        0.015625      Successful search (ES-ell)        
    18         954         23008.7         3.03571        0.015625      Successful search (ES-ell)        
    18         955         23003.4         2.81067        0.015625      Successful search (ES-wcm)        
    18         956         22995.4         2.94936        0.015625      Successful search (ES-wcm)        
    18         957         22986.4          3.5392        0.015625      Successful search (ES-wcm)        
    18         958           22967         8.31897        0.015625      Successful search (ES-ell)        
    18        1008           22967         8.31897       0.0078125          Refine grid             
    19        1009         22973.1          2.1169       0.0078125      Successful search (ES-ell)        
    19        1010         22970.9         2.39451       0.0078125      Successful search (ES-ell)        
    19        1011           22970          3.0711       0.0078125      Successful search (ES-ell)        
    19        1012           22968         4.16782       0.0078125      Successful search (ES-ell)        
    19        1015         22967.5         4.09253       0.0078125      Successful search (ES-wcm)        
    19        1016           22963         5.10459       0.0078125      Successful search (ES-wcm)        
    19        1064           22963         5.10459      0.00390625          Refine grid             
    20        1065         22973.8          2.0102      0.00390625      Successful search (ES-wcm)        
    20        1066         22973.1         1.95094      0.00390625      Successful search (ES-wcm)        
    20        1067         22971.9         2.01206      0.00390625      Successful search (ES-wcm)        
    20        1068         22970.1         2.14548      0.00390625      Successful search (ES-wcm)        
    20        1069           22966         2.55508      0.00390625      Successful search (ES-ell)        
    20        1070         22964.2         3.93847      0.00390625      Successful search (ES-wcm)        
    20        1071         22962.2         6.08324      0.00390625      Successful search (ES-wcm)        
    20        1120         22962.2         6.08324      0.00195312          Refine grid             Train
    21        1121         22972.9         2.04763      0.00195312      Successful search (ES-wcm)        
    21        1130         22972.9         1.88912      0.00195312      Successful search (ES-wcm)        
    21        1142         22972.9         1.72374      0.00195312      Successful search (ES-ell)        
    21        1143         22972.6         1.71252      0.00195312      Successful search (ES-ell)        
    21        1144         22972.5         1.70306      0.00195312      Successful search (ES-ell)        
    21        1145         22972.3         1.69216      0.00195312      Successful search (ES-ell)        
    21        1148         22972.3         1.67189      0.00195312      Successful search (ES-wcm)        
    21        1173         22972.1         1.79636      0.00390625        Successful poll           Train
    22        1174         22971.2         1.63937      0.00390625      Successful search (ES-ell)        
    22        1175         22969.8         1.81559      0.00390625      Successful search (ES-ell)        
    22        1176         22968.2         2.11044      0.00390625      Successful search (ES-ell)        
    22        1177         22966.8         2.90338      0.00390625      Successful search (ES-ell)        
    22        1178         22965.4         4.73482      0.00390625      Successful search (ES-wcm)        
    22        1179         22961.4         7.00279      0.00390625      Successful search (ES-wcm)        
    22        1229         22961.4         7.00279      0.00195312          Refine grid             
    23        1230         22972.9         1.40134      0.00195312      Successful search (ES-ell)        
    23        1231         22972.7          1.4826      0.00195312      Successful search (ES-ell)        
    23        1232         22971.7         1.62398      0.00195312      Successful search (ES-wcm)        
    23        1233           22970         1.95827      0.00195312      Successful search (ES-wcm)        
    23        1234         22968.7          2.6327      0.00195312      Successful search (ES-wcm)        
    23        1237         22968.5         3.09573      0.00195312      Successful search (ES-wcm)        
    23        1285         22968.5         3.09573     0.000976562          Refine grid             
Optimization terminated: change in the function value less than options['tol_mesh']
Estimated function value at minimum: 22970.88278020335 ± 1.4793740830757747 (mean ± SEM from 100 samples)
BADS minimum at: x_min = [ 1.17390e+00  8.37080e+00  6.51810e+00  3.89986e+01 -5.50000e-03
  3.28650e+00  3.28000e-02  3.04800e-01  6.82610e+00  9.45310e+00
  7.07500e-01  4.92400e-01  2.19900e-01  2.00100e-01], training NLL = 22970.8828
total f-count: 1385, time: 59.22 min

 Optimization Run 2/2
Initial params: [0.6059, 6.4997, 2.4327, 17.7466, -3.8584, 10.6578, 0.4815, 0.4567, 26.1881, 21.7571, 0.6628, 0.4274, 0.2886, 0.1559]
bads:TooCloseBounds: For each variable, hard and plausible bounds should not be too close. Moving plausible bounds.
Variables (index) internally transformed to log coordinates: [[0 0]
 [0 3]
 [0 5]
 [0 6]]
Beginning optimization of a STOCHASTIC objective function

 Iteration    f-count      E[f(x)]        SD[f(x)]           MeshScale          Method              Actions
     0           1           25782             nan               1                                  
     0          33         24090.5             nan               1          Initial mesh            Initial points
     0          53         23770.8        0.999997               1        Successful poll           Train
     1          58         23647.7        0.999669               1      Successful search (ES-wcm)        
     1          61         23528.3        0.998325               1      Successful search (ES-wcm)        
     1          63         23462.7        0.827188               1      Successful search (ES-wcm)        
     1          66           23461         0.82714               1      Successful search (ES-wcm)        
     1          75         23394.5        0.826707               1      Successful search (ES-wcm)        
     1          76         23350.3        0.826971               1      Successful search (ES-wcm)        
     1          77         23336.1        0.827173               1      Successful search (ES-wcm)        
     1          79         23324.3        0.827174               1      Successful search (ES-wcm)        
     1          86         23303.3        0.827044               1      Successful search (ES-wcm)        
     1          89         23283.5        0.827065               1      Successful search (ES-wcm)        
     1          95         23265.6        0.835467               1      Successful search (ES-wcm)        
     1         107         23242.1        0.827011               1      Successful search (ES-wcm)        
     1         144         23178.1         1.04728               1        Successful poll           
     2         151         23178.1         11.2343               1      Incremental search (ES-ell)        
     2         152         23159.2         12.9437               1      Successful search (ES-ell)        
     2         154         23134.1         13.5108               1      Successful search (ES-ell)        
     2         156         23132.9         12.9295               1      Successful search (ES-ell)        
     2         158         23131.9         14.0325               1      Successful search (ES-ell)        
     2         163         23128.8         11.6652               1      Successful search (ES-ell)        
     2         179         23126.4         10.0643               1      Successful search (ES-ell)        
     2         181           23117         10.7087               1      Successful search (ES-ell)        
     2         191         23098.8         11.3717               1      Successful search (ES-ell)        
     2         234         23098.8         11.3717             0.5          Refine grid             
     3         235         23050.1         11.6979             0.5      Successful search (ES-ell)        
     3         287         23050.1         11.6979            0.25          Refine grid             
     4         288           23083         14.0636            0.25      Successful search (ES-wcm)        
     4         290         23051.7          13.303            0.25      Successful search (ES-wcm)        
     4         295         23050.4         8.07069            0.25      Successful search (ES-wcm)        
     4         296         23040.3         9.89774            0.25      Successful search (ES-ell)        
     4         300         23035.5         6.26286            0.25      Successful search (ES-wcm)        
     4         301           23035         8.47689            0.25      Successful search (ES-wcm)        
     4         341           23035         8.47689           0.125          Refine grid             Train
     5         342         23033.6         6.07457           0.125      Successful search (ES-ell)        
     5         343         23026.1         10.2157           0.125      Successful search (ES-ell)        
     5         344         23023.7          12.166           0.125      Successful search (ES-ell)        
     5         345           22981         13.9856           0.125      Successful search (ES-ell)        
     5         397           22981         13.9856          0.0625          Refine grid             Train
     6         398         22988.2         3.70543          0.0625      Successful search (ES-ell)        
     6         399         22978.4         5.13895          0.0625      Successful search (ES-wcm)        
     6         453         22978.4         5.13895         0.03125          Refine grid             
     7         454         22999.8         3.55791         0.03125      Successful search (ES-wcm)        
     7         456         22997.1         3.60654         0.03125      Successful search (ES-ell)        
     7         457         22993.1          4.6948         0.03125      Successful search (ES-ell)        
     7         458         22991.1         5.98057         0.03125      Successful search (ES-ell)        
     7         460         22989.1         5.00483         0.03125      Successful search (ES-ell)        
     7         461         22985.1         6.67619         0.03125      Successful search (ES-ell)        
     7         509         22984.7         3.43071          0.0625        Successful poll           
     8         510         22973.7         5.07114          0.0625      Successful search (ES-wcm)        
     8         524         22969.6         3.73457          0.0625      Successful search (ES-wcm)        
     8         525         22965.3         7.10882          0.0625      Successful search (ES-wcm)        
     8         534         22961.1         4.84149          0.0625      Successful search (ES-ell)        
     8         535         22958.5         4.62439          0.0625      Successful search (ES-wcm)        
     8         536         22951.4         4.17653          0.0625      Successful search (ES-wcm)        
     8         537         22950.5         4.48187          0.0625      Successful search (ES-wcm)        
     8         538         22947.2         6.55148          0.0625      Successful search (ES-wcm)        
     8         539         22945.3          8.2206          0.0625      Successful search (ES-wcm)        
     8         593         22932.2         12.9833           0.125        Successful poll           
     9         596         22913.1         11.8361           0.125      Successful search (ES-wcm)        
     9         608         22892.6         7.00498           0.125      Successful search (ES-ell)        
     9         662         22892.6         7.00498          0.0625          Refine grid             
    10         663         22908.4         4.49614          0.0625      Successful search (ES-wcm)        
    10         664         22902.5         6.63511          0.0625      Successful search (ES-wcm)        
    10         677         22898.6          6.3982          0.0625      Successful search (ES-ell)        
    10         732         22898.5         6.14549           0.125        Successful poll           
    11         737         22896.6          4.6293           0.125      Successful search (ES-wcm)        
    11         739         22896.5         5.25705           0.125      Successful search (ES-wcm)        
    11         742         22896.4         3.86055           0.125      Successful search (ES-wcm)        
    11         743         22890.4         5.92016           0.125      Successful search (ES-wcm)        
    11         745           22886         7.41743           0.125      Successful search (ES-wcm)        
    11         747         22885.5         7.51175           0.125      Successful search (ES-wcm)        
    11         749         22880.3          9.8105           0.125      Successful search (ES-wcm)        
    11         752         22879.3         5.62579           0.125      Successful search (ES-wcm)        
    11         753         22878.7          7.3845           0.125      Successful search (ES-wcm)        
    11         755         22877.8         7.03007           0.125      Successful search (ES-wcm)        
    11         759         22877.6         4.05766           0.125      Successful search (ES-wcm)        
    11         760         22873.4         5.07847           0.125      Successful search (ES-wcm)        
    11         763         22865.6         5.09034           0.125      Successful search (ES-wcm)        
    11         766         22863.2         4.26326           0.125      Successful search (ES-wcm)        
    11         770         22862.5         4.01247           0.125      Successful search (ES-wcm)        
    11         814         22862.5         4.01247          0.0625          Refine grid             
    12         815         22871.9          4.9082          0.0625      Successful search (ES-ell)        
    12         868         22871.9          4.9082         0.03125          Refine grid             
    13         869           22875         3.20902         0.03125      Successful search (ES-ell)        
    13         870         22874.1         5.07513         0.03125      Successful search (ES-ell)        
    13         871         22873.3         6.70598         0.03125      Successful search (ES-ell)        
    13         872         22869.4         8.00317         0.03125      Successful search (ES-ell)        
    13         874         22866.2         7.21364         0.03125      Successful search (ES-ell)        
    13         876         22865.2         7.39929         0.03125      Successful search (ES-ell)        
    13         897         22849.7         8.56776          0.0625        Successful poll           
    14         898         22876.2         4.32446          0.0625      Successful search (ES-ell)        
    14         953         22876.2         4.32446         0.03125          Refine grid             
    15         954         22860.7         6.93039         0.03125      Successful search (ES-ell)        
    15         955         22850.7         6.69529         0.03125      Successful search (ES-ell)        
    15        1009         22850.7         6.69529        0.015625          Refine grid             
    16        1010         22868.9         2.22007        0.015625      Successful search (ES-ell)        
    16        1011         22867.2         2.30552        0.015625      Successful search (ES-wcm)        
    16        1012         22866.3         2.75143        0.015625      Successful search (ES-wcm)        
    16        1013         22862.9         3.27191        0.015625      Successful search (ES-wcm)        
    16        1014         22861.1         4.09129        0.015625      Successful search (ES-wcm)        
    16        1015           22852         6.34324        0.015625      Successful search (ES-ell)        
    16        1065           22852         6.34324       0.0078125          Refine grid             
    17        1066         22874.4         1.96451       0.0078125      Successful search (ES-ell)        
    17        1067         22872.2         2.39277       0.0078125      Successful search (ES-ell)        
    17        1068         22869.6         3.40581       0.0078125      Successful search (ES-ell)        
    17        1069           22865         4.29276       0.0078125      Successful search (ES-ell)        
    17        1070         22860.4         5.45623       0.0078125      Successful search (ES-wcm)        
    17        1100         22858.6         4.27902        0.015625        Successful poll           Train
    18        1142         22855.3         5.40248       0.0078125          Refine grid             Train
    19        1143         22871.2         1.93427       0.0078125      Successful search (ES-wcm)        
    19        1144         22869.9         2.14197       0.0078125      Successful search (ES-wcm)        
    19        1145           22868         2.50672       0.0078125      Successful search (ES-wcm)        
    19        1146           22866         3.36021       0.0078125      Successful search (ES-wcm)        
    19        1148         22864.9         4.08699       0.0078125      Successful search (ES-ell)        
    19        1149         22864.3         5.83635       0.0078125      Successful search (ES-ell)        
    19        1171         22864.1         11.8667        0.015625        Successful poll           Train
    20        1172         22853.6         6.15477        0.015625      Successful search (ES-ell)        
    20        1227         22853.6         6.15477       0.0078125          Refine grid             
    21        1228         22870.6          1.7115       0.0078125      Successful search (ES-ell)        
    21        1229         22867.9         2.14632       0.0078125      Successful search (ES-ell)        
    21        1230         22864.4           2.653       0.0078125      Successful search (ES-ell)        
    21        1231         22863.3         3.95084       0.0078125      Successful search (ES-wcm)        
    21        1283         22863.3         3.95084      0.00390625          Refine grid             
    22        1284         22871.1         1.64417      0.00390625      Successful search (ES-wcm)        
    22        1285         22870.8         1.87839      0.00390625      Successful search (ES-wcm)        
    22        1286         22869.4         2.25616      0.00390625      Successful search (ES-wcm)        
    22        1287         22868.1         2.82411      0.00390625      Successful search (ES-wcm)        
    22        1288         22862.9         3.83193      0.00390625      Successful search (ES-ell)        
    22        1289           22859          6.1939      0.00390625      Successful search (ES-ell)        
    22        1290         22856.2         7.39643      0.00390625      Successful search (ES-ell)        
    22        1339         22856.2         7.39643      0.00195312          Refine grid             Train
    23        1340         22871.4         1.86509      0.00195312      Successful search (ES-ell)        
    23        1341         22871.4         2.04263      0.00195312      Successful search (ES-wcm)        
    23        1342           22871          2.2728      0.00195312      Successful search (ES-wcm)        
    23        1395           22871          2.2728     0.000976562          Refine grid             Train
Optimization terminated: change in the function value less than options['tol_mesh']
Estimated function value at minimum: 22870.80221276807 ± 1.5150507317044393 (mean ± SEM from 100 samples)
BADS minimum at: x_min = [ 1.0537  5.0566  5.1841  2.9732 -2.9715  3.8652  0.6254  0.2306  6.197
  9.1026  0.7551  0.4667  0.2134  0.2046], training NLL = 22870.8022
total f-count: 1495, time: 64.05 min

 ------- Finish Optimization for Subject 15 ---------- 

 ------- Start Optimization for Subject 20 ---------- 

 Cross Validation fold 0/1

 -- Start Optimization: method BADS --

 Optimization Run 1/2
Initial params: [0.395, 4.014, 6.0486, 19.8947, 4.6323, 17.2699, 2.5639, 0.4818, 15.4719, 29.3077, 0.2303, 0.6021, 0.2316, 0.2644]
bads:TooCloseBounds: For each variable, hard and plausible bounds should not be too close. Moving plausible bounds.
Variables (index) internally transformed to log coordinates: [[0 0]
 [0 3]
 [0 5]
 [0 6]]
Beginning optimization of a STOCHASTIC objective function

 Iteration    f-count      E[f(x)]        SD[f(x)]           MeshScale          Method              Actions
     0           1         27034.5             nan               1                                  
     0          33         26231.8             nan               1          Initial mesh            Initial points
     0          54           26188         0.99926               1        Successful poll           Train
     1          62         26178.6        0.961344               1      Successful search (ES-wcm)        
     1          74           26159        0.898648               1      Successful search (ES-ell)        
     1          76         26156.7        0.894571               1      Successful search (ES-ell)        
     1          77         26123.9        0.899545               1      Successful search (ES-ell)        
     1          78         26081.9        0.923325               1      Successful search (ES-ell)        
     1          79         26001.4        0.927874               1      Successful search (ES-ell)        
     1          80         25586.1         0.93264               1      Successful search (ES-ell)        
     1          85         25490.7        0.930745               1      Successful search (ES-ell)        
     1          89         25458.9        0.922671               1      Successful search (ES-ell)        
     1          90         25449.9        0.922932               1      Successful search (ES-ell)        
     1          92         25438.7          1.2237               1      Successful search (ES-ell)        
     1          96         25296.1         1.22215               1      Successful search (ES-ell)        
     1         105         25228.4         1.16612               1      Successful search (ES-ell)        
     1         106         25209.8         1.20792               1      Successful search (ES-ell)        
     1         118         25194.9         1.18207               1      Successful search (ES-ell)        
     1         134           25180         1.00373               1      Successful search (ES-ell)        
     1         136         25169.3        0.986447               1      Successful search (ES-ell)        
     1         151         25164.9         8.52538               1      Successful search (ES-wcm)        
     1         179         25074.8         12.3168               1        Successful poll           Train
     2         180         25008.1         1.47671               1      Successful search (ES-wcm)        
     2         184         24920.3         1.47664               1      Successful search (ES-wcm)        
     2         186         24913.9         1.47656               1      Successful search (ES-wcm)        
     2         197         24883.5         1.47617               1      Successful search (ES-wcm)        
     2         213         24877.1         1.47301               1      Successful search (ES-wcm)        
     2         219         24863.6         1.39832               1      Successful search (ES-ell)        
     2         220         24852.2         1.41741               1      Successful search (ES-ell)        
     2         222         24838.9          9.9691               1      Successful search (ES-ell)        
     2         223         24806.2         10.0336               1      Successful search (ES-ell)        
     2         225         24749.4         9.98675               1      Successful search (ES-wcm)        
     2         231         24710.7         9.74444               1      Successful search (ES-ell)        
     2         242         24704.2         7.49891               1      Successful search (ES-ell)        
     2         243         24684.9         8.89832               1      Successful search (ES-ell)        
     2         247         24665.3         9.80415               1      Successful search (ES-wcm)        
     2         284         24665.3         9.80415             0.5          Refine grid             
     3         291         24686.1         5.54872             0.5      Successful search (ES-wcm)        
     3         294         24678.8         8.50654             0.5      Successful search (ES-wcm)        
     3         298         24677.5         6.84476             0.5      Successful search (ES-wcm)        
     3         302         24669.6         11.6611             0.5      Successful search (ES-ell)        
     3         305         24663.1          8.5829             0.5      Successful search (ES-ell)        
     3         353         24628.6         18.1219               1        Successful poll           
     4         390         24627.4         18.1003             0.5          Refine grid             
     5         393         24666.8          12.915             0.5      Successful search (ES-ell)        
     5         444         24666.8          12.915            0.25          Refine grid             Train
     6         446           24667         12.0761            0.25      Successful search (ES-wcm)        
     6         451         24664.9         7.57181            0.25      Successful search (ES-wcm)        
     6         453         24656.6          7.9907            0.25      Successful search (ES-ell)        
     6         500         24656.6          7.9907           0.125          Refine grid             
     7         501         24654.1         6.89609           0.125      Successful search (ES-ell)        
     7         503           24644         7.83876           0.125      Successful search (ES-ell)        
     7         516         24643.8          6.5641           0.125      Successful search (ES-ell)        
     7         570         24643.8          6.5641          0.0625          Refine grid             
     8         572         24665.1         2.95145          0.0625      Successful search (ES-wcm)        
     8         573         24655.3         4.49677          0.0625      Successful search (ES-wcm)        
     8         574         24654.5         5.94092          0.0625      Successful search (ES-wcm)        
     8         626         24654.5         5.94092         0.03125          Refine grid             
     9         627           24666         4.60063         0.03125      Successful search (ES-ell)        
     9         628         24664.1         5.38754         0.03125      Successful search (ES-ell)        
     9         629         24659.1         5.89666         0.03125      Successful search (ES-ell)        
     9         630         24656.4          8.8872         0.03125      Successful search (ES-ell)        
     9         632         24645.3         9.99604         0.03125      Successful search (ES-wcm)        
     9         634         24639.1         8.06219         0.03125      Successful search (ES-wcm)        
     9         635         24620.9         13.0816         0.03125      Successful search (ES-wcm)        
     9         637         24610.1         10.5986         0.03125      Successful search (ES-wcm)        
     9         638         24573.9         14.5091         0.03125      Successful search (ES-wcm)        
     9         680           24548         10.3669          0.0625        Successful poll           
    10         697         24521.3         10.8568           0.125        Successful poll           Train
    11         699         24497.4         17.8081           0.125      Successful search (ES-wcm)        
    11         712         24491.9         15.8312           0.125      Successful search (ES-wcm)        
    11         714         24477.7         15.7075           0.125      Successful search (ES-ell)        
    11         749         24458.9         19.1757            0.25        Successful poll           Train
    12         750         24381.9         21.0488            0.25      Successful search (ES-ell)        
    12         751         24354.1          22.542            0.25      Successful search (ES-ell)        
    12         752         24222.5         23.6876            0.25      Successful search (ES-ell)        
    12         756         24205.7         21.6429            0.25      Successful search (ES-ell)        
    12         764         24180.4         20.3776            0.25      Successful search (ES-ell)        
    12         765         23923.5         24.7967            0.25      Successful search (ES-wcm)        
    12         766         23883.8         25.7749            0.25      Successful search (ES-wcm)        
    12         768         23711.3         24.8944            0.25      Successful search (ES-wcm)        
    12         772         23681.1         19.3423            0.25      Successful search (ES-wcm)        
    12         773         23632.8         19.8449            0.25      Successful search (ES-wcm)        
    12         775         23553.3         20.8066            0.25      Successful search (ES-wcm)        
    12         776           23459         23.4024            0.25      Successful search (ES-wcm)        
    12         777         23390.8         22.8793            0.25      Successful search (ES-wcm)        
    12         778         23388.2         19.6418            0.25      Successful search (ES-wcm)        
    12         817         23270.8         24.8457             0.5        Successful poll           Train
    13         818           23146         21.0394             0.5      Successful search (ES-wcm)        
    13         821         22969.7         21.0827             0.5      Successful search (ES-wcm)        
    13         823         22866.2         21.1046             0.5      Successful search (ES-wcm)        
    13         825         22768.8         20.8996             0.5      Successful search (ES-ell)        
    13         830         22718.4         19.1471             0.5      Successful search (ES-ell)        
    13         835         22669.4         19.4322             0.5      Successful search (ES-ell)        
    13         837         22636.3         19.3405             0.5      Successful search (ES-ell)        
    13         840         22635.7          16.705             0.5      Successful search (ES-ell)        
    13         842         22576.3         17.0639             0.5      Successful search (ES-ell)        
    13         844         22535.2         16.0858             0.5      Successful search (ES-ell)        
    13         845         22487.9         20.3136             0.5      Successful search (ES-wcm)        
    13         849         22484.1         16.5637             0.5      Successful search (ES-wcm)        
    13         851         22475.8          14.606             0.5      Successful search (ES-wcm)        
    13         861           22431         20.0473             0.5      Successful search (ES-ell)        
    13         863         22350.6         19.5592             0.5      Successful search (ES-ell)        
    13         865         22262.8         20.0054             0.5      Successful search (ES-ell)        
    13         876         22236.2         17.1165             0.5      Successful search (ES-ell)        
    13         880         22212.8         15.1293             0.5      Successful search (ES-ell)        
    13         883         22207.2         12.8973             0.5      Successful search (ES-ell)        
    13         892         22206.5         12.5016             0.5      Successful search (ES-ell)        
    13         903         22164.9         20.9783             0.5      Successful search (ES-wcm)        
    13         907         22143.7         20.4066             0.5      Successful search (ES-wcm)        
    13         908         22100.1         19.7268             0.5      Successful search (ES-wcm)        
    13         912           22098         13.0446             0.5      Successful search (ES-wcm)        
    13         914         22060.3         15.3925             0.5      Successful search (ES-wcm)        
    13         940         21949.8         16.0788               1        Successful poll           
    14         970         21929.2         15.8947             0.5          Refine grid             Train
    15         973         21992.6         30.2596             0.5      Successful search (ES-wcm)        
    15         977         21897.2         29.1152             0.5      Successful search (ES-wcm)        
    15        1021         21897.2         29.1152            0.25          Refine grid             
    16        1023         21803.3         34.0872            0.25      Successful search (ES-wcm)        
    16        1025         21732.3         32.7201            0.25      Successful search (ES-wcm)        
    16        1026         21726.3         34.0375            0.25      Successful search (ES-wcm)        
    16        1033         21718.6         24.1228            0.25      Successful search (ES-wcm)        
    16        1035         21668.2         26.9828            0.25      Successful search (ES-wcm)        
    16        1038         21665.7         29.8535            0.25      Successful search (ES-wcm)        
    16        1039         21646.7          34.345            0.25      Successful search (ES-wcm)        
    16        1044         21631.3         29.4444            0.25      Successful search (ES-wcm)        
    16        1053         21623.4         24.1476            0.25      Successful search (ES-wcm)        
    16        1054         21558.3         32.8486            0.25      Successful search (ES-wcm)        
    16        1066         21474.9         31.5909            0.25      Successful search (ES-ell)        
    16        1067           21443         33.2025            0.25      Successful search (ES-ell)        
    16        1070           21429         32.4558            0.25      Successful search (ES-ell)        
    16        1071         21321.9         33.7547            0.25      Successful search (ES-ell)        
    16        1074         21244.2         31.7552            0.25      Successful search (ES-ell)        
    16        1075         21233.1         32.0167            0.25      Successful search (ES-ell)        
    16        1081         21228.8         30.1661            0.25      Successful search (ES-wcm)        
    16        1082           21228         29.0806            0.25      Successful search (ES-wcm)        
    16        1093         21180.1         28.1135            0.25      Successful search (ES-wcm)        
    16        1098           21165          27.078            0.25      Successful search (ES-ell)        
    16        1099         21143.8         34.5833            0.25      Successful search (ES-ell)        
    16        1100           21139          33.663            0.25      Successful search (ES-ell)        
    16        1105           21134         29.3809            0.25      Successful search (ES-wcm)        
    16        1146         21103.3         33.3331             0.5        Successful poll           
    17        1149         21101.4         36.5471             0.5      Successful search (ES-ell)        
    17        1164         21001.1         39.8363             0.5      Successful search (ES-wcm)        
    17        1169         20874.7         44.2645             0.5      Successful search (ES-wcm)        
    17        1171         20788.4         43.0454             0.5      Successful search (ES-wcm)        
    17        1173         20784.2         42.4467             0.5      Successful search (ES-wcm)        
    17        1174         20773.4         42.0117             0.5      Successful search (ES-wcm)        
    17        1182         20764.5         29.7245             0.5      Successful search (ES-wcm)        
    17        1184         20716.6         30.6114             0.5      Successful search (ES-wcm)        
    17        1194         20684.5         34.0502             0.5      Successful search (ES-wcm)        
    17        1196         20679.1         36.3554             0.5      Successful search (ES-wcm)        
    17        1197         20598.3         42.9515             0.5      Successful search (ES-ell)        
    17        1199         20594.9         40.1935             0.5      Successful search (ES-ell)        
    17        1207         20584.6         47.8417             0.5      Successful search (ES-wcm)        
    17        1222           20571         43.1648             0.5      Successful search (ES-wcm)        
    17        1227           20560         24.4983             0.5      Successful search (ES-wcm)        
    17        1236         20549.9         35.1669             0.5      Successful search (ES-wcm)        
    17        1237         20516.4          35.066             0.5      Successful search (ES-ell)        
    17        1238         20499.4         35.5816             0.5      Successful search (ES-ell)        
    17        1283         20499.4         35.5816            0.25          Refine grid             
    18        1284         20500.6         27.3081            0.25      Successful search (ES-ell)        
    18        1285         20459.2         29.8099            0.25      Successful search (ES-ell)        
    18        1338         20459.2         29.8099           0.125          Refine grid             
    19        1339         20540.4         16.0973           0.125      Successful search (ES-ell)        
    19        1340         20508.4         22.2497           0.125      Successful search (ES-ell)        
    19        1393         20508.4         22.2497          0.0625          Refine grid             Train
    20        1394         20595.9         8.89423          0.0625      Successful search (ES-ell)        
    20        1395         20568.3          15.263          0.0625      Successful search (ES-ell)        
    20        1396         20529.2         20.5244          0.0625      Successful search (ES-ell)        
    20        1398         20515.2         19.4422          0.0625      Successful search (ES-ell)        
    20        1449         20515.2         19.4422         0.03125          Refine grid             Train
    21        1450         20533.6         6.17544         0.03125      Successful search (ES-ell)        
    21        1451         20513.2          8.9919         0.03125      Successful search (ES-ell)        
    21        1452           20483         12.9073         0.03125      Successful search (ES-ell)        
    21        1453         20465.1         17.0578         0.03125      Successful search (ES-ell)        
    21        1454         20444.6         21.6754         0.03125      Successful search (ES-ell)        
    21        1456         20441.7         21.1268         0.03125      Successful search (ES-wcm)        
    21        1505         20441.7         21.1268        0.015625          Refine grid             
    22        1506         20476.4          5.6366        0.015625      Successful search (ES-wcm)        
    22        1507           20467         5.91473        0.015625      Successful search (ES-wcm)        
    22        1508         20458.2         7.53365        0.015625      Successful search (ES-wcm)        
    22        1509           20452         9.36253        0.015625      Successful search (ES-wcm)        
    22        1510         20428.2         12.5552        0.015625      Successful search (ES-ell)        
    22        1511         20423.4         18.1988        0.015625      Successful search (ES-ell)        
    22        1561         20423.4         18.1988       0.0078125          Refine grid             
    23        1562         20463.4         5.51933       0.0078125      Successful search (ES-ell)        
    23        1564         20461.9         5.50687       0.0078125      Successful search (ES-ell)        
    23        1565         20452.1         5.80474       0.0078125      Successful search (ES-ell)        
    23        1566         20441.2         6.90838       0.0078125      Successful search (ES-ell)        
    23        1591         20401.5          12.199        0.015625        Successful poll           Train
    24        1592         20410.3           12.66        0.015625      Successful search (ES-ell)        
    24        1647         20410.3           12.66       0.0078125          Refine grid             
    25        1648           20433         4.79233       0.0078125      Successful search (ES-ell)        
    25        1649         20429.1         5.65998       0.0078125      Successful search (ES-ell)        
    25        1650         20424.9         7.36852       0.0078125      Successful search (ES-ell)        
    25        1651         20422.1         10.3669       0.0078125      Successful search (ES-ell)        
    25        1703         20422.1         10.3669      0.00390625          Refine grid             
    26        1704         20433.1          4.8125      0.00390625      Successful search (ES-ell)        
    26        1705         20427.5         5.24173      0.00390625      Successful search (ES-ell)        
    26        1706         20418.2         6.52044      0.00390625      Successful search (ES-wcm)        
    26        1707         20409.7         9.17823      0.00390625      Successful search (ES-wcm)        
    26        1759         20409.7         9.17823      0.00195312          Refine grid             Train
    27        1760         20444.3         5.58675      0.00195312      Successful search (ES-wcm)        
    27        1761           20432         6.41962      0.00195312      Successful search (ES-wcm)        
    27        1763         20428.2         7.33904      0.00195312      Successful search (ES-wcm)        
    27        1764         20421.7          8.9418      0.00195312      Successful search (ES-wcm)        
    27        1765         20413.5         10.8916      0.00195312      Successful search (ES-wcm)        
    27        1768         20412.4         10.8237      0.00195312      Successful search (ES-wcm)        
    27        1815         20412.4         10.8237     0.000976562          Refine grid             Train
Optimization terminated: change in the function value less than options['tol_mesh']
Estimated function value at minimum: 20425.59622644158 ± 3.882185177786936 (mean ± SEM from 100 samples)
BADS minimum at: x_min = [ 1.3411  4.2122  4.0241  7.4691  5.0377  3.4679  4.1065  0.0806 29.955
 12.3093  0.6006  0.5941  0.0911  0.0615], training NLL = 20425.5962
total f-count: 1915, time: 82.44 min

 Optimization Run 2/2
Initial params: [1.9646, 6.7846, 3.5195, 12.4029, -1.9212, 35.734, 2.5525, 0.5668, 24.7746, 25.6491, 0.6469, 0.5506, 0.1827, 0.1958]
bads:TooCloseBounds: For each variable, hard and plausible bounds should not be too close. Moving plausible bounds.
Variables (index) internally transformed to log coordinates: [[0 0]
 [0 3]
 [0 5]
 [0 6]]
Beginning optimization of a STOCHASTIC objective function

 Iteration    f-count      E[f(x)]        SD[f(x)]           MeshScale          Method              Actions
     0           1         27034.5             nan               1                                  
     0          33         26254.4             nan               1          Initial mesh            Initial points
     0          55         26191.5         1.00443               1        Successful poll           Train
     1          65         26188.4         1.32222               1      Successful search (ES-ell)        
     1          70         26058.8         1.56435               1      Successful search (ES-ell)        
     1          73           26019         1.56276               1      Successful search (ES-ell)        
     1          74         26017.5         1.56445               1      Successful search (ES-ell)        
     1          77         25944.1          1.5629               1      Successful search (ES-ell)        
     1          83         25942.5         1.52079               1      Successful search (ES-ell)        
     1          84         25906.2         1.55977               1      Successful search (ES-ell)        
     1          90         25890.7         1.49973               1      Successful search (ES-ell)        
     1          92         25849.7         2.10233               1      Successful search (ES-ell)        
     1          94         25820.5         2.07948               1      Successful search (ES-ell)        
     1         100         25815.8         2.11264               1      Successful search (ES-ell)        
     1         101         25797.1          2.1249               1      Successful search (ES-ell)        
     1         103         25795.2         2.11533               1      Successful search (ES-ell)        
     1         105         25777.7         2.12292               1      Successful search (ES-ell)        
     1         108         25674.6         2.13073               1      Successful search (ES-wcm)        
     1         109         25652.7         2.13167               1      Successful search (ES-wcm)        
     1         110         25584.6          2.1314               1      Successful search (ES-wcm)        
     1         112         25315.5         2.13153               1      Successful search (ES-wcm)        
     1         113           25177         2.12947               1      Successful search (ES-ell)        
     1         119         25092.4         2.10844               1      Successful search (ES-ell)        
     1         133           25048        0.857236               1      Successful search (ES-ell)        
     1         135         24971.6        0.852642               1      Successful search (ES-ell)        
     1         169         24954.7         1.38857               1        Successful poll           
     2         178         24898.9         1.37148               1      Successful search (ES-ell)        
     2         185           24878         1.08265               1      Successful search (ES-ell)        
     2         186         24712.2         1.08274               1      Successful search (ES-wcm)        
     2         189         24590.1         1.08269               1      Successful search (ES-wcm)        
     2         192           24556          1.0827               1      Successful search (ES-wcm)        
     2         196         24506.8         1.08267               1      Successful search (ES-wcm)        
     2         202         24430.7         1.08266               1      Successful search (ES-wcm)        
     2         205         24387.7         1.08253               1      Successful search (ES-wcm)        
     2         211         24379.9         1.08247               1      Successful search (ES-wcm)        
     2         216           24369         1.08136               1      Successful search (ES-wcm)        
     2         217           24364         1.08161               1      Successful search (ES-wcm)        
     2         231           24319         1.08113               1      Successful search (ES-wcm)        
     2         232         24315.1         1.08088               1      Successful search (ES-wcm)        
     2         234         24312.7          1.0816               1      Successful search (ES-wcm)        
     2         245           24267         1.08122               1      Successful search (ES-ell)        
     2         276         24189.3         13.5492               1        Successful poll           
     3         307           24274         12.1038             0.5          Refine grid             
     4         311         24250.3         10.3879             0.5      Successful search (ES-ell)        
     4         327         24238.4         17.8839             0.5      Successful search (ES-wcm)        
     4         329         24192.2         17.9483             0.5      Successful search (ES-wcm)        
     4         330         24187.4          18.097             0.5      Successful search (ES-wcm)        
     4         373         24187.4          18.097            0.25          Refine grid             
     5         374         24177.3         15.2867            0.25      Successful search (ES-ell)        
     5         391         24175.6         11.0484            0.25      Successful search (ES-ell)        
     5         392           24171          14.308            0.25      Successful search (ES-ell)        
     5         393         24143.9         15.9063            0.25      Successful search (ES-ell)        
     5         403         24119.1         15.0669            0.25      Successful search (ES-ell)        
     5         417         24112.9         15.2997            0.25      Successful search (ES-ell)        
     5         470         24112.9         15.2997           0.125          Refine grid             Train
     6         471         24111.5         9.53066           0.125      Successful search (ES-ell)        
     6         474         24104.8         11.5224           0.125      Successful search (ES-ell)        
     6         475         24074.8         15.0172           0.125      Successful search (ES-ell)        
     6         477         24073.7         19.2887           0.125      Successful search (ES-wcm)        
     6         479         24069.5         17.5495           0.125      Successful search (ES-ell)        
     6         480         24046.8          18.826           0.125      Successful search (ES-ell)        
     6         526         23897.5         21.9467            0.25        Successful poll           
     7         529         23870.3         20.8533            0.25      Successful search (ES-ell)        
     7         534         23839.6         14.9345            0.25      Successful search (ES-ell)        
     7         535         23804.3         17.1492            0.25      Successful search (ES-ell)        
     7         536         23797.5         18.2471            0.25      Successful search (ES-ell)        
     7         581         23797.5         18.2471           0.125          Refine grid             
     8         582         23784.7         16.1784           0.125      Successful search (ES-ell)        
     8         585         23774.3         13.4641           0.125      Successful search (ES-ell)        
     8         586         23744.1         18.7118           0.125      Successful search (ES-ell)        
     8         588         23710.2         18.9478           0.125      Successful search (ES-ell)        
     8         637         23710.2         18.9478          0.0625          Refine grid             
     9         638         23744.4         10.5438          0.0625      Successful search (ES-ell)        
     9         639         23724.5         16.5373          0.0625      Successful search (ES-ell)        
     9         640         23636.6         22.4683          0.0625      Successful search (ES-wcm)        
     9         641         23488.8         22.5469          0.0625      Successful search (ES-wcm)        
     9         643         23428.5         22.4881          0.0625      Successful search (ES-wcm)        
     9         646         23317.6         22.3506          0.0625      Successful search (ES-wcm)        
     9         647         23299.2         22.3947          0.0625      Successful search (ES-wcm)        
     9         649         23295.7          19.816          0.0625      Successful search (ES-wcm)        
     9         650         23165.9         22.2631          0.0625      Successful search (ES-wcm)        
     9         654         23165.7         17.7025          0.0625      Successful search (ES-wcm)        
     9         655         23146.6         16.3511          0.0625      Successful search (ES-wcm)        
     9         667         23144.1         16.6223          0.0625      Successful search (ES-ell)        
     9         669         23142.9         12.6067          0.0625      Successful search (ES-wcm)        
     9         670         23141.1         14.2279          0.0625      Successful search (ES-wcm)        
     9         673         23140.5         11.2859          0.0625      Successful search (ES-wcm)        
     9         674           23127         20.8762          0.0625      Successful search (ES-ell)        
     9         680         23124.6         20.2864          0.0625      Successful search (ES-ell)        
     9         735         23124.6         20.2864         0.03125          Refine grid             
    10         736         23140.2          6.8729         0.03125      Successful search (ES-ell)        
    10         737         23119.1         7.74529         0.03125      Successful search (ES-wcm)        
    10         738         23101.5         13.2166         0.03125      Successful search (ES-wcm)        
    10         791         23101.5         13.2166        0.015625          Refine grid             
    11         792           23143         4.67403        0.015625      Successful search (ES-wcm)        
    11         793         23137.3         6.38033        0.015625      Successful search (ES-wcm)        
    11         794         23131.2         13.1549        0.015625      Successful search (ES-wcm)        
    11         796         23126.3         11.9213        0.015625      Successful search (ES-wcm)        
    11         798         23125.5         10.1484        0.015625      Successful search (ES-wcm)        
    11         800         23124.7         9.52858        0.015625      Successful search (ES-wcm)        
    11         804         23123.2         7.66527        0.015625      Successful search (ES-wcm)        
    11         805         23117.2         9.29498        0.015625      Successful search (ES-wcm)        
    11         813         23117.2         6.61642        0.015625      Successful search (ES-wcm)        
    11         814         23116.7         6.66671        0.015625      Successful search (ES-wcm)        
    11         815         23115.8          6.8091        0.015625      Successful search (ES-wcm)        
    11         816         23114.6         6.81751        0.015625      Successful search (ES-wcm)        
    11         821         23113.2         6.16166        0.015625      Successful search (ES-ell)        
    11         822         23111.6         6.94875        0.015625      Successful search (ES-ell)        
    11         823         23104.3         9.01069        0.015625      Successful search (ES-ell)        
    11         824         23092.8          11.889        0.015625      Successful search (ES-ell)        
    11         825         23081.2         15.1663        0.015625      Successful search (ES-ell)        
    11         827         23080.1         14.1418        0.015625      Successful search (ES-ell)        
    11         875         23080.1         14.1418       0.0078125          Refine grid             
    12         876         23096.9         3.97213       0.0078125      Successful search (ES-ell)        
    12         877         23095.5         4.36456       0.0078125      Successful search (ES-ell)        
    12         878           23092         5.25337       0.0078125      Successful search (ES-wcm)        
    12         879           23091         7.18599       0.0078125      Successful search (ES-wcm)        
    12         880         23090.8         8.96476       0.0078125      Successful search (ES-ell)        
    12         881         23088.2         12.0055       0.0078125      Successful search (ES-ell)        
    12         884         23087.6         10.1183       0.0078125      Successful search (ES-wcm)        
    12         931         23087.6         10.1183      0.00390625          Refine grid             
    13         932         23093.1         3.85318      0.00390625      Successful search (ES-ell)        
    13         933         23089.6         3.81999      0.00390625      Successful search (ES-wcm)        
    13         934         23084.6         4.21058      0.00390625      Successful search (ES-wcm)        
    13         935         23079.5         5.48771      0.00390625      Successful search (ES-ell)        
    13         936         23074.3         7.54119      0.00390625      Successful search (ES-ell)        
    13         937           23067         11.2733      0.00390625      Successful search (ES-ell)        
    13         938         23053.7         14.3917      0.00390625      Successful search (ES-ell)        
    13         987         23053.7         14.3917      0.00195312          Refine grid             
    14         988         23096.7         3.57458      0.00195312      Successful search (ES-ell)        
    14         989           23096         3.71695      0.00195312      Successful search (ES-ell)        
    14         990         23093.5         3.89318      0.00195312      Successful search (ES-ell)        
    14         991         23091.8         3.92219      0.00195312      Successful search (ES-wcm)        
    14         992         23089.9         3.96096      0.00195312      Successful search (ES-wcm)        
    14         993         23087.4         4.30055      0.00195312      Successful search (ES-wcm)        
    14         994         23082.1         5.58676      0.00195312      Successful search (ES-wcm)        
    14         995         23076.5         7.35785      0.00195312      Successful search (ES-wcm)        
    14         996         23067.3         10.4407      0.00195312      Successful search (ES-wcm)        
    14         997         23059.2         14.6381      0.00195312      Successful search (ES-wcm)        
    14        1043         23059.2         14.6381     0.000976562          Refine grid             Train
Optimization terminated: change in the function value less than options['tol_mesh']
Estimated function value at minimum: 23096.496730932035 ± 2.7464861513151253 (mean ± SEM from 100 samples)
BADS minimum at: x_min = [2.1462 4.1106 3.0251 3.0272 1.1478 9.926  0.2671 0.0676 5.6412 8.8173
 0.8249 0.5458 0.1059 0.1008], training NLL = 23096.4967
total f-count: 1143, time: 48.86 min

 ------- Finish Optimization for Subject 20 ---------- 

 ------- Start Optimization for Subject 25 ---------- 

 Cross Validation fold 0/1

 -- Start Optimization: method BADS --

 Optimization Run 1/2
Initial params: [0.8962, 9.65, 8.5362, 2.615, 0.8456, 40.7733, 1.4595, 0.6825, 17.7674, 24.0258, 0.4229, 0.389, 0.1417, 0.2663]
bads:TooCloseBounds: For each variable, hard and plausible bounds should not be too close. Moving plausible bounds.
Variables (index) internally transformed to log coordinates: [[0 0]
 [0 3]
 [0 5]
 [0 6]]
Beginning optimization of a STOCHASTIC objective function

 Iteration    f-count      E[f(x)]        SD[f(x)]           MeshScale          Method              Actions
     0           1         27038.2             nan               1                                  
     0          33         25274.1             nan               1          Initial mesh            Initial points
     0          47         25093.1        0.924752               1        Successful poll           Train
     1          55           25053        0.904356               1      Successful search (ES-wcm)        
     1          56           25028        0.919764               1      Successful search (ES-wcm)        
     1          69         24991.5         1.04629               1      Successful search (ES-wcm)        
     1          76         24919.8         1.05303               1      Successful search (ES-wcm)        
     1          85           24874         1.05193               1      Successful search (ES-wcm)        
     1          86         24870.4         1.05259               1      Successful search (ES-wcm)        
     1          87         24861.8         1.05046               1      Successful search (ES-ell)        
     1          91         24861.1         1.05273               1      Incremental search (ES-wcm)        
     1          98         24859.6         5.16142               1      Successful search (ES-wcm)        
     1         102         24853.5         5.00872               1      Successful search (ES-wcm)        
     1         103         24850.2         5.13104               1      Successful search (ES-wcm)        
     1         106         24848.8         5.15178               1      Successful search (ES-wcm)        
     1         113         24832.9         5.04596               1      Successful search (ES-wcm)        
     1         114           24818         4.96747               1      Successful search (ES-wcm)        
     1         118         24815.5         5.17682               1      Successful search (ES-wcm)        
     1         127         24785.8         7.03501               1      Successful search (ES-wcm)        
     1         129         24785.7         6.25562               1      Incremental search (ES-ell)        
     1         130         24776.8         6.95004               1      Successful search (ES-ell)        
     1         136         24736.4         6.80783               1      Successful search (ES-ell)        
     1         138         24735.6         6.72446               1      Incremental search (ES-ell)        
     1         141         24723.5         6.20401               1      Successful search (ES-ell)        
     1         153           24720         1.29293               1      Successful search (ES-ell)        
     1         176         24365.2         1.01256               1        Successful poll           
     2         211         24365.2         1.01256             0.5          Refine grid             
     3         212         24757.8         13.1705             0.5      Successful search (ES-ell)        
     3         216         24732.8         11.6864             0.5      Successful search (ES-ell)        
     3         227         24718.9         10.9352             0.5      Successful search (ES-ell)        
     3         279         24716.2         9.03681               1        Successful poll           
     4         280         24700.3         11.8874               1      Successful search (ES-ell)        
     4         281         24616.1         12.2169               1      Successful search (ES-ell)        
     4         286         24576.9         11.8565               1      Successful search (ES-ell)        
     4         294         24542.7         12.0549               1      Successful search (ES-ell)        
     4         299         24533.8         11.7354               1      Successful search (ES-wcm)        
     4         313         24529.2         9.50559               1      Successful search (ES-wcm)        
     4         314           24517          10.423               1      Successful search (ES-ell)        
     4         353           24517          10.423             0.5          Refine grid             
     5         355         24528.8         7.87977             0.5      Successful search (ES-ell)        
     5         404         24528.8         7.87977            0.25          Refine grid             Train
     6         405         24529.4         9.20426            0.25      Successful search (ES-wcm)        
     6         407         24524.7         7.76054            0.25      Successful search (ES-ell)        
     6         458         24524.7         7.76054           0.125          Refine grid             
     7         459         24533.7         3.78771           0.125      Successful search (ES-ell)        
     7         460         24529.2         5.20378           0.125      Successful search (ES-ell)        
     7         463         24513.2         5.22426           0.125      Successful search (ES-ell)        
     7         464         24457.2         7.38175           0.125      Successful search (ES-ell)        
     7         512         24457.2         7.38175          0.0625          Refine grid             
     8         513         24524.2         2.39466          0.0625      Successful search (ES-ell)        
     8         514         24515.6         3.20183          0.0625      Successful search (ES-ell)        
     8         515         24506.4         4.42628          0.0625      Successful search (ES-ell)        
     8         516         24497.4         5.06758          0.0625      Successful search (ES-ell)        
     8         517         24493.8         6.03082          0.0625      Successful search (ES-ell)        
     8         566         24493.8         6.03082         0.03125          Refine grid             
     9         567         24537.4         2.25054         0.03125      Successful search (ES-ell)        
     9         568         24534.5          2.4473         0.03125      Successful search (ES-ell)        
     9         569         24529.7         2.80599         0.03125      Successful search (ES-ell)        
     9         570         24523.8         3.68248         0.03125      Successful search (ES-ell)        
     9         571         24519.8         5.44347         0.03125      Successful search (ES-ell)        
     9         572         24511.2         7.10626         0.03125      Successful search (ES-ell)        
     9         620         24511.2         7.10626        0.015625          Refine grid             Train
    10         621         24535.7         2.15207        0.015625      Successful search (ES-ell)        
    10         622         24533.7         2.20599        0.015625      Successful search (ES-ell)        
    10         623         24531.6         2.43784        0.015625      Successful search (ES-ell)        
    10         624         24529.6         2.98824        0.015625      Successful search (ES-ell)        
    10         625         24525.9         3.73181        0.015625      Successful search (ES-ell)        
    10         627         24524.3         3.97384        0.015625      Successful search (ES-ell)        
    10         628         24523.7         4.92168        0.015625      Successful search (ES-ell)        
    10         674         24523.7         4.92168       0.0078125          Refine grid             
    11         675         24525.9         1.78829       0.0078125      Successful search (ES-wcm)        
    11         676         24521.8         1.71921       0.0078125      Successful search (ES-wcm)        
    11         677         24514.2         1.74379       0.0078125      Successful search (ES-wcm)        
    11         678         24503.2         1.91823       0.0078125      Successful search (ES-wcm)        
    11         679         24489.1         2.12981       0.0078125      Successful search (ES-wcm)        
    11         680         24477.1         2.70697       0.0078125      Successful search (ES-wcm)        
    11         681           24462         3.08086       0.0078125      Successful search (ES-wcm)        
    11         682         24318.5         3.36503       0.0078125      Successful search (ES-ell)        
    11         684         24277.1          4.0313       0.0078125      Successful search (ES-ell)        
    11         728         24277.1          4.0313      0.00390625          Refine grid             
    12         729         24527.9         1.65403      0.00390625      Successful search (ES-ell)        
    12         730         24527.6          1.6979      0.00390625      Successful search (ES-ell)        
    12         731         24525.8         1.75168      0.00390625      Successful search (ES-ell)        
    12         732         24524.3         1.86755      0.00390625      Successful search (ES-wcm)        
    12         733         24522.2         2.01524      0.00390625      Successful search (ES-ell)        
    12         734         24520.3         2.27523      0.00390625      Successful search (ES-ell)        
    12         735         24516.5         2.72394      0.00390625      Successful search (ES-ell)        
    12         736         24513.4         3.32969      0.00390625      Successful search (ES-ell)        
    12         784         24513.4         3.32969      0.00195312          Refine grid             
    13         785         24532.3          2.1764      0.00195312      Successful search (ES-ell)        
    13         786         24531.7         2.19081      0.00195312      Successful search (ES-ell)        
    13         787           24531         2.19417      0.00195312      Successful search (ES-ell)        
    13         788         24530.2         2.21402      0.00195312      Successful search (ES-ell)        
    13         789           24529         2.27682      0.00195312      Successful search (ES-ell)        
    13         790         24527.9          2.3676      0.00195312      Successful search (ES-ell)        
    13         791         24526.3         2.61174      0.00195312      Successful search (ES-ell)        
    13         792         24522.5          2.9293      0.00195312      Successful search (ES-ell)        
    13         793         24518.7         3.41187      0.00195312      Successful search (ES-ell)        
    13         796         24517.6         3.41943      0.00195312      Successful search (ES-ell)        
    13         818         24517.1         4.09897      0.00390625        Successful poll           Train
    14         819         24528.4         3.02599      0.00390625      Successful search (ES-ell)        
    14         820         24527.5         3.08406      0.00390625      Successful search (ES-wcm)        
    14         825           24527         2.67281      0.00390625      Successful search (ES-ell)        
    14         829         24526.3         2.45275      0.00390625      Successful search (ES-ell)        
    14         831         24526.2         2.35681      0.00390625      Successful search (ES-ell)        
    14         832           24526         2.31568      0.00390625      Successful search (ES-ell)        
    14         833         24524.6          2.2832      0.00390625      Successful search (ES-ell)        
    14         835         24523.7         2.21123      0.00390625      Successful search (ES-ell)        
    14         836         24523.6         2.19399      0.00390625      Successful search (ES-ell)        
    14         837         24522.8         2.20443      0.00390625      Successful search (ES-ell)        
    14         838         24521.5         2.26619      0.00390625      Successful search (ES-ell)        
    14         839         24519.4         2.36216      0.00390625      Successful search (ES-ell)        
    14         840         24516.7          2.6339      0.00390625      Successful search (ES-ell)        
    14         842         24513.3         2.82673      0.00390625      Successful search (ES-ell)        
    14         888         24513.3         2.82673      0.00195312          Refine grid             
    15         930         24521.5          1.4921     0.000976562          Refine grid             
Optimization terminated: change in the function value less than options['tol_mesh']
Estimated function value at minimum: 24523.38399026573 ± 1.2235879026224767 (mean ± SEM from 100 samples)
BADS minimum at: x_min = [ 0.6568  1.8453  4.1273  5.0823 -7.5938  5.4383  0.3879  0.4082  4.3514
 17.6536  0.6867  0.361   0.2092  0.1921], training NLL = 24523.384
total f-count: 1030, time: 43.89 min

 Optimization Run 2/2
Initial params: [1.3435, 8.9552, 9.5862, 12.342, 2.0262, 48.5036, 0.1585, 0.386, 18.3511, 28.4554, 0.2583, 0.629, 0.2243, 0.203]
bads:TooCloseBounds: For each variable, hard and plausible bounds should not be too close. Moving plausible bounds.
Variables (index) internally transformed to log coordinates: [[0 0]
 [0 3]
 [0 5]
 [0 6]]
Beginning optimization of a STOCHASTIC objective function

 Iteration    f-count      E[f(x)]        SD[f(x)]           MeshScale          Method              Actions
     0           1         27038.2             nan               1                                  
     0          33         25259.7             nan               1          Initial mesh            Initial points
     0          51         25109.4         1.01049               1        Successful poll           Train
     1          60         25051.1        0.998871               1      Successful search (ES-wcm)        
     1          74         25044.4        0.536369               1      Successful search (ES-ell)        
     1          83         25016.7        0.555192               1      Successful search (ES-ell)        
     1          85         25002.7        0.551155               1      Successful search (ES-ell)        
     1          88         25002.5        0.539691               1      Incremental search (ES-ell)        
     1          91         24999.3         0.54427               1      Successful search (ES-ell)        
     1         117           24905        0.967089               1        Successful poll           
     2         151           24905        0.967089             0.5          Refine grid             Train
     3         152         25016.2         12.7319             0.5      Successful search (ES-ell)        
     3         158         25002.1         12.6981             0.5      Successful search (ES-wcm)        
     3         164         24995.1         7.05097             0.5      Successful search (ES-wcm)        
     3         167         24991.5         13.8558             0.5      Successful search (ES-wcm)        
     3         168           24951         13.3542             0.5      Successful search (ES-ell)        
     3         170         24917.1         14.1193             0.5      Successful search (ES-wcm)        
     3         174           24914         13.0267             0.5      Successful search (ES-ell)        
     3         175         24902.7         13.3085             0.5      Successful search (ES-ell)        
     3         176         24845.5         13.7178             0.5      Successful search (ES-ell)        
     3         182         24823.8         16.9537             0.5      Successful search (ES-wcm)        
     3         226         24769.1         17.4362               1        Successful poll           Train
     4         262         24706.1         15.8494               1        Successful poll           Train
     5         299         24708.5         15.7429             0.5          Refine grid             Train
     6         302         24714.5         7.18731             0.5      Successful search (ES-ell)        
     6         353         24714.5         7.18731            0.25          Refine grid             
     7         354           24718         5.51873            0.25      Successful search (ES-ell)        
     7         355         24715.6         8.36265            0.25      Successful search (ES-ell)        
     7         356         24707.9         11.0597            0.25      Successful search (ES-ell)        
     7         357         24688.8         11.8038            0.25      Successful search (ES-ell)        
     7         358         24682.7         13.7642            0.25      Successful search (ES-ell)        
     7         359         24618.5         14.4228            0.25      Successful search (ES-ell)        
     7         360         24547.6          14.703            0.25      Successful search (ES-ell)        
     7         367         24518.1         12.4263            0.25      Successful search (ES-ell)        
     7         399         24482.2         15.2024             0.5        Successful poll           Train
     8         400           24463         14.4464             0.5      Successful search (ES-ell)        
     8         403         24455.9         13.1829             0.5      Successful search (ES-ell)        
     8         450         24455.9         13.1829            0.25          Refine grid             
     9         451         24462.6         12.2206            0.25      Successful search (ES-ell)        
     9         455         24453.7          11.906            0.25      Successful search (ES-wcm)        
     9         459         24452.9         7.71248            0.25      Successful search (ES-ell)        
     9         460         24450.7         8.31555            0.25      Successful search (ES-ell)        
     9         465         24439.7           10.76            0.25      Successful search (ES-ell)        
     9         469         24438.5         8.51108            0.25      Successful search (ES-ell)        
     9         470         24432.1         10.6939            0.25      Successful search (ES-ell)        
     9         517         24432.1         10.6939           0.125          Refine grid             
    10         518         24446.2          3.8907           0.125      Successful search (ES-ell)        
    10         519         24439.3         7.79654           0.125      Successful search (ES-ell)        
    10         521           24434         8.08091           0.125      Successful search (ES-ell)        
    10         522         24429.7         10.4705           0.125      Successful search (ES-ell)        
    10         524         24422.9         10.3724           0.125      Successful search (ES-ell)        
    10         525         24411.6          12.027           0.125      Successful search (ES-ell)        
    10         571         24397.7         12.8033            0.25        Successful poll           
    11         611         24397.9         12.4392           0.125          Refine grid             
    12         612         24408.1          10.063           0.125      Successful search (ES-wcm)        
    12         616         24405.3         5.44091           0.125      Successful search (ES-wcm)        
    12         620         24405.3         4.84777           0.125      Incremental search (ES-wcm)        
    12         622           24403         5.48623           0.125      Successful search (ES-wcm)        
    12         623         24399.3         6.17467           0.125      Successful search (ES-ell)        
    12         665         24399.3         6.17467          0.0625          Refine grid             
    13         666         24408.4          2.9677          0.0625      Successful search (ES-ell)        
    13         667         24407.7         4.72242          0.0625      Successful search (ES-ell)        
    13         668         24401.4         5.91951          0.0625      Successful search (ES-ell)        
    13         719         24401.4         5.91951         0.03125          Refine grid             
    14         720         24407.6         2.27561         0.03125      Successful search (ES-ell)        
    14         721         24404.5         2.60156         0.03125      Successful search (ES-ell)        
    14         722         24402.1         3.51572         0.03125      Successful search (ES-ell)        
    14         723         24401.6         7.73821         0.03125      Successful search (ES-wcm)        
    14         773         24401.6         7.73821        0.015625          Refine grid             Train
    15         774         24408.4         2.27915        0.015625      Successful search (ES-wcm)        
    15         775         24407.8         2.41424        0.015625      Successful search (ES-wcm)        
    15         776         24405.4         2.74008        0.015625      Successful search (ES-ell)        
    15         777         24404.3         3.28462        0.015625      Successful search (ES-wcm)        
    15         825         24400.5         3.99397         0.03125        Successful poll           Train
    16         826           24396         4.42189         0.03125      Successful search (ES-ell)        
    16         827         24392.9         5.59901         0.03125      Successful search (ES-ell)        
    16         879         24392.9         5.59901        0.015625          Refine grid             
    17         880         24411.2         2.15374        0.015625      Successful search (ES-ell)        
    17         881         24408.8         2.40065        0.015625      Successful search (ES-ell)        
    17         882         24407.2           3.125        0.015625      Successful search (ES-ell)        
    17         883         24404.2         4.15452        0.015625      Successful search (ES-ell)        
    17         933         24404.2         4.15452       0.0078125          Refine grid             
    18         934         24407.3         1.78438       0.0078125      Successful search (ES-ell)        
    18         935         24405.5          1.9668       0.0078125      Successful search (ES-ell)        
    18         936           24404         2.63714       0.0078125      Successful search (ES-ell)        
    18         937         24401.5         3.62851       0.0078125      Successful search (ES-ell)        
    18         987         24401.5         3.62851      0.00390625          Refine grid             Train
    19         988         24408.9         1.72571      0.00390625      Successful search (ES-ell)        
    19         989         24408.6         1.91662      0.00390625      Successful search (ES-ell)        
    19         990         24407.1         2.11368      0.00390625      Successful search (ES-ell)        
    19         991         24406.3         2.74982      0.00390625      Successful search (ES-ell)        
    19        1041         24406.3         2.74982      0.00195312          Refine grid             Train
    20        1042         24408.9          1.7436      0.00195312      Successful search (ES-wcm)        
    20        1043         24408.3         1.74255      0.00195312      Successful search (ES-wcm)        
    20        1044         24407.9         1.82071      0.00195312      Successful search (ES-wcm)        
    20        1045         24407.3         2.09603      0.00195312      Successful search (ES-wcm)        
    20        1046         24406.3         2.43103      0.00195312      Successful search (ES-wcm)        
    20        1048         24406.1         2.61808      0.00195312      Successful search (ES-wcm)        
    20        1084         24403.3         4.49589      0.00390625        Successful poll           
    21        1124         24400.4         4.16308      0.00195312          Refine grid             Train
    22        1125         24411.2         1.29594      0.00195312      Successful search (ES-wcm)        
    22        1135           24411         1.24693      0.00195312      Successful search (ES-ell)        
    22        1136           24411         1.24507      0.00195312      Successful search (ES-ell)        
    22        1139           24411         1.30809      0.00195312      Successful search (ES-ell)        
    22        1140         24410.9         1.37228      0.00195312      Successful search (ES-wcm)        
    22        1141         24410.4         1.48067      0.00195312      Successful search (ES-wcm)        
    22        1144         24409.8         1.60085      0.00195312      Successful search (ES-wcm)        
    22        1145         24409.5         1.73001      0.00195312      Successful search (ES-wcm)        
    22        1146         24409.2         1.92376      0.00195312      Successful search (ES-ell)        
    22        1147         24408.6         2.48265      0.00195312      Successful search (ES-wcm)        
    22        1158         24408.4         2.04055      0.00195312      Successful search (ES-wcm)        
    22        1160         24408.3          2.0012      0.00195312      Successful search (ES-wcm)        
    22        1161         24408.2         1.98402      0.00195312      Successful search (ES-wcm)        
    22        1163         24407.9         1.96974      0.00195312      Successful search (ES-wcm)        
    22        1208         24407.9         1.96974     0.000976562          Refine grid             Train
Optimization terminated: change in the function value less than options['tol_mesh']
Estimated function value at minimum: 24410.39793575505 ± 1.118151858041521 (mean ± SEM from 100 samples)
BADS minimum at: x_min = [ 0.4798  1.5033  5.4936  1.4435 -4.4817  3.3976  0.      0.8226  5.5099
  8.4399  0.6021  0.4912  0.2695  0.232 ], training NLL = 24410.3979
total f-count: 1308, time: 55.69 min

 ------- Finish Optimization for Subject 25 ---------- 
Tue Jun 23 07:09:42 2026       
+---------------------------------------------------------------------------------------+
| NVIDIA-SMI 535.113.01             Driver Version: 535.113.01   CUDA Version: 12.2     |
|-----------------------------------------+----------------------+----------------------+
| GPU  Name                 Persistence-M | Bus-Id        Disp.A | Volatile Uncorr. ECC |
| Fan  Temp   Perf          Pwr:Usage/Cap |         Memory-Usage | GPU-Util  Compute M. |
|                                         |                      |               MIG M. |
|=========================================+======================+======================|
|   0  NVIDIA A100-SXM4-40GB          On  | 00000000:C1:00.0 Off |                    0 |
| N/A   29C    P0              56W / 400W |      2MiB / 40960MiB |     13%      Default |
|                                         |                      |             Disabled |
+-----------------------------------------+----------------------+----------------------+
                                                                                         
+---------------------------------------------------------------------------------------+
| Processes:                                                                            |
|  GPU   GI   CI        PID   Type   Process name                            GPU Memory |
|        ID   ID                                                             Usage      |
|=======================================================================================|
|  No running processes found                                                           |
+---------------------------------------------------------------------------------------+
----------------------------------------
Start job epilogue Tue Jun 23 07:09:43 CEST 2026
----------------------------------------
Job ID:          53757336
Job Exit Code:   0:0
Username:        wenlou
Group:           mpla
Queue:           gpu
Compute nodes:   dccn-c083
Asked resources: walltime=1-00:00:00,nodes=1,cpus=8,mem=2G
Used resources:  cputime=5-10:44:16,walltime=16:20:32,memory=0
----------------------------------------
End job epilogue Tue Jun 23 07:09:43 CEST 2026
----------------------------------------
