----------------------------------------
Start task prologue Wed Oct 15 09:46:43 CEST 2025
----------------------------------------
Step ID:         49232766.
Username:        wenlou
Group:           mpla
Asked resources: walltime=1-00:00:00,nodes=1,cpus=4,mem=2G
Queue:           gpu
Compute nodes:   dccn-c047
----------------------------------------
End task prologue Wed Oct 15 09:46:43 CEST 2025
----------------------------------------
CUDA version:
nvcc: NVIDIA (R) Cuda compiler driver
Copyright (c) 2005-2024 NVIDIA Corporation
Built on Thu_Mar_28_02:18:24_PDT_2024
Cuda compilation tools, release 12.4, V12.4.131
Build cuda_12.4.r12.4/compiler.34097967_0

[WARNING] Please note the interface change for (de-)activating conda environment:

  - DO NOT use `conda activate` to enter the conda environment as it requires extra step to modify your ~/.bashrc file, which will force you to use this Anaconda version (2024.06).  Therefore keep using `source activate` instead.

  - DO use `conda deactivate` to leave your conda environment as `source deactivate` will be deprecated in future release.

Running model for expriment=high_low_vis, m_id=1, method=bads
device is : cuda
['high_low_vis', '1', 'all', 'bads', '2']

 ------- Start Optimization for Subject 2 ---------- 

 Cross Validation fold 0/1

 -- Start Optimization: method BADS --

 Optimization Run 1/2
Initial params: [1.3967, 6.9878, 6.8617, 4.2896, -0.7107, 15.5967, 0.2151, 0.1715, 0.2366, 0.2693, 0.7703, 0.7943]
bads:TooCloseBounds: For each variable, hard and plausible bounds should not be too close. Moving plausible bounds.
Variables (index) internally transformed to log coordinates: [[ 0  0]
 [ 0  3]
 [ 0  9]
 [ 0 10]
 [ 0 11]]
Beginning optimization of a STOCHASTIC objective function

 Iteration    f-count      E[f(x)]        SD[f(x)]           MeshScale          Method              Actions
     0           1           28523             nan               1                                  
     0          28           28523             nan               1          Initial mesh            Initial points
     0          29         27221.1         1.04152               1        Successful poll           Train
     1          31         27035.7         1.04152               1      Successful search (ES-wcm)        
     1          32         26208.2         1.04152               1      Successful search (ES-wcm)        
     1          36         26037.3         1.04151               1      Successful search (ES-wcm)        
     1          37         25742.3         1.04152               1      Successful search (ES-wcm)        
     1          38         23530.5         1.04152               1      Successful search (ES-ell)        
     1          40         21194.6         1.04152               1      Successful search (ES-ell)        
     1          45         21165.5          1.0415               1      Successful search (ES-ell)        
     1          47         20706.5          1.0415               1      Successful search (ES-ell)        
     1          49         20616.3         1.04149               1      Successful search (ES-ell)        
     1          61           20494         1.00221               1      Successful search (ES-ell)        
     1          73         20403.3        0.984261               1      Successful search (ES-ell)        
     1         102         19852.8         1.01541               1        Successful poll           
     2         105         19433.4        0.942679               1      Successful search (ES-ell)        
     2         109         19310.1        0.942679               1      Successful search (ES-ell)        
     2         112         19266.6        0.942675               1      Successful search (ES-ell)        
     2         122         19229.8        0.942641               1      Successful search (ES-ell)        
     2         123         19200.8        0.942656               1      Successful search (ES-ell)        
     2         125         19160.6        0.942678               1      Successful search (ES-wcm)        
     2         133         19126.8         1.00191               1      Successful search (ES-wcm)        
     2         134         19084.8         1.00191               1      Successful search (ES-wcm)        
     2         137         19059.9         1.00191               1      Successful search (ES-wcm)        
     2         144         18968.3         1.00191               1      Successful search (ES-wcm)        
     2         146         18958.1         1.00191               1      Successful search (ES-wcm)        
     2         157         18868.4         1.06672               1      Successful search (ES-wcm)        
     2         161         18842.8         1.06666               1      Successful search (ES-ell)        
     2         168         18813.6         1.06672               1      Successful search (ES-ell)        
     2         204         18813.6         1.06672             0.5          Refine grid             
     3         212         18802.8         1.07061             0.5      Successful search (ES-ell)        
     3         249         18802.8         1.07061            0.25          Refine grid             
     4         284         18734.3        0.958732             0.5        Successful poll           Train
     5         317         18734.3        0.958732            0.25          Refine grid             Train
     6         352         18797.4         0.77998          0.0625          Refine grid             Train
     7         354           18796          1.0692          0.0625      Successful search (ES-wcm)        
     7         367         18789.8         10.3235          0.0625      Successful search (ES-ell)        
     7         368         18658.7         12.3059          0.0625      Successful search (ES-ell)        
     7         411         18658.7         12.3059         0.03125          Refine grid             
     8         412         18783.7         7.06353         0.03125      Successful search (ES-ell)        
     8         413         18767.3         7.62097         0.03125      Successful search (ES-ell)        
     8         414         18748.5         8.96352         0.03125      Successful search (ES-ell)        
     8         415         18722.8         12.5437         0.03125      Successful search (ES-ell)        
     8         458         18722.8         12.5437        0.015625          Refine grid             
     9         493         18824.9         7.33481       0.0078125          Refine grid             Train
    10         528         18851.1        0.829184      0.00390625          Refine grid             Train
    11         529         18879.9         7.79745      0.00390625      Successful search (ES-ell)        
    11         530         18862.9         7.69486      0.00390625      Successful search (ES-ell)        
    11         531         18838.4         7.62484      0.00390625      Successful search (ES-ell)        
    11         532           18806         7.59288      0.00390625      Successful search (ES-ell)        
    11         533         18757.2         7.61005      0.00390625      Successful search (ES-ell)        
    11         534         18698.6         7.80926      0.00390625      Successful search (ES-ell)        
    11         535         18619.9         8.17154      0.00390625      Successful search (ES-ell)        
    11         536         18465.2         9.24545      0.00390625      Successful search (ES-ell)        
    11         537         18328.3         11.0214      0.00390625      Successful search (ES-ell)        
    11         538         18178.1         13.7692      0.00390625      Successful search (ES-ell)        
    11         575         18178.1         13.7692      0.00195312          Refine grid             Train
    12         611         18895.6          8.1982     0.000976562          Refine grid             Train
Optimization terminated: change in the function value less than options['tol_mesh']
Estimated function value at minimum: 18892.288991846945 ± 4.9075178451946595 (mean ± SEM from 100 samples)
BADS minimum at: x_min = [ 1.54940e+00  5.90720e+00  5.26110e+00  1.26000e-02 -3.94300e-01
  1.01636e+01  4.17100e-01  4.56000e-01  5.17600e-01  8.60000e-03
  1.73460e+00  3.15900e-01], training NLL = 18892.289
total f-count: 711, time: 35.71 min

 Optimization Run 2/2
Initial params: [1.0608, 2.8558, 5.8352, 15.9748, -2.6465, 23.0131, 0.4871, 0.1253, 0.206, 0.2418, 0.2282, 0.4847]
bads:TooCloseBounds: For each variable, hard and plausible bounds should not be too close. Moving plausible bounds.
Variables (index) internally transformed to log coordinates: [[ 0  0]
 [ 0  3]
 [ 0  9]
 [ 0 10]
 [ 0 11]]
Beginning optimization of a STOCHASTIC objective function

 Iteration    f-count      E[f(x)]        SD[f(x)]           MeshScale          Method              Actions
     0           1         28064.2             nan               1                                  
     0          28         28064.2             nan               1          Initial mesh            Initial points
     0          29         27544.8         1.00961               1        Successful poll           Train
     1          32         27233.6         1.00961               1      Successful search (ES-wcm)        
     1          36         27042.4         1.00959               1      Successful search (ES-ell)        
     1          37         26777.7          1.0096               1      Successful search (ES-ell)        
     1          38         25281.3         1.00961               1      Successful search (ES-ell)        
     1          40         24042.2         1.00961               1      Successful search (ES-ell)        
     1          44         23463.4         1.00961               1      Successful search (ES-ell)        
     1          51         23246.6         1.00921               1      Successful search (ES-ell)        
     1          52         23183.8         1.00912               1      Successful search (ES-ell)        
     1          59           22856        0.995063               1      Successful search (ES-ell)        
     1          60         22739.8        0.995149               1      Successful search (ES-ell)        
     1          61         22538.7        0.995185               1      Successful search (ES-ell)        
     1          62         22265.3        0.995233               1      Successful search (ES-ell)        
     1          67         22066.4         0.99524               1      Successful search (ES-ell)        
     1          68         22026.5        0.995246               1      Successful search (ES-ell)        
     1          70         21926.5        0.995245               1      Successful search (ES-ell)        
     1          75         21767.9        0.995197               1      Successful search (ES-ell)        
     1          76         21599.6        0.995215               1      Successful search (ES-ell)        
     1          78         20894.9        0.995246               1      Successful search (ES-ell)        
     1          79         20743.8         1.01788               1      Successful search (ES-wcm)        
     1          83         20738.2         1.01787               1      Successful search (ES-ell)        
     1          86         20651.5         1.01785               1      Successful search (ES-ell)        
     1          95         20613.1         1.01633               1      Successful search (ES-ell)        
     1          97         20552.6         1.01378               1      Successful search (ES-ell)        
     1          99         20513.5         1.01388               1      Successful search (ES-ell)        
     1         101         20507.3         1.01195               1      Successful search (ES-ell)        
     1         103         20497.4         1.01664               1      Successful search (ES-ell)        
     1         106         20372.4         1.16873               1      Successful search (ES-ell)        
     1         111         20130.7          1.1681               1      Successful search (ES-ell)        
     1         118         19765.9         1.16782               1      Successful search (ES-ell)        
     1         119         19628.9         1.16844               1      Successful search (ES-ell)        
     1         121         19580.8         1.16828               1      Successful search (ES-ell)        
     1         131         19506.9         1.02775               1      Successful search (ES-ell)        
     1         144         19454.3         1.02011               1      Successful search (ES-ell)        
     1         148         19431.6         1.00438               1      Successful search (ES-ell)        
     1         154         19376.7         1.12389               1      Successful search (ES-ell)        
     1         189         18967.2         1.54712               1        Successful poll           Train
     2         217         18967.2         1.54712             0.5          Refine grid             Train
     3         225         19007.2         1.54698             0.5      Successful search (ES-wcm)        
     3         235           18924         1.54179             0.5      Successful search (ES-wcm)        
     3         274         18885.9         44.1125               1        Successful poll           
     4         302         18899.1          43.884             0.5          Refine grid             
     5         335         19041.6         0.98063           0.125          Refine grid             
     6         336           18975         1.53531           0.125      Successful search (ES-ell)        
     6         341         18951.4          18.755           0.125      Successful search (ES-ell)        
     6         343         18876.6         23.8877           0.125      Successful search (ES-wcm)        
     6         344         18854.6         26.7889           0.125      Successful search (ES-wcm)        
     6         382         18854.6         26.7889          0.0625          Refine grid             
     7         383         18969.9         1.52838          0.0625      Successful search (ES-wcm)        
     7         384         18954.8         1.54147          0.0625      Successful search (ES-wcm)        
     7         385         18894.2         1.54708          0.0625      Successful search (ES-wcm)        
     7         429         18894.2         1.54708         0.03125          Refine grid             
     8         430         18939.8         12.4015         0.03125      Successful search (ES-ell)        
     8         431         18931.1         17.0501         0.03125      Successful search (ES-ell)        
     8         432         18911.5         22.8851         0.03125      Successful search (ES-ell)        
     8         462           18892         27.5273          0.0625        Successful poll           Train
     9         497           18892         27.5641         0.03125          Refine grid             Train
    10         498         18931.2         11.3535         0.03125      Successful search (ES-wcm)        
    10         499         18909.5         21.8898         0.03125      Successful search (ES-wcm)        
    10         524         18858.8          7.4699          0.0625        Successful poll           Train
    11         525         18798.6         17.4644          0.0625      Successful search (ES-wcm)        
    11         571         18798.6         17.4644         0.03125          Refine grid             
    12         572         18928.4         11.4011         0.03125      Successful search (ES-wcm)        
    12         573         18914.4         28.1384         0.03125      Successful search (ES-wcm)        
    12         618         18914.4         28.1384        0.015625          Refine grid             
    13         619         18937.5          9.2077        0.015625      Successful search (ES-wcm)        
    13         620         18925.9         11.4498        0.015625      Successful search (ES-wcm)        
    13         623         18925.4         12.3499        0.015625      Successful search (ES-wcm)        
    13         628           18925          11.329        0.015625      Successful search (ES-wcm)        
    13         631         18922.2          11.357        0.015625      Successful search (ES-ell)        
    13         632         18916.7         14.2995        0.015625      Successful search (ES-ell)        
    13         646         18909.8         9.56263        0.015625      Successful search (ES-ell)        
    13         647         18901.6         10.1226        0.015625      Successful search (ES-ell)        
    13         648         18887.8         11.3357        0.015625      Successful search (ES-ell)        
    13         649         18879.9         13.6901        0.015625      Successful search (ES-ell)        
    13         650         18852.6         16.6445        0.015625      Successful search (ES-ell)        
    13         651         18833.8         20.3639        0.015625      Successful search (ES-ell)        
    13         690         18833.8         20.3639       0.0078125          Refine grid             
    14         691         18919.3         8.37628       0.0078125      Successful search (ES-wcm)        
    14         692         18914.6         9.48096       0.0078125      Successful search (ES-wcm)        
    14         693         18911.1          11.753       0.0078125      Successful search (ES-wcm)        
    14         738         18911.1          11.753      0.00390625          Refine grid             
    15         774           18949         7.83611      0.00195312          Refine grid             Train
    16         775         18949.7         8.46913      0.00195312      Successful search (ES-wcm)        
    16         776         18947.9         8.08124      0.00195312      Successful search (ES-wcm)        
    16         777           18943         7.71667      0.00195312      Successful search (ES-wcm)        
    16         778         18939.1         7.34174      0.00195312      Successful search (ES-wcm)        
    16         779         18931.7         7.17613      0.00195312      Successful search (ES-wcm)        
    16         780         18924.5         7.47298      0.00195312      Successful search (ES-wcm)        
    16         785         18924.1         7.20547      0.00195312      Successful search (ES-wcm)        
    16         822         18924.1         7.20547     0.000976562          Refine grid             
Optimization terminated: change in the function value less than options['tol_mesh']
Estimated function value at minimum: 18932.350669497653 ± 5.051557877273738 (mean ± SEM from 100 samples)
BADS minimum at: x_min = [ 1.2275  5.9956  5.486   0.0168 -0.4477 11.4073  0.3602  0.4243  0.4956
  0.084   1.7921  0.2691], training NLL = 18932.3507
total f-count: 922, time: 47.27 min

 ------- Finish Optimization for Subject 2 ---------- 

 ------- Start Optimization for Subject 3 ---------- 

 Cross Validation fold 0/1

 -- Start Optimization: method BADS --

 Optimization Run 1/2
Initial params: [0.9073, 5.3688, 6.3872, 16.2386, -0.5743, 29.0983, 0.6975, 0.173, 0.1301, 0.1721, 0.5732, 0.318]
bads:TooCloseBounds: For each variable, hard and plausible bounds should not be too close. Moving plausible bounds.
Variables (index) internally transformed to log coordinates: [[ 0  0]
 [ 0  3]
 [ 0  9]
 [ 0 10]
 [ 0 11]]
Beginning optimization of a STOCHASTIC objective function

 Iteration    f-count      E[f(x)]        SD[f(x)]           MeshScale          Method              Actions
     0           1         28522.5             nan               1                                  
     0          28         27649.4             nan               1          Initial mesh            Initial points
     0          29         27624.8        0.992943               1        Successful poll           Train
     1          39         27523.7        0.992123               1      Successful search (ES-wcm)        
     1          75         27330.4        0.978667               1        Successful poll           Train
     2          79         26959.4        0.970613               1      Successful search (ES-wcm)        
     2          80         26623.8        0.970614               1      Successful search (ES-wcm)        
     2          81         26423.2        0.970613               1      Successful search (ES-wcm)        
     2          84         26366.9        0.970608               1      Successful search (ES-ell)        
     2          87         26328.5        0.970612               1      Successful search (ES-wcm)        
     2          88         26084.8        0.970611               1      Successful search (ES-wcm)        
     2          90         25766.1        0.970611               1      Successful search (ES-ell)        
     2          91         25676.6        0.970611               1      Successful search (ES-ell)        
     2          92         24500.2        0.970612               1      Successful search (ES-ell)        
     2          93           23279        0.970609               1      Successful search (ES-ell)        
     2         102           22397        0.970562               1      Successful search (ES-ell)        
     2         104           21903        0.979316               1      Successful search (ES-ell)        
     2         108         21727.5        0.979287               1      Successful search (ES-ell)        
     2         130         20511.3         23.8703               1        Successful poll           Train
     3         131         19998.3         23.8873               1      Successful search (ES-ell)        
     3         132         19851.5         23.9256               1      Successful search (ES-wcm)        
     3         137         19836.7         23.6951               1      Successful search (ES-wcm)        
     3         139         19819.4         23.6442               1      Successful search (ES-wcm)        
     3         140         19262.4         23.8769               1      Successful search (ES-ell)        
     3         144         19216.8         23.7884               1      Successful search (ES-ell)        
     3         145         19089.7         23.7828               1      Successful search (ES-ell)        
     3         147         19072.4         23.7203               1      Successful search (ES-ell)        
     3         150         19007.4         23.0717               1      Successful search (ES-ell)        
     3         153         18936.6         21.3264               1      Successful search (ES-ell)        
     3         160         18885.2          17.893               1      Successful search (ES-ell)        
     3         162         18858.4         19.5128               1      Successful search (ES-ell)        
     3         196         18858.4         19.5128             0.5          Refine grid             Train
     4         198         18824.2         34.8028             0.5      Successful search (ES-ell)        
     4         199         18548.6         41.8816             0.5      Successful search (ES-ell)        
     4         200         18448.7         42.8387             0.5      Successful search (ES-ell)        
     4         206         18398.5         35.5578             0.5      Successful search (ES-ell)        
     4         214         18385.9         22.3849             0.5      Successful search (ES-ell)        
     4         215         18337.2         31.1753             0.5      Successful search (ES-ell)        
     4         217         18329.8         25.1046             0.5      Successful search (ES-ell)        
     4         218         18324.5         29.7516             0.5      Successful search (ES-ell)        
     4         220         18318.3         30.4286             0.5      Successful search (ES-ell)        
     4         240         18301.7         41.6587               1        Successful poll           Train
     5         244         18277.5         45.8319               1      Successful search (ES-ell)        
     5         249         18248.9         34.5223               1      Successful search (ES-ell)        
     5         251         18238.2         34.5769               1      Successful search (ES-ell)        
     5         253         18235.1         46.0747               1      Successful search (ES-ell)        
     5         258         18215.8         42.1667               1      Successful search (ES-ell)        
     5         261         18192.1         41.4201               1      Successful search (ES-ell)        
     5         262         18153.7         40.8279               1      Successful search (ES-ell)        
     5         267         18142.1         43.8549               1      Successful search (ES-ell)        
     5         271         18141.8         35.4343               1      Incremental search (ES-ell)        
     5         281         18140.8         26.7145               1      Incremental search (ES-wcm)        
     5         284           18127         24.2471               1      Successful search (ES-ell)        
     5         285         18119.3         27.0179               1      Successful search (ES-ell)        
     5         294         18116.5         17.0024               1      Successful search (ES-wcm)        
     5         328         18116.5         17.0024             0.5          Refine grid             
     6         332         18119.6         11.4321             0.5      Successful search (ES-ell)        
     6         335         18112.3         15.4945             0.5      Successful search (ES-ell)        
     6         343         18112.1         13.6513             0.5      Incremental search (ES-wcm)        
     6         371         18112.1         13.6513            0.25          Refine grid             Train
     7         373           18119         16.7516            0.25      Successful search (ES-ell)        
     7         375         18104.1          16.534            0.25      Successful search (ES-wcm)        
     7         377         18096.9         19.0868            0.25      Successful search (ES-wcm)        
     7         414         18096.9         19.0868           0.125          Refine grid             
     8         415         18077.5         15.1845           0.125      Successful search (ES-ell)        
     8         417         18048.9         18.5627           0.125      Successful search (ES-ell)        
     8         424         18030.8         15.4728           0.125      Successful search (ES-ell)        
     8         425         17923.4          18.317           0.125      Successful search (ES-ell)        
     8         457         17923.4          18.317          0.0625          Refine grid             
     9         458         18110.4         9.55765          0.0625      Successful search (ES-ell)        
     9         459         18096.6         12.0974          0.0625      Successful search (ES-ell)        
     9         463         18095.1         14.1486          0.0625      Successful search (ES-ell)        
     9         466         18094.2         14.5191          0.0625      Successful search (ES-wcm)        
     9         468         18088.8         15.7622          0.0625      Successful search (ES-wcm)        
     9         484         18036.8          31.413           0.125        Successful poll           Train
    10         485         18025.5         34.5898           0.125      Successful search (ES-ell)        
    10         487         18024.3          30.526           0.125      Successful search (ES-ell)        
    10         497         18023.3         22.2144           0.125      Successful search (ES-wcm)        
    10         500         18017.5         19.8691           0.125      Successful search (ES-ell)        
    10         501         18000.1         22.9796           0.125      Successful search (ES-ell)        
    10         539         18000.1         22.9796          0.0625          Refine grid             
    11         540         18027.9         11.5268          0.0625      Successful search (ES-ell)        
    11         542         18027.7         16.2853          0.0625      Successful search (ES-ell)        
    11         545         18021.8         11.8359          0.0625      Successful search (ES-ell)        
    11         548         17998.9         11.0174          0.0625      Successful search (ES-ell)        
    11         578         17912.6          9.8175           0.125        Successful poll           
    12         581         17853.1         10.6104           0.125      Successful search (ES-ell)        
    12         621         17853.1         10.6104          0.0625          Refine grid             Train
    13         622         18020.2         15.4262          0.0625      Successful search (ES-ell)        
    13         625         18018.7         14.5596          0.0625      Successful search (ES-ell)        
    13         627         18016.5         15.6911          0.0625      Successful search (ES-ell)        
    13         634         18003.8         14.9063          0.0625      Successful search (ES-wcm)        
    13         636         18001.6         12.2532          0.0625      Successful search (ES-wcm)        
    13         637         17992.8         19.5329          0.0625      Successful search (ES-wcm)        
    13         677         17992.8         19.5329         0.03125          Refine grid             
    14         678         18025.8         16.3373         0.03125      Successful search (ES-ell)        
    14         721         18020.4          15.449          0.0625        Successful poll           
    15         723         18027.7         13.7217          0.0625      Successful search (ES-wcm)        
    15         725         18023.4         15.7885          0.0625      Successful search (ES-ell)        
    15         726         18012.9         18.7264          0.0625      Successful search (ES-ell)        
    15         729         18012.5         16.6418          0.0625      Successful search (ES-ell)        
    15         731         18004.9         18.1335          0.0625      Successful search (ES-ell)        
    15         766         18004.9         18.1335         0.03125          Refine grid             Train
    16         767         18008.7         8.81426         0.03125      Successful search (ES-wcm)        
    16         768         18007.6         12.9869         0.03125      Successful search (ES-wcm)        
    16         770         17993.8         11.5579         0.03125      Successful search (ES-wcm)        
    16         771         17989.1         14.2326         0.03125      Successful search (ES-wcm)        
    16         774           17980         13.5934         0.03125      Successful search (ES-ell)        
    16         775         17977.4         15.0057         0.03125      Successful search (ES-wcm)        
    16         812         17977.4         15.0057        0.015625          Refine grid             
    17         813         18025.5         6.52412        0.015625      Successful search (ES-wcm)        
    17         814         18019.3         10.4762        0.015625      Successful search (ES-wcm)        
    17         815         18000.9         11.2435        0.015625      Successful search (ES-wcm)        
    17         816         17992.5         14.9655        0.015625      Successful search (ES-wcm)        
    17         817         17981.1         17.4411        0.015625      Successful search (ES-wcm)        
    17         819           17971         15.4837        0.015625      Successful search (ES-ell)        
    17         820           17945         18.4456        0.015625      Successful search (ES-ell)        
    17         859           17945         18.4456       0.0078125          Refine grid             
    18         860         18029.3         6.61473       0.0078125      Successful search (ES-ell)        
    18         861         18024.8         6.67118       0.0078125      Successful search (ES-ell)        
    18         862         18018.6         7.16777       0.0078125      Successful search (ES-ell)        
    18         863           18011         8.05717       0.0078125      Successful search (ES-ell)        
    18         865         18006.3         8.42915       0.0078125      Successful search (ES-ell)        
    18         866         18000.7         11.0297       0.0078125      Successful search (ES-ell)        
    18         875         17992.4         8.89884       0.0078125      Successful search (ES-wcm)        
    18         876         17987.9         8.88057       0.0078125      Successful search (ES-wcm)        
    18         877         17980.6         9.01513       0.0078125      Successful search (ES-wcm)        
    18         878         17973.2         9.09375       0.0078125      Successful search (ES-wcm)        
    18         879           17958         9.23305       0.0078125      Successful search (ES-wcm)        
    18         880         17939.9         9.75207       0.0078125      Successful search (ES-wcm)        
    18         881         17919.4         11.6548       0.0078125      Successful search (ES-wcm)        
    18         882         17903.4         14.2595       0.0078125      Successful search (ES-wcm)        
    18         883         17859.4         16.0575       0.0078125      Successful search (ES-wcm)        
    18         917         17859.4         16.0575      0.00390625          Refine grid             
    19         918         18034.8         6.01508      0.00390625      Successful search (ES-wcm)        
    19         919         18031.8           6.326      0.00390625      Successful search (ES-ell)        
    19         920         18029.9         6.87218      0.00390625      Successful search (ES-ell)        
    19         921           18024         7.82629      0.00390625      Successful search (ES-ell)        
    19         963           18024         7.82629      0.00195312          Refine grid             
    20         964         18040.8         9.49899      0.00195312      Successful search (ES-ell)        
    20         965         18040.1         9.17307      0.00195312      Successful search (ES-wcm)        
    20         983           18040         7.16924      0.00195312      Successful search (ES-wcm)        
    20         984         18039.7         7.07911      0.00195312      Successful search (ES-wcm)        
    20         988         18038.3         6.73179      0.00195312      Successful search (ES-wcm)        
    20         989         18035.4         6.55017      0.00195312      Successful search (ES-wcm)        
    20        1034         18035.4         6.55017     0.000976562          Refine grid             
Optimization terminated: change in the function value less than options['tol_mesh']
Estimated function value at minimum: 18037.78499668774 ± 3.9691181246440714 (mean ± SEM from 100 samples)
BADS minimum at: x_min = [3.9811 8.5868 8.6116 6.0713 3.0837 8.6345 0.5837 0.4938 0.4089 0.
 1.5104 0.2515], training NLL = 18037.785
total f-count: 1134, time: 62.35 min

 Optimization Run 2/2
Initial params: [0.507, 6.8377, 3.0637, 8.3036, 1.2809, 19.8904, 0.801, 0.2431, 0.1484, 0.6854, 0.115, 0.1239]
bads:TooCloseBounds: For each variable, hard and plausible bounds should not be too close. Moving plausible bounds.
Variables (index) internally transformed to log coordinates: [[ 0  0]
 [ 0  3]
 [ 0  9]
 [ 0 10]
 [ 0 11]]
Beginning optimization of a STOCHASTIC objective function

 Iteration    f-count      E[f(x)]        SD[f(x)]           MeshScale          Method              Actions
     0           1         30125.3             nan               1                                  
     0          28         27694.2             nan               1          Initial mesh            Initial points
     0          29         27677.7         1.00894               1        Successful poll           Train
     1          31         26709.6         1.00894               1      Successful search (ES-wcm)        
     1          38         26518.8         1.00839               1      Successful search (ES-wcm)        
     1          42         25917.3         1.00892               1      Successful search (ES-wcm)        
     1          51         25902.7         1.00791               1      Successful search (ES-wcm)        
     1          55         25777.7        0.993074               1      Successful search (ES-wcm)        
     1          57         25587.9        0.993074               1      Successful search (ES-wcm)        
     1          59           25433        0.993073               1      Successful search (ES-wcm)        
     1          61         25402.1         0.99307               1      Successful search (ES-wcm)        
     1          65           25253         0.99307               1      Successful search (ES-wcm)        
     1          74         25212.7        0.992741               1      Successful search (ES-wcm)        
     1          76         25179.6        0.992859               1      Successful search (ES-wcm)        
     1          81         25150.3        0.999657               1      Successful search (ES-wcm)        
     1          83         25122.5        0.999676               1      Successful search (ES-wcm)        
     1          87         25102.1        0.999676               1      Successful search (ES-wcm)        
     1          90         25065.8        0.999669               1      Successful search (ES-wcm)        
     1          96           24978        0.999519               1      Successful search (ES-ell)        
     1          99         24845.4        0.999157               1      Successful search (ES-ell)        
     1         105         24833.6        0.987174               1      Successful search (ES-ell)        
     1         110         24814.2        0.983256               1      Successful search (ES-ell)        
     1         112           24699        0.984925               1      Successful search (ES-ell)        
     1         129         24601.5         1.14682               1        Successful poll           Train
     2         140         24588.2         1.14278               1      Successful search (ES-ell)        
     2         141         24578.2         1.14498               1      Successful search (ES-ell)        
     2         164         23525.7         1.11217               1        Successful poll           Train
     3         165         23495.7         1.11214               1      Successful search (ES-ell)        
     3         167         23284.5         1.11216               1      Successful search (ES-ell)        
     3         168         23162.4         1.11213               1      Successful search (ES-ell)        
     3         169         23107.8         1.11215               1      Successful search (ES-ell)        
     3         170         23005.8         1.11216               1      Successful search (ES-ell)        
     3         171         23003.4         1.11218               1      Successful search (ES-ell)        
     3         174         22680.6         1.11217               1      Successful search (ES-ell)        
     3         179         22612.3         0.81326               1      Successful search (ES-ell)        
     3         181         22499.4        0.813258               1      Successful search (ES-ell)        
     3         186         22477.3        0.813231               1      Successful search (ES-ell)        
     3         199         22381.7        0.810785               1      Successful search (ES-ell)        
     3         200         22377.6        0.811145               1      Successful search (ES-ell)        
     3         211         22320.1        0.805802               1      Successful search (ES-ell)        
     3         244         22320.1        0.805802             0.5          Refine grid             
     4         256         22318.4        0.964433             0.5      Successful search (ES-ell)        
     4         275         22291.8         2.15222               1        Successful poll           Train
     5         280           22212         2.15223               1      Successful search (ES-ell)        
     5         281         22171.7         2.15224               1      Successful search (ES-ell)        
     5         319         22171.7         2.15224             0.5          Refine grid             
     6         322         22151.2         2.15218             0.5      Successful search (ES-ell)        
     6         330         22135.6         2.15048             0.5      Successful search (ES-ell)        
     6         365         22135.6         2.15048            0.25          Refine grid             
     7         370         22098.2         2.46996            0.25      Successful search (ES-ell)        
     7         373         22097.7         2.46949            0.25      Successful search (ES-ell)        
     7         410         21924.7         49.8518             0.5        Successful poll           
     8         412         21912.9         53.8103             0.5      Successful search (ES-wcm)        
     8         415         21736.3         59.7455             0.5      Successful search (ES-wcm)        
     8         416         21535.2         60.6632             0.5      Successful search (ES-wcm)        
     8         417         21324.7         60.7825             0.5      Successful search (ES-wcm)        
     8         427         21186.9         52.7632             0.5      Successful search (ES-ell)        
     8         438         21173.1         50.1718             0.5      Successful search (ES-ell)        
     8         448         21148.9         60.1536             0.5      Successful search (ES-ell)        
     8         449           20969         63.9781             0.5      Successful search (ES-ell)        
     8         451         20833.1         63.7658             0.5      Successful search (ES-ell)        
     8         453         20767.5         64.8599             0.5      Successful search (ES-ell)        
     8         455         20700.1         65.3354             0.5      Successful search (ES-ell)        
     8         456         20681.7         66.2411             0.5      Successful search (ES-ell)        
     8         459         20637.6         65.4585             0.5      Successful search (ES-ell)        
     8         460         20593.5           67.54             0.5      Successful search (ES-wcm)        
     8         462         20585.5          67.144             0.5      Successful search (ES-wcm)        
     8         466         20535.3          64.546             0.5      Successful search (ES-wcm)        
     8         467         20451.6         65.7072             0.5      Successful search (ES-ell)        
     8         474         20374.1         51.8973             0.5      Successful search (ES-ell)        
     8         483         20353.4         62.4484             0.5      Successful search (ES-ell)        
     8         484           20351         63.0791             0.5      Successful search (ES-ell)        
     8         491         20296.8         40.8224             0.5      Successful search (ES-ell)        
     8         492         20239.7         48.2177             0.5      Successful search (ES-ell)        
     8         496         20184.5         51.0157             0.5      Successful search (ES-ell)        
     8         498         20125.3         64.2793             0.5      Successful search (ES-wcm)        
     8         540         20125.3         64.2793            0.25          Refine grid             
     9         541         20191.7         42.9862            0.25      Successful search (ES-wcm)        
     9         554         20190.5         28.7815            0.25      Successful search (ES-ell)        
     9         556         20159.3         35.0747            0.25      Successful search (ES-ell)        
     9         558         20126.1         41.1651            0.25      Successful search (ES-wcm)        
     9         559         20044.9         56.8254            0.25      Successful search (ES-wcm)        
     9         562         20004.7         42.1696            0.25      Successful search (ES-ell)        
     9         567         19997.6         38.9619            0.25      Successful search (ES-wcm)        
     9         569         19997.2         32.8333            0.25      Successful search (ES-wcm)        
     9         610         19997.2         32.8333           0.125          Refine grid             
    10         611         19986.6         15.1787           0.125      Successful search (ES-ell)        
    10         616         19981.1         15.3179           0.125      Successful search (ES-wcm)        
    10         620         19978.7         14.8686           0.125      Successful search (ES-wcm)        
    10         621         19974.8         15.5846           0.125      Successful search (ES-ell)        
    10         622         19972.7         17.9805           0.125      Successful search (ES-wcm)        
    10         623         19971.8         27.2942           0.125      Successful search (ES-wcm)        
    10         625         19948.2         28.6048           0.125      Successful search (ES-wcm)        
    10         631         19945.9         18.3494           0.125      Successful search (ES-wcm)        
    10         633         19942.2         17.9629           0.125      Successful search (ES-wcm)        
    10         635         19934.8         22.1659           0.125      Successful search (ES-wcm)        
    10         636           19930          34.251           0.125      Successful search (ES-wcm)        
    10         681           19930          34.251          0.0625          Refine grid             
    11         682         19958.6         9.23137          0.0625      Successful search (ES-wcm)        
    11         683         19952.3         13.9315          0.0625      Successful search (ES-wcm)        
    11         688         19951.7         11.1713          0.0625      Successful search (ES-wcm)        
    11         689         19943.9         11.7737          0.0625      Successful search (ES-wcm)        
    11         691         19942.4         12.3688          0.0625      Successful search (ES-wcm)        
    11         692           19933         14.9755          0.0625      Successful search (ES-ell)        
    11         693         19931.9         20.2697          0.0625      Successful search (ES-ell)        
    11         695         19929.7         21.0512          0.0625      Successful search (ES-ell)        
    11         696         19921.1         23.9503          0.0625      Successful search (ES-ell)        
    11         740         19921.1         23.9503         0.03125          Refine grid             
    12         741         19927.3         10.2006         0.03125      Successful search (ES-ell)        
    12         742         19922.3          12.936         0.03125      Successful search (ES-ell)        
    12         743         19913.5         17.1565         0.03125      Successful search (ES-ell)        
    12         744         19907.4         24.1826         0.03125      Successful search (ES-wcm)        
    12         746         19898.4         25.9704         0.03125      Successful search (ES-wcm)        
    12         787         19898.4         25.9704        0.015625          Refine grid             
    13         788         19932.6         9.11016        0.015625      Successful search (ES-wcm)        
    13         789         19931.8         9.34868        0.015625      Successful search (ES-wcm)        
    13         790         19930.6         9.86607        0.015625      Successful search (ES-wcm)        
    13         791         19928.5         12.5723        0.015625      Successful search (ES-ell)        
    13         793         19925.8         13.5992        0.015625      Successful search (ES-wcm)        
    13         814         19917.3         20.6243         0.03125        Successful poll           Train
    14         815           19915         14.3586         0.03125      Successful search (ES-ell)        
    14         816         19899.9         16.8662         0.03125      Successful search (ES-ell)        
    14         817         19897.7         23.4584         0.03125      Successful search (ES-ell)        
    14         860         19897.7         23.4584        0.015625          Refine grid             
    15         861         19930.4         9.45121        0.015625      Successful search (ES-ell)        
    15         862         19922.8         10.8231        0.015625      Successful search (ES-ell)        
    15         863         19918.4         14.2969        0.015625      Successful search (ES-ell)        
    15         866         19909.2         15.4084        0.015625      Successful search (ES-ell)        
    15         867         19903.4         20.8015        0.015625      Successful search (ES-ell)        
    15         868         19896.4         24.7934        0.015625      Successful search (ES-ell)        
    15         874         19893.6          16.377        0.015625      Successful search (ES-ell)        
    15         885         19892.3          11.921        0.015625      Successful search (ES-ell)        
    15         886         19865.9         14.3742        0.015625      Successful search (ES-ell)        
    15         887         19848.8         17.8262        0.015625      Successful search (ES-ell)        
    15         888         19824.6          22.342        0.015625      Successful search (ES-ell)        
    15         889         19819.8         29.3886        0.015625      Successful search (ES-ell)        
    15         890         19814.8         32.8398        0.015625      Successful search (ES-ell)        
    15         931         19814.8         32.8398       0.0078125          Refine grid             
    16         932           19933         7.93935       0.0078125      Successful search (ES-ell)        
    16         933           19925         8.44064       0.0078125      Successful search (ES-ell)        
    16         934         19923.9         9.05502       0.0078125      Successful search (ES-ell)        
    16         935         19916.3         11.4844       0.0078125      Successful search (ES-ell)        
    16         936         19907.5         15.3699       0.0078125      Successful search (ES-ell)        
    16         947         19905.3         11.3623       0.0078125      Successful search (ES-wcm)        
    16         948         19902.8         11.3698       0.0078125      Successful search (ES-wcm)        
    16         951         19902.4         10.9133       0.0078125      Successful search (ES-ell)        
    16         952         19900.1         11.1636       0.0078125      Successful search (ES-ell)        
    16         985           19875         17.2693        0.015625        Successful poll           
    17         986           19884         13.8461        0.015625      Successful search (ES-ell)        
    17         987         19878.2         15.3405        0.015625      Successful search (ES-ell)        
    17         989           19877         16.2814        0.015625      Successful search (ES-ell)        
    17         990         19866.6         21.0046        0.015625      Successful search (ES-ell)        
    17        1032         19866.6         21.0046       0.0078125          Refine grid             
    18        1033         19906.9         13.2731       0.0078125      Successful search (ES-ell)        
    18        1034         19901.2         14.8862       0.0078125      Successful search (ES-ell)        
    18        1035         19893.5         17.0621       0.0078125      Successful search (ES-ell)        
    18        1036         19876.6         20.4034       0.0078125      Successful search (ES-ell)        
    18        1037         19854.9         24.9411       0.0078125      Successful search (ES-ell)        
    18        1079         19854.9         24.9411      0.00390625          Refine grid             Train
    19        1080           19915         10.2101      0.00390625      Successful search (ES-ell)        
    19        1081         19913.6         11.6145      0.00390625      Successful search (ES-ell)        
    19        1090         19912.3         9.83441      0.00390625      Successful search (ES-wcm)        
    19        1091         19908.7         9.96492      0.00390625      Successful search (ES-wcm)        
    19        1092         19905.2         10.9471      0.00390625      Successful search (ES-wcm)        
    19        1093         19901.8         12.3125      0.00390625      Successful search (ES-wcm)        
    19        1094         19901.5         14.6204      0.00390625      Successful search (ES-wcm)        
    19        1095         19894.2         17.0573      0.00390625      Successful search (ES-wcm)        
    19        1096         19884.8         19.8506      0.00390625      Successful search (ES-wcm)        
    19        1106         19882.1         12.7021      0.00390625      Successful search (ES-wcm)        
    19        1107         19879.6           13.06      0.00390625      Successful search (ES-wcm)        
    19        1109         19877.4         13.1746      0.00390625      Successful search (ES-wcm)        
    19        1110         19872.4         13.8438      0.00390625      Successful search (ES-wcm)        
    19        1111         19867.2         14.6675      0.00390625      Successful search (ES-wcm)        
    19        1112         19862.1         14.9293      0.00390625      Successful search (ES-ell)        
    19        1113         19861.8         18.0433      0.00390625      Successful search (ES-wcm)        
    19        1114         19860.4         21.0208      0.00390625      Successful search (ES-wcm)        
    19        1150         19860.4         21.0208      0.00195312          Refine grid             
    20        1151         19903.3         5.11928      0.00195312      Successful search (ES-wcm)        
    20        1152         19899.7         5.37444      0.00195312      Successful search (ES-wcm)        
    20        1153         19898.4          5.5383      0.00195312      Successful search (ES-wcm)        
    20        1154         19896.4         5.83953      0.00195312      Successful search (ES-wcm)        
    20        1155         19892.8         6.58256      0.00195312      Successful search (ES-wcm)        
    20        1156         19891.5         7.94955      0.00195312      Successful search (ES-ell)        
    20        1157         19874.7          9.7534      0.00195312      Successful search (ES-wcm)        
    20        1159         19865.7         12.2599      0.00195312      Successful search (ES-ell)        
    20        1160         19859.4         17.0165      0.00195312      Successful search (ES-ell)        
    20        1161         19845.3         24.3742      0.00195312      Successful search (ES-ell)        
    20        1197         19845.3         24.3742     0.000976562          Refine grid             Train
Optimization terminated: change in the function value less than options['tol_mesh']
Estimated function value at minimum: 19882.36507884577 ± 5.822264088025298 (mean ± SEM from 100 samples)
BADS minimum at: x_min = [ 3.3521  5.0982  4.9152 10.5213  6.7208 29.0424  0.512   0.4474  0.5083
  0.0555  1.9991  0.    ], training NLL = 19882.3651
total f-count: 1297, time: 70.76 min

 ------- Finish Optimization for Subject 3 ---------- 

 ------- Start Optimization for Subject 5 ---------- 

 Cross Validation fold 0/1

 -- Start Optimization: method BADS --

 Optimization Run 1/2
Initial params: [1.4961, 4.0257, 7.0471, 2.2363, -4.3872, 25.359, 0.4374, 0.3202, 0.2132, 0.9526, 0.7416, 0.1602]
bads:TooCloseBounds: For each variable, hard and plausible bounds should not be too close. Moving plausible bounds.
Variables (index) internally transformed to log coordinates: [[ 0  0]
 [ 0  3]
 [ 0  9]
 [ 0 10]
 [ 0 11]]
Beginning optimization of a STOCHASTIC objective function

 Iteration    f-count      E[f(x)]        SD[f(x)]           MeshScale          Method              Actions
     0           1           28176             nan               1                                  
     0          28         28042.7             nan               1          Initial mesh            Initial points
     0          42         27224.3         1.00002               1        Successful poll           Train
     1          43         26659.3         1.00002               1      Successful search (ES-wcm)        
     1          44           24944         1.00002               1      Successful search (ES-wcm)        
     1          50         24443.3        0.999982               1      Successful search (ES-wcm)        
     1          52           24036         0.99996               1      Successful search (ES-wcm)        
     1          53         23442.3        0.999954               1      Successful search (ES-wcm)        
     1          54         23068.8        0.997631               1      Successful search (ES-ell)        
     1          58         22937.8          0.9976               1      Successful search (ES-ell)        
     1          61         22781.9        0.997614               1      Successful search (ES-wcm)        
     1          65         22558.6        0.997007               1      Successful search (ES-wcm)        
     1          75         22529.2        0.977906               1      Successful search (ES-wcm)        
     1          76         22481.1        0.987506               1      Successful search (ES-wcm)        
     1          77           22364        0.995235               1      Successful search (ES-wcm)        
     1          86         22247.4         1.00092               1      Successful search (ES-wcm)        
     1          87         22198.2         1.00093               1      Successful search (ES-wcm)        
     1          89         22071.5         1.00094               1      Successful search (ES-wcm)        
     1          92         21990.4         1.00095               1      Successful search (ES-wcm)        
     1          98         21953.6         1.00091               1      Successful search (ES-wcm)        
     1         100         21713.2         1.00094               1      Successful search (ES-wcm)        
     1         105         21550.6         1.00792               1      Successful search (ES-wcm)        
     1         110         21431.1         1.00791               1      Successful search (ES-wcm)        
     1         112         21300.7         1.00792               1      Successful search (ES-wcm)        
     1         121           21277         1.00784               1      Successful search (ES-wcm)        
     1         122         21132.2         1.00789               1      Successful search (ES-wcm)        
     1         138         21069.6         1.05758               1      Successful search (ES-wcm)        
     1         139         21015.6         1.06279               1      Successful search (ES-wcm)        
     1         144         20993.7         1.06276               1      Successful search (ES-wcm)        
     1         156         20855.9         1.04609               1      Successful search (ES-ell)        
     1         188         19415.4         1.05487               1        Successful poll           Train
     2         192         19415.3         1.05486               1      Incremental search (ES-ell)        
     2         193         19392.5         1.05486               1      Successful search (ES-ell)        
     2         194           19286         1.05486               1      Successful search (ES-ell)        
     2         200         19278.4         1.05486               1      Successful search (ES-ell)        
     2         202         18966.5         1.05486               1      Successful search (ES-ell)        
     2         207         18885.7         1.05486               1      Successful search (ES-ell)        
     2         213         18841.3         1.05486               1      Successful search (ES-ell)        
     2         219         18817.7         1.05485               1      Successful search (ES-ell)        
     2         221         18782.9         1.05486               1      Successful search (ES-ell)        
     2         252         18782.9         1.05486             0.5          Refine grid             Train
     3         283         18783.1         1.14242            0.25          Refine grid             Train
     4         316           18785        0.940482           0.125          Refine grid             Train
     5         349         18787.9        0.942056          0.0625          Refine grid             Train
     6         371         18814.2         24.1581           0.125        Successful poll           Train
     7         373           18811          38.552           0.125      Successful search (ES-wcm)        
     7         416           18811          38.552          0.0625          Refine grid             
     8         417         18825.3         1.26977          0.0625      Successful search (ES-wcm)        
     8         418         18763.7         1.26977          0.0625      Successful search (ES-ell)        
     8         462         18763.7         1.26977         0.03125          Refine grid             Train
     9         466         18757.3        0.927089         0.03125      Successful search (ES-ell)        
     9         476         18737.5        0.851792         0.03125      Successful search (ES-ell)        
     9         490         18713.8        0.850049         0.03125      Successful search (ES-ell)        
     9         532         18713.8        0.850049        0.015625          Refine grid             
    10         536         18756.3         0.92653        0.015625      Successful search (ES-ell)        
    10         537         18745.7        0.926399        0.015625      Successful search (ES-ell)        
    10         544         18705.2         0.90388        0.015625      Successful search (ES-ell)        
    10         578         18705.2         0.90388       0.0078125          Refine grid             
    11         584         18750.1        0.836244       0.0078125      Successful search (ES-ell)        
    11         625         18750.1        0.836244      0.00390625          Refine grid             Train
    12         627         18758.2        0.858796      0.00390625      Successful search (ES-ell)        
    12         628         18757.1        0.911454      0.00390625      Successful search (ES-ell)        
    12         672         18757.1        0.911454      0.00195312          Refine grid             
    13         707         18764.9        0.923214     0.000976562          Refine grid             
Optimization terminated: change in the function value less than options['tol_mesh']
Estimated function value at minimum: 18897.764497439697 ± 5.620793717458576 (mean ± SEM from 100 samples)
BADS minimum at: x_min = [ 4.9996  9.0312  7.459   3.2321  2.0117 10.0781  0.5242  0.4789  0.4101
  0.2599  1.9974  0.3652], training NLL = 18897.7645
total f-count: 807, time: 44.18 min

 Optimization Run 2/2
Initial params: [0.5512, 8.3676, 9.2281, 4.2928, -3.0705, 11.0783, 0.6291, 0.7451, 0.2481, 0.7809, 0.41, 0.9424]
bads:TooCloseBounds: For each variable, hard and plausible bounds should not be too close. Moving plausible bounds.
Variables (index) internally transformed to log coordinates: [[ 0  0]
 [ 0  3]
 [ 0  9]
 [ 0 10]
 [ 0 11]]
Beginning optimization of a STOCHASTIC objective function

 Iteration    f-count      E[f(x)]        SD[f(x)]           MeshScale          Method              Actions
     0           1         26519.5             nan               1                                  
     0          28         26519.5             nan               1          Initial mesh            Initial points
     0          29         26136.8        0.999997               1        Successful poll           Train
     1          31           24455        0.999993               1      Successful search (ES-wcm)        
     1          33         24084.1        0.999991               1      Successful search (ES-wcm)        
     1          34         23987.8        0.999991               1      Successful search (ES-wcm)        
     1          36         23786.6        0.999991               1      Successful search (ES-wcm)        
     1          38         23246.8        0.999985               1      Successful search (ES-wcm)        
     1          40           20882        0.999988               1      Successful search (ES-wcm)        
     1          47         20732.8        0.999418               1      Successful search (ES-wcm)        
     1          50         20707.6        0.999587               1      Successful search (ES-wcm)        
     1          58         20703.3         1.00233               1      Successful search (ES-wcm)        
     1          61         20652.7         1.00227               1      Successful search (ES-wcm)        
     1          62         20526.1         1.00222               1      Successful search (ES-wcm)        
     1          63         20161.9         1.00237               1      Successful search (ES-wcm)        
     1          66         19497.1         1.00238               1      Successful search (ES-wcm)        
     1          72         19314.8         1.00221               1      Successful search (ES-wcm)        
     1          81           19314         1.00691               1      Incremental search (ES-wcm)        
     1          85         19146.3         1.00686               1      Successful search (ES-wcm)        
     1          93           19089         1.00682               1      Successful search (ES-wcm)        
     1          95         19011.3         1.00658               1      Successful search (ES-wcm)        
     1         111         18987.7         1.00193               1      Successful search (ES-wcm)        
     1         124         18953.4        0.979072               1      Successful search (ES-ell)        
     1         150         18944.4         1.00509               1        Successful poll           
     2         159         18823.4         1.02948               1      Successful search (ES-ell)        
     2         191         18823.4         1.02948             0.5          Refine grid             Train
     3         223         18823.7         1.43655            0.25          Refine grid             Train
     4         256         18826.2         1.03455           0.125          Refine grid             Train
     5         290         18845.1         1.02189          0.0625          Refine grid             Train
     6         325         18824.1         1.22615         0.03125          Refine grid             Train
     7         360         18823.7        0.941691        0.015625          Refine grid             Train
     8         395           18877        0.789704      0.00390625          Refine grid             Train
     9         396         18935.6        0.765893      0.00390625      Successful search (ES-ell)        
     9         442         18935.6        0.765893      0.00195312          Refine grid             
    10         477         18980.5        0.403888     0.000976562          Refine grid             
Optimization terminated: change in the function value less than options['tol_mesh']
Estimated function value at minimum: 18999.558513984703 ± 4.613232097318985 (mean ± SEM from 100 samples)
BADS minimum at: x_min = [4.13430e+00 6.55080e+00 8.39210e+00 1.01500e-01 2.19700e-01 1.02002e+01
 4.64500e-01 4.44500e-01 3.82200e-01 7.00000e-03 1.97930e+00 3.48900e-01], training NLL = 18999.5585
total f-count: 577, time: 33.2 min

 ------- Finish Optimization for Subject 5 ---------- 

 ------- Start Optimization for Subject 6 ---------- 

 Cross Validation fold 0/1

 -- Start Optimization: method BADS --

 Optimization Run 1/2
Initial params: [0.1016, 5.1782, 5.7851, 11.3203, 3.6818, 23.0778, 0.2154, 0.535, 0.1298, 0.569, 0.6302, 0.3902]
bads:TooCloseBounds: For each variable, hard and plausible bounds should not be too close. Moving plausible bounds.
Variables (index) internally transformed to log coordinates: [[ 0  0]
 [ 0  3]
 [ 0  9]
 [ 0 10]
 [ 0 11]]
Beginning optimization of a STOCHASTIC objective function

 Iteration    f-count      E[f(x)]        SD[f(x)]           MeshScale          Method              Actions
     0           1         27057.3             nan               1                                  
     0          28         27021.2             nan               1          Initial mesh            Initial points
     0          40         25440.1        0.999989               1        Successful poll           Train
     1          41         24699.2        0.999987               1      Successful search (ES-wcm)        
     1          44           24687         0.99998               1      Successful search (ES-wcm)        
     1          46         24455.6        0.999965               1      Successful search (ES-wcm)        
     1          48           24108        0.999938               1      Successful search (ES-wcm)        
     1          49         23029.2        0.999982               1      Successful search (ES-ell)        
     1          54         22383.4        0.936513               1      Successful search (ES-wcm)        
     1          55         20883.7        0.936508               1      Successful search (ES-wcm)        
     1          58         20028.8        0.936499               1      Successful search (ES-ell)        
     1          64         19926.3        0.936345               1      Successful search (ES-ell)        
     1          72         19861.8        0.935944               1      Successful search (ES-wcm)        
     1          76         19858.4        0.914789               1      Successful search (ES-ell)        
     1          84         19765.2        0.953529               1      Successful search (ES-ell)        
     1          85         19753.2        0.954259               1      Successful search (ES-ell)        
     1          92         19624.3        0.954266               1      Successful search (ES-ell)        
     1         107         19547.9         1.00089               1      Successful search (ES-wcm)        
     1         112         19516.1         1.00088               1      Successful search (ES-wcm)        
     1         119         19435.4          1.0009               1      Successful search (ES-wcm)        
     1         123         19432.6         1.00089               1      Successful search (ES-wcm)        
     1         124         19378.6         1.00087               1      Successful search (ES-ell)        
     1         129         19307.9         1.01915               1      Successful search (ES-ell)        
     1         136         19297.8         1.01885               1      Successful search (ES-ell)        
     1         152         19273.4        0.938632               1        Successful poll           
     2         158         19256.9         1.45863               1      Successful search (ES-ell)        
     2         159         19232.6         1.45899               1      Successful search (ES-ell)        
     2         163         19189.3         1.45731               1      Successful search (ES-ell)        
     2         164         19094.2         1.45913               1      Successful search (ES-wcm)        
     2         171         19093.7         1.45914               1      Incremental search (ES-wcm)        
     2         193         19093.7         1.45914             0.5          Refine grid             Train
     3         199         19059.9         2.11986             0.5      Successful search (ES-wcm)        
     3         223         18979.7         44.5713               1        Successful poll           Train
     4         252         18979.8         44.5711             0.5          Refine grid             Train
     5         254         19006.8         43.8399             0.5      Successful search (ES-ell)        
     5         256         18868.4          43.915             0.5      Successful search (ES-ell)        
     5         258           18831         42.6275             0.5      Successful search (ES-ell)        
     5         263         18724.5         39.3635             0.5      Successful search (ES-ell)        
     5         297         18724.5         39.3635            0.25          Refine grid             Train
     6         299         18796.1         41.1925            0.25      Successful search (ES-ell)        
     6         300         18737.9         48.1305            0.25      Successful search (ES-ell)        
     6         302         18608.4         49.5553            0.25      Successful search (ES-ell)        
     6         307           18608         48.5387            0.25      Successful search (ES-wcm)        
     6         343           18608         48.5387           0.125          Refine grid             
     7         344         18512.5         27.4205           0.125      Successful search (ES-ell)        
     7         390         18512.5         27.4205          0.0625          Refine grid             
     8         391         18539.9         14.3427          0.0625      Successful search (ES-ell)        
     8         392         18493.3         25.1795          0.0625      Successful search (ES-ell)        
     8         393         18458.4         34.9161          0.0625      Successful search (ES-ell)        
     8         394         18439.7         41.6175          0.0625      Successful search (ES-ell)        
     8         436         18439.7         41.6175         0.03125          Refine grid             
     9         437         18512.5         13.1447         0.03125      Successful search (ES-ell)        
     9         438         18488.7         19.9191         0.03125      Successful search (ES-ell)        
     9         440         18452.9         23.3232         0.03125      Successful search (ES-wcm)        
     9         441         18418.1         36.8897         0.03125      Successful search (ES-wcm)        
     9         442         18346.9         47.3551         0.03125      Successful search (ES-wcm)        
     9         482         18346.9         47.3551        0.015625          Refine grid             Train
    10         483         18420.9         9.51502        0.015625      Successful search (ES-wcm)        
    10         484           18419         10.9614        0.015625      Successful search (ES-wcm)        
    10         486         18417.1         11.3277        0.015625      Successful search (ES-wcm)        
    10         530         18417.1         11.3277       0.0078125          Refine grid             Train
    11         531           18425         9.68028       0.0078125      Successful search (ES-wcm)        
    11         533         18423.4         11.1755       0.0078125      Successful search (ES-wcm)        
    11         534         18422.6         12.2355       0.0078125      Successful search (ES-wcm)        
    11         535         18415.7         12.3959       0.0078125      Successful search (ES-wcm)        
    11         536         18414.5         13.1355       0.0078125      Successful search (ES-wcm)        
    11         537         18407.2         14.2121       0.0078125      Successful search (ES-wcm)        
    11         539         18403.5         15.3368       0.0078125      Successful search (ES-wcm)        
    11         540         18378.5         23.1802       0.0078125      Successful search (ES-wcm)        
    11         541         18370.1         36.5167       0.0078125      Successful search (ES-wcm)        
    11         577         18370.1         36.5167      0.00390625          Refine grid             
    12         578         18390.2         9.35803      0.00390625      Successful search (ES-ell)        
    12         579         18390.1         9.50801      0.00390625      Successful search (ES-ell)        
    12         580         18389.7         9.80618      0.00390625      Successful search (ES-wcm)        
    12         581         18386.9         10.0574      0.00390625      Successful search (ES-wcm)        
    12         582         18383.4         11.7854      0.00390625      Successful search (ES-wcm)        
    12         583         18381.6         15.9228      0.00390625      Successful search (ES-wcm)        
    12         584         18380.1         23.9272      0.00390625      Successful search (ES-wcm)        
    12         587         18375.3         20.5561      0.00390625      Successful search (ES-wcm)        
    12         623         18375.3         20.5561      0.00195312          Refine grid             
    13         657         18394.2         8.84383     0.000976562          Refine grid             Train
Optimization terminated: change in the function value less than options['tol_mesh']
Estimated function value at minimum: 18406.714143222292 ± 4.898100273465486 (mean ± SEM from 100 samples)
BADS minimum at: x_min = [4.1905e+00 4.1922e+00 5.7315e+00 5.7030e-01 4.9000e-03 2.5915e+01
 3.1660e-01 3.0470e-01 3.1180e-01 2.9140e-01 1.2916e+00 2.2400e-01], training NLL = 18406.7141
total f-count: 757, time: 43.59 min

 Optimization Run 2/2
Initial params: [1.935, 8.5057, 9.7833, 12.9905, 4.6461, 24.8163, 0.4318, 0.5703, 0.2972, 0.2745, 0.6312, 0.4812]
bads:TooCloseBounds: For each variable, hard and plausible bounds should not be too close. Moving plausible bounds.
Variables (index) internally transformed to log coordinates: [[ 0  0]
 [ 0  3]
 [ 0  9]
 [ 0 10]
 [ 0 11]]
Beginning optimization of a STOCHASTIC objective function

 Iteration    f-count      E[f(x)]        SD[f(x)]           MeshScale          Method              Actions
     0           1         26645.8             nan               1                                  
     0          28         26645.8             nan               1          Initial mesh            Initial points
     0          34         24242.3        0.999977               1        Successful poll           Train
     1          37         23598.9        0.999946               1      Successful search (ES-wcm)        
     1          42         22831.2        0.999745               1      Successful search (ES-wcm)        
     1          43           22619        0.999819               1      Successful search (ES-wcm)        
     1          44         22563.8        0.999866               1      Successful search (ES-wcm)        
     1          45         22373.4        0.999935               1      Successful search (ES-wcm)        
     1          49           22012         0.99995               1      Successful search (ES-wcm)        
     1          55         21939.7         1.00228               1      Successful search (ES-wcm)        
     1          76         21865.9         1.00243               1        Successful poll           
     2          79         21648.4        0.975156               1      Successful search (ES-wcm)        
     2          80         21628.3        0.975156               1      Successful search (ES-wcm)        
     2          86         21581.6        0.975155               1      Successful search (ES-wcm)        
     2          89         21308.7        0.975156               1      Successful search (ES-wcm)        
     2          99         21274.1        0.975145               1      Successful search (ES-wcm)        
     2         103         21267.3        0.975156               1      Successful search (ES-wcm)        
     2         108         21242.4         1.04738               1      Successful search (ES-wcm)        
     2         110         20763.8         1.04736               1      Successful search (ES-ell)        
     2         114         20649.2         1.04738               1      Successful search (ES-ell)        
     2         118         20218.6         1.04737               1      Successful search (ES-ell)        
     2         122         20168.6         1.04725               1      Successful search (ES-ell)        
     2         124         20104.3         1.04725               1      Successful search (ES-ell)        
     2         132         20035.7        0.939557               1      Successful search (ES-ell)        
     2         141         19981.3        0.939419               1      Successful search (ES-ell)        
     2         142         19912.4        0.939266               1      Successful search (ES-ell)        
     2         176         19912.4        0.939266             0.5          Refine grid             
     3         207         19636.7         1.00296               1        Successful poll           
     4         208           19623         1.00296               1      Successful search (ES-ell)        
     4         209         19258.9         1.00296               1      Successful search (ES-ell)        
     4         213         19018.3         1.00296               1      Successful search (ES-ell)        
     4         223           18914         1.00293               1      Successful search (ES-ell)        
     4         228         18807.3         1.00287               1      Successful search (ES-ell)        
     4         240         18780.6        0.694951               1      Successful search (ES-ell)        
     4         241         18641.3        0.694956               1      Successful search (ES-ell)        
     4         242         18636.8        0.694957               1      Successful search (ES-ell)        
     4         251         18606.8        0.694954               1      Successful search (ES-ell)        
     4         252         18421.9        0.694958               1      Successful search (ES-wcm)        
     4         254         18408.3        0.694959               1      Successful search (ES-wcm)        
     4         263         18399.4        0.694956               1      Successful search (ES-ell)        
     4         265         18384.1        0.694959               1      Successful search (ES-wcm)        
     4         293         18384.1        0.694959             0.5          Refine grid             
     5         300         18379.5         0.69493             0.5      Successful search (ES-wcm)        
     5         334         18379.5         0.69493            0.25          Refine grid             
     6         364           18381         28.7394             0.5        Successful poll           
     7         370         18397.9         32.4663             0.5      Successful search (ES-wcm)        
     7         378         18389.1         35.6623             0.5      Successful search (ES-ell)        
     7         417         18389.1         35.6623            0.25          Refine grid             Train
     8         419         18349.9         1.15525            0.25      Successful search (ES-ell)        
     8         422         18323.9         1.15521            0.25      Successful search (ES-ell)        
     8         424         18248.7          1.1551            0.25      Successful search (ES-ell)        
     8         461         18248.7          1.1551           0.125          Refine grid             Train
     9         473         18244.6         1.09469           0.125      Successful search (ES-ell)        
     9         506         18244.6         1.09469          0.0625          Refine grid             
    10         513         18257.9         1.17509          0.0625      Successful search (ES-wcm)        
    10         542         18235.4         1.18828           0.125        Successful poll           
    11         543         18228.2         1.18827           0.125      Successful search (ES-wcm)        
    11         587         18228.2         1.18827          0.0625          Refine grid             Train
    12         622         18232.7         1.04107         0.03125          Refine grid             Train
    13         657         18235.5         1.18826       0.0078125          Refine grid             Train
    14         658         18257.2         1.13892       0.0078125      Successful search (ES-wcm)        
    14         705         18257.2         1.13892      0.00390625          Refine grid             
    15         741         18298.8        0.521058      0.00195312          Refine grid             
    16         777         18315.8         18.3447     0.000976562          Refine grid             Train
Optimization terminated: change in the function value less than options['tol_mesh']
Estimated function value at minimum: 18355.780470698377 ± 5.417593595355605 (mean ± SEM from 100 samples)
BADS minimum at: x_min = [ 4.8942  6.9413  7.6358 11.8941  6.7688  8.8065  0.5026  0.4662  0.2847
  0.7022  1.3723  0.1958], training NLL = 18355.7805
total f-count: 877, time: 50.59 min

 ------- Finish Optimization for Subject 6 ---------- 

 ------- Start Optimization for Subject 11 ---------- 

 Cross Validation fold 0/1

 -- Start Optimization: method BADS --

 Optimization Run 1/2
Initial params: [0.9009, 8.1542, 13.2912, 2.8997, 0.2777, 15.4102, 0.6973, 0.2616, 0.1156, 0.0185, 0.6733, 0.3969]
bads:TooCloseBounds: For each variable, hard and plausible bounds should not be too close. Moving plausible bounds.
Variables (index) internally transformed to log coordinates: [[ 0  0]
 [ 0  3]
 [ 0  9]
 [ 0 10]
 [ 0 11]]
Beginning optimization of a STOCHASTIC objective function

 Iteration    f-count      E[f(x)]        SD[f(x)]           MeshScale          Method              Actions
     0           1         26689.6             nan               1                                  
     0          28         26689.6             nan               1          Initial mesh            Initial points
     0          29         26425.1         1.00001               1        Successful poll           Train
     1          30           25933         1.00001               1      Successful search (ES-wcm)        
     1          31         22950.9         1.00001               1      Successful search (ES-wcm)        
     1          34         21504.5               1               1      Successful search (ES-wcm)        
     1          47         21481.5         0.99932               1      Successful search (ES-wcm)        
     1          51         21475.3        0.993067               1      Successful search (ES-wcm)        
     1          52         21408.8        0.998287               1      Successful search (ES-wcm)        
     1          53         21333.1        0.998647               1      Successful search (ES-wcm)        
     1          61           21076         1.00816               1      Successful search (ES-wcm)        
     1          62         21031.4         1.00837               1      Successful search (ES-wcm)        
     1          73         20861.5         1.00827               1      Successful search (ES-wcm)        
     1          75         20762.7         1.00754               1      Successful search (ES-wcm)        
     1          81         20752.3         0.98615               1      Successful search (ES-wcm)        
     1          82         20705.3        0.986133               1      Successful search (ES-wcm)        
     1          83         20480.2        0.986148               1      Successful search (ES-wcm)        
     1          84         20452.6         0.98616               1      Successful search (ES-wcm)        
     1          86         20435.6        0.986153               1      Successful search (ES-wcm)        
     1          87         20377.9        0.986158               1      Successful search (ES-wcm)        
     1          89         20083.9        0.986157               1      Successful search (ES-wcm)        
     1          91         19919.4        0.986158               1      Successful search (ES-wcm)        
     1          97           19919        0.986113               1      Incremental search (ES-wcm)        
     1         110         19898.3        0.994402               1      Successful search (ES-wcm)        
     1         112         19893.3        0.993544               1      Successful search (ES-ell)        
     1         119         19880.1        0.994458               1      Successful search (ES-wcm)        
     1         124         19879.8        0.986791               1      Incremental search (ES-ell)        
     1         125         19800.4        0.994351               1      Successful search (ES-wcm)        
     1         137         19788.5         1.00392               1      Successful search (ES-wcm)        
     1         168         19788.5         1.00392             0.5          Refine grid             Train
     2         173         19777.7         0.88004             0.5      Successful search (ES-wcm)        
     2         176         19720.8        0.879993             0.5      Successful search (ES-ell)        
     2         191         19708.7        0.999362             0.5      Successful search (ES-wcm)        
     2         193           19654         1.00146             0.5      Successful search (ES-ell)        
     2         198         19562.5         1.00136             0.5      Successful search (ES-ell)        
     2         203         19497.8          1.0014             0.5      Successful search (ES-wcm)        
     2         238         19497.8          1.0014            0.25          Refine grid             
     3         272         19482.6        0.800704             0.5        Successful poll           Train
     4         276         19533.5         30.7318             0.5      Successful search (ES-wcm)        
     4         318         19533.5         30.7318            0.25          Refine grid             
     5         319         19575.9         31.0962            0.25      Successful search (ES-ell)        
     5         320         19567.2         48.4994            0.25      Successful search (ES-ell)        
     5         321         19526.3         52.7489            0.25      Successful search (ES-ell)        
     5         323         19479.7         52.6999            0.25      Successful search (ES-ell)        
     5         328         19475.1          54.036            0.25      Successful search (ES-wcm)        
     5         329         19421.3         55.1159            0.25      Successful search (ES-wcm)        
     5         364           19388          60.189             0.5        Successful poll           
     6         367         19368.9         54.1062             0.5      Successful search (ES-wcm)        
     6         368         19318.3         59.7689             0.5      Successful search (ES-ell)        
     6         369         19212.9          61.175             0.5      Successful search (ES-ell)        
     6         374         19200.4         49.0352             0.5      Successful search (ES-ell)        
     6         377         19182.7         60.2112             0.5      Successful search (ES-ell)        
     6         380         19031.3         62.9114             0.5      Successful search (ES-wcm)        
     6         422         18915.1         42.9543               1        Successful poll           
     7         453         18923.3         42.4656             0.5          Refine grid             Train
     8         454         18945.2         57.0535             0.5      Successful search (ES-ell)        
     8         497         18881.6         58.5763               1        Successful poll           
     9         504         18884.7         56.1102               1      Successful search (ES-wcm)        
     9         506         18782.9         54.0899               1      Successful search (ES-wcm)        
     9         508           18750         50.6325               1      Successful search (ES-wcm)        
     9         512         18683.1          53.055               1      Successful search (ES-ell)        
     9         515         18583.6         52.0427               1      Successful search (ES-ell)        
     9         518         18536.9         50.9626               1      Successful search (ES-ell)        
     9         520         18499.1          51.085               1      Successful search (ES-ell)        
     9         526         18496.6         49.5234               1      Successful search (ES-ell)        
     9         528           18486         50.3095               1      Successful search (ES-wcm)        
     9         529           18363         52.3677               1      Successful search (ES-wcm)        
     9         533         18326.8         48.2378               1      Successful search (ES-ell)        
     9         539         18324.1         43.4284               1      Successful search (ES-ell)        
     9         540         18307.8         51.7882               1      Successful search (ES-wcm)        
     9         545         18270.6         38.3259               1      Successful search (ES-ell)        
     9         549         18041.6         49.5986               1      Successful search (ES-ell)        
     9         554         18010.9         41.2984               1      Successful search (ES-ell)        
     9         586         18005.7         52.7006               1        Successful poll           
    10         615         18005.4         52.6981             0.5          Refine grid             
    11         617           18030         49.6057             0.5      Successful search (ES-ell)        
    11         629         18000.9         33.6573             0.5      Successful search (ES-ell)        
    11         631         17947.6         39.1782             0.5      Successful search (ES-ell)        
    11         672         17947.6         39.1782            0.25          Refine grid             
    12         673         17961.7         28.1139            0.25      Successful search (ES-ell)        
    12         719         17961.7         28.1139           0.125          Refine grid             
    13         720         17948.1         12.5719           0.125      Successful search (ES-wcm)        
    13         722         17945.3         13.0899           0.125      Successful search (ES-wcm)        
    13         723         17944.6           17.43           0.125      Successful search (ES-wcm)        
    13         726         17940.8         16.9558           0.125      Successful search (ES-wcm)        
    13         728         17939.5         15.7035           0.125      Successful search (ES-wcm)        
    13         767         17939.5         15.7035          0.0625          Refine grid             Train
    14         768         17941.9         8.88913          0.0625      Successful search (ES-wcm)        
    14         769         17937.7         14.6285          0.0625      Successful search (ES-wcm)        
    14         815         17937.7         14.6285         0.03125          Refine grid             Train
    15         816         17948.1         6.94868         0.03125      Successful search (ES-ell)        
    15         817         17941.5          7.9233         0.03125      Successful search (ES-ell)        
    15         818         17939.1         11.6062         0.03125      Successful search (ES-ell)        
    15         819         17937.9         16.5158         0.03125      Successful search (ES-ell)        
    15         863         17937.9         16.5158        0.015625          Refine grid             
    16         864         17952.9         6.07558        0.015625      Successful search (ES-wcm)        
    16         865         17947.6         5.88197        0.015625      Successful search (ES-wcm)        
    16         866         17945.5         6.14354        0.015625      Successful search (ES-wcm)        
    16         867         17939.9         7.83867        0.015625      Successful search (ES-ell)        
    16         868         17935.5         12.3425        0.015625      Successful search (ES-ell)        
    16         873         17911.6         9.89344        0.015625      Successful search (ES-ell)        
    16         874         17858.9         10.2425        0.015625      Successful search (ES-ell)        
    16         875         17807.7         11.2374        0.015625      Successful search (ES-ell)        
    16         911         17807.7         11.2374       0.0078125          Refine grid             
    17         947         17950.8          6.6149      0.00390625          Refine grid             Train
    18         948         17962.5         6.13688      0.00390625      Successful search (ES-ell)        
    18         949         17962.4          6.1334      0.00390625      Successful search (ES-ell)        
    18         950         17960.5         6.26447      0.00390625      Successful search (ES-ell)        
    18         951         17954.7         5.89675      0.00390625      Successful search (ES-wcm)        
    18         952         17951.1         5.76768      0.00390625      Successful search (ES-wcm)        
    18         953         17946.4         5.91886      0.00390625      Successful search (ES-wcm)        
    18         954         17941.8         6.59694      0.00390625      Successful search (ES-wcm)        
    18         955         17937.6         8.27118      0.00390625      Successful search (ES-wcm)        
    18         957         17934.3         9.97424      0.00390625      Successful search (ES-wcm)        
    18         958         17933.5          15.483      0.00390625      Successful search (ES-wcm)        
    18         995         17933.5          15.483      0.00195312          Refine grid             Train
    19         997         17942.7          6.8348      0.00195312      Successful search (ES-ell)        
    19         998         17942.2         6.77923      0.00195312      Successful search (ES-ell)        
    19         999         17942.1         6.72999      0.00195312      Successful search (ES-ell)        
    19        1000         17940.7         6.73835      0.00195312      Successful search (ES-ell)        
    19        1001         17940.5         6.88535      0.00195312      Successful search (ES-ell)        
    19        1002         17937.9         7.11688      0.00195312      Successful search (ES-ell)        
    19        1003         17932.6         7.68198      0.00195312      Successful search (ES-ell)        
    19        1004         17930.3         8.97938      0.00195312      Successful search (ES-ell)        
    19        1005         17923.5         11.0982      0.00195312      Successful search (ES-ell)        
    19        1006         17915.6         15.7957      0.00195312      Successful search (ES-wcm)        
    19        1043         17915.6         15.7957     0.000976562          Refine grid             
Optimization terminated: change in the function value less than options['tol_mesh']
Estimated function value at minimum: 17934.046632720696 ± 4.646795625200484 (mean ± SEM from 100 samples)
BADS minimum at: x_min = [ 1.83570e+00  6.24020e+00  5.39710e+00  2.00000e-04 -1.28700e-01
  1.06325e+01  3.85500e-01  4.14000e-01  4.17300e-01  1.00000e-04
  1.14280e+00  2.66100e-01], training NLL = 17934.0466
total f-count: 1143, time: 66.51 min

 Optimization Run 2/2
Initial params: [0.9719, 3.4904, 3.489, 13.028, 1.4012, 14.4715, 0.3671, 0.238, 0.2443, 0.4986, 0.6428, 0.2109]
bads:TooCloseBounds: For each variable, hard and plausible bounds should not be too close. Moving plausible bounds.
Variables (index) internally transformed to log coordinates: [[ 0  0]
 [ 0  3]
 [ 0  9]
 [ 0 10]
 [ 0 11]]
Beginning optimization of a STOCHASTIC objective function

 Iteration    f-count      E[f(x)]        SD[f(x)]           MeshScale          Method              Actions
     0           1         28753.8             nan               1                                  
     0          28         27967.1             nan               1          Initial mesh            Initial points
     0          44         27140.6          1.0153               1        Successful poll           Train
     1          45         26224.4          1.0153               1      Successful search (ES-ell)        
     1          46         22970.6         1.01531               1      Successful search (ES-ell)        
     1          47         22103.4         1.01531               1      Successful search (ES-ell)        
     1          52         20993.7          1.0153               1      Successful search (ES-ell)        
     1          56         20515.4        0.999854               1      Successful search (ES-ell)        
     1          61         20511.7        0.999824               1      Successful search (ES-ell)        
     1          62         20357.2        0.999859               1      Successful search (ES-wcm)        
     1          63         20324.7        0.999845               1      Successful search (ES-ell)        
     1          67         20318.6        0.998898               1      Successful search (ES-ell)        
     1          68         20318.3        0.999681               1      Incremental search (ES-ell)        
     1          74         20271.8        0.999247               1      Successful search (ES-ell)        
     1          75         20210.3        0.999131               1      Successful search (ES-ell)        
     1          78         20022.9        0.998877               1      Successful search (ES-ell)        
     1          88           19970        0.925172               1      Successful search (ES-ell)        
     1          92         19957.3        0.904564               1      Successful search (ES-ell)        
     1          99         19953.3        0.916346               1      Successful search (ES-ell)        
     1         102         19923.2        0.902356               1      Successful search (ES-ell)        
     1         129         19111.5         1.02205               1        Successful poll           Train
     2         130         18714.9         1.14329               1      Successful search (ES-ell)        
     2         136         18632.2         1.14329               1      Successful search (ES-ell)        
     2         137         18555.2         1.14329               1      Successful search (ES-wcm)        
     2         140         18516.6         1.14329               1      Successful search (ES-wcm)        
     2         142         18509.6         1.14329               1      Successful search (ES-wcm)        
     2         144         18488.2         1.14329               1      Successful search (ES-wcm)        
     2         145         18383.9         1.14329               1      Successful search (ES-wcm)        
     2         153         18366.7         1.14326               1      Successful search (ES-ell)        
     2         180         18366.7         1.14326             0.5          Refine grid             Train
     3         181         18426.3         50.4502             0.5      Successful search (ES-ell)        
     3         186         18382.6         40.0166             0.5      Successful search (ES-ell)        
     3         188         18279.6         40.5871             0.5      Successful search (ES-ell)        
     3         190         18191.2         42.6193             0.5      Successful search (ES-ell)        
     3         225         18191.2         42.6193            0.25          Refine grid             
     4         226         18228.8         33.7687            0.25      Successful search (ES-ell)        
     4         228         18213.6         42.8044            0.25      Successful search (ES-ell)        
     4         230         18210.3         42.2423            0.25      Successful search (ES-ell)        
     4         231         18195.9         47.8536            0.25      Successful search (ES-ell)        
     4         235         18186.8         39.1042            0.25      Successful search (ES-ell)        
     4         240         18174.4         36.1741            0.25      Successful search (ES-wcm)        
     4         241         18109.6         35.6771            0.25      Successful search (ES-ell)        
     4         244           18109         29.9957            0.25      Successful search (ES-ell)        
     4         245         18108.5         39.6017            0.25      Successful search (ES-ell)        
     4         247         18068.8         36.0555            0.25      Successful search (ES-ell)        
     4         249         18043.4         36.0468            0.25      Successful search (ES-ell)        
     4         284         18043.4         36.0468           0.125          Refine grid             
     5         285         18046.8         22.9403           0.125      Successful search (ES-ell)        
     5         331         18046.8         22.9403          0.0625          Refine grid             
     6         332         18054.3         9.00632          0.0625      Successful search (ES-wcm)        
     6         333         18042.8          15.096          0.0625      Successful search (ES-ell)        
     6         334         18037.6         23.9609          0.0625      Successful search (ES-ell)        
     6         337         18013.9         21.4177          0.0625      Successful search (ES-ell)        
     6         339         18007.1         25.0288          0.0625      Successful search (ES-wcm)        
     6         379         18007.1         25.0288         0.03125          Refine grid             Train
     7         380         18012.1          8.2514         0.03125      Successful search (ES-ell)        
     7         381         17996.1         11.4953         0.03125      Successful search (ES-ell)        
     7         382         17967.4         16.8828         0.03125      Successful search (ES-ell)        
     7         383         17960.3         25.5517         0.03125      Successful search (ES-ell)        
     7         385         17954.1         26.1003         0.03125      Successful search (ES-ell)        
     7         395         17950.3         12.4131         0.03125      Successful search (ES-ell)        
     7         397         17948.6         12.3935         0.03125      Successful search (ES-ell)        
     7         398         17946.3         13.4226         0.03125      Successful search (ES-ell)        
     7         399         17936.1         15.9052         0.03125      Successful search (ES-ell)        
     7         400         17930.4          20.596         0.03125      Successful search (ES-wcm)        
     7         409         17928.1         11.6095         0.03125      Successful search (ES-wcm)        
     7         410           17924         12.1708         0.03125      Successful search (ES-wcm)        
     7         411         17920.2         13.4958         0.03125      Successful search (ES-wcm)        
     7         450         17910.9         9.60219          0.0625        Successful poll           
     8         486         17909.6         8.44456         0.03125          Refine grid             Train
     9         487         17944.5         5.58834         0.03125      Successful search (ES-wcm)        
     9         488         17925.6         5.49999         0.03125      Successful search (ES-wcm)        
     9         489         17913.4         7.97487         0.03125      Successful search (ES-wcm)        
     9         490         17912.3         19.8116         0.03125      Successful search (ES-wcm)        
     9         491           17882         30.6992         0.03125      Successful search (ES-wcm)        
     9         493         17874.4         23.1067         0.03125      Successful search (ES-wcm)        
     9         505         17873.9         11.1071         0.03125      Successful search (ES-wcm)        
     9         506         17869.3         10.2717         0.03125      Successful search (ES-wcm)        
     9         507         17868.7         9.69232         0.03125      Successful search (ES-wcm)        
     9         508         17862.6         9.02076         0.03125      Successful search (ES-wcm)        
     9         509         17859.7         8.76907         0.03125      Successful search (ES-wcm)        
     9         510           17856         8.63957         0.03125      Successful search (ES-wcm)        
     9         511         17854.3         10.2583         0.03125      Successful search (ES-ell)        
     9         558         17854.3         10.2583        0.015625          Refine grid             Train
    10         559         17866.8         5.62942        0.015625      Successful search (ES-wcm)        
    10         560         17863.6          7.0447        0.015625      Successful search (ES-wcm)        
    10         561         17854.4         7.50292        0.015625      Successful search (ES-wcm)        
    10         562         17845.8          9.3246        0.015625      Successful search (ES-wcm)        
    10         606         17845.8          9.3246       0.0078125          Refine grid             Train
    11         608           17882         5.10629       0.0078125      Successful search (ES-wcm)        
    11         609         17880.1         5.50672       0.0078125      Successful search (ES-wcm)        
    11         610         17872.9         6.66239       0.0078125      Successful search (ES-wcm)        
    11         611         17868.2         11.4636       0.0078125      Successful search (ES-wcm)        
    11         612         17867.9         18.1299       0.0078125      Successful search (ES-wcm)        
    11         613         17840.3         28.0451       0.0078125      Successful search (ES-wcm)        
    11         614         17815.4         26.1871       0.0078125      Successful search (ES-ell)        
    11         654         17815.4         26.1871      0.00390625          Refine grid             
    12         655         17879.1         5.42488      0.00390625      Successful search (ES-ell)        
    12         656         17873.6         6.28062      0.00390625      Successful search (ES-ell)        
    12         657         17866.8         8.46416      0.00390625      Successful search (ES-ell)        
    12         658         17863.3         10.9327      0.00390625      Successful search (ES-ell)        
    12         659         17855.3         14.3672      0.00390625      Successful search (ES-ell)        
    12         702         17855.3         14.3672      0.00195312          Refine grid             
    13         703         17880.8         5.15721      0.00195312      Successful search (ES-ell)        
    13         704         17873.2         5.49203      0.00195312      Successful search (ES-ell)        
    13         706         17865.5         5.87113      0.00195312      Successful search (ES-ell)        
    13         709         17857.4         6.04493      0.00195312      Successful search (ES-ell)        
    13         715         17856.8         6.01376      0.00195312      Successful search (ES-ell)        
    13         717         17851.5         6.26903      0.00195312      Successful search (ES-ell)        
    13         718         17846.2         6.78753      0.00195312      Successful search (ES-wcm)        
    13         719         17838.2         7.48035      0.00195312      Successful search (ES-wcm)        
    13         720         17832.7         8.59568      0.00195312      Successful search (ES-wcm)        
    13         721         17821.7         10.7698      0.00195312      Successful search (ES-wcm)        
    13         722         17802.7         14.3431      0.00195312      Successful search (ES-wcm)        
    13         723         17790.6         18.5218      0.00195312      Successful search (ES-wcm)        
    13         762         17790.6         18.5218     0.000976562          Refine grid             
Optimization terminated: change in the function value less than options['tol_mesh']
Estimated function value at minimum: 17876.936368625127 ± 3.9600394368562135 (mean ± SEM from 100 samples)
BADS minimum at: x_min = [1.6155e+00 5.1314e+00 4.6868e+00 3.8360e-01 1.8010e-01 8.9261e+00
 4.6530e-01 4.2810e-01 4.8310e-01 6.0000e-04 1.1938e+00 2.5620e-01], training NLL = 17876.9364
total f-count: 862, time: 50.23 min

 ------- Finish Optimization for Subject 11 ---------- 

 ------- Start Optimization for Subject 15 ---------- 

 Cross Validation fold 0/1

 -- Start Optimization: method BADS --

 Optimization Run 1/2
Initial params: [1.1226, 4.4597, 4.3387, 15.511, -1.9522, 11.1734, 0.7084, 0.2041, 0.1238, 0.5417, 0.1952, 0.0997]
bads:TooCloseBounds: For each variable, hard and plausible bounds should not be too close. Moving plausible bounds.
Variables (index) internally transformed to log coordinates: [[ 0  0]
 [ 0  3]
 [ 0  9]
 [ 0 10]
 [ 0 11]]
Beginning optimization of a STOCHASTIC objective function

 Iteration    f-count      E[f(x)]        SD[f(x)]           MeshScale          Method              Actions
     0           1         29010.6             nan               1                                  
     0          28         25479.5             nan               1          Initial mesh            Initial points
     0          29         24854.6        0.998426               1        Successful poll           Train
     1          30         24762.5        0.998426               1      Successful search (ES-wcm)        
     1          33         24132.8        0.998425               1      Successful search (ES-ell)        
     1          34         22701.7        0.998425               1      Successful search (ES-ell)        
     1          37           22541        0.998424               1      Successful search (ES-ell)        
     1          39         22040.7        0.998421               1      Successful search (ES-wcm)        
     1          40         19366.9        0.998421               1      Successful search (ES-wcm)        
     1          48         19140.5        0.997986               1      Successful search (ES-wcm)        
     1          50         19025.7        0.998145               1      Successful search (ES-wcm)        
     1          53         18811.2        0.993302               1      Successful search (ES-wcm)        
     1          54         18410.5          1.0083               1      Successful search (ES-wcm)        
     1          56         18388.8          1.0083               1      Successful search (ES-wcm)        
     1          62         18364.6         1.00829               1      Successful search (ES-wcm)        
     1          64         18130.7         1.00828               1      Successful search (ES-wcm)        
     1          73         18089.3         1.00819               1      Successful search (ES-wcm)        
     1          77         17982.8         1.00798               1      Successful search (ES-wcm)        
     1          86         17863.9         1.00382               1      Successful search (ES-wcm)        
     1          93         17839.6         1.00391               1      Successful search (ES-wcm)        
     1          95         17822.2         1.00391               1      Successful search (ES-wcm)        
     1         103         17686.7         1.00395               1      Successful search (ES-wcm)        
     1         104           17544        0.954141               1      Successful search (ES-ell)        
     1         110           17500         0.95411               1      Successful search (ES-ell)        
     1         120         17448.7        0.952885               1      Successful search (ES-ell)        
     1         124         17395.7        0.949816               1      Successful search (ES-ell)        
     1         131           17377         1.18044               1      Successful search (ES-ell)        
     1         140         17370.8         1.18065               1      Successful search (ES-ell)        
     1         143         17361.3         1.17966               1      Successful search (ES-ell)        
     1         145         17349.2          1.1806               1      Successful search (ES-ell)        
     1         150           17250         1.18107               1      Successful search (ES-ell)        
     1         161         17213.4        0.898783               1      Successful search (ES-ell)        
     1         164           17148         0.89959               1      Successful search (ES-ell)        
     1         173         17141.4        0.899608               1      Successful search (ES-wcm)        
     1         202         16882.7         1.09609               1        Successful poll           
     2         213         16875.2         1.09411               1      Successful search (ES-ell)        
     2         223         16817.4         1.09286               1      Successful search (ES-ell)        
     2         233         16812.2         1.09261               1      Successful search (ES-ell)        
     2         247         16776.1         1.76717               1      Successful search (ES-ell)        
     2         275         16762.2         1.77196               1        Successful poll           Train
     3         284           16736         1.21111               1      Successful search (ES-ell)        
     3         292         16687.9         1.21125               1      Successful search (ES-ell)        
     3         328         16687.9         1.21125             0.5          Refine grid             Train
     4         359         16657.7         33.5753               1        Successful poll           Train
     5         389         16659.6         33.5491             0.5          Refine grid             Train
     6         422         16762.1         1.20846            0.25          Refine grid             Train
     7         423         16792.3         28.9217            0.25      Successful search (ES-ell)        
     7         425         16779.1          32.487            0.25      Successful search (ES-ell)        
     7         469         16779.1          32.487           0.125          Refine grid             Train
     8         470         16765.9         14.3223           0.125      Successful search (ES-ell)        
     8         471         16752.5         19.3386           0.125      Successful search (ES-ell)        
     8         472         16738.9         24.2775           0.125      Successful search (ES-ell)        
     8         516         16738.9         24.2775          0.0625          Refine grid             Train
     9         517         16651.4         7.92136          0.0625      Successful search (ES-ell)        
     9         518         16537.8         11.0295          0.0625      Successful search (ES-ell)        
     9         519         16464.7         16.0284          0.0625      Successful search (ES-ell)        
     9         563         16464.7         16.0284         0.03125          Refine grid             
    10         564         16726.8         8.55819         0.03125      Successful search (ES-ell)        
    10         565         16657.7         9.17231         0.03125      Successful search (ES-ell)        
    10         566         16577.2         10.8267         0.03125      Successful search (ES-ell)        
    10         567         16517.9         13.2154         0.03125      Successful search (ES-ell)        
    10         610         16517.9         13.2154        0.015625          Refine grid             
    11         611         16787.2         11.5843        0.015625      Successful search (ES-wcm)        
    11         612         16783.4          10.588        0.015625      Successful search (ES-wcm)        
    11         613         16778.7          9.5559        0.015625      Successful search (ES-wcm)        
    11         614         16764.3         10.0341        0.015625      Successful search (ES-ell)        
    11         615           16759         10.2989        0.015625      Successful search (ES-ell)        
    11         616         16752.5         12.5423        0.015625      Successful search (ES-ell)        
    11         617         16749.2          16.493        0.015625      Successful search (ES-ell)        
    11         619         16719.9         18.2571        0.015625      Successful search (ES-ell)        
    11         629         16718.1         10.5688        0.015625      Successful search (ES-ell)        
    11         630         16712.4         10.2604        0.015625      Successful search (ES-ell)        
    11         631         16705.1         9.98158        0.015625      Successful search (ES-ell)        
    11         632         16699.4         9.76782        0.015625      Successful search (ES-ell)        
    11         633         16690.7         9.54712        0.015625      Successful search (ES-ell)        
    11         634         16674.8         9.32598        0.015625      Successful search (ES-ell)        
    11         635         16657.5         9.25162        0.015625      Successful search (ES-ell)        
    11         681         16657.5         9.25162       0.0078125          Refine grid             
    12         682         16734.2         5.39922       0.0078125      Successful search (ES-ell)        
    12         683         16728.7         5.68949       0.0078125      Successful search (ES-ell)        
    12         684         16720.3          6.5292       0.0078125      Successful search (ES-ell)        
    12         685         16710.4         7.76393       0.0078125      Successful search (ES-ell)        
    12         686         16698.8          10.277       0.0078125      Successful search (ES-ell)        
    12         687         16697.4          14.886       0.0078125      Successful search (ES-ell)        
    12         728         16697.4          14.886      0.00390625          Refine grid             
    13         729         16740.5         4.87856      0.00390625      Successful search (ES-ell)        
    13         730         16737.5         4.95816      0.00390625      Successful search (ES-ell)        
    13         731         16734.6         5.28905      0.00390625      Successful search (ES-ell)        
    13         732           16731         5.74347      0.00390625      Successful search (ES-ell)        
    13         733         16728.1         6.29478      0.00390625      Successful search (ES-wcm)        
    13         734           16721         7.36386      0.00390625      Successful search (ES-wcm)        
    13         735         16714.1         9.79971      0.00390625      Successful search (ES-wcm)        
    13         736         16704.9         14.0957      0.00390625      Successful search (ES-wcm)        
    13         775         16704.9         14.0957      0.00195312          Refine grid             
    14         776         16753.5         3.74475      0.00195312      Successful search (ES-ell)        
    14         777         16752.1         3.77966      0.00195312      Successful search (ES-wcm)        
    14         778         16750.7         3.83181      0.00195312      Successful search (ES-wcm)        
    14         779           16749         3.94543      0.00195312      Successful search (ES-wcm)        
    14         780         16746.3         4.16035      0.00195312      Successful search (ES-wcm)        
    14         781         16742.8         4.53289      0.00195312      Successful search (ES-wcm)        
    14         782         16738.2         5.09093      0.00195312      Successful search (ES-wcm)        
    14         783         16731.9         6.18581      0.00195312      Successful search (ES-wcm)        
    14         784         16723.9         7.51421      0.00195312      Successful search (ES-wcm)        
    14         785         16715.5         9.77356      0.00195312      Successful search (ES-wcm)        
    14         822         16715.5         9.77356     0.000976562          Refine grid             Train
Optimization terminated: change in the function value less than options['tol_mesh']
Estimated function value at minimum: 16738.73393498256 ± 3.8467861743526965 (mean ± SEM from 100 samples)
BADS minimum at: x_min = [ 1.8948 10.6079  8.4062  0.     -3.549  13.4012  0.3985  0.4853  0.4604
  0.148   1.9996  0.3995], training NLL = 16738.7339
total f-count: 922, time: 53.79 min

 Optimization Run 2/2
Initial params: [0.0968, 7.2649, 9.379, 0.3766, 1.2462, 25.1964, 0.5884, 0.6103, 0.2807, 0.181, 0.9415, 0.0681]
bads:TooCloseBounds: For each variable, hard and plausible bounds should not be too close. Moving plausible bounds.
Variables (index) internally transformed to log coordinates: [[ 0  0]
 [ 0  3]
 [ 0  9]
 [ 0 10]
 [ 0 11]]
Beginning optimization of a STOCHASTIC objective function

 Iteration    f-count      E[f(x)]        SD[f(x)]           MeshScale          Method              Actions
     0           1         28731.2             nan               1                                  
     0          28         25445.7             nan               1          Initial mesh            Initial points
     0          43         23581.8         1.00994               1        Successful poll           Train
     1          44         22564.3         1.00994               1      Successful search (ES-wcm)        
     1          48         21637.2         1.00993               1      Successful search (ES-wcm)        
     1          49         19785.8         1.00994               1      Successful search (ES-wcm)        
     1          50         19553.8         1.00994               1      Successful search (ES-wcm)        
     1          54         19102.6         0.67393               1      Successful search (ES-wcm)        
     1          56         18702.7         0.67393               1      Successful search (ES-wcm)        
     1          63         18580.1        0.673914               1      Successful search (ES-wcm)        
     1          64         18474.2        0.673881               1      Successful search (ES-wcm)        
     1          67         18444.8        0.673807               1      Successful search (ES-wcm)        
     1          68         18330.2        0.673928               1      Successful search (ES-wcm)        
     1          69           18237        0.673924               1      Successful search (ES-wcm)        
     1          72         17753.7        0.673927               1      Successful search (ES-ell)        
     1          80         17611.5        0.691717               1      Successful search (ES-ell)        
     1          81         17442.5        0.691717               1      Successful search (ES-ell)        
     1          83         17276.6        0.691717               1      Successful search (ES-ell)        
     1          88         17247.6        0.691657               1      Successful search (ES-ell)        
     1          90         17230.7        0.691657               1      Successful search (ES-ell)        
     1          97           17161        0.690354               1      Successful search (ES-ell)        
     1         100         17160.9        0.685283               1      Incremental search (ES-ell)        
     1         115         17147.8        0.934711               1      Successful search (ES-ell)        
     1         142         17136.3         0.74865               1        Successful poll           Train
     2         170         17136.3         0.74865             0.5          Refine grid             Train
     3         199         17137.2        0.794107            0.25          Refine grid             Train
     4         200         17078.3         26.3183            0.25      Successful search (ES-wcm)        
     4         242         17078.3         26.3183           0.125          Refine grid             Train
     5         244           17183        0.796272           0.125      Successful search (ES-ell)        
     5         245         17177.3        0.796308           0.125      Successful search (ES-ell)        
     5         254         17170.2        0.712205           0.125      Successful search (ES-ell)        
     5         286         17170.2        0.712205          0.0625          Refine grid             
     6         287         17201.5        0.788213          0.0625      Successful search (ES-ell)        
     6         288         17170.2        0.794794          0.0625      Successful search (ES-ell)        
     6         300           17162         0.77357          0.0625      Successful search (ES-ell)        
     6         333         17125.8         29.8963           0.125        Successful poll           
     7         336         17124.8         25.9046           0.125      Successful search (ES-wcm)        
     7         337         17100.7         23.0571           0.125      Successful search (ES-ell)        
     7         338         17080.2         34.5217           0.125      Successful search (ES-wcm)        
     7         376         17080.2         34.5217          0.0625          Refine grid             Train
     8         378         17119.6         9.84159          0.0625      Successful search (ES-ell)        
     8         379         17108.7         14.9288          0.0625      Successful search (ES-ell)        
     8         419         17108.7         14.9288         0.03125          Refine grid             
     9         420         17142.1         9.38452         0.03125      Successful search (ES-ell)        
     9         421         17137.9         12.3182         0.03125      Successful search (ES-ell)        
     9         423         17135.8         9.22917         0.03125      Successful search (ES-wcm)        
     9         424         17124.9         10.9603         0.03125      Successful search (ES-wcm)        
     9         425         17120.7           15.14         0.03125      Successful search (ES-wcm)        
     9         427         17119.2         9.83688         0.03125      Successful search (ES-wcm)        
     9         428         17104.7         12.3164         0.03125      Successful search (ES-wcm)        
     9         463         17104.7         12.3164        0.015625          Refine grid             
    10         464           17143         7.10202        0.015625      Successful search (ES-wcm)        
    10         465         17142.4         10.2134        0.015625      Successful search (ES-wcm)        
    10         508           17141         5.92274         0.03125        Successful poll           
    11         509         17138.2         7.54086         0.03125      Successful search (ES-wcm)        
    11         552         17138.2         7.54086        0.015625          Refine grid             Train
    12         553         17146.8          7.8547        0.015625      Successful search (ES-wcm)        
    12         555           17143         10.3448        0.015625      Successful search (ES-wcm)        
    12         558         17141.7         12.2578        0.015625      Successful search (ES-wcm)        
    12         595         17141.5         9.49444         0.03125        Successful poll           
    13         617         17095.3         7.58055          0.0625        Successful poll           
    14         619           17061         13.0625          0.0625      Successful search (ES-ell)        
    14         620         17058.8         20.7285          0.0625      Successful search (ES-ell)        
    14         661         17058.8         20.7285         0.03125          Refine grid             
    15         662         17145.7          8.3754         0.03125      Successful search (ES-ell)        
    15         666         17142.9         9.45832         0.03125      Successful search (ES-wcm)        
    15         705         17104.4         28.1856          0.0625        Successful poll           
    16         706         17125.6         17.7022          0.0625      Successful search (ES-ell)        
    16         749         17125.6         17.7022         0.03125          Refine grid             
    17         750         17146.5         7.77834         0.03125      Successful search (ES-ell)        
    17         751         17145.8         18.2494         0.03125      Successful search (ES-ell)        
    17         752         17145.6         21.8778         0.03125      Successful search (ES-ell)        
    17         794         17145.6         21.8778        0.015625          Refine grid             Train
    18         795         17148.6           6.537        0.015625      Successful search (ES-ell)        
    18         796         17147.7         8.61813        0.015625      Successful search (ES-ell)        
    18         839         17147.7         8.61813       0.0078125          Refine grid             
    19         840         17146.6         14.3427       0.0078125      Successful search (ES-ell)        
    19         841         17133.6         13.5003       0.0078125      Successful search (ES-ell)        
    19         842         17131.1         13.1455       0.0078125      Successful search (ES-ell)        
    19         843           17125          13.464       0.0078125      Successful search (ES-ell)        
    19         846         17122.5         12.1501       0.0078125      Successful search (ES-ell)        
    19         884         17122.5         12.1501      0.00390625          Refine grid             
    20         885         17154.4          5.9345      0.00390625      Successful search (ES-ell)        
    20         886         17149.4         6.38549      0.00390625      Successful search (ES-ell)        
    20         887         17142.8         7.33591      0.00390625      Successful search (ES-ell)        
    20         888         17131.2         9.45331      0.00390625      Successful search (ES-ell)        
    20         931         17131.2         9.45331      0.00195312          Refine grid             Train
    21         932         17157.3         6.23284      0.00195312      Successful search (ES-ell)        
    21         933         17156.3         6.25633      0.00195312      Successful search (ES-ell)        
    21         934         17154.7         6.21412      0.00195312      Successful search (ES-ell)        
    21         935         17153.5         6.34681      0.00195312      Successful search (ES-ell)        
    21         936           17150         6.67354      0.00195312      Successful search (ES-ell)        
    21         937           17144         7.43329      0.00195312      Successful search (ES-ell)        
    21         940         17143.9         8.01093      0.00195312      Successful search (ES-wcm)        
    21         976         17143.9         8.01093     0.000976562          Refine grid             Train
Optimization terminated: change in the function value less than options['tol_mesh']
Estimated function value at minimum: 17148.44902792146 ± 3.6212415608387247 (mean ± SEM from 100 samples)
BADS minimum at: x_min = [1.20000e-03 1.31734e+01 1.00549e+01 6.45570e+00 1.52560e+00 1.32491e+01
 4.32000e-01 4.86500e-01 4.09400e-01 1.98260e+00 2.00000e+00 3.52500e-01], training NLL = 17148.449
total f-count: 1076, time: 62.61 min

 ------- Finish Optimization for Subject 15 ---------- 

 ------- Start Optimization for Subject 20 ---------- 

 Cross Validation fold 0/1

 -- Start Optimization: method BADS --

 Optimization Run 1/2
Initial params: [0.1442, 7.8982, 3.6993, 15.4874, 1.6185, 13.2087, 0.103, 0.4438, 0.2341, 0.6754, 0.9657, 0.7419]
bads:TooCloseBounds: For each variable, hard and plausible bounds should not be too close. Moving plausible bounds.
Variables (index) internally transformed to log coordinates: [[ 0  0]
 [ 0  3]
 [ 0  9]
 [ 0 10]
 [ 0 11]]
Beginning optimization of a STOCHASTIC objective function

 Iteration    f-count      E[f(x)]        SD[f(x)]           MeshScale          Method              Actions
     0           1         29202.1             nan               1                                  
     0          28           27284             nan               1          Initial mesh            Initial points
     0          29         27125.9         1.01143               1        Successful poll           Train
     1          33         26319.7         1.01142               1      Successful search (ES-wcm)        
     1          37         26034.7         1.01136               1      Successful search (ES-wcm)        
     1          41         25288.7         1.01126               1      Successful search (ES-wcm)        
     1          48         25257.8         1.00992               1      Successful search (ES-wcm)        
     1          50         25116.5         1.00832               1      Successful search (ES-wcm)        
     1          52         24932.2         1.01036               1      Successful search (ES-wcm)        
     1          55         24585.2         1.00436               1      Successful search (ES-wcm)        
     1          60         24429.5         1.00434               1      Successful search (ES-wcm)        
     1          61         23938.1         1.00435               1      Successful search (ES-ell)        
     1          62         22823.6         1.00436               1      Successful search (ES-ell)        
     1          63         21733.5         1.00436               1      Successful search (ES-ell)        
     1          68         21412.4         1.00435               1      Successful search (ES-ell)        
     1          70         20801.4         1.00436               1      Successful search (ES-wcm)        
     1          73         20708.2         1.00433               1      Successful search (ES-wcm)        
     1          74         20575.5         1.00434               1      Successful search (ES-wcm)        
     1          81         20540.9         1.00546               1      Successful search (ES-wcm)        
     1          82         20380.6         1.00546               1      Successful search (ES-wcm)        
     1          85         19976.5         1.00546               1      Successful search (ES-wcm)        
     1          99         19937.6        0.998433               1      Successful search (ES-wcm)        
     1         112         19936.6         1.12022               1      Incremental search (ES-wcm)        
     1         113         19895.5         1.12279               1      Successful search (ES-wcm)        
     1         119         19769.9         1.12382               1      Successful search (ES-wcm)        
     1         124         19748.7         1.12364               1      Successful search (ES-wcm)        
     1         133         19634.3         1.00741               1      Successful search (ES-ell)        
     1         136         19569.4         1.00651               1      Successful search (ES-ell)        
     1         141         19444.7         1.00757               1      Successful search (ES-ell)        
     1         146         19426.3         1.00738               1      Successful search (ES-ell)        
     1         148         19399.3         1.00704               1      Successful search (ES-ell)        
     1         154         19212.7         1.08603               1      Successful search (ES-ell)        
     1         155           19185         1.08605               1      Successful search (ES-wcm)        
     1         158         19041.3         1.08605               1      Successful search (ES-ell)        
     1         164         18971.6         1.08605               1      Successful search (ES-ell)        
     1         166         18770.6         1.08605               1      Successful search (ES-wcm)        
     1         167         18702.1         1.08605               1      Successful search (ES-wcm)        
     1         168         18641.8         1.08605               1      Successful search (ES-wcm)        
     1         171         18472.5         1.08605               1      Successful search (ES-wcm)        
     1         180         18373.3         1.08724               1      Successful search (ES-wcm)        
     1         181         18365.8         1.08731               1      Successful search (ES-wcm)        
     1         192         18353.5         1.08619               1      Successful search (ES-wcm)        
     1         194         18328.5         1.08718               1      Successful search (ES-ell)        
     1         228         18328.5         1.08718             0.5          Refine grid             
     2         262         18345.7         1.00179            0.25          Refine grid             
     3         264         18340.4         31.1445            0.25      Successful search (ES-ell)        
     3         265         18336.4         49.2415            0.25      Successful search (ES-ell)        
     3         266         18267.3         54.0572            0.25      Successful search (ES-ell)        
     3         268         18152.2         55.0335            0.25      Successful search (ES-ell)        
     3         277         18141.2          37.593            0.25      Successful search (ES-ell)        
     3         320         18141.2          37.593           0.125          Refine grid             Train
     4         321         18142.5         29.9349           0.125      Successful search (ES-ell)        
     4         324         18129.4         29.5224           0.125      Successful search (ES-ell)        
     4         326         18114.7         31.4778           0.125      Successful search (ES-ell)        
     4         329         18108.8         27.7069           0.125      Successful search (ES-ell)        
     4         367         18108.8         27.7069          0.0625          Refine grid             
     5         368         18087.1         16.8962          0.0625      Successful search (ES-ell)        
     5         369         18054.8         29.1144          0.0625      Successful search (ES-ell)        
     5         414         18054.8         29.1144         0.03125          Refine grid             
     6         416         18084.2          10.787         0.03125      Successful search (ES-ell)        
     6         417           18080         14.9376         0.03125      Successful search (ES-ell)        
     6         419         18076.2         16.4181         0.03125      Successful search (ES-ell)        
     6         420         18074.1         21.0163         0.03125      Successful search (ES-ell)        
     6         422         18070.7         25.7558         0.03125      Successful search (ES-ell)        
     6         426         18059.4         21.9834         0.03125      Successful search (ES-wcm)        
     6         427         18048.8          24.447         0.03125      Successful search (ES-ell)        
     6         431         18047.5         16.3872         0.03125      Successful search (ES-wcm)        
     6         433         18044.4         16.0099         0.03125      Successful search (ES-wcm)        
     6         434           18025         19.4862         0.03125      Successful search (ES-wcm)        
     6         437         18022.4         16.5084         0.03125      Successful search (ES-wcm)        
     6         474         18022.4         16.5084        0.015625          Refine grid             
     7         475         18030.8         8.86831        0.015625      Successful search (ES-ell)        
     7         477         18030.7         11.7339        0.015625      Successful search (ES-wcm)        
     7         481         18027.8         10.9051        0.015625      Successful search (ES-ell)        
     7         482         18026.3         12.4832        0.015625      Successful search (ES-ell)        
     7         483         18026.3         14.9196        0.015625      Successful search (ES-ell)        
     7         522         18026.3         14.9196       0.0078125          Refine grid             Train
     8         523         18029.6         6.92223       0.0078125      Successful search (ES-ell)        
     8         524         18022.3         9.07035       0.0078125      Successful search (ES-ell)        
     8         525         18012.7          12.815       0.0078125      Successful search (ES-ell)        
     8         526         18004.7         16.9685       0.0078125      Successful search (ES-ell)        
     8         527         17985.8           23.82       0.0078125      Successful search (ES-ell)        
     8         570         17985.8           23.82      0.00390625          Refine grid             Train
     9         571         18032.2         7.45321      0.00390625      Successful search (ES-ell)        
     9         572           18028         8.13805      0.00390625      Successful search (ES-ell)        
     9         573         18021.7         7.80418      0.00390625      Successful search (ES-wcm)        
     9         574         18016.2         8.84929      0.00390625      Successful search (ES-wcm)        
     9         575         18012.3         11.5666      0.00390625      Successful search (ES-wcm)        
     9         576         18009.8         15.7856      0.00390625      Successful search (ES-wcm)        
     9         618         18009.8         15.7856      0.00195312          Refine grid             
    10         619         18031.6         6.24053      0.00195312      Successful search (ES-ell)        
    10         620         18030.5         6.56203      0.00195312      Successful search (ES-ell)        
    10         621         18028.6         7.04567      0.00195312      Successful search (ES-ell)        
    10         622         18024.8          7.9806      0.00195312      Successful search (ES-ell)        
    10         623         18020.9         9.83356      0.00195312      Successful search (ES-ell)        
    10         624         18012.6         12.7437      0.00195312      Successful search (ES-ell)        
    10         625         18009.3         15.9504      0.00195312      Successful search (ES-ell)        
    10         626         17996.1         22.1232      0.00195312      Successful search (ES-ell)        
    10         666         17996.1         22.1232     0.000976562          Refine grid             
Optimization terminated: change in the function value less than options['tol_mesh']
Estimated function value at minimum: 18021.81217818388 ± 5.120885986759966 (mean ± SEM from 100 samples)
BADS minimum at: x_min = [4.28940e+00 6.33480e+00 6.62660e+00 7.52370e+00 4.21870e+00 1.51596e+01
 4.83500e-01 4.49200e-01 3.62800e-01 4.00000e-04 1.07470e+00 2.00600e-01], training NLL = 18021.8122
total f-count: 766, time: 44.41 min

 Optimization Run 2/2
Initial params: [1.2674, 2.5635, 3.8119, 10.2106, 2.4648, 21.7385, 0.7403, 0.1186, 0.2981, 0.3085, 0.8157, 0.3227]
bads:TooCloseBounds: For each variable, hard and plausible bounds should not be too close. Moving plausible bounds.
Variables (index) internally transformed to log coordinates: [[ 0  0]
 [ 0  3]
 [ 0  9]
 [ 0 10]
 [ 0 11]]
Beginning optimization of a STOCHASTIC objective function

 Iteration    f-count      E[f(x)]        SD[f(x)]           MeshScale          Method              Actions
     0           1         27509.3             nan               1                                  
     0          28         27307.5             nan               1          Initial mesh            Initial points
     0          44           25821         1.00987               1        Successful poll           Train
     1          47         25493.2         1.00986               1      Successful search (ES-wcm)        
     1          48         24265.7         1.00987               1      Successful search (ES-wcm)        
     1          55         24102.9        0.998441               1      Successful search (ES-wcm)        
     1          58         23947.8        0.998447               1      Successful search (ES-wcm)        
     1          61         23759.3        0.998442               1      Successful search (ES-wcm)        
     1          64         23606.3        0.998441               1      Successful search (ES-wcm)        
     1          71         23505.8        0.998394               1      Successful search (ES-wcm)        
     1          79         23310.1        0.979589               1      Successful search (ES-wcm)        
     1          80         22743.7         0.97962               1      Successful search (ES-ell)        
     1          84         22237.8         0.97987               1      Successful search (ES-ell)        
     1          85         22129.9        0.979876               1      Successful search (ES-ell)        
     1          86         21573.5        0.979882               1      Successful search (ES-ell)        
     1          87         21036.4        0.979884               1      Successful search (ES-wcm)        
     1          89         20959.2        0.979872               1      Successful search (ES-wcm)        
     1          90           20648        0.979879               1      Successful search (ES-wcm)        
     1          94         20171.8        0.979872               1      Successful search (ES-wcm)        
     1          99         20096.2        0.979776               1      Successful search (ES-ell)        
     1         100         20026.1        0.979759               1      Successful search (ES-wcm)        
     1         111         19993.5         0.97122               1      Successful search (ES-wcm)        
     1         122         19945.5        0.971103               1      Successful search (ES-wcm)        
     1         124         19843.4        0.971371               1      Successful search (ES-wcm)        
     1         130         19708.7        0.925601               1      Successful search (ES-wcm)        
     1         140         19674.8         0.92551               1      Successful search (ES-wcm)        
     1         164         19198.1         1.33688               1        Successful poll           Train
     2         165         19077.1         1.33721               1      Successful search (ES-wcm)        
     2         170         19048.2         1.33721               1      Successful search (ES-wcm)        
     2         173         18955.3          1.3372               1      Successful search (ES-wcm)        
     2         174         18890.7         1.33721               1      Successful search (ES-wcm)        
     2         183         18749.2        0.945952               1      Successful search (ES-wcm)        
     2         186         18617.4        0.945917               1      Successful search (ES-wcm)        
     2         197         18586.3        0.945598               1      Successful search (ES-wcm)        
     2         198         18504.3        0.945741               1      Successful search (ES-wcm)        
     2         211           18501        0.944013               1      Successful search (ES-wcm)        
     2         222         18468.6        0.942976               1      Successful search (ES-wcm)        
     2         228         18464.5         1.28806               1      Successful search (ES-wcm)        
     2         234         18442.3         1.28805               1      Successful search (ES-wcm)        
     2         235         18313.9         1.28806               1      Successful search (ES-wcm)        
     2         236         18192.7         1.28806               1      Successful search (ES-wcm)        
     2         243         18037.8         1.28805               1      Successful search (ES-wcm)        
     2         245         18003.5         1.28806               1      Successful search (ES-wcm)        
     2         276         18003.5         1.28806             0.5          Refine grid             
     3         307         18003.7         1.28691            0.25          Refine grid             
     4         309         18031.3         1.21699            0.25      Successful search (ES-wcm)        
     4         351         18031.3         1.21699           0.125          Refine grid             Train
     5         353         18018.4         1.40511           0.125      Successful search (ES-wcm)        
     5         359         18009.4         1.40502           0.125      Successful search (ES-wcm)        
     5         362         17997.1         1.40479           0.125      Successful search (ES-wcm)        
     5         396         17967.1          1.4051            0.25        Successful poll           Train
     6         400         18001.4         26.3375            0.25      Successful search (ES-wcm)        
     6         440         18001.4         26.3375           0.125          Refine grid             
     7         441         18031.1         1.40506           0.125      Successful search (ES-ell)        
     7         485         18031.1         1.40506          0.0625          Refine grid             
     8         518         18032.4         1.37573         0.03125          Refine grid             
     9         519         18026.9         12.9202         0.03125      Successful search (ES-wcm)        
     9         520         18017.8         16.8204         0.03125      Successful search (ES-wcm)        
     9         523           18010         15.6841         0.03125      Successful search (ES-ell)        
     9         524         17996.5         21.6548         0.03125      Successful search (ES-ell)        
     9         528         17995.2         19.1922         0.03125      Successful search (ES-ell)        
     9         529         17987.8          21.819         0.03125      Successful search (ES-ell)        
     9         530         17978.2         27.5873         0.03125      Successful search (ES-ell)        
     9         534         17975.9         21.4619         0.03125      Successful search (ES-ell)        
     9         535         17970.3          21.712         0.03125      Successful search (ES-ell)        
     9         576         17970.3          21.712        0.015625          Refine grid             
    10         577         17990.9         6.77947        0.015625      Successful search (ES-wcm)        
    10         578         17987.1           7.915        0.015625      Successful search (ES-wcm)        
    10         579         17986.5         10.5504        0.015625      Successful search (ES-wcm)        
    10         580         17983.2         13.2899        0.015625      Successful search (ES-wcm)        
    10         591         17981.8         9.44227        0.015625      Successful search (ES-wcm)        
    10         611           17975         6.93832        0.015625      Successful search (ES-wcm)        
    10         612         17974.5         6.83858        0.015625      Successful search (ES-wcm)        
    10         613         17952.2          6.9217        0.015625      Successful search (ES-wcm)        
    10         614         17926.3         7.21166        0.015625      Successful search (ES-wcm)        
    10         615         17894.1         8.49984        0.015625      Successful search (ES-wcm)        
    10         616         17843.4         11.8878        0.015625      Successful search (ES-wcm)        
    10         617         17745.6          19.187        0.015625      Successful search (ES-wcm)        
    10         658         17745.6          19.187       0.0078125          Refine grid             
    11         659         17988.8         6.08615       0.0078125      Successful search (ES-wcm)        
    11         660         17982.9          5.4737       0.0078125      Successful search (ES-wcm)        
    11         661         17980.4         5.94531       0.0078125      Successful search (ES-wcm)        
    11         662         17974.9         7.32785       0.0078125      Successful search (ES-wcm)        
    11         663           17968         11.1592       0.0078125      Successful search (ES-wcm)        
    11         664         17962.2         15.3659       0.0078125      Successful search (ES-wcm)        
    11         704         17962.2         15.3659      0.00390625          Refine grid             
    12         705         17986.8         6.25526      0.00390625      Successful search (ES-wcm)        
    12         706         17983.9         6.88358      0.00390625      Successful search (ES-ell)        
    12         707         17980.7         7.09239      0.00390625      Successful search (ES-wcm)        
    12         708         17977.5         7.28748      0.00390625      Successful search (ES-wcm)        
    12         709         17973.8         7.38223      0.00390625      Successful search (ES-wcm)        
    12         710         17968.9         8.16499      0.00390625      Successful search (ES-wcm)        
    12         750         17968.9         8.16499      0.00195312          Refine grid             Train
    13         751         17985.8         5.50202      0.00195312      Successful search (ES-ell)        
    13         752         17984.8         5.81291      0.00195312      Successful search (ES-ell)        
    13         753         17984.1         6.54895      0.00195312      Successful search (ES-ell)        
    13         754         17982.7         6.63857      0.00195312      Successful search (ES-wcm)        
    13         755         17982.5         7.43035      0.00195312      Successful search (ES-wcm)        
    13         756         17981.2         11.9783      0.00195312      Successful search (ES-ell)        
    13         757         17975.8         17.5126      0.00195312      Successful search (ES-ell)        
    13         758         17964.3         22.0255      0.00195312      Successful search (ES-ell)        
    13         759           17951         27.0948      0.00195312      Successful search (ES-wcm)        
    13         798           17951         27.0948     0.000976562          Refine grid             Train
Optimization terminated: change in the function value less than options['tol_mesh']
Estimated function value at minimum: 17984.728773026356 ± 4.851848603537515 (mean ± SEM from 100 samples)
BADS minimum at: x_min = [4.4981 7.7516 9.3158 3.7834 2.0201 9.322  0.594  0.4808 0.3284 0.0118
 0.995  0.2048], training NLL = 17984.7288
total f-count: 898, time: 52.24 min

 ------- Finish Optimization for Subject 20 ---------- 

 ------- Start Optimization for Subject 25 ---------- 

 Cross Validation fold 0/1

 -- Start Optimization: method BADS --

 Optimization Run 1/2
Initial params: [0.2184, 5.0584, 6.3463, 10.4015, 3.6166, 17.8363, 0.6427, 0.1021, 0.2825, 0.1715, 0.4522, 0.8345]
bads:TooCloseBounds: For each variable, hard and plausible bounds should not be too close. Moving plausible bounds.
Variables (index) internally transformed to log coordinates: [[ 0  0]
 [ 0  3]
 [ 0  9]
 [ 0 10]
 [ 0 11]]
Beginning optimization of a STOCHASTIC objective function

 Iteration    f-count      E[f(x)]        SD[f(x)]           MeshScale          Method              Actions
     0           1         27553.4             nan               1                                  
     0          28         27553.4             nan               1          Initial mesh            Initial points
     0          29         27426.1        0.999995               1        Successful poll           Train
     1          30         25711.7        0.999996               1      Successful search (ES-wcm)        
     1          33         25375.1        0.999989               1      Successful search (ES-wcm)        
     1          35         25132.1        0.999987               1      Successful search (ES-wcm)        
     1          37         24941.5        0.999985               1      Successful search (ES-wcm)        
     1          40         24861.7        0.999933               1      Successful search (ES-wcm)        
     1          46         24750.1         0.99966               1      Successful search (ES-wcm)        
     1          47         24460.2        0.999791               1      Successful search (ES-wcm)        
     1          49         24263.3          0.9989               1      Successful search (ES-wcm)        
     1          54         23928.2        0.991849               1      Successful search (ES-wcm)        
     1          55         23617.9        0.991853               1      Successful search (ES-wcm)        
     1          65           23600        0.991588               1      Successful search (ES-wcm)        
     1          68         23385.7        0.991828               1      Successful search (ES-wcm)        
     1          72         23379.9         0.99166               1      Successful search (ES-ell)        
     1          78         23363.3        0.991853               1      Successful search (ES-wcm)        
     1          79         23264.8          1.0304               1      Successful search (ES-wcm)        
     1          82         23248.1         1.03039               1      Successful search (ES-wcm)        
     1          86         22899.8         1.03038               1      Successful search (ES-wcm)        
     1         104         21525.8         1.05424               1        Successful poll           Train
     2         105         20983.1         1.05424               1      Successful search (ES-wcm)        
     2         107         20691.4         1.05424               1      Successful search (ES-wcm)        
     2         108         20575.4         1.05424               1      Successful search (ES-wcm)        
     2         112         20555.1         1.05423               1      Successful search (ES-wcm)        
     2         113         20352.8         1.05423               1      Successful search (ES-wcm)        
     2         116         20278.6         1.05423               1      Successful search (ES-wcm)        
     2         118         20212.1         1.05422               1      Successful search (ES-wcm)        
     2         122         20170.3         1.05422               1      Successful search (ES-wcm)        
     2         136         20058.9         1.06904               1      Successful search (ES-wcm)        
     2         168         20058.9         1.06904             0.5          Refine grid             Train
     3         197         20059.2         1.09569            0.25          Refine grid             Train
     4         207         20089.2         1.21092            0.25      Successful search (ES-wcm)        
     4         242         20089.2         1.21092           0.125          Refine grid             
     5         243         20121.1         1.23374           0.125      Successful search (ES-ell)        
     5         257         20078.8         1.22703           0.125      Successful search (ES-ell)        
     5         269         20062.8         1.16486           0.125      Successful search (ES-ell)        
     5         311         20062.8         1.16486          0.0625          Refine grid             
     6         344         20143.5        0.754938        0.015625          Refine grid             
     7         345         20131.9         0.94707        0.015625      Successful search (ES-ell)        
     7         390         20131.9         0.94707       0.0078125          Refine grid             
     8         391         20134.2        0.614073       0.0078125      Successful search (ES-ell)        
     8         392         20130.3        0.608832       0.0078125      Successful search (ES-wcm)        
     8         436         20130.3        0.608832      0.00390625          Refine grid             
     9         437         20182.9        0.442881      0.00390625      Successful search (ES-wcm)        
     9         483         20182.9        0.442881      0.00195312          Refine grid             
    10         518         20201.5         4.78351     0.000976562          Refine grid             Train
Optimization terminated: change in the function value less than options['tol_mesh']
Estimated function value at minimum: 20203.45217346812 ± 5.698448935364496 (mean ± SEM from 100 samples)
BADS minimum at: x_min = [1.27040e+00 8.77730e+00 6.44970e+00 2.33544e+01 3.96970e+00 8.82080e+00
 4.17200e-01 4.87100e-01 6.03200e-01 3.00000e-04 1.99740e+00 5.82700e-01], training NLL = 20203.4522
total f-count: 618, time: 31.18 min

 Optimization Run 2/2
Initial params: [1.9706, 8.9888, 4.31, 9.8598, 3.7031, 11.2369, 0.3613, 0.3663, 0.1588, 0.6771, 0.2484, 0.6853]
bads:TooCloseBounds: For each variable, hard and plausible bounds should not be too close. Moving plausible bounds.
Variables (index) internally transformed to log coordinates: [[ 0  0]
 [ 0  3]
 [ 0  9]
 [ 0 10]
 [ 0 11]]
Beginning optimization of a STOCHASTIC objective function

 Iteration    f-count      E[f(x)]        SD[f(x)]           MeshScale          Method              Actions
     0           1         29989.5             nan               1                                  
     0          28         27760.1             nan               1          Initial mesh            Initial points
     0          44           26676        0.999985               1        Successful poll           Train
     1          45         26283.5         0.99999               1      Successful search (ES-wcm)        
     1          50         26152.9        0.999928               1      Successful search (ES-ell)        
     1          51         25885.5        0.999968               1      Successful search (ES-wcm)        
     1          55         25839.2         0.99925               1      Successful search (ES-wcm)        
     1          59         25648.8        0.999252               1      Successful search (ES-wcm)        
     1          61         25605.4        0.999091               1      Successful search (ES-wcm)        
     1          64         25601.1        0.999206               1      Successful search (ES-ell)        
     1          78         25573.4        0.954484               1      Successful search (ES-wcm)        
     1          80         25549.4         1.00763               1      Successful search (ES-wcm)        
     1          81         25404.1         1.01269               1      Successful search (ES-wcm)        
     1          84           25249         1.01269               1      Successful search (ES-wcm)        
     1          85         24975.5         1.01269               1      Successful search (ES-ell)        
     1          86         24473.5         1.01269               1      Successful search (ES-ell)        
     1          90         24464.7         1.01268               1      Successful search (ES-wcm)        
     1          93         24294.6         1.01268               1      Successful search (ES-ell)        
     1          95         24114.3         1.01268               1      Successful search (ES-ell)        
     1          99         23728.1         1.01266               1      Successful search (ES-ell)        
     1         103         23698.1         1.01238               1      Successful search (ES-ell)        
     1         106         23679.2         1.06588               1      Successful search (ES-ell)        
     1         108         23625.5         1.06583               1      Successful search (ES-ell)        
     1         110         23530.7         1.06588               1      Successful search (ES-ell)        
     1         111         23478.1         1.06584               1      Successful search (ES-ell)        
     1         112         23429.6         1.06586               1      Successful search (ES-ell)        
     1         124         23329.9         1.06429               1      Successful search (ES-wcm)        
     1         151         20886.8         1.38898               1        Successful poll           
     2         154         20872.8         1.71754               1      Successful search (ES-wcm)        
     2         170         20651.7         1.71749               1      Successful search (ES-wcm)        
     2         203         20651.7         1.71749             0.5          Refine grid             
     3         231         20667.9         1.51888            0.25          Refine grid             
     4         261         20694.9         1.04791             0.5        Successful poll           
     5         282         20626.5         1.04791               1        Successful poll           Train
     6         287         20582.9        0.986074               1      Successful search (ES-wcm)        
     6         289         20551.3        0.986074               1      Successful search (ES-wcm)        
     6         301         20472.1        0.986073               1      Successful search (ES-wcm)        
     6         302         20403.1        0.986073               1      Successful search (ES-wcm)        
     6         328         20393.5        0.986073               1        Successful poll           
     7         357         20393.5        0.986073             0.5          Refine grid             Train
     8         386         20393.5         1.04863            0.25          Refine grid             Train
     9         416         20398.1         1.03078          0.0625          Refine grid             Train
    10         417         20533.4         9.22728          0.0625      Successful search (ES-wcm)        
    10         418         20518.9          13.037          0.0625      Successful search (ES-wcm)        
    10         419         20499.9         16.5949          0.0625      Successful search (ES-wcm)        
    10         420         20496.5         23.8747          0.0625      Successful search (ES-wcm)        
    10         421           20458         35.7513          0.0625      Successful search (ES-wcm)        
    10         425         20444.1         22.9486          0.0625      Successful search (ES-ell)        
    10         426         20388.9         27.1182          0.0625      Successful search (ES-ell)        
    10         460         20388.9         27.1182         0.03125          Refine grid             Train
    11         461         20510.4         7.90343         0.03125      Successful search (ES-ell)        
    11         462         20496.9         7.71003         0.03125      Successful search (ES-wcm)        
    11         463         20494.4         8.11817         0.03125      Successful search (ES-wcm)        
    11         464         20473.7         9.26404         0.03125      Successful search (ES-wcm)        
    11         465           20449         11.8653         0.03125      Successful search (ES-wcm)        
    11         466         20431.1         14.1445         0.03125      Successful search (ES-wcm)        
    11         467         20393.5         19.9645         0.03125      Successful search (ES-ell)        
    11         504         20393.5         19.9645        0.015625          Refine grid             
    12         505         20517.5         8.87152        0.015625      Successful search (ES-ell)        
    12         506           20517          8.6381        0.015625      Successful search (ES-ell)        
    12         507         20516.6          8.6696        0.015625      Successful search (ES-ell)        
    12         508         20502.3          7.9903        0.015625      Successful search (ES-wcm)        
    12         509           20488         7.73068        0.015625      Successful search (ES-wcm)        
    12         510         20469.2         8.39737        0.015625      Successful search (ES-wcm)        
    12         511         20461.9         12.8394        0.015625      Successful search (ES-wcm)        
    12         549         20461.9         12.8394       0.0078125          Refine grid             
    13         550         20553.3         8.57378       0.0078125      Successful search (ES-wcm)        
    13         551         20551.2         8.41517       0.0078125      Successful search (ES-wcm)        
    13         552         20547.7         8.30592       0.0078125      Successful search (ES-wcm)        
    13         553         20536.4         8.39001       0.0078125      Successful search (ES-ell)        
    13         554         20526.5         9.06452       0.0078125      Successful search (ES-ell)        
    13         555         20515.5         10.9911       0.0078125      Successful search (ES-ell)        
    13         556           20488          12.918       0.0078125      Successful search (ES-ell)        
    13         557         20452.2         16.5436       0.0078125      Successful search (ES-ell)        
    13         558         20411.5         23.8205       0.0078125      Successful search (ES-ell)        
    13         560         20384.1         26.1301       0.0078125      Successful search (ES-ell)        
    13         594         20379.5          12.569        0.015625        Successful poll           Train
    14         595         20382.9         9.57373        0.015625      Successful search (ES-ell)        
    14         596         20373.2         9.57896        0.015625      Successful search (ES-ell)        
    14         597         20365.8         9.89228        0.015625      Successful search (ES-ell)        
    14         598         20365.7         10.9543        0.015625      Successful search (ES-ell)        
    14         599         20355.7         12.3319        0.015625      Successful search (ES-ell)        
    14         600         20350.3         15.3539        0.015625      Successful search (ES-ell)        
    14         602         20342.5         18.2606        0.015625      Successful search (ES-wcm)        
    14         603         20328.1         22.5925        0.015625      Successful search (ES-wcm)        
    14         638         20328.1         22.5925       0.0078125          Refine grid             Train
    15         639         20401.8         8.42684       0.0078125      Successful search (ES-wcm)        
    15         640         20398.9         8.50363       0.0078125      Successful search (ES-ell)        
    15         641         20394.3         8.65696       0.0078125      Successful search (ES-ell)        
    15         642         20389.1         9.06593       0.0078125      Successful search (ES-ell)        
    15         643         20381.9         10.1423       0.0078125      Successful search (ES-ell)        
    15         644           20371         10.6935       0.0078125      Successful search (ES-wcm)        
    15         645         20359.5         11.8435       0.0078125      Successful search (ES-wcm)        
    15         646         20336.5         13.6519       0.0078125      Successful search (ES-wcm)        
    15         647         20313.6         17.5616       0.0078125      Successful search (ES-wcm)        
    15         681         20313.6         17.5616      0.00390625          Refine grid             
    16         682         20404.6         8.80825      0.00390625      Successful search (ES-wcm)        
    16         689         20404.2         8.23066      0.00390625      Successful search (ES-ell)        
    16         699         20403.9         7.60425      0.00390625      Successful search (ES-ell)        
    16         700         20403.2          7.5298      0.00390625      Successful search (ES-ell)        
    16         701         20401.8         7.45906      0.00390625      Successful search (ES-ell)        
    16         703         20401.5         7.33358      0.00390625      Successful search (ES-ell)        
    16         704         20399.1         7.28758      0.00390625      Successful search (ES-ell)        
    16         705         20398.8          7.2541      0.00390625      Successful search (ES-ell)        
    16         706           20397         7.27347      0.00390625      Successful search (ES-ell)        
    16         707         20396.7         7.28206      0.00390625      Successful search (ES-ell)        
    16         708         20395.3         7.41683      0.00390625      Successful search (ES-ell)        
    16         709         20391.9         7.74759      0.00390625      Successful search (ES-ell)        
    16         710         20388.6         8.89288      0.00390625      Successful search (ES-ell)        
    16         711         20387.1         10.8048      0.00390625      Successful search (ES-ell)        
    16         712         20381.3           13.71      0.00390625      Successful search (ES-ell)        
    16         713           20375         16.5077      0.00390625      Successful search (ES-ell)        
    16         714         20355.5         21.6749      0.00390625      Successful search (ES-ell)        
    16         715         20343.8          27.637      0.00390625      Successful search (ES-ell)        
    16         752         20343.8          27.637      0.00195312          Refine grid             
    17         753         20400.4         8.44632      0.00195312      Successful search (ES-ell)        
    17         768         20399.7         7.55486      0.00195312      Successful search (ES-ell)        
    17         776         20399.3         7.07705      0.00195312      Successful search (ES-ell)        
    17         777         20397.7         7.02109      0.00195312      Successful search (ES-ell)        
    17         778         20396.9          6.9831      0.00195312      Successful search (ES-ell)        
    17         779         20395.2          7.0138      0.00195312      Successful search (ES-ell)        
    17         780         20394.1          7.1101      0.00195312      Successful search (ES-ell)        
    17         818         20390.3         8.58652      0.00390625        Successful poll           Train
    18         819         20395.5         7.18513      0.00390625      Successful search (ES-wcm)        
    18         820           20392         7.90913      0.00390625      Successful search (ES-wcm)        
    18         865         20360.1         21.6523       0.0078125        Successful poll           
    19         870         20365.7         15.9989       0.0078125      Successful search (ES-wcm)        
    19         871         20357.4         16.5474       0.0078125      Successful search (ES-wcm)        
    19         911         20357.4         16.5474      0.00390625          Refine grid             
    20         912         20402.1         5.97797      0.00390625      Successful search (ES-wcm)        
    20         913         20400.6         7.95048      0.00390625      Successful search (ES-wcm)        
    20         914         20399.2          10.055      0.00390625      Successful search (ES-wcm)        
    20         915         20398.2         13.9141      0.00390625      Successful search (ES-wcm)        
    20         916         20390.3         19.3865      0.00390625      Successful search (ES-wcm)        
    20         917         20386.8         20.8235      0.00390625      Successful search (ES-wcm)        
    20         918         20378.4          24.245      0.00390625      Successful search (ES-wcm)        
    20         923         20377.3         15.1977      0.00390625      Successful search (ES-ell)        
    20         924         20373.7         14.8017      0.00390625      Successful search (ES-ell)        
    20         925         20373.6         14.5422      0.00390625      Successful search (ES-ell)        
    20         926         20367.9         14.4845      0.00390625      Successful search (ES-ell)        
    20         927         20365.9         14.7319      0.00390625      Successful search (ES-ell)        
    20         928         20364.5         15.3573      0.00390625      Successful search (ES-ell)        
    20         969         20364.5         15.3573      0.00195312          Refine grid             
    21         970         20382.2         8.86973      0.00195312      Successful search (ES-ell)        
    21         971         20380.5         9.81392      0.00195312      Successful search (ES-ell)        
    21         973         20379.3          10.898      0.00195312      Successful search (ES-ell)        
    21         977         20379.3            10.6      0.00195312      Incremental search (ES-ell)        
    21         980         20377.7          10.752      0.00195312      Successful search (ES-ell)        
    21         982         20375.8         11.2862      0.00195312      Successful search (ES-ell)        
    21         997         20375.4         9.26182      0.00195312      Successful search (ES-wcm)        
    21        1006         20373.6         9.86399      0.00195312      Successful search (ES-wcm)        
    21        1007         20365.9         12.9799      0.00195312      Successful search (ES-wcm)        
    21        1009         20365.8         15.5781      0.00195312      Successful search (ES-wcm)        
    21        1052         20363.1         10.2506      0.00390625        Successful poll           
    22        1053         20363.2         11.4769      0.00390625      Successful search (ES-wcm)        
    22        1054         20351.6         16.3915      0.00390625      Successful search (ES-wcm)        
    22        1055         20347.8         22.1437      0.00390625      Successful search (ES-wcm)        
    22        1099         20347.8         22.1437      0.00195312          Refine grid             
    23        1102         20364.9         8.09252      0.00195312      Successful search (ES-wcm)        
    23        1103         20362.9         8.20721      0.00195312      Successful search (ES-wcm)        
    23        1105           20362         8.40136      0.00195312      Successful search (ES-ell)        
    23        1106         20360.8         8.90586      0.00195312      Successful search (ES-wcm)        
    23        1146         20360.8         8.90586     0.000976562          Refine grid             Train
Optimization terminated: change in the function value less than options['tol_mesh']
Estimated function value at minimum: 20366.128940451752 ± 6.152613712300727 (mean ± SEM from 100 samples)
BADS minimum at: x_min = [3.34730e+00 1.00403e+01 9.92630e+00 2.10332e+01 3.97600e-01 1.01449e+01
 4.85600e-01 4.80600e-01 4.57700e-01 1.00000e-04 1.99970e+00 6.83500e-01], training NLL = 20366.1289
total f-count: 1246, time: 62.45 min

 ------- Finish Optimization for Subject 25 ---------- 
Wed Oct 15 23:18:21 2025       
+---------------------------------------------------------------------------------------+
| NVIDIA-SMI 535.113.01             Driver Version: 535.113.01   CUDA Version: 12.2     |
|-----------------------------------------+----------------------+----------------------+
| GPU  Name                 Persistence-M | Bus-Id        Disp.A | Volatile Uncorr. ECC |
| Fan  Temp   Perf          Pwr:Usage/Cap |         Memory-Usage | GPU-Util  Compute M. |
|                                         |                      |               MIG M. |
|=========================================+======================+======================|
|   0  Tesla P100-PCIE-16GB           On  | 00000000:82:00.0 Off |                    0 |
| N/A   36C    P0              38W / 250W |      0MiB / 16384MiB |     12%      Default |
|                                         |                      |                  N/A |
+-----------------------------------------+----------------------+----------------------+
                                                                                         
+---------------------------------------------------------------------------------------+
| Processes:                                                                            |
|  GPU   GI   CI        PID   Type   Process name                            GPU Memory |
|        ID   ID                                                             Usage      |
|=======================================================================================|
|  No running processes found                                                           |
+---------------------------------------------------------------------------------------+
----------------------------------------
Start job epilogue Wed Oct 15 23:18:21 CEST 2025
----------------------------------------
Job ID:          49232766
Job Exit Code:   0:0
Username:        wenlou
Group:           mpla
Queue:           gpu
Compute nodes:   dccn-c047
Asked resources: walltime=1-00:00:00,nodes=1,cpus=4,mem=2G
Used resources:  cputime=2-06:06:32,walltime=13:31:38,memory=3G
----------------------------------------
End job epilogue Wed Oct 15 23:18:21 CEST 2025
----------------------------------------
