----------------------------------------
Start task prologue Tue Oct 14 14:37:35 CEST 2025
----------------------------------------
Step ID:         49224784.
Username:        wenlou
Group:           mpla
Asked resources: walltime=1-00:00:00,nodes=1,cpus=4,mem=2G
Queue:           gpu
Compute nodes:   dccn-c084
----------------------------------------
End task prologue Tue Oct 14 14:37:35 CEST 2025
----------------------------------------
CUDA version:
nvcc: NVIDIA (R) Cuda compiler driver
Copyright (c) 2005-2024 NVIDIA Corporation
Built on Thu_Mar_28_02:18:24_PDT_2024
Cuda compilation tools, release 12.4, V12.4.131
Build cuda_12.4.r12.4/compiler.34097967_0

[WARNING] Please note the interface change for (de-)activating conda environment:

  - DO NOT use `conda activate` to enter the conda environment as it requires extra step to modify your ~/.bashrc file, which will force you to use this Anaconda version (2024.06).  Therefore keep using `source activate` instead.

  - DO use `conda deactivate` to leave your conda environment as `source deactivate` will be deprecated in future release.

Running model for expriment=high_low_vis, m_id=1, method=bads
device is : cuda
['high_low_vis', '1', 'all', 'bads', '2']

 ------- Start Optimization for Subject 2 ---------- 

 Cross Validation fold 0/1

 -- Start Optimization: method BADS --

 Optimization Run 1/2
Initial params: [0.6176, 4.3168, 13.4505, 4.5314, 0.9259, 16.5828, 0.6811, 0.7409, 0.2966, 0.3981, 0.2537, 0.0714]
bads:TooCloseBounds: For each variable, hard and plausible bounds should not be too close. Moving plausible bounds.
Variables (index) internally transformed to log coordinates: [[ 0  0]
 [ 0  3]
 [ 0  9]
 [ 0 10]
 [ 0 11]]
Beginning optimization of a STOCHASTIC objective function

 Iteration    f-count      E[f(x)]        SD[f(x)]           MeshScale          Method              Actions
     0           1         29155.8             nan               1                                  
     0          28         28610.5             nan               1          Initial mesh            Initial points
     0          29         28144.9        0.999998               1        Successful poll           Train
     1          31         27044.9        0.999998               1      Successful search (ES-wcm)        
     1          33         25786.2        0.999996               1      Successful search (ES-wcm)        
     1          35         21510.6        0.999994               1      Successful search (ES-wcm)        
     1          37         20844.4         0.99999               1      Successful search (ES-wcm)        
     1          38         20637.5        0.999993               1      Successful search (ES-wcm)        
     1          44         20069.4        0.999968               1      Successful search (ES-wcm)        
     1          46         19974.1         0.99992               1      Successful search (ES-wcm)        
     1          52         19500.7        0.999544               1      Successful search (ES-ell)        
     1          60           19494         1.04189               1      Successful search (ES-ell)        
     1          63         19435.1         1.04181               1      Successful search (ES-ell)        
     1          64         19377.3         1.04191               1      Successful search (ES-wcm)        
     1          77         19364.2         1.03158               1      Successful search (ES-ell)        
     1          83         19343.4         1.00659               1      Successful search (ES-ell)        
     1          85         19155.4         1.00664               1      Successful search (ES-ell)        
     1          99         19130.5         1.00172               1      Successful search (ES-ell)        
     1         130         19130.5         1.00172             0.5          Refine grid             Train
     2         164         19131.8         0.90328            0.25          Refine grid             Train
     3         165         19215.4         35.8965            0.25      Successful search (ES-ell)        
     3         168         19189.5         36.2387            0.25      Successful search (ES-ell)        
     3         171         19153.4         35.3642            0.25      Successful search (ES-wcm)        
     3         172         19072.3         36.7457            0.25      Successful search (ES-ell)        
     3         211         19072.3         36.7457           0.125          Refine grid             
     4         212         19095.7         25.1604           0.125      Successful search (ES-ell)        
     4         213         19086.2         34.0102           0.125      Successful search (ES-ell)        
     4         215         19074.8          36.001           0.125      Successful search (ES-ell)        
     4         216         19068.7         42.1063           0.125      Successful search (ES-ell)        
     4         258         19068.7         42.1063          0.0625          Refine grid             Train
     5         259         19124.9         13.1964          0.0625      Successful search (ES-ell)        
     5         303         19089.2         22.9817           0.125        Successful poll           Train
     6         304         19057.2         30.4688           0.125      Successful search (ES-ell)        
     6         305         19037.2         40.2358           0.125      Successful search (ES-ell)        
     6         350         19037.2         40.2358          0.0625          Refine grid             
     7         351         19082.9         12.9078          0.0625      Successful search (ES-ell)        
     7         352         19063.3          23.723          0.0625      Successful search (ES-ell)        
     7         363         18990.3         15.3617          0.0625      Successful search (ES-ell)        
     7         364         18890.7         21.2436          0.0625      Successful search (ES-ell)        
     7         365         18886.9         26.4712          0.0625      Successful search (ES-ell)        
     7         409         18886.9         26.4712         0.03125          Refine grid             
     8         410         19104.7         11.8482         0.03125      Successful search (ES-wcm)        
     8         411         19096.3         16.2231         0.03125      Successful search (ES-wcm)        
     8         413         19072.4         18.8036         0.03125      Successful search (ES-wcm)        
     8         414         19050.8         23.5834         0.03125      Successful search (ES-wcm)        
     8         436         18971.5           32.66          0.0625        Successful poll           
     9         437         19011.7         27.3236          0.0625      Successful search (ES-wcm)        
     9         483         19011.7         27.3236         0.03125          Refine grid             
    10         519         19073.7         23.8829        0.015625          Refine grid             
    11         520         19109.4         8.95933        0.015625      Successful search (ES-wcm)        
    11         521         19108.4         9.44443        0.015625      Successful search (ES-wcm)        
    11         522         19095.1         10.6699        0.015625      Successful search (ES-wcm)        
    11         524         19089.5         12.6228        0.015625      Successful search (ES-wcm)        
    11         567         19089.5         12.6228       0.0078125          Refine grid             Train
    12         568         19095.1         16.8272       0.0078125      Successful search (ES-ell)        
    12         569         19079.5         16.1469       0.0078125      Successful search (ES-ell)        
    12         570           19061         15.7098       0.0078125      Successful search (ES-ell)        
    12         571         19027.2         15.5111       0.0078125      Successful search (ES-ell)        
    12         572         18993.3         17.3178       0.0078125      Successful search (ES-ell)        
    12         573         18962.5         19.7735       0.0078125      Successful search (ES-ell)        
    12         574         18942.2          22.866       0.0078125      Successful search (ES-ell)        
    12         575         18883.4         23.6382       0.0078125      Successful search (ES-ell)        
    12         615         18883.4         23.6382      0.00390625          Refine grid             Train
    13         616         19125.7         9.17539      0.00390625      Successful search (ES-wcm)        
    13         617         19123.7         8.68025      0.00390625      Successful search (ES-wcm)        
    13         618         19115.1         8.03615      0.00390625      Successful search (ES-wcm)        
    13         619         19109.5         8.56393      0.00390625      Successful search (ES-wcm)        
    13         620         19106.5         9.15105      0.00390625      Successful search (ES-wcm)        
    13         621         19095.6          10.033      0.00390625      Successful search (ES-wcm)        
    13         622         19086.8         13.4585      0.00390625      Successful search (ES-wcm)        
    13         623         19071.6         16.3271      0.00390625      Successful search (ES-wcm)        
    13         663         19071.6         16.3271      0.00195312          Refine grid             
    14         664         19109.4         7.92463      0.00195312      Successful search (ES-wcm)        
    14         665         19109.2         7.91547      0.00195312      Successful search (ES-wcm)        
    14         666         19106.3         7.68598      0.00195312      Successful search (ES-wcm)        
    14         672         19104.9         6.44751      0.00195312      Successful search (ES-wcm)        
    14         673         19103.6         6.50705      0.00195312      Successful search (ES-wcm)        
    14         674         19100.8         6.50178      0.00195312      Successful search (ES-ell)        
    14         675           19097         6.56753      0.00195312      Successful search (ES-ell)        
    14         676         19092.4          6.6079      0.00195312      Successful search (ES-ell)        
    14         677         19090.1         6.83005      0.00195312      Successful search (ES-ell)        
    14         678         19084.7         7.19724      0.00195312      Successful search (ES-ell)        
    14         679         19077.9         8.04468      0.00195312      Successful search (ES-ell)        
    14         680         19065.2         9.20239      0.00195312      Successful search (ES-ell)        
    14         681         19051.2         11.1534      0.00195312      Successful search (ES-wcm)        
    14         682         19033.7         13.8945      0.00195312      Successful search (ES-wcm)        
    14         683         19025.7         18.0735      0.00195312      Successful search (ES-wcm)        
    14         722         19025.7         18.0735     0.000976562          Refine grid             
Optimization terminated: change in the function value less than options['tol_mesh']
Estimated function value at minimum: 19125.755977418135 ± 5.275728374230073 (mean ± SEM from 100 samples)
BADS minimum at: x_min = [ 1.4592  6.7971  6.4467  0.802   0.1097 17.1175  0.3243  0.3899  0.4298
  0.0868  1.8351  0.2937], training NLL = 19125.756
total f-count: 822, time: 35.9 min

 Optimization Run 2/2
Initial params: [1.8825, 6.662, 6.037, 17.4793, 0.5842, 21.0038, 0.1887, 0.3839, 0.2385, 0.9666, 0.602, 0.1456]
bads:TooCloseBounds: For each variable, hard and plausible bounds should not be too close. Moving plausible bounds.
Variables (index) internally transformed to log coordinates: [[ 0  0]
 [ 0  3]
 [ 0  9]
 [ 0 10]
 [ 0 11]]
Beginning optimization of a STOCHASTIC objective function

 Iteration    f-count      E[f(x)]        SD[f(x)]           MeshScale          Method              Actions
     0           1         29958.1             nan               1                                  
     0          28         28596.2             nan               1          Initial mesh            Initial points
     0          29         28098.7         1.00349               1        Successful poll           Train
     1          31         25757.6         1.00349               1      Successful search (ES-wcm)        
     1          33         25569.2         1.00349               1      Successful search (ES-wcm)        
     1          35           24132         1.00349               1      Successful search (ES-wcm)        
     1          36         22346.5         1.00348               1      Successful search (ES-wcm)        
     1          37         22296.4         1.00349               1      Successful search (ES-ell)        
     1          43         21937.7         1.00346               1      Successful search (ES-wcm)        
     1          44         21504.2         1.00347               1      Successful search (ES-wcm)        
     1          46         21278.9         1.00349               1      Successful search (ES-wcm)        
     1          50         21228.4         1.00342               1      Successful search (ES-wcm)        
     1          53         21034.6          1.0033               1      Successful search (ES-wcm)        
     1          79         20633.4        0.968976               1        Successful poll           Train
     2          82         20272.6         1.05212               1      Successful search (ES-ell)        
     2          85         19794.4         1.05212               1      Successful search (ES-ell)        
     2          96         19758.4         1.05204               1      Successful search (ES-ell)        
     2         101         19624.4         1.05067               1      Successful search (ES-ell)        
     2         110         19548.6         1.05549               1      Successful search (ES-ell)        
     2         111         19512.1         1.05552               1      Successful search (ES-ell)        
     2         145         19512.1         1.05552             0.5          Refine grid             Train
     3         148         19474.6         1.08299             0.5      Successful search (ES-ell)        
     3         164         19457.6         1.04514             0.5      Successful search (ES-ell)        
     3         168           19423          1.0452             0.5      Successful search (ES-wcm)        
     3         202           19423          1.0452            0.25          Refine grid             
     4         237         19426.2         1.14829           0.125          Refine grid             Train
     5         245         19418.7          1.2478           0.125      Successful search (ES-wcm)        
     5         253         19405.3         1.25129           0.125      Successful search (ES-wcm)        
     5         296         19367.3         1.92709            0.25        Successful poll           
     6         331         19367.3         1.92709           0.125          Refine grid             Train
     7         366         19365.4         1.19988          0.0625          Refine grid             Train
     8         401         19366.3         1.19687        0.015625          Refine grid             Train
     9         436         19429.9         1.15536       0.0078125          Refine grid             Train
    10         471         19434.1         1.14865      0.00390625          Refine grid             Train
    11         507           19514          1.0756      0.00195312          Refine grid             Train
    12         508         19518.8         10.4013      0.00195312      Successful search (ES-wcm)        
    12         510           19517         9.85442      0.00195312      Successful search (ES-wcm)        
    12         511         19513.7         9.57737      0.00195312      Successful search (ES-wcm)        
    12         515         19512.1         9.08099      0.00195312      Successful search (ES-ell)        
    12         516           19512         9.06354      0.00195312      Successful search (ES-ell)        
    12         517         19508.1         9.04909      0.00195312      Successful search (ES-ell)        
    12         518         19506.4         9.77374      0.00195312      Successful search (ES-ell)        
    12         519         19502.4         10.8717      0.00195312      Successful search (ES-ell)        
    12         520         19499.6         11.4241      0.00195312      Successful search (ES-ell)        
    12         522         19496.4         11.3582      0.00195312      Successful search (ES-ell)        
    12         566         19496.4         11.3582     0.000976562          Refine grid             
Optimization terminated: change in the function value less than options['tol_mesh']
Estimated function value at minimum: 19499.3030430122 ± 5.523746297336681 (mean ± SEM from 100 samples)
BADS minimum at: x_min = [ 1.8189  8.7338  7.2836  2.2577  0.9719 36.4462  0.2192  0.3254  0.3637
  0.4743  1.9987  0.2498], training NLL = 19499.303
total f-count: 666, time: 29.38 min

 ------- Finish Optimization for Subject 2 ---------- 

 ------- Start Optimization for Subject 3 ---------- 

 Cross Validation fold 0/1

 -- Start Optimization: method BADS --

 Optimization Run 1/2
Initial params: [1.6182, 6.3002, 14.9496, 17.2704, -3.4464, 20.77, 0.5406, 0.1852, 0.1803, 0.1383, 0.991, 0.2591]
bads:TooCloseBounds: For each variable, hard and plausible bounds should not be too close. Moving plausible bounds.
Variables (index) internally transformed to log coordinates: [[ 0  0]
 [ 0  3]
 [ 0  9]
 [ 0 10]
 [ 0 11]]
Beginning optimization of a STOCHASTIC objective function

 Iteration    f-count      E[f(x)]        SD[f(x)]           MeshScale          Method              Actions
     0           1         26502.2             nan               1                                  
     0          28         26502.2             nan               1          Initial mesh            Initial points
     0          29         26414.2        0.979875               1        Successful poll           Train
     1          32         23793.9        0.979874               1      Successful search (ES-wcm)        
     1          35         23662.6        0.979836               1      Successful search (ES-wcm)        
     1          38         23592.1        0.979803               1      Successful search (ES-wcm)        
     1          40         23426.3        0.979812               1      Successful search (ES-wcm)        
     1          42         23354.8        0.979868               1      Successful search (ES-wcm)        
     1          48         23352.2         0.97954               1      Successful search (ES-wcm)        
     1          54         23231.6         0.97797               1      Successful search (ES-wcm)        
     1          55         22863.8        0.977971               1      Successful search (ES-wcm)        
     1          64         22817.7        0.977765               1      Successful search (ES-wcm)        
     1          66         22704.2        0.977967               1      Successful search (ES-wcm)        
     1          69         22520.6        0.977956               1      Successful search (ES-wcm)        
     1          75         22273.6        0.977951               1      Successful search (ES-wcm)        
     1          76         22111.4        0.977969               1      Successful search (ES-wcm)        
     1          79           21988         1.01022               1      Successful search (ES-wcm)        
     1          88         21985.3          1.0081               1      Successful search (ES-wcm)        
     1          94         21941.2         1.00981               1      Successful search (ES-wcm)        
     1          98         21914.7         1.00895               1      Successful search (ES-ell)        
     1          99         21867.4         1.00982               1      Successful search (ES-wcm)        
     1         125         19696.2         1.08648               1        Successful poll           
     2         126           19384         1.08648               1      Successful search (ES-wcm)        
     2         130           19329         1.56259               1      Successful search (ES-wcm)        
     2         137         19295.2         1.56259               1      Successful search (ES-wcm)        
     2         141         19277.3         1.56259               1      Successful search (ES-wcm)        
     2         155         19243.9         1.33056               1      Successful search (ES-wcm)        
     2         168         19182.3         1.33053               1      Successful search (ES-wcm)        
     2         173         19177.4         1.33027               1      Successful search (ES-wcm)        
     2         181         19175.9         1.24535               1      Successful search (ES-wcm)        
     2         196         19158.7         1.23634               1      Successful search (ES-ell)        
     2         224         19158.7         1.23634             0.5          Refine grid             Train
     3         253         19165.3         1.32235            0.25          Refine grid             Train
     4         284         19160.6        0.970684           0.125          Refine grid             Train
     5         313         19177.8        0.960931            0.25        Successful poll           Train
     6         318         19165.1        0.977634            0.25      Successful search (ES-wcm)        
     6         355         19165.1        0.977634           0.125          Refine grid             
     7         363         19174.9        0.884938           0.125      Successful search (ES-wcm)        
     7         364         19112.4        0.925583           0.125      Successful search (ES-wcm)        
     7         399         19112.4        0.925583          0.0625          Refine grid             Train
     8         402         19176.3        0.962808          0.0625      Successful search (ES-wcm)        
     8         431         19160.3        0.928689           0.125        Successful poll           
     9         462         19160.3         0.92869          0.0625          Refine grid             
    10         464           19160        0.950923          0.0625      Successful search (ES-wcm)        
    10         488         19053.2         11.4836           0.125        Successful poll           
    11         493         19101.5         10.0484           0.125      Successful search (ES-ell)        
    11         531         19101.5         10.0484          0.0625          Refine grid             Train
    12         534           19177        0.960373          0.0625      Successful search (ES-ell)        
    12         537         19099.1        0.960335          0.0625      Successful search (ES-wcm)        
    12         578         19099.1        0.960335         0.03125          Refine grid             
    13         608         19163.9         16.3096          0.0625        Successful poll           
    14         609         19147.7         17.3087          0.0625      Successful search (ES-ell)        
    14         653         19147.7         17.3087         0.03125          Refine grid             Train
    15         654         19183.4         12.9406         0.03125      Successful search (ES-ell)        
    15         655         19168.3         20.5868         0.03125      Successful search (ES-ell)        
    15         656         19149.4         28.1076         0.03125      Successful search (ES-ell)        
    15         657         19126.2         35.3243         0.03125      Successful search (ES-ell)        
    15         700         19126.2         35.3243        0.015625          Refine grid             
    16         701         19181.1         8.37135        0.015625      Successful search (ES-ell)        
    16         702         19171.3         10.8478        0.015625      Successful search (ES-ell)        
    16         703         19163.5         15.5909        0.015625      Successful search (ES-ell)        
    16         748         19163.5         15.5909       0.0078125          Refine grid             
    17         784         19191.7         7.59941      0.00390625          Refine grid             Train
    18         785         19185.9         7.41063      0.00390625      Successful search (ES-wcm)        
    18         786         19182.7         7.66683      0.00390625      Successful search (ES-wcm)        
    18         787         19179.3         7.67473      0.00390625      Successful search (ES-ell)        
    18         788         19173.1         8.01562      0.00390625      Successful search (ES-ell)        
    18         789         19168.8         8.98719      0.00390625      Successful search (ES-wcm)        
    18         790         19158.3         10.3412      0.00390625      Successful search (ES-wcm)        
    18         791         19143.6         12.3819      0.00390625      Successful search (ES-wcm)        
    18         792         19120.4         15.9525      0.00390625      Successful search (ES-wcm)        
    18         794         19112.9         17.8827      0.00390625      Successful search (ES-wcm)        
    18         832         19112.9         17.8827      0.00195312          Refine grid             Train
    19         833         19196.2         5.61863      0.00195312      Successful search (ES-ell)        
    19         834         19194.3         5.80719      0.00195312      Successful search (ES-ell)        
    19         835         19192.6         6.00767      0.00195312      Successful search (ES-ell)        
    19         836         19191.7         6.20622      0.00195312      Successful search (ES-wcm)        
    19         837         19190.5         6.49727      0.00195312      Successful search (ES-wcm)        
    19         838         19188.6         7.01036      0.00195312      Successful search (ES-wcm)        
    19         839           19179         9.10733      0.00195312      Successful search (ES-ell)        
    19         840         19164.1         11.7276      0.00195312      Successful search (ES-ell)        
    19         841         19163.9         15.5247      0.00195312      Successful search (ES-ell)        
    19         842         19150.9         18.8089      0.00195312      Successful search (ES-wcm)        
    19         843         19142.1         20.8325      0.00195312      Successful search (ES-wcm)        
    19         879         19142.1         20.8325     0.000976562          Refine grid             
Optimization terminated: change in the function value less than options['tol_mesh']
Estimated function value at minimum: 19170.96815582268 ± 5.561128458978666 (mean ± SEM from 100 samples)
BADS minimum at: x_min = [ 3.00900e+00  6.51610e+00  7.87030e+00  2.79872e+01 -8.32950e+00
  7.88920e+00  5.07300e-01  5.13400e-01  4.64400e-01  2.13000e-02
  1.41800e+00  4.63700e-01], training NLL = 19170.9682
total f-count: 979, time: 42.77 min

 Optimization Run 2/2
Initial params: [0.7562, 2.5943, 8.9036, 19.1405, 3.3947, 21.5176, 0.6337, 0.6964, 0.2236, 0.1589, 0.0319, 0.9505]
bads:TooCloseBounds: For each variable, hard and plausible bounds should not be too close. Moving plausible bounds.
Variables (index) internally transformed to log coordinates: [[ 0  0]
 [ 0  3]
 [ 0  9]
 [ 0 10]
 [ 0 11]]
Beginning optimization of a STOCHASTIC objective function

 Iteration    f-count      E[f(x)]        SD[f(x)]           MeshScale          Method              Actions
     0           1         27255.5             nan               1                                  
     0          28         27255.5             nan               1          Initial mesh            Initial points
     0          43         26090.2         1.01214               1        Successful poll           Train
     1          44         25940.5         1.01214               1      Successful search (ES-wcm)        
     1          45         25274.9         1.01215               1      Successful search (ES-wcm)        
     1          48         24961.3         1.01215               1      Successful search (ES-wcm)        
     1          49         24500.4         1.01215               1      Successful search (ES-wcm)        
     1          50           23171         1.01215               1      Successful search (ES-wcm)        
     1          53         22733.8         1.01215               1      Successful search (ES-wcm)        
     1          59         22596.4         1.05403               1      Successful search (ES-wcm)        
     1          67         22547.6         1.03329               1      Successful search (ES-wcm)        
     1          77         22521.6         1.03699               1      Successful search (ES-ell)        
     1          78         22385.1          0.9731               1      Successful search (ES-wcm)        
     1          79         22373.4        0.991478               1      Successful search (ES-ell)        
     1          81         22338.4        0.991925               1      Successful search (ES-wcm)        
     1          85         22317.1        0.991917               1      Successful search (ES-ell)        
     1          91         22279.1          0.9916               1      Successful search (ES-ell)        
     1          99         22277.2        0.990524               1      Successful search (ES-ell)        
     1         101         22232.5         0.99189               1      Successful search (ES-wcm)        
     1         103         22137.7        0.991787               1      Successful search (ES-wcm)        
     1         111         22125.5         1.04595               1      Successful search (ES-wcm)        
     1         120         21931.1         1.04599               1      Successful search (ES-ell)        
     1         154         21856.2          0.9717               1        Successful poll           Train
     2         156         21844.8         1.09534               1      Successful search (ES-ell)        
     2         160         21714.8         1.09533               1      Successful search (ES-ell)        
     2         163           21489         1.09533               1      Successful search (ES-ell)        
     2         165           21372         1.09532               1      Successful search (ES-ell)        
     2         166         20293.9         1.09534               1      Successful search (ES-ell)        
     2         173         20239.2          1.0951               1      Successful search (ES-ell)        
     2         175         20052.2          1.0951               1      Successful search (ES-ell)        
     2         177           19824         1.09498               1      Successful search (ES-ell)        
     2         178         19517.8          1.0952               1      Successful search (ES-wcm)        
     2         179           18773         1.08212               1      Successful search (ES-wcm)        
     2         181         18660.1         1.08212               1      Successful search (ES-wcm)        
     2         182         18646.3         1.08211               1      Successful search (ES-wcm)        
     2         185         18632.7         1.08211               1      Successful search (ES-wcm)        
     2         192         18602.7         1.08211               1      Successful search (ES-ell)        
     2         195           18535         1.08211               1      Successful search (ES-wcm)        
     2         196         18526.3         1.08211               1      Successful search (ES-wcm)        
     2         199         18483.7         1.08211               1      Successful search (ES-wcm)        
     2         207         18375.5         1.08204               1      Successful search (ES-wcm)        
     2         208         18323.3         1.08209               1      Successful search (ES-wcm)        
     2         213         18313.2         1.08211               1      Successful search (ES-wcm)        
     2         242         18313.2         1.08211             0.5          Refine grid             Train
     3         246         18287.9         1.08891             0.5      Successful search (ES-wcm)        
     3         285         18287.9         1.08891            0.25          Refine grid             Train
     4         296         18277.9         1.42369            0.25      Successful search (ES-wcm)        
     4         329         18277.9         1.42369           0.125          Refine grid             Train
     5         361         18298.8         1.08837            0.25        Successful poll           Train
     6         393         18298.8         1.08837           0.125          Refine grid             Train
     7         395         18288.5         1.08778           0.125      Successful search (ES-ell)        
     7         437         18288.5         1.08778          0.0625          Refine grid             
     8         469         18313.8         1.08543         0.03125          Refine grid             
     9         471         18336.9         1.45969         0.03125      Successful search (ES-wcm)        
     9         475         18310.4         1.24512         0.03125      Successful search (ES-wcm)        
     9         484           18309         1.33246         0.03125      Successful search (ES-wcm)        
     9         487         18307.1         1.23954         0.03125      Successful search (ES-wcm)        
     9         488         18292.9         1.41214         0.03125      Successful search (ES-wcm)        
     9         497         18262.7         1.14036         0.03125      Successful search (ES-wcm)        
     9         539         18262.7         1.14036        0.015625          Refine grid             
    10         540         18337.7          8.4404        0.015625      Successful search (ES-wcm)        
    10         541         18320.9         10.7278        0.015625      Successful search (ES-wcm)        
    10         542         18312.4         17.7335        0.015625      Successful search (ES-wcm)        
    10         544         18310.4         20.7919        0.015625      Successful search (ES-wcm)        
    10         585         18310.4         20.7919       0.0078125          Refine grid             Train
    11         586         18336.9         5.87224       0.0078125      Successful search (ES-ell)        
    11         587         18322.2         6.42811       0.0078125      Successful search (ES-ell)        
    11         633         18322.2         6.42811      0.00390625          Refine grid             Train
    12         634         18347.6         5.38515      0.00390625      Successful search (ES-ell)        
    12         635         18344.5         6.30613      0.00390625      Successful search (ES-ell)        
    12         636         18336.7         7.43941      0.00390625      Successful search (ES-ell)        
    12         637         18328.9         9.35216      0.00390625      Successful search (ES-ell)        
    12         640         18325.9         10.5636      0.00390625      Successful search (ES-wcm)        
    12         641         18307.9         14.5556      0.00390625      Successful search (ES-wcm)        
    12         642           18285         20.2625      0.00390625      Successful search (ES-wcm)        
    12         681           18285         20.2625      0.00195312          Refine grid             
    13         682           18341           5.364      0.00195312      Successful search (ES-wcm)        
    13         683         18339.5         5.61654      0.00195312      Successful search (ES-wcm)        
    13         684         18336.6          6.1301      0.00195312      Successful search (ES-wcm)        
    13         685         18333.6         7.16278      0.00195312      Successful search (ES-wcm)        
    13         729         18333.6         7.16278     0.000976562          Refine grid             
Optimization terminated: change in the function value less than options['tol_mesh']
Estimated function value at minimum: 18330.48919376662 ± 4.851913774141519 (mean ± SEM from 100 samples)
BADS minimum at: x_min = [ 4.595   8.7006 10.3047  0.9518 -0.0905 10.5689  0.4841  0.4926  0.362
  0.2109  1.6432  0.271 ], training NLL = 18330.4892
total f-count: 829, time: 36.25 min

 ------- Finish Optimization for Subject 3 ---------- 

 ------- Start Optimization for Subject 5 ---------- 

 Cross Validation fold 0/1

 -- Start Optimization: method BADS --

 Optimization Run 1/2
Initial params: [0.92, 5.0332, 14.3987, 15.1161, 4.1311, 20.4431, 0.8854, 0.7116, 0.274, 0.6708, 0.0921, 0.7274]
bads:TooCloseBounds: For each variable, hard and plausible bounds should not be too close. Moving plausible bounds.
Variables (index) internally transformed to log coordinates: [[ 0  0]
 [ 0  3]
 [ 0  9]
 [ 0 10]
 [ 0 11]]
Beginning optimization of a STOCHASTIC objective function

 Iteration    f-count      E[f(x)]        SD[f(x)]           MeshScale          Method              Actions
     0           1         28777.6             nan               1                                  
     0          28         28081.8             nan               1          Initial mesh            Initial points
     0          43           27273        0.995433               1        Successful poll           Train
     1          44         24830.6        0.995435               1      Successful search (ES-wcm)        
     1          47         24188.4        0.995433               1      Successful search (ES-ell)        
     1          49         24063.1        0.995432               1      Successful search (ES-ell)        
     1          51         23713.4        0.995428               1      Successful search (ES-ell)        
     1          52         22994.6        0.995432               1      Successful search (ES-ell)        
     1          62         22896.4        0.995014               1      Successful search (ES-ell)        
     1          63         22849.6        0.996073               1      Successful search (ES-wcm)        
     1          64         22834.2        0.996072               1      Successful search (ES-ell)        
     1          72         22808.7        0.994349               1      Successful search (ES-ell)        
     1          74         22804.7        0.995572               1      Successful search (ES-ell)        
     1          75         22766.4         0.99525               1      Successful search (ES-ell)        
     1          76         22615.9        0.996208               1      Successful search (ES-wcm)        
     1          88         22610.6         1.02793               1      Successful search (ES-wcm)        
     1          96         22551.8         1.03131               1      Successful search (ES-wcm)        
     1          99         22537.2         1.03079               1      Successful search (ES-wcm)        
     1         115         22520.1         1.07691               1      Successful search (ES-ell)        
     1         123         22512.8         1.08381               1      Successful search (ES-ell)        
     1         124         22480.3         1.08353               1      Successful search (ES-ell)        
     1         125           22459         1.08822               1      Successful search (ES-ell)        
     1         126           22375         1.08879               1      Successful search (ES-ell)        
     1         129         22317.4        0.938118               1      Successful search (ES-ell)        
     1         132         22107.7         0.93811               1      Successful search (ES-ell)        
     1         133         21561.1        0.938121               1      Successful search (ES-ell)        
     1         134         20609.1        0.938126               1      Successful search (ES-ell)        
     1         138         20291.6         0.93812               1      Successful search (ES-ell)        
     1         142         20283.7         0.93811               1      Successful search (ES-wcm)        
     1         146         20272.1        0.937884               1      Successful search (ES-ell)        
     1         147         20223.8        0.938009               1      Successful search (ES-ell)        
     1         160         20195.3         1.05702               1      Successful search (ES-ell)        
     1         161         20175.5         1.05721               1      Successful search (ES-ell)        
     1         164           20115         1.05846               1      Successful search (ES-ell)        
     1         166         20085.6         1.05843               1      Successful search (ES-ell)        
     1         168         20030.9         1.05844               1      Successful search (ES-ell)        
     1         175         19993.9         1.05826               1      Successful search (ES-ell)        
     1         178         19979.7         1.05844               1      Successful search (ES-ell)        
     1         181           19953        0.932496               1      Successful search (ES-wcm)        
     1         183           19946        0.932492               1      Successful search (ES-ell)        
     1         192         19903.6        0.932435               1      Successful search (ES-wcm)        
     1         209         19874.6        0.929122               1      Successful search (ES-wcm)        
     1         210         19847.2        0.927834               1      Successful search (ES-wcm)        
     1         241         19847.2        0.927834             0.5          Refine grid             
     2         268         19644.8         1.05719               1        Successful poll           Train
     3         274         19615.3         1.05723               1      Successful search (ES-wcm)        
     3         275         19453.6         1.05723               1      Successful search (ES-wcm)        
     3         278         19440.9         1.05011               1      Successful search (ES-wcm)        
     3         279         19298.7         1.05011               1      Successful search (ES-wcm)        
     3         291         19238.9         1.05011               1      Successful search (ES-wcm)        
     3         322         19238.9         1.05011             0.5          Refine grid             Train
     4         323         19175.4         1.09806             0.5      Successful search (ES-wcm)        
     4         324         19016.6         1.09806             0.5      Successful search (ES-wcm)        
     4         341         19016.4         1.10356             0.5      Incremental search (ES-wcm)        
     4         343         18983.8         1.10355             0.5      Successful search (ES-wcm)        
     4         370         18872.9         1.10356               1        Successful poll           Train
     5         377         18805.8         1.14405               1      Successful search (ES-wcm)        
     5         379         18789.4         1.14404               1      Successful search (ES-wcm)        
     5         411         18789.4         1.14404             0.5          Refine grid             Train
     6         419         18759.7         1.14617             0.5      Successful search (ES-wcm)        
     6         428         18728.6         1.19759             0.5      Successful search (ES-wcm)        
     6         435         18708.1         1.19756             0.5      Successful search (ES-wcm)        
     6         445         18694.4         1.19672             0.5      Successful search (ES-ell)        
     6         479         18690.2         1.29885               1        Successful poll           Train
     7         508         18690.2         1.29884             0.5          Refine grid             Train
     8         509         18758.4          29.987             0.5      Successful search (ES-ell)        
     8         512         18744.6         22.5515             0.5      Successful search (ES-ell)        
     8         514         18736.2         22.8467             0.5      Successful search (ES-ell)        
     8         552         18736.2         22.8467            0.25          Refine grid             
     9         553         18758.2         17.3985            0.25      Successful search (ES-wcm)        
     9         554         18751.8          27.907            0.25      Successful search (ES-ell)        
     9         597         18751.8          27.907           0.125          Refine grid             Train
    10         598         18760.5         10.4879           0.125      Successful search (ES-ell)        
    10         599         18752.8          18.531           0.125      Successful search (ES-ell)        
    10         643         18752.8          18.531          0.0625          Refine grid             Train
    11         644         18764.5         7.29723          0.0625      Successful search (ES-wcm)        
    11         645         18757.5         9.28647          0.0625      Successful search (ES-wcm)        
    11         646         18748.1         12.4105          0.0625      Successful search (ES-wcm)        
    11         689         18748.1         12.4105         0.03125          Refine grid             Train
    12         690         18775.6         6.29481         0.03125      Successful search (ES-wcm)        
    12         694         18772.3         6.12549         0.03125      Successful search (ES-wcm)        
    12         695         18770.1         6.31926         0.03125      Successful search (ES-wcm)        
    12         697         18762.6          6.5851         0.03125      Successful search (ES-ell)        
    12         703         18760.7         6.97042         0.03125      Successful search (ES-ell)        
    12         704         18756.3         8.25182         0.03125      Successful search (ES-ell)        
    12         716         18755.1         8.23028         0.03125      Successful search (ES-ell)        
    12         717         18747.6         9.69839         0.03125      Successful search (ES-ell)        
    12         750         18744.9          7.7354          0.0625        Successful poll           Train
    13         751         18776.6         9.93296          0.0625      Successful search (ES-wcm)        
    13         753         18776.5         12.0816          0.0625      Incremental search (ES-wcm)        
    13         754         18759.2         14.3379          0.0625      Successful search (ES-wcm)        
    13         796         18759.2         14.3379         0.03125          Refine grid             
    14         797         18772.6         8.51167         0.03125      Successful search (ES-ell)        
    14         798         18771.8         11.6762         0.03125      Successful search (ES-ell)        
    14         799         18770.3          14.856         0.03125      Successful search (ES-ell)        
    14         843         18770.3          14.856        0.015625          Refine grid             
    15         844         18777.1         7.98713        0.015625      Successful search (ES-ell)        
    15         847         18775.3         8.15164        0.015625      Successful search (ES-wcm)        
    15         854         18773.3         7.46278        0.015625      Successful search (ES-wcm)        
    15         855         18771.4         7.53362        0.015625      Successful search (ES-wcm)        
    15         872         18770.6         12.9974         0.03125        Successful poll           Train
    16         873         18779.9         5.59386         0.03125      Successful search (ES-wcm)        
    16         874         18776.2         6.90698         0.03125      Successful search (ES-wcm)        
    16         876         18770.9         10.5442         0.03125      Successful search (ES-wcm)        
    16         880         18763.6         10.0489         0.03125      Successful search (ES-ell)        
    16         882         18758.4         10.6039         0.03125      Successful search (ES-ell)        
    16         883         18756.9          12.396         0.03125      Successful search (ES-ell)        
    16         884         18743.4           15.25         0.03125      Successful search (ES-ell)        
    16         885         18735.5         16.0649         0.03125      Successful search (ES-ell)        
    16         886         18734.8         18.4185         0.03125      Successful search (ES-ell)        
    16         932         18734.8         18.4185        0.015625          Refine grid             Train
    17         933         18765.4         6.87247        0.015625      Successful search (ES-ell)        
    17         934         18759.7         7.97153        0.015625      Successful search (ES-ell)        
    17         939         18752.5         7.97882        0.015625      Successful search (ES-wcm)        
    17         943         18748.1         7.82198        0.015625      Successful search (ES-wcm)        
    17         948         18744.2         7.64595        0.015625      Successful search (ES-wcm)        
    17         959         18742.6         7.35095        0.015625      Successful search (ES-wcm)        
    17         993         18732.4         9.74272         0.03125        Successful poll           Train
    18         995         18729.4         11.1804         0.03125      Successful search (ES-ell)        
    18         996         18725.6         12.5579         0.03125      Successful search (ES-ell)        
    18         997         18721.6           14.05         0.03125      Successful search (ES-ell)        
    18        1040         18721.6           14.05        0.015625          Refine grid             
    19        1041         18755.2         5.70422        0.015625      Successful search (ES-ell)        
    19        1042         18748.2         7.31511        0.015625      Successful search (ES-ell)        
    19        1043         18739.2          9.7262        0.015625      Successful search (ES-ell)        
    19        1044         18719.3         13.5206        0.015625      Successful search (ES-wcm)        
    19        1045         18702.8         20.5017        0.015625      Successful search (ES-wcm)        
    19        1088         18702.8         20.5017       0.0078125          Refine grid             
    20        1089         18744.9         7.78125       0.0078125      Successful search (ES-wcm)        
    20        1090         18743.2         8.00302       0.0078125      Successful search (ES-wcm)        
    20        1091         18740.4         8.45327       0.0078125      Successful search (ES-wcm)        
    20        1094         18736.5         8.52449       0.0078125      Successful search (ES-ell)        
    20        1115         18723.6         14.0047        0.015625        Successful poll           Train
    21        1116         18733.7         9.90503        0.015625      Successful search (ES-ell)        
    21        1117         18728.7         11.7372        0.015625      Successful search (ES-ell)        
    21        1118         18721.9         14.0466        0.015625      Successful search (ES-ell)        
    21        1119         18719.2         17.5306        0.015625      Successful search (ES-ell)        
    21        1163         18719.2         17.5306       0.0078125          Refine grid             
    22        1199         18739.2         7.66761      0.00390625          Refine grid             Train
    23        1200         18710.7         7.43957      0.00390625      Successful search (ES-ell)        
    23        1201         18700.8         8.24017      0.00390625      Successful search (ES-ell)        
    23        1202         18687.7         9.37888      0.00390625      Successful search (ES-ell)        
    23        1203         18676.4         11.0878      0.00390625      Successful search (ES-ell)        
    23        1247         18676.4         11.0878      0.00195312          Refine grid             Train
    24        1248         18744.2         5.09868      0.00195312      Successful search (ES-ell)        
    24        1249         18743.2         5.54161      0.00195312      Successful search (ES-ell)        
    24        1250         18742.7         6.39068      0.00195312      Successful search (ES-ell)        
    24        1251           18740          7.4886      0.00195312      Successful search (ES-ell)        
    24        1252         18738.6         9.72997      0.00195312      Successful search (ES-ell)        
    24        1253         18732.7         12.3795      0.00195312      Successful search (ES-ell)        
    24        1295         18732.7         12.3795     0.000976562          Refine grid             
Optimization terminated: change in the function value less than options['tol_mesh']
Estimated function value at minimum: 18728.976483938706 ± 4.726612841579933 (mean ± SEM from 100 samples)
BADS minimum at: x_min = [ 4.2706  7.3168  7.0293  0.      0.3479 11.3616  0.4761  0.4243  0.415
  0.0197  1.7176  0.3367], training NLL = 18728.9765
total f-count: 1395, time: 61.26 min

 Optimization Run 2/2
Initial params: [0.8067, 8.1199, 7.3781, 5.9008, 1.8835, 12.1025, 0.6613, 0.6039, 0.2669, 0.3931, 0.8509, 0.3724]
bads:TooCloseBounds: For each variable, hard and plausible bounds should not be too close. Moving plausible bounds.
Variables (index) internally transformed to log coordinates: [[ 0  0]
 [ 0  3]
 [ 0  9]
 [ 0 10]
 [ 0 11]]
Beginning optimization of a STOCHASTIC objective function

 Iteration    f-count      E[f(x)]        SD[f(x)]           MeshScale          Method              Actions
     0           1           25073             nan               1                                  
     0          28           25073             nan               1          Initial mesh            Initial points
     0          29         24252.2        0.999994               1        Successful poll           Train
     1          30         23993.5        0.999995               1      Successful search (ES-wcm)        
     1          32         22810.8        0.999993               1      Successful search (ES-wcm)        
     1          35           22297         0.99999               1      Successful search (ES-wcm)        
     1          37         20365.9        0.999987               1      Successful search (ES-wcm)        
     1          39         20307.1        0.999983               1      Successful search (ES-wcm)        
     1          47         20229.9         0.99976               1      Successful search (ES-wcm)        
     1          48         19961.6        0.999947               1      Successful search (ES-wcm)        
     1          60           19620         0.99713               1      Successful search (ES-wcm)        
     1          70         19531.9        0.997155               1      Successful search (ES-wcm)        
     1          71         19362.9        0.997144               1      Successful search (ES-wcm)        
     1          72         19249.1        0.997153               1      Successful search (ES-wcm)        
     1          74         19018.9         0.99716               1      Successful search (ES-wcm)        
     1          82         18921.6        0.998092               1      Successful search (ES-ell)        
     1          84         18853.5        0.998089               1      Successful search (ES-ell)        
     1          86         18832.5        0.998091               1      Successful search (ES-ell)        
     1          94         18652.5        0.998036               1      Successful search (ES-ell)        
     1          99         18549.9        0.997378               1      Successful search (ES-ell)        
     1         106         18537.5         1.00502               1      Successful search (ES-ell)        
     1         109         18443.9         1.00489               1      Successful search (ES-ell)        
     1         113           18432         1.00429               1      Successful search (ES-ell)        
     1         123         18392.9        0.998225               1      Successful search (ES-ell)        
     1         133         18359.5         1.02693               1      Successful search (ES-ell)        
     1         163         18359.5         1.02693             0.5          Refine grid             Train
     2         171         18348.3          1.0425             0.5      Successful search (ES-ell)        
     2         207         18348.3          1.0425            0.25          Refine grid             Train
     3         241         18352.3         3.72276           0.125          Refine grid             Train
     4         276         18374.7         0.90611         0.03125          Refine grid             Train
     5         277           18425          8.1108         0.03125      Successful search (ES-wcm)        
     5         278         18389.9         11.6905         0.03125      Successful search (ES-wcm)        
     5         279         18366.7          16.198         0.03125      Successful search (ES-ell)        
     5         280         18344.4         22.7517         0.03125      Successful search (ES-ell)        
     5         281         18298.1         32.4964         0.03125      Successful search (ES-ell)        
     5         282         18243.7         38.3894         0.03125      Successful search (ES-ell)        
     5         323         18243.7         38.3894        0.015625          Refine grid             
     6         324         18296.2         8.01591        0.015625      Successful search (ES-ell)        
     6         325         18284.7         9.40867        0.015625      Successful search (ES-ell)        
     6         326         18283.3         16.7795        0.015625      Successful search (ES-wcm)        
     6         328         18283.3         16.0532        0.015625      Successful search (ES-wcm)        
     6         330         18271.8         17.4455        0.015625      Successful search (ES-ell)        
     6         331         18260.2         23.1209        0.015625      Successful search (ES-ell)        
     6         370         18260.2         23.1209       0.0078125          Refine grid             
     7         371         18274.3         7.40425       0.0078125      Successful search (ES-ell)        
     7         372         18269.2         8.05398       0.0078125      Successful search (ES-ell)        
     7         373         18264.7         10.0415       0.0078125      Successful search (ES-ell)        
     7         374         18261.2         13.7176       0.0078125      Successful search (ES-ell)        
     7         375         18248.9         18.3572       0.0078125      Successful search (ES-ell)        
     7         377         18243.8         23.3216       0.0078125      Successful search (ES-wcm)        
     7         378           18234         28.8368       0.0078125      Successful search (ES-wcm)        
     7         379         18206.2         33.1848       0.0078125      Successful search (ES-wcm)        
     7         395         18205.7         18.9152        0.015625        Successful poll           Train
     8         397         18206.7         15.4578        0.015625      Successful search (ES-ell)        
     8         398         18191.6          14.991        0.015625      Successful search (ES-ell)        
     8         401         18187.1         12.9189        0.015625      Successful search (ES-wcm)        
     8         402         18183.9         15.0704        0.015625      Successful search (ES-wcm)        
     8         408         18178.8         11.9199        0.015625      Successful search (ES-ell)        
     8         409         18165.6         14.8492        0.015625      Successful search (ES-ell)        
     8         455         18165.6         14.8492       0.0078125          Refine grid             
     9         456         18178.1         6.80367       0.0078125      Successful search (ES-wcm)        
     9         457         18170.5         8.07402       0.0078125      Successful search (ES-ell)        
     9         458         18160.7         10.6802       0.0078125      Successful search (ES-ell)        
     9         459         18150.3         14.4257       0.0078125      Successful search (ES-ell)        
     9         503         18150.3         14.4257      0.00390625          Refine grid             
    10         504         18186.8         10.5849      0.00390625      Successful search (ES-ell)        
    10         551         18186.8         10.5849      0.00195312          Refine grid             
    11         552         18188.5         6.44151      0.00195312      Successful search (ES-wcm)        
    11         553         18185.8         6.87009      0.00195312      Successful search (ES-wcm)        
    11         554         18182.3         7.41187      0.00195312      Successful search (ES-wcm)        
    11         555         18177.9         8.31519      0.00195312      Successful search (ES-wcm)        
    11         556         18168.7         9.64782      0.00195312      Successful search (ES-wcm)        
    11         557         18165.4         12.2248      0.00195312      Successful search (ES-wcm)        
    11         599         18165.4         12.2248     0.000976562          Refine grid             Train
Optimization terminated: change in the function value less than options['tol_mesh']
Estimated function value at minimum: 18183.444164277716 ± 4.0260496288425 (mean ± SEM from 100 samples)
BADS minimum at: x_min = [3.5248 6.7124 6.2622 5.6746 3.9365 9.6516 0.4561 0.4493 0.4639 0.2121
 1.6821 0.2414], training NLL = 18183.4442
total f-count: 699, time: 30.5 min

 ------- Finish Optimization for Subject 5 ---------- 

 ------- Start Optimization for Subject 6 ---------- 

 Cross Validation fold 0/1

 -- Start Optimization: method BADS --

 Optimization Run 1/2
Initial params: [1.1387, 3.8683, 7.9138, 0.8706, 1.0303, 15.5865, 0.2394, 0.7041, 0.2164, 0.4804, 0.5118, 0.8965]
bads:TooCloseBounds: For each variable, hard and plausible bounds should not be too close. Moving plausible bounds.
Variables (index) internally transformed to log coordinates: [[ 0  0]
 [ 0  3]
 [ 0  9]
 [ 0 10]
 [ 0 11]]
Beginning optimization of a STOCHASTIC objective function

 Iteration    f-count      E[f(x)]        SD[f(x)]           MeshScale          Method              Actions
     0           1           25646             nan               1                                  
     0          28           25646             nan               1          Initial mesh            Initial points
     0          42         25017.9         0.99999               1        Successful poll           Train
     1          43         23842.4        0.999988               1      Successful search (ES-wcm)        
     1          45         23227.7        0.999986               1      Successful search (ES-wcm)        
     1          54         23092.1          1.0225               1      Successful search (ES-wcm)        
     1          55           21767         1.02257               1      Successful search (ES-wcm)        
     1          71         21574.4         1.02226               1      Successful search (ES-wcm)        
     1          72         21456.4         1.02242               1      Successful search (ES-wcm)        
     1          75         21265.8         1.02218               1      Successful search (ES-wcm)        
     1          76         21214.2         1.02229               1      Successful search (ES-wcm)        
     1          83         20967.3        0.901483               1      Successful search (ES-wcm)        
     1          86           20884        0.901477               1      Successful search (ES-wcm)        
     1          89         20853.2        0.901382               1      Successful search (ES-ell)        
     1          93         20807.8        0.901472               1      Successful search (ES-ell)        
     1          99         20770.3        0.900646               1      Successful search (ES-ell)        
     1         101         20714.3         0.89983               1      Successful search (ES-ell)        
     1         108         20713.8         1.08028               1      Incremental search (ES-ell)        
     1         111         20703.6         1.08041               1      Successful search (ES-wcm)        
     1         113         20624.8         1.08029               1      Successful search (ES-wcm)        
     1         122         20611.6         1.07972               1      Successful search (ES-wcm)        
     1         137         20600.9         1.22404               1      Successful search (ES-wcm)        
     1         146         20543.9         1.24516               1      Successful search (ES-ell)        
     1         169         19581.9         1.53802               1        Successful poll           
     2         176         19518.4         1.53759               1      Successful search (ES-ell)        
     2         177         19477.7         1.53788               1      Successful search (ES-ell)        
     2         179         19068.7           34.35               1      Successful search (ES-ell)        
     2         180         18654.6          34.365               1      Successful search (ES-ell)        
     2         183         18585.1         35.7301               1      Successful search (ES-wcm)        
     2         187         18485.5         35.1682               1      Successful search (ES-ell)        
     2         199         18422.6         25.9797               1      Successful search (ES-wcm)        
     2         201         18409.9         23.6951               1      Successful search (ES-wcm)        
     2         211         18388.5         19.5745               1      Successful search (ES-wcm)        
     2         216         18384.8         15.3692               1      Successful search (ES-wcm)        
     2         222         18373.4         16.6627               1      Successful search (ES-wcm)        
     2         223         18362.6         28.0031               1      Successful search (ES-wcm)        
     2         234         18344.9         22.6416               1      Successful search (ES-ell)        
     2         239         18329.8         15.7632               1      Successful search (ES-ell)        
     2         240         18285.2         31.7404               1      Successful search (ES-ell)        
     2         269         18285.2         31.7404             0.5          Refine grid             
     3         270         18358.1         35.2754             0.5      Successful search (ES-wcm)        
     3         273         18336.9         37.1815             0.5      Successful search (ES-wcm)        
     3         276         18334.9         26.4559             0.5      Successful search (ES-wcm)        
     3         279         18328.2         28.0613             0.5      Successful search (ES-wcm)        
     3         283         18289.1          34.063             0.5      Successful search (ES-wcm)        
     3         287         18260.3         31.9074             0.5      Successful search (ES-wcm)        
     3         288         18246.7         33.1536             0.5      Successful search (ES-wcm)        
     3         292         18236.9         31.0691             0.5      Successful search (ES-wcm)        
     3         295         18230.3         30.3493             0.5      Successful search (ES-wcm)        
     3         302         18135.8         26.4874             0.5      Successful search (ES-ell)        
     3         336         18135.8         26.4874            0.25          Refine grid             
     4         337         18265.7         31.8259            0.25      Successful search (ES-ell)        
     4         338         18238.4         39.0774            0.25      Successful search (ES-ell)        
     4         342         18184.3         37.3806            0.25      Successful search (ES-ell)        
     4         343         18115.1          40.126            0.25      Successful search (ES-ell)        
     4         351           18098         32.3733            0.25      Successful search (ES-ell)        
     4         353         18009.6         39.7677            0.25      Successful search (ES-wcm)        
     4         358         18009.1         33.0923            0.25      Successful search (ES-wcm)        
     4         360         18000.1         28.8683            0.25      Successful search (ES-ell)        
     4         361         17996.5          42.441            0.25      Successful search (ES-ell)        
     4         374         17946.1         39.0448            0.25      Successful search (ES-ell)        
     4         386         17945.7         33.6095            0.25      Successful search (ES-wcm)        
     4         428         17945.7         33.6095           0.125          Refine grid             Train
     5         429           17899         25.0539           0.125      Successful search (ES-ell)        
     5         430         17895.9         40.3203           0.125      Successful search (ES-ell)        
     5         474         17895.9         40.3203          0.0625          Refine grid             
     6         476         17939.3         11.5784          0.0625      Successful search (ES-wcm)        
     6         477         17937.3         15.8214          0.0625      Successful search (ES-wcm)        
     6         478         17923.2         15.7678          0.0625      Successful search (ES-wcm)        
     6         482         17922.4         14.7368          0.0625      Successful search (ES-ell)        
     6         483         17909.2         17.5343          0.0625      Successful search (ES-ell)        
     6         484         17893.9         21.9422          0.0625      Successful search (ES-ell)        
     6         488         17885.4         16.8868          0.0625      Successful search (ES-wcm)        
     6         489         17865.4         23.3222          0.0625      Successful search (ES-wcm)        
     6         490         17853.3         36.7144          0.0625      Successful search (ES-wcm)        
     6         533         17853.3         36.7144         0.03125          Refine grid             
     7         534         17902.8         8.71775         0.03125      Successful search (ES-ell)        
     7         535         17869.8         8.41763         0.03125      Successful search (ES-wcm)        
     7         536         17849.3          11.228         0.03125      Successful search (ES-ell)        
     7         537         17826.2         18.9934         0.03125      Successful search (ES-ell)        
     7         538         17782.4         41.1446         0.03125      Successful search (ES-wcm)        
     7         550         17778.3         13.7222         0.03125      Successful search (ES-wcm)        
     7         551         17773.3         14.6828         0.03125      Successful search (ES-wcm)        
     7         552         17767.3         15.9192         0.03125      Successful search (ES-wcm)        
     7         553         17761.7         16.5598         0.03125      Successful search (ES-ell)        
     7         555         17759.5         17.0165         0.03125      Successful search (ES-ell)        
     7         592         17738.8         24.0397          0.0625        Successful poll           
     8         624           17738         9.35969           0.125        Successful poll           Train
     9         625         17726.1         28.2354           0.125      Successful search (ES-ell)        
     9         670         17726.1         28.2354          0.0625          Refine grid             Train
    10         671         17692.6          12.979          0.0625      Successful search (ES-wcm)        
    10         672         17588.6         16.7459          0.0625      Successful search (ES-ell)        
    10         717         17588.6         16.7459         0.03125          Refine grid             
    11         718         17756.1         7.74281         0.03125      Successful search (ES-ell)        
    11         719         17659.5         15.1897         0.03125      Successful search (ES-ell)        
    11         720         17638.3         19.2893         0.03125      Successful search (ES-ell)        
    11         763         17638.3         19.2893        0.015625          Refine grid             
    12         764         17775.8         5.98449        0.015625      Successful search (ES-ell)        
    12         765         17707.5         7.37772        0.015625      Successful search (ES-ell)        
    12         766         17625.1         9.64653        0.015625      Successful search (ES-ell)        
    12         810         17625.1         9.64653       0.0078125          Refine grid             
    13         811         17837.1         5.92044       0.0078125      Successful search (ES-ell)        
    13         812         17809.3         6.86563       0.0078125      Successful search (ES-wcm)        
    13         813         17757.3         8.39402       0.0078125      Successful search (ES-wcm)        
    13         814         17716.4         10.7762       0.0078125      Successful search (ES-wcm)        
    13         815         17679.2         16.0122       0.0078125      Successful search (ES-wcm)        
    13         857         17679.2         16.0122      0.00390625          Refine grid             
    14         858         17911.3         4.66369      0.00390625      Successful search (ES-wcm)        
    14         859         17896.7         4.64785      0.00390625      Successful search (ES-wcm)        
    14         860         17881.6         5.04945      0.00390625      Successful search (ES-wcm)        
    14         861           17855         5.39601      0.00390625      Successful search (ES-wcm)        
    14         862         17827.1          5.6305      0.00390625      Successful search (ES-wcm)        
    14         863         17782.2         7.02915      0.00390625      Successful search (ES-wcm)        
    14         864         17716.3         10.4269      0.00390625      Successful search (ES-wcm)        
    14         865         17640.7         15.8888      0.00390625      Successful search (ES-wcm)        
    14         904         17640.7         15.8888      0.00195312          Refine grid             
    15         905         17767.1         5.66064      0.00195312      Successful search (ES-wcm)        
    15         906         17762.8         5.45936      0.00195312      Successful search (ES-wcm)        
    15         907         17757.1         5.48934      0.00195312      Successful search (ES-wcm)        
    15         908         17746.4         5.60216      0.00195312      Successful search (ES-wcm)        
    15         909         17743.9         6.45018      0.00195312      Successful search (ES-wcm)        
    15         910         17734.2          8.5834      0.00195312      Successful search (ES-wcm)        
    15         911           17717         13.7967      0.00195312      Successful search (ES-wcm)        
    15         951           17717         13.7967     0.000976562          Refine grid             Train
Optimization terminated: change in the function value less than options['tol_mesh']
Estimated function value at minimum: 17748.854794027986 ± 4.425435174720983 (mean ± SEM from 100 samples)
BADS minimum at: x_min = [5.0000e+00 5.8707e+00 6.2137e+00 6.2480e-01 4.6100e-02 8.4701e+00
 5.2350e-01 4.6160e-01 3.3140e-01 1.0000e-03 1.0746e+00 2.3750e-01], training NLL = 17748.8548
total f-count: 1051, time: 45.99 min

 Optimization Run 2/2
Initial params: [0.6874, 6.2866, 9.4682, 15.949, -4.4141, 17.3323, 0.1937, 0.5633, 0.1039, 0.4714, 0.2748, 0.1415]
bads:TooCloseBounds: For each variable, hard and plausible bounds should not be too close. Moving plausible bounds.
Variables (index) internally transformed to log coordinates: [[ 0  0]
 [ 0  3]
 [ 0  9]
 [ 0 10]
 [ 0 11]]
Beginning optimization of a STOCHASTIC objective function

 Iteration    f-count      E[f(x)]        SD[f(x)]           MeshScale          Method              Actions
     0           1         29499.8             nan               1                                  
     0          28         27011.3             nan               1          Initial mesh            Initial points
     0          39         25471.5               1               1        Successful poll           Train
     1          40           24363        0.999998               1      Successful search (ES-wcm)        
     1          43         23488.2        0.999992               1      Successful search (ES-wcm)        
     1          45         22579.7        0.999989               1      Successful search (ES-wcm)        
     1          47         22173.9        0.999985               1      Successful search (ES-wcm)        
     1          48         22074.1        0.999975               1      Successful search (ES-wcm)        
     1          50         21351.3        0.999958               1      Successful search (ES-wcm)        
     1          52         20740.6        0.999916               1      Successful search (ES-wcm)        
     1          57         20711.1        0.970776               1      Successful search (ES-wcm)        
     1          66         20361.9        0.970734               1      Successful search (ES-wcm)        
     1          67         20062.8         0.97077               1      Successful search (ES-wcm)        
     1          68         19736.2        0.970763               1      Successful search (ES-wcm)        
     1          72         19572.9        0.970616               1      Successful search (ES-wcm)        
     1          81           19556        0.990706               1      Successful search (ES-wcm)        
     1          87         19445.3        0.990575               1      Successful search (ES-wcm)        
     1          89         19137.2        0.990712               1      Successful search (ES-wcm)        
     1          94         19119.5         0.99071               1      Successful search (ES-wcm)        
     1          95         19104.7        0.990713               1      Successful search (ES-wcm)        
     1         108         19074.8         1.00024               1      Successful search (ES-wcm)        
     1         110         19069.1         1.00022               1      Successful search (ES-wcm)        
     1         115         19017.1         1.00026               1      Successful search (ES-ell)        
     1         119         18984.8         1.00019               1      Successful search (ES-ell)        
     1         120         18945.8         1.00016               1      Successful search (ES-ell)        
     1         133         18884.6         1.00235               1      Successful search (ES-ell)        
     1         145         18876.6        0.993513               1      Successful search (ES-ell)        
     1         176         18663.8         41.2294               1        Successful poll           
     2         177         18212.4         44.9245               1      Successful search (ES-ell)        
     2         190         18103.8         50.1292               1      Successful search (ES-ell)        
     2         194         17957.3         50.3504               1      Successful search (ES-wcm)        
     2         204         17931.6         44.5945               1      Successful search (ES-wcm)        
     2         205         17841.3         46.4121               1      Successful search (ES-wcm)        
     2         207         17800.4         47.6663               1      Successful search (ES-wcm)        
     2         211         17799.7         40.7939               1      Incremental search (ES-wcm)        
     2         214         17733.7         48.7477               1      Successful search (ES-wcm)        
     2         216           17601         50.8087               1      Successful search (ES-wcm)        
     2         222         17587.4         45.4363               1      Successful search (ES-wcm)        
     2         227         17530.8          47.671               1      Successful search (ES-wcm)        
     2         241         17488.5         44.8163               1      Successful search (ES-ell)        
     2         253         17421.1         43.8493               1      Successful search (ES-wcm)        
     2         257         17401.1         34.0936               1      Successful search (ES-wcm)        
     2         259         17392.7          33.585               1      Successful search (ES-wcm)        
     2         266         17384.7         27.4241               1      Successful search (ES-wcm)        
     2         267         17364.6         38.1418               1      Successful search (ES-wcm)        
     2         269         17313.2          38.211               1      Successful search (ES-wcm)        
     2         299         17313.2          38.211             0.5          Refine grid             
     3         300         17353.1         36.3376             0.5      Successful search (ES-wcm)        
     3         303         17293.6          38.432             0.5      Successful search (ES-wcm)        
     3         306         17285.4         39.2244             0.5      Successful search (ES-wcm)        
     3         307           17202         45.4829             0.5      Successful search (ES-ell)        
     3         314         17178.3         44.0492             0.5      Successful search (ES-ell)        
     3         316         17109.9          43.518             0.5      Successful search (ES-ell)        
     3         352         17079.5         45.9799               1        Successful poll           Train
     4         377         17046.3         44.4737             0.5          Refine grid             Train
     5         380         17112.7         31.1747             0.5      Successful search (ES-wcm)        
     5         382         17054.8         29.7015             0.5      Successful search (ES-wcm)        
     5         419         17054.8         29.7015            0.25          Refine grid             Train
     6         420         17045.7         32.3061            0.25      Successful search (ES-ell)        
     6         432         17040.6         26.0755            0.25      Successful search (ES-ell)        
     6         475         17040.6         26.0755           0.125          Refine grid             Train
     7         476         17035.7         18.2912           0.125      Successful search (ES-ell)        
     7         478         17030.7         25.2786           0.125      Successful search (ES-ell)        
     7         483         17025.1         15.4135           0.125      Successful search (ES-ell)        
     7         521         17025.1         15.4135          0.0625          Refine grid             
     8         522         17023.9         11.4446          0.0625      Successful search (ES-wcm)        
     8         525         17020.3         12.8042          0.0625      Successful search (ES-wcm)        
     8         526         17003.3         16.7047          0.0625      Successful search (ES-ell)        
     8         527           16999         19.5101          0.0625      Successful search (ES-ell)        
     8         567           16999         19.5101         0.03125          Refine grid             
     9         568         17036.4         9.35695         0.03125      Successful search (ES-ell)        
     9         569         17033.3         10.6286         0.03125      Successful search (ES-ell)        
     9         611           17032          6.4681          0.0625        Successful poll           Train
    10         612         17023.5         6.97575          0.0625      Successful search (ES-ell)        
    10         613         17000.3         10.0272          0.0625      Successful search (ES-ell)        
    10         614         16982.5         15.1249          0.0625      Successful search (ES-ell)        
    10         657         16982.5         15.1249         0.03125          Refine grid             Train
    11         658         17015.8         7.64469         0.03125      Successful search (ES-wcm)        
    11         659         17013.1         10.3514         0.03125      Successful search (ES-wcm)        
    11         663         17012.4         10.8756         0.03125      Successful search (ES-wcm)        
    11         664         17009.7         12.6575         0.03125      Successful search (ES-wcm)        
    11         703         17008.5         11.4843          0.0625        Successful poll           
    12         704           16989         18.7435          0.0625      Successful search (ES-wcm)        
    12         728         16314.7         7.38571           0.125        Successful poll           
    13         729         15595.8         21.6008           0.125      Successful search (ES-wcm)        
    13         771         15595.8         21.6008          0.0625          Refine grid             
    14         772         16448.7         10.9954          0.0625      Successful search (ES-wcm)        
    14         773         15944.3         18.8155          0.0625      Successful search (ES-wcm)        
    14         774         15571.5         21.8294          0.0625      Successful search (ES-wcm)        
    14         814         15571.5         21.8294         0.03125          Refine grid             
    15         815         17011.2         9.12401         0.03125      Successful search (ES-wcm)        
    15         816         17005.2         12.2916         0.03125      Successful search (ES-wcm)        
    15         818         16995.9         18.9319         0.03125      Successful search (ES-wcm)        
    15         860         16995.9         18.9319        0.015625          Refine grid             Train
    16         861         17009.9         7.82633        0.015625      Successful search (ES-ell)        
    16         862         17004.8         10.8107        0.015625      Successful search (ES-ell)        
    16         863         17004.4          16.112        0.015625      Successful search (ES-ell)        
    16         864         17000.5         22.1299        0.015625      Successful search (ES-ell)        
    16         908         17000.5         22.1299       0.0078125          Refine grid             Train
    17         909         17017.7         7.80822       0.0078125      Successful search (ES-wcm)        
    17         910         17016.9         7.66719       0.0078125      Successful search (ES-wcm)        
    17         911         17015.9         8.02342       0.0078125      Successful search (ES-wcm)        
    17         912         17014.5         8.22377       0.0078125      Successful search (ES-wcm)        
    17         913         17006.5         9.89855       0.0078125      Successful search (ES-wcm)        
    17         954         17006.5         9.89855      0.00390625          Refine grid             
    18         955         17021.4         6.02089      0.00390625      Successful search (ES-wcm)        
    18         956         17020.2         6.23139      0.00390625      Successful search (ES-wcm)        
    18         957         17018.2         6.49298      0.00390625      Successful search (ES-wcm)        
    18         958         17017.7          7.2086      0.00390625      Successful search (ES-wcm)        
    18         959         17015.9         8.59139      0.00390625      Successful search (ES-wcm)        
    18         961         17013.2         9.87829      0.00390625      Successful search (ES-wcm)        
    18         963         17011.8         8.21698      0.00390625      Successful search (ES-wcm)        
    18         964         17000.7         9.86727      0.00390625      Successful search (ES-wcm)        
    18         965         16996.2         11.1693      0.00390625      Successful search (ES-wcm)        
    18         999         16996.2         11.1693      0.00195312          Refine grid             
    19        1000         17019.9         6.05482      0.00195312      Successful search (ES-wcm)        
    19        1001         17017.1         6.13641      0.00195312      Successful search (ES-wcm)        
    19        1002         17015.7         6.29423      0.00195312      Successful search (ES-wcm)        
    19        1003         17013.7         6.42492      0.00195312      Successful search (ES-wcm)        
    19        1004           17011         7.17316      0.00195312      Successful search (ES-wcm)        
    19        1006         17010.2         7.34992      0.00195312      Successful search (ES-wcm)        
    19        1007         17008.7         8.11995      0.00195312      Successful search (ES-wcm)        
    19        1009         16994.2         7.76121      0.00195312      Successful search (ES-ell)        
    19        1010         16970.3         8.42134      0.00195312      Successful search (ES-ell)        
    19        1011         16969.8         10.3302      0.00195312      Successful search (ES-ell)        
    19        1047         16969.8         10.3302     0.000976562          Refine grid             Train
Optimization terminated: change in the function value less than options['tol_mesh']
Estimated function value at minimum: 17011.04240590342 ± 4.155211326553244 (mean ± SEM from 100 samples)
BADS minimum at: x_min = [2.3576 2.5275 3.6534 2.8291 1.7808 5.9715 0.6011 0.5126 0.4941 0.
 1.2323 0.2119], training NLL = 17011.0424
total f-count: 1147, time: 50.22 min

 ------- Finish Optimization for Subject 6 ---------- 

 ------- Start Optimization for Subject 11 ---------- 

 Cross Validation fold 0/1

 -- Start Optimization: method BADS --

 Optimization Run 1/2
Initial params: [1.7762, 9.6403, 13.1323, 0.1112, -0.9769, 17.5469, 0.5612, 0.3979, 0.1363, 0.9053, 0.9152, 0.2108]
bads:TooCloseBounds: For each variable, hard and plausible bounds should not be too close. Moving plausible bounds.
Variables (index) internally transformed to log coordinates: [[ 0  0]
 [ 0  3]
 [ 0  9]
 [ 0 10]
 [ 0 11]]
Beginning optimization of a STOCHASTIC objective function

 Iteration    f-count      E[f(x)]        SD[f(x)]           MeshScale          Method              Actions
     0           1         24341.8             nan               1                                  
     0          28         24341.8             nan               1          Initial mesh            Initial points
     0          41         22797.7         1.00001               1        Successful poll           Train
     1          45         22768.6        0.999995               1      Successful search (ES-ell)        
     1          47         21764.4        0.999968               1      Successful search (ES-ell)        
     1          48         19731.1        0.999993               1      Successful search (ES-ell)        
     1          53           19606         0.99978               1      Successful search (ES-wcm)        
     1          58         19503.9         1.02536               1      Successful search (ES-ell)        
     1          61         19369.4         1.02528               1      Successful search (ES-ell)        
     1          72         19239.5         1.01859               1      Successful search (ES-ell)        
     1          78           19227         1.02521               1      Successful search (ES-ell)        
     1          85         19198.9         1.06626               1      Successful search (ES-ell)        
     1          95         19117.7          1.0662               1      Successful search (ES-ell)        
     1          97         19032.8         1.06607               1      Successful search (ES-ell)        
     1         113           19017         1.06069               1      Successful search (ES-ell)        
     1         141           19017         1.06069             0.5          Refine grid             Train
     2         142         18887.1         56.8668             0.5      Successful search (ES-ell)        
     2         145         18720.5         56.7697             0.5      Successful search (ES-ell)        
     2         149         18695.3         52.8258             0.5      Successful search (ES-ell)        
     2         151         18619.3         47.1535             0.5      Successful search (ES-ell)        
     2         152         18565.9         54.2529             0.5      Successful search (ES-ell)        
     2         157         18548.4         61.0974             0.5      Successful search (ES-ell)        
     2         166         18521.6         68.1939             0.5      Successful search (ES-ell)        
     2         180         18336.6         40.6742             0.5      Successful search (ES-ell)        
     2         183         18328.6         39.0077             0.5      Successful search (ES-ell)        
     2         221         18328.6         39.0077            0.25          Refine grid             
     3         224         18340.3         30.4227            0.25      Successful search (ES-ell)        
     3         227         18306.4         26.3994            0.25      Successful search (ES-ell)        
     3         232         18288.8         19.9241            0.25      Successful search (ES-ell)        
     3         238         18269.7         25.2729            0.25      Successful search (ES-wcm)        
     3         240         18263.7         26.8888            0.25      Successful search (ES-ell)        
     3         241         18204.3         34.7698            0.25      Successful search (ES-ell)        
     3         278         18204.3         34.7698           0.125          Refine grid             
     4         279         18206.7         27.8084           0.125      Successful search (ES-ell)        
     4         321         18199.8         28.2697            0.25        Successful poll           
     5         323         18203.2         38.0608            0.25      Successful search (ES-ell)        
     5         325         18185.6         33.7952            0.25      Successful search (ES-wcm)        
     5         329         18172.3          30.155            0.25      Successful search (ES-wcm)        
     5         366         18172.3          30.155           0.125          Refine grid             Train
     6         367         18205.6         23.6307           0.125      Successful search (ES-wcm)        
     6         369           18202         18.8387           0.125      Successful search (ES-wcm)        
     6         374         18193.8          10.623           0.125      Successful search (ES-wcm)        
     6         376         18189.9         11.4559           0.125      Successful search (ES-wcm)        
     6         412         18189.9         11.4559          0.0625          Refine grid             
     7         413         18203.3         23.9552          0.0625      Successful search (ES-ell)        
     7         415         18200.1          21.741          0.0625      Successful search (ES-ell)        
     7         419         18198.4         15.5936          0.0625      Successful search (ES-wcm)        
     7         420           18194         20.6019          0.0625      Successful search (ES-ell)        
     7         422         18180.2         19.4944          0.0625      Successful search (ES-ell)        
     7         456         18122.2         41.7383           0.125        Successful poll           
     8         458         18203.6         27.0989           0.125      Successful search (ES-ell)        
     8         459         18201.8         37.0706           0.125      Successful search (ES-ell)        
     8         461         18158.4         37.0566           0.125      Successful search (ES-ell)        
     8         504         18158.4         37.0566          0.0625          Refine grid             Train
     9         505         18172.3         12.3889          0.0625      Successful search (ES-wcm)        
     9         507         18168.9         15.1664          0.0625      Successful search (ES-wcm)        
     9         512         18164.3         12.4935          0.0625      Successful search (ES-ell)        
     9         513         18159.2         15.2552          0.0625      Successful search (ES-wcm)        
     9         516         18156.2         12.9765          0.0625      Successful search (ES-wcm)        
     9         517           18152         20.0469          0.0625      Successful search (ES-wcm)        
     9         519         18148.8         21.7577          0.0625      Successful search (ES-wcm)        
     9         523         18144.2         14.5525          0.0625      Successful search (ES-wcm)        
     9         546         18041.2         11.9328           0.125        Successful poll           Train
    10         581           18041         11.9334          0.0625          Refine grid             Train
    11         582         18117.2         9.08471          0.0625      Successful search (ES-wcm)        
    11         584         18113.7         11.4215          0.0625      Successful search (ES-wcm)        
    11         585         18113.5          18.759          0.0625      Successful search (ES-wcm)        
    11         628         18113.5          18.759         0.03125          Refine grid             Train
    12         629         18179.3         6.72211         0.03125      Successful search (ES-wcm)        
    12         630         18173.9         11.3672         0.03125      Successful search (ES-ell)        
    12         631         18158.2         17.1199         0.03125      Successful search (ES-ell)        
    12         667         18139.2         13.4291          0.0625        Successful poll           Train
    13         668         18143.4         18.2305          0.0625      Successful search (ES-ell)        
    13         715         18143.4         18.2305         0.03125          Refine grid             
    14         716         18159.1         6.52935         0.03125      Successful search (ES-wcm)        
    14         717         18146.8         10.1961         0.03125      Successful search (ES-wcm)        
    14         720         18140.2         10.6645         0.03125      Successful search (ES-wcm)        
    14         721         18114.9         16.7028         0.03125      Successful search (ES-wcm)        
    14         724         18102.7         16.7308         0.03125      Successful search (ES-ell)        
    14         763         18102.7         16.7308        0.015625          Refine grid             
    15         764         18168.9         7.20912        0.015625      Successful search (ES-ell)        
    15         765         18148.3         8.87824        0.015625      Successful search (ES-wcm)        
    15         766         18142.6         12.1326        0.015625      Successful search (ES-ell)        
    15         767         18142.1         19.9766        0.015625      Successful search (ES-wcm)        
    15         811         18142.1         19.9766       0.0078125          Refine grid             Train
    16         812         18180.1         6.56389       0.0078125      Successful search (ES-wcm)        
    16         813         18171.9         6.64817       0.0078125      Successful search (ES-wcm)        
    16         814         18160.7          6.8518       0.0078125      Successful search (ES-wcm)        
    16         815         18148.1         8.39465       0.0078125      Successful search (ES-wcm)        
    16         817         18128.2         12.5799       0.0078125      Successful search (ES-ell)        
    16         820         18123.3         13.3477       0.0078125      Successful search (ES-ell)        
    16         859         18123.3         13.3477      0.00390625          Refine grid             Train
    17         860         18131.8         6.39359      0.00390625      Successful search (ES-ell)        
    17         861         18126.9         6.26942      0.00390625      Successful search (ES-wcm)        
    17         862         18117.5         7.05027      0.00390625      Successful search (ES-wcm)        
    17         863         18110.9         9.72672      0.00390625      Successful search (ES-wcm)        
    17         864         18106.6         14.9307      0.00390625      Successful search (ES-wcm)        
    17         907         18106.6         14.9307      0.00195312          Refine grid             
    18         908         18121.6         6.13434      0.00195312      Successful search (ES-wcm)        
    18         909         18121.5         6.49146      0.00195312      Successful search (ES-wcm)        
    18         955         18121.5         6.49146     0.000976562          Refine grid             
Optimization terminated: change in the function value less than options['tol_mesh']
Estimated function value at minimum: 18141.441068468488 ± 4.819679626651611 (mean ± SEM from 100 samples)
BADS minimum at: x_min = [ 1.9243  8.6228  7.1835  0.3233  0.1786 10.3747  0.433   0.4636  0.3445
  0.0236  1.2796  0.257 ], training NLL = 18141.4411
total f-count: 1055, time: 46.38 min

 Optimization Run 2/2
Initial params: [1.4175, 2.5751, 4.7881, 7.7025, 0.6913, 12.232, 0.6733, 0.1874, 0.2065, 0.3828, 0.6693, 0.0919]
bads:TooCloseBounds: For each variable, hard and plausible bounds should not be too close. Moving plausible bounds.
Variables (index) internally transformed to log coordinates: [[ 0  0]
 [ 0  3]
 [ 0  9]
 [ 0 10]
 [ 0 11]]
Beginning optimization of a STOCHASTIC objective function

 Iteration    f-count      E[f(x)]        SD[f(x)]           MeshScale          Method              Actions
     0           1         29568.7             nan               1                                  
     0          28         28037.5             nan               1          Initial mesh            Initial points
     0          29         28034.8         1.00699               1        Successful poll           Train
     1          30         27243.8         1.00699               1      Successful search (ES-wcm)        
     1          31         26819.9         1.00699               1      Successful search (ES-wcm)        
     1          33         25576.2         1.00699               1      Successful search (ES-wcm)        
     1          34         23969.4         1.00699               1      Successful search (ES-wcm)        
     1          35         23011.6         1.00699               1      Successful search (ES-wcm)        
     1          39         22746.7         1.00698               1      Successful search (ES-wcm)        
     1          43         22723.9         1.00697               1      Successful search (ES-wcm)        
     1          47         22659.5         1.00692               1      Successful search (ES-wcm)        
     1          48         22580.4          1.0067               1      Successful search (ES-wcm)        
     1          49           22238         1.00695               1      Successful search (ES-wcm)        
     1          54         21939.3        0.999818               1      Successful search (ES-wcm)        
     1          56         21882.3        0.999813               1      Successful search (ES-wcm)        
     1          60         21331.4        0.999801               1      Successful search (ES-wcm)        
     1          67         21224.3         0.99981               1      Successful search (ES-ell)        
     1          73         21111.6        0.999652               1      Successful search (ES-ell)        
     1          76           21066         0.99855               1      Successful search (ES-ell)        
     1          84         21050.5        0.995681               1      Successful search (ES-ell)        
     1          91         20895.4        0.996154               1      Successful search (ES-ell)        
     1          95         20829.9        0.995972               1      Successful search (ES-ell)        
     1         102         20820.1        0.996127               1      Successful search (ES-ell)        
     1         105           20649         1.05718               1      Successful search (ES-ell)        
     1         116         20648.2         1.05717               1      Incremental search (ES-ell)        
     1         121           20551         1.05703               1      Successful search (ES-ell)        
     1         122         20535.3         1.05714               1      Successful search (ES-ell)        
     1         151         20535.3         1.05714             0.5          Refine grid             
     2         179         20223.3         18.3126               1        Successful poll           Train
     3         181         20223.6         63.2367               1      Successful search (ES-ell)        
     3         183         20178.9         64.9072               1      Successful search (ES-ell)        
     3         187           20121         64.6444               1      Successful search (ES-wcm)        
     3         191         20066.6         52.4757               1      Successful search (ES-wcm)        
     3         196         20022.6         57.9551               1      Successful search (ES-wcm)        
     3         225         20008.4         55.5453               1        Successful poll           
     4         228         19963.6         62.0549               1      Successful search (ES-wcm)        
     4         232           19926         57.3102               1      Successful search (ES-wcm)        
     4         234         19917.2         49.5963               1      Successful search (ES-wcm)        
     4         263         19917.2         49.5963             0.5          Refine grid             
     5         264           19957         49.4467             0.5      Successful search (ES-ell)        
     5         266         19950.1         60.4502             0.5      Successful search (ES-ell)        
     5         267         19907.1         71.3889             0.5      Successful search (ES-ell)        
     5         269           19859         71.6899             0.5      Successful search (ES-ell)        
     5         307           19859         71.6899            0.25          Refine grid             Train
     6         308         19899.4         26.6919            0.25      Successful search (ES-ell)        
     6         310         19891.7         31.3209            0.25      Successful search (ES-ell)        
     6         311         19850.2         41.1727            0.25      Successful search (ES-ell)        
     6         312         19847.3         45.3865            0.25      Successful search (ES-ell)        
     6         353         19847.3         45.3865           0.125          Refine grid             
     7         354         19858.1          13.116           0.125      Successful search (ES-ell)        
     7         355         19826.1         21.3532           0.125      Successful search (ES-ell)        
     7         356         19797.5         27.8853           0.125      Successful search (ES-ell)        
     7         400         19797.5         27.8853          0.0625          Refine grid             
     8         401         19868.6         9.83094          0.0625      Successful search (ES-wcm)        
     8         402         19855.8         10.2357          0.0625      Successful search (ES-wcm)        
     8         403         19846.4         13.9177          0.0625      Successful search (ES-ell)        
     8         404         19841.9         17.4671          0.0625      Successful search (ES-wcm)        
     8         405         19818.2          25.941          0.0625      Successful search (ES-wcm)        
     8         407           19818         26.3376          0.0625      Successful search (ES-ell)        
     8         411         19816.5         20.6813          0.0625      Successful search (ES-ell)        
     8         448         19816.5         20.6813         0.03125          Refine grid             
     9         449         19813.2         8.82612         0.03125      Successful search (ES-ell)        
     9         450         19801.3         9.95788         0.03125      Successful search (ES-wcm)        
     9         451         19791.6         12.0666         0.03125      Successful search (ES-wcm)        
     9         453         19771.3         12.6397         0.03125      Successful search (ES-ell)        
     9         454         19735.1         15.0073         0.03125      Successful search (ES-ell)        
     9         455         19697.1         19.2613         0.03125      Successful search (ES-ell)        
     9         456         19691.4         24.3207         0.03125      Successful search (ES-ell)        
     9         496         19691.4         24.3207        0.015625          Refine grid             Train
    10         497         19850.4         8.48954        0.015625      Successful search (ES-ell)        
    10         498         19834.6         8.85378        0.015625      Successful search (ES-ell)        
    10         499         19807.6         9.68641        0.015625      Successful search (ES-ell)        
    10         500         19768.7         11.5565        0.015625      Successful search (ES-ell)        
    10         501         19738.6         13.8831        0.015625      Successful search (ES-ell)        
    10         502         19680.4         18.6977        0.015625      Successful search (ES-ell)        
    10         503         19665.6         26.8772        0.015625      Successful search (ES-ell)        
    10         544         19665.6         26.8772       0.0078125          Refine grid             
    11         545         19821.5         7.92988       0.0078125      Successful search (ES-ell)        
    11         546         19794.1         7.86745       0.0078125      Successful search (ES-ell)        
    11         547           19781         7.79987       0.0078125      Successful search (ES-wcm)        
    11         548         19763.9         7.80633       0.0078125      Successful search (ES-wcm)        
    11         549         19741.4         7.95455       0.0078125      Successful search (ES-wcm)        
    11         550           19740         8.43058       0.0078125      Successful search (ES-wcm)        
    11         551         19696.9         9.28467       0.0078125      Successful search (ES-wcm)        
    11         552         19631.9         11.4364       0.0078125      Successful search (ES-wcm)        
    11         555         19629.4         11.6025       0.0078125      Successful search (ES-wcm)        
    11         592         19629.4         11.6025      0.00390625          Refine grid             
    12         593         19848.7         6.95095      0.00390625      Successful search (ES-wcm)        
    12         594         19845.2         6.93414      0.00390625      Successful search (ES-wcm)        
    12         595         19839.1         6.99903      0.00390625      Successful search (ES-wcm)        
    12         596         19827.5         7.02148      0.00390625      Successful search (ES-ell)        
    12         597         19813.2         7.17551      0.00390625      Successful search (ES-wcm)        
    12         598         19796.5         7.51524      0.00390625      Successful search (ES-wcm)        
    12         599         19761.3         7.70195      0.00390625      Successful search (ES-ell)        
    12         640         19761.3         7.70195      0.00195312          Refine grid             
    13         641         19812.2         7.07623      0.00195312      Successful search (ES-ell)        
    13         642         19808.7         7.10301      0.00195312      Successful search (ES-ell)        
    13         643         19807.6          7.2908      0.00195312      Successful search (ES-wcm)        
    13         644         19807.1         7.50768      0.00195312      Successful search (ES-wcm)        
    13         645         19803.2         7.75539      0.00195312      Successful search (ES-wcm)        
    13         646           19801         8.40255      0.00195312      Successful search (ES-wcm)        
    13         647         19793.1         9.84301      0.00195312      Successful search (ES-wcm)        
    13         648         19787.5         13.4096      0.00195312      Successful search (ES-wcm)        
    13         650         19784.2         12.5859      0.00195312      Successful search (ES-ell)        
    13         651           19772          13.214      0.00195312      Successful search (ES-ell)        
    13         652         19756.3          15.619      0.00195312      Successful search (ES-ell)        
    13         688         19756.3          15.619     0.000976562          Refine grid             Train
Optimization terminated: change in the function value less than options['tol_mesh']
Estimated function value at minimum: 19816.922808792944 ± 5.6473985026298985 (mean ± SEM from 100 samples)
BADS minimum at: x_min = [ 1.49240e+00  4.33370e+00  4.11230e+00  5.62400e-01 -9.54610e+00
  1.44083e+01  3.65400e-01  3.28800e-01  5.10500e-01  1.00000e-04
  1.23670e+00  5.93800e-01], training NLL = 19816.9228
total f-count: 788, time: 34.52 min

 ------- Finish Optimization for Subject 11 ---------- 

 ------- Start Optimization for Subject 15 ---------- 

 Cross Validation fold 0/1

 -- Start Optimization: method BADS --

 Optimization Run 1/2
Initial params: [1.2844, 5.5906, 8.0501, 2.8998, -0.486, 21.3415, 0.5146, 0.7837, 0.1939, 0.9063, 0.7791, 0.2744]
bads:TooCloseBounds: For each variable, hard and plausible bounds should not be too close. Moving plausible bounds.
Variables (index) internally transformed to log coordinates: [[ 0  0]
 [ 0  3]
 [ 0  9]
 [ 0 10]
 [ 0 11]]
Beginning optimization of a STOCHASTIC objective function

 Iteration    f-count      E[f(x)]        SD[f(x)]           MeshScale          Method              Actions
     0           1         23555.5             nan               1                                  
     0          28         23555.5             nan               1          Initial mesh            Initial points
     0          43         22062.7        0.996437               1        Successful poll           Train
     1          44         20224.8        0.996438               1      Successful search (ES-wcm)        
     1          48         19888.5        0.996428               1      Successful search (ES-wcm)        
     1          50         19782.7        0.996432               1      Successful search (ES-wcm)        
     1          51           19770        0.996437               1      Successful search (ES-wcm)        
     1          52         18907.6        0.996431               1      Successful search (ES-wcm)        
     1          54         18817.4         1.04667               1      Successful search (ES-wcm)        
     1          59           18772         1.04667               1      Successful search (ES-wcm)        
     1          62         18592.5         1.04658               1      Successful search (ES-wcm)        
     1          63         18387.5         1.04665               1      Successful search (ES-wcm)        
     1          64         18190.7         1.04666               1      Successful search (ES-wcm)        
     1          68         18168.5         1.04667               1      Successful search (ES-wcm)        
     1          72         18078.5         1.04665               1      Successful search (ES-wcm)        
     1          77         17772.7          1.0465               1      Successful search (ES-wcm)        
     1          78         17648.7          1.0466               1      Successful search (ES-wcm)        
     1          79         17372.3         1.01152               1      Successful search (ES-wcm)        
     1          81         17354.6         1.01155               1      Successful search (ES-wcm)        
     1          87         17241.4         1.01151               1      Successful search (ES-wcm)        
     1          97         17179.8         1.01127               1      Successful search (ES-wcm)        
     1         132         17179.8         1.01127             0.5          Refine grid             Train
     2         139         17156.3         1.23432             0.5      Successful search (ES-ell)        
     2         175         16897.6         1.12392               1        Successful poll           
     3         202         16882.8         1.37073               1        Successful poll           
     4         209         16873.3         34.4457               1      Successful search (ES-ell)        
     4         210         16835.7          39.206               1      Successful search (ES-wcm)        
     4         212         16820.7          38.224               1      Successful search (ES-wcm)        
     4         213           16814         38.0706               1      Successful search (ES-wcm)        
     4         219         16813.8         35.8793               1      Incremental search (ES-wcm)        
     4         223         16772.1         32.3168               1      Successful search (ES-wcm)        
     4         225         16744.5           34.89               1      Successful search (ES-wcm)        
     4         231         16743.6         26.1244               1      Incremental search (ES-wcm)        
     4         255         16743.6         26.1244             0.5          Refine grid             
     5         259         16758.1         18.7068             0.5      Successful search (ES-ell)        
     5         261         16757.8         23.2896             0.5      Incremental search (ES-ell)        
     5         268         16751.1         19.6467             0.5      Successful search (ES-ell)        
     5         269           16745         32.1358             0.5      Successful search (ES-ell)        
     5         309           16745         32.1358            0.25          Refine grid             
     6         310         16742.5         20.2399            0.25      Successful search (ES-wcm)        
     6         312         16737.6         20.3315            0.25      Successful search (ES-wcm)        
     6         313         16732.4         33.2029            0.25      Successful search (ES-wcm)        
     6         316         16720.3         24.8636            0.25      Successful search (ES-wcm)        
     6         319         16715.6         23.7269            0.25      Successful search (ES-wcm)        
     6         355         16715.6         23.7269           0.125          Refine grid             
     7         356           16717          10.661           0.125      Successful search (ES-wcm)        
     7         358         16715.4         9.47103           0.125      Successful search (ES-wcm)        
     7         359         16715.3          13.414           0.125      Successful search (ES-wcm)        
     7         364         16714.3         9.90054           0.125      Successful search (ES-wcm)        
     7         402         16714.3         9.90054          0.0625          Refine grid             Train
     8         403           16729         8.11985          0.0625      Successful search (ES-wcm)        
     8         449           16729         8.11985         0.03125          Refine grid             Train
     9         450           16734         4.98287         0.03125      Successful search (ES-ell)        
     9         451         16732.5         5.73276         0.03125      Successful search (ES-ell)        
     9         452         16731.5         7.16133         0.03125      Successful search (ES-ell)        
     9         495         16722.9         11.8545          0.0625        Successful poll           
    10         510         16478.4         8.42895           0.125        Successful poll           Train
    11         511         16202.7         18.5997           0.125      Successful search (ES-wcm)        
    11         557         16202.7         18.5997          0.0625          Refine grid             
    12         558         16559.8         9.87869          0.0625      Successful search (ES-wcm)        
    12         559         16432.6         16.0088          0.0625      Successful search (ES-wcm)        
    12         604         16432.6         16.0088         0.03125          Refine grid             
    13         605           16732         5.42308         0.03125      Successful search (ES-wcm)        
    13         609         16731.5         5.37506         0.03125      Successful search (ES-ell)        
    13         612         16731.4         5.41588         0.03125      Successful search (ES-wcm)        
    13         614         16730.4         5.75719         0.03125      Successful search (ES-wcm)        
    13         615         16729.2         6.11261         0.03125      Successful search (ES-wcm)        
    13         616         16727.2         6.52004         0.03125      Successful search (ES-ell)        
    13         620         16725.4         6.39673         0.03125      Successful search (ES-ell)        
    13         642         16637.1         6.18331          0.0625        Successful poll           
    14         643         16734.4         5.93694          0.0625      Successful search (ES-ell)        
    14         644         16732.3         8.82386          0.0625      Successful search (ES-ell)        
    14         645         16719.4         12.0183          0.0625      Successful search (ES-ell)        
    14         646         16710.6         15.1321          0.0625      Successful search (ES-ell)        
    14         647         16706.3         18.2809          0.0625      Successful search (ES-ell)        
    14         652         16701.8         12.2568          0.0625      Successful search (ES-ell)        
    14         688         16701.8         12.2568         0.03125          Refine grid             
    15         689         16723.1         8.88238         0.03125      Successful search (ES-ell)        
    15         690         16716.7         15.3981         0.03125      Successful search (ES-ell)        
    15         733         16715.1         6.84127          0.0625        Successful poll           
    16         735         16713.7         6.38815          0.0625      Successful search (ES-wcm)        
    16         736         16702.5          7.2812          0.0625      Successful search (ES-ell)        
    16         738         16688.4         7.85042          0.0625      Successful search (ES-ell)        
    16         739         16665.2          8.8849          0.0625      Successful search (ES-ell)        
    16         779         16665.2          8.8849         0.03125          Refine grid             
    17         780         16723.7         6.02958         0.03125      Successful search (ES-ell)        
    17         781         16713.2         6.69876         0.03125      Successful search (ES-ell)        
    17         782         16712.3         10.3268         0.03125      Successful search (ES-ell)        
    17         783         16703.7         14.5199         0.03125      Successful search (ES-ell)        
    17         825         16703.7         14.5199        0.015625          Refine grid             Train
    18         826         16722.6         5.62475        0.015625      Successful search (ES-ell)        
    18         827         16722.1         5.78778        0.015625      Successful search (ES-ell)        
    18         828         16721.4         6.49393        0.015625      Successful search (ES-ell)        
    18         829         16720.2         7.45716        0.015625      Successful search (ES-ell)        
    18         830         16716.2         9.25241        0.015625      Successful search (ES-ell)        
    18         831         16714.9         11.9934        0.015625      Successful search (ES-wcm)        
    18         871         16714.9         11.9934       0.0078125          Refine grid             
    19         872         16724.3         4.39118       0.0078125      Successful search (ES-wcm)        
    19         873         16722.9         4.60481       0.0078125      Successful search (ES-wcm)        
    19         874         16722.3         4.76893       0.0078125      Successful search (ES-wcm)        
    19         918         16722.3         4.76893      0.00390625          Refine grid             
    20         919         16721.5         3.67927      0.00390625      Successful search (ES-ell)        
    20         920         16720.8         3.77172      0.00390625      Successful search (ES-ell)        
    20         921         16719.6         3.91922      0.00390625      Successful search (ES-ell)        
    20         922         16718.5         4.19721      0.00390625      Successful search (ES-ell)        
    20         923         16716.8         4.99189      0.00390625      Successful search (ES-ell)        
    20         924         16715.5         6.20673      0.00390625      Successful search (ES-ell)        
    20         925         16715.2          6.8514      0.00390625      Successful search (ES-ell)        
    20         927           16707         10.3164      0.00390625      Successful search (ES-wcm)        
    20         965           16707         10.3164      0.00195312          Refine grid             
    21         966         16707.9         5.51563      0.00195312      Successful search (ES-wcm)        
    21         967         16706.6         5.75826      0.00195312      Successful search (ES-wcm)        
    21         968         16704.8         5.87585      0.00195312      Successful search (ES-ell)        
    21         969         16702.5         6.44226      0.00195312      Successful search (ES-wcm)        
    21         970         16700.9         7.28344      0.00195312      Successful search (ES-wcm)        
    21         971         16700.4         8.55527      0.00195312      Successful search (ES-wcm)        
    21        1012         16700.4         8.55527     0.000976562          Refine grid             Train
Optimization terminated: change in the function value less than options['tol_mesh']
Estimated function value at minimum: 16724.692545065474 ± 3.921779745138129 (mean ± SEM from 100 samples)
BADS minimum at: x_min = [ 1.9766 10.3439  8.9155 43.2809 -8.1927 11.5175  0.4126  0.4977  0.4616
  0.0963  2.      0.419 ], training NLL = 16724.6925
total f-count: 1112, time: 48.97 min

 Optimization Run 2/2
Initial params: [1.8289, 5.2642, 13.3412, 10.1108, 1.0001, 20.8649, 0.298, 0.5961, 0.2194, 0.2392, 0.7894, 0.8353]
bads:TooCloseBounds: For each variable, hard and plausible bounds should not be too close. Moving plausible bounds.
Variables (index) internally transformed to log coordinates: [[ 0  0]
 [ 0  3]
 [ 0  9]
 [ 0 10]
 [ 0 11]]
Beginning optimization of a STOCHASTIC objective function

 Iteration    f-count      E[f(x)]        SD[f(x)]           MeshScale          Method              Actions
     0           1         24757.8             nan               1                                  
     0          28         24757.8             nan               1          Initial mesh            Initial points
     0          29         24729.7        0.999588               1        Successful poll           Train
     1          31           23579        0.999587               1      Successful search (ES-wcm)        
     1          33         20344.6        0.999587               1      Successful search (ES-wcm)        
     1          34         17679.6        0.999588               1      Successful search (ES-wcm)        
     1          48         17611.9        0.999277               1      Successful search (ES-wcm)        
     1          58           17549          1.0129               1      Successful search (ES-wcm)        
     1          64         17468.3         1.01284               1      Successful search (ES-wcm)        
     1          74         17419.2         1.01284               1      Successful search (ES-wcm)        
     1          85         17340.8         1.01595               1      Successful search (ES-wcm)        
     1          87         17308.3         1.01591               1      Successful search (ES-wcm)        
     1          98         17281.9          1.0156               1      Successful search (ES-wcm)        
     1         111         17246.2         1.01599               1      Successful search (ES-wcm)        
     1         121         17210.8         1.01616               1      Successful search (ES-wcm)        
     1         123         17171.4         1.01191               1      Successful search (ES-ell)        
     1         129         17161.1        0.743127               1      Successful search (ES-ell)        
     1         131         17139.1        0.743144               1      Successful search (ES-ell)        
     1         142         17135.8        0.742421               1      Successful search (ES-ell)        
     1         148         17098.9        0.706039               1      Successful search (ES-ell)        
     1         178         17098.9        0.706039             0.5          Refine grid             
     2         180         17119.6         31.1691             0.5      Successful search (ES-wcm)        
     2         193         17104.4         21.5835             0.5      Successful search (ES-wcm)        
     2         198           17092         13.2373             0.5      Successful search (ES-wcm)        
     2         200         17089.4         14.6894             0.5      Successful search (ES-wcm)        
     2         201         17084.9          20.877             0.5      Successful search (ES-wcm)        
     2         203         17015.4          34.174             0.5      Successful search (ES-wcm)        
     2         246         17015.4          34.174            0.25          Refine grid             Train
     3         247         17088.8         15.7802            0.25      Successful search (ES-ell)        
     3         248         17067.5         24.7774            0.25      Successful search (ES-ell)        
     3         251         17063.8         25.1325            0.25      Successful search (ES-wcm)        
     3         252         17033.5          29.283            0.25      Successful search (ES-ell)        
     3         291         17033.5          29.283           0.125          Refine grid             
     4         292         17073.1          8.8977           0.125      Successful search (ES-ell)        
     4         293         17068.5         13.5842           0.125      Successful search (ES-ell)        
     4         301         17058.8         9.31705           0.125      Successful search (ES-ell)        
     4         302         17040.7         9.42241           0.125      Successful search (ES-ell)        
     4         303         17024.1         9.86589           0.125      Successful search (ES-ell)        
     4         304         16972.5         11.1367           0.125      Successful search (ES-ell)        
     4         305         16933.9         15.0849           0.125      Successful search (ES-ell)        
     4         350         16933.9         15.0849          0.0625          Refine grid             
     5         351         17069.4           5.904          0.0625      Successful search (ES-ell)        
     5         352         17051.5         7.01922          0.0625      Successful search (ES-ell)        
     5         353         17033.4         10.2844          0.0625      Successful search (ES-ell)        
     5         354         17023.9         17.3717          0.0625      Successful search (ES-ell)        
     5         375         16950.5         9.73731           0.125        Successful poll           
     6         376         16847.7         12.0294           0.125      Successful search (ES-ell)        
     6         377         16771.2         17.5961           0.125      Successful search (ES-ell)        
     6         422         16771.2         17.5961          0.0625          Refine grid             
     7         436         16986.8         21.8995           0.125        Successful poll           
     8         437         16722.8         17.9377           0.125      Successful search (ES-ell)        
     8         438         16638.2         19.4227           0.125      Successful search (ES-ell)        
     8         439         16637.4         21.4496           0.125      Successful search (ES-ell)        
     8         482         16637.4         21.4496          0.0625          Refine grid             
     9         483         17083.5         7.79476          0.0625      Successful search (ES-ell)        
     9         508         16856.3         27.0321           0.125        Successful poll           
    10         509         17081.4         7.60495           0.125      Successful search (ES-ell)        
    10         510         17067.3         10.1327           0.125      Successful search (ES-ell)        
    10         511           17063         13.6486           0.125      Successful search (ES-ell)        
    10         547         17037.3          40.538            0.25        Successful poll           Train
    11         548         17090.4         15.8043            0.25      Successful search (ES-ell)        
    11         549         17078.5         24.8952            0.25      Successful search (ES-ell)        
    11         550         17051.6         30.3177            0.25      Successful search (ES-ell)        
    11         552           17028         27.8563            0.25      Successful search (ES-ell)        
    11         593           17028         27.8563           0.125          Refine grid             
    12         594         17047.9         8.83215           0.125      Successful search (ES-ell)        
    12         619         16458.1          12.953            0.25        Successful poll           
    13         652         16560.1         22.3928             0.5        Successful poll           Train
    14         686         16560.3         22.3935            0.25          Refine grid             Train
    15         687         17049.7         11.8289            0.25      Successful search (ES-wcm)        
    15         688         17042.1         19.8419            0.25      Successful search (ES-wcm)        
    15         712         16925.9         9.51841             0.5        Successful poll           
    16         746         16936.7          9.4475            0.25          Refine grid             Train
    17         747         17054.1         9.27151            0.25      Successful search (ES-wcm)        
    17         749         17045.8         12.3587            0.25      Successful search (ES-wcm)        
    17         792         17045.8         12.3587           0.125          Refine grid             
    18         793         17054.2         6.32989           0.125      Successful search (ES-wcm)        
    18         794         17052.4         9.16039           0.125      Successful search (ES-wcm)        
    18         805         17039.5         7.91888           0.125      Successful search (ES-ell)        
    18         806         16997.2         12.6167           0.125      Successful search (ES-ell)        
    18         851         16997.2         12.6167          0.0625          Refine grid             
    19         852           17055         8.06678          0.0625      Successful search (ES-ell)        
    19         876         17020.4         35.2042           0.125        Successful poll           
    20         877         16896.6         19.1799           0.125      Successful search (ES-ell)        
    20         878         16782.5         17.9479           0.125      Successful search (ES-ell)        
    20         879         16780.5         19.6047           0.125      Successful search (ES-ell)        
    20         923         16780.5         19.6047          0.0625          Refine grid             Train
    21         924         17062.4         5.79628          0.0625      Successful search (ES-wcm)        
    21         925         17060.7         6.23984          0.0625      Successful search (ES-wcm)        
    21         926         17060.6          8.1196          0.0625      Successful search (ES-wcm)        
    21         929         17055.6         9.13503          0.0625      Successful search (ES-ell)        
    21         930         17048.7         13.0839          0.0625      Successful search (ES-ell)        
    21         932         17048.2         15.2369          0.0625      Successful search (ES-ell)        
    21         933         17046.7         19.0693          0.0625      Successful search (ES-ell)        
    21         970         17046.7         19.0693         0.03125          Refine grid             
    22         971         17059.3         5.65777         0.03125      Successful search (ES-wcm)        
    22         972         17057.4         5.87295         0.03125      Successful search (ES-wcm)        
    22         973         17053.8         5.91834         0.03125      Successful search (ES-wcm)        
    22         974         17051.1         6.84806         0.03125      Successful search (ES-wcm)        
    22         975         17045.9          8.9603         0.03125      Successful search (ES-wcm)        
    22         977           17043         11.1928         0.03125      Successful search (ES-wcm)        
    22        1017           17043         11.1928        0.015625          Refine grid             
    23        1018         17054.5         5.90951        0.015625      Successful search (ES-ell)        
    23        1019         17049.2         6.26576        0.015625      Successful search (ES-ell)        
    23        1020           17044         7.42464        0.015625      Successful search (ES-ell)        
    23        1021         17036.6         10.4467        0.015625      Successful search (ES-ell)        
    23        1023         17034.9          12.588        0.015625      Successful search (ES-ell)        
    23        1024           17024            14.7        0.015625      Successful search (ES-ell)        
    23        1064           17024            14.7       0.0078125          Refine grid             Train
    24        1065           17050         4.53637       0.0078125      Successful search (ES-ell)        
    24        1066         17042.7         4.62371       0.0078125      Successful search (ES-ell)        
    24        1067           17033         4.87952       0.0078125      Successful search (ES-ell)        
    24        1068         17017.7         5.93859       0.0078125      Successful search (ES-ell)        
    24        1069         17003.9         7.31739       0.0078125      Successful search (ES-ell)        
    24        1070         16996.9         10.1357       0.0078125      Successful search (ES-ell)        
    24        1111         16996.9         10.1357      0.00390625          Refine grid             Train
    25        1112           17057         5.83958      0.00390625      Successful search (ES-ell)        
    25        1113         17054.3         5.90862      0.00390625      Successful search (ES-ell)        
    25        1114         17054.1         6.03622      0.00390625      Successful search (ES-wcm)        
    25        1115         17052.8         6.18077      0.00390625      Successful search (ES-wcm)        
    25        1116         17051.6           6.575      0.00390625      Successful search (ES-wcm)        
    25        1118         17050.5         6.72849      0.00390625      Successful search (ES-wcm)        
    25        1122         17050.5         6.56999      0.00390625      Successful search (ES-ell)        
    25        1158         17047.9         6.91948       0.0078125        Successful poll           
    26        1193         17054.3         7.61825      0.00390625          Refine grid             
    27        1209         17026.6         28.5751       0.0078125        Successful poll           
    28        1210         17048.6         5.72617       0.0078125      Successful search (ES-wcm)        
    28        1211         17046.6         6.63919       0.0078125      Successful search (ES-wcm)        
    28        1212           17041         8.24023       0.0078125      Successful search (ES-wcm)        
    28        1213           17031         10.4442       0.0078125      Successful search (ES-wcm)        
    28        1214         17023.1         13.2375       0.0078125      Successful search (ES-wcm)        
    28        1215         17021.9         16.0069       0.0078125      Successful search (ES-wcm)        
    28        1256         17021.9         16.0069      0.00390625          Refine grid             
    29        1257         17049.7         4.72381      0.00390625      Successful search (ES-wcm)        
    29        1258           17048         4.83966      0.00390625      Successful search (ES-wcm)        
    29        1259         17044.6         5.40172      0.00390625      Successful search (ES-wcm)        
    29        1303         17044.6         5.40172      0.00195312          Refine grid             Train
    30        1338         17054.1         3.91882      0.00390625        Successful poll           Train
    31        1339         17052.2           3.983      0.00390625      Successful search (ES-ell)        
    31        1340         17051.1         4.73966      0.00390625      Successful search (ES-ell)        
    31        1341         17048.9          6.3075      0.00390625      Successful search (ES-ell)        
    31        1342         17042.5         8.27051      0.00390625      Successful search (ES-ell)        
    31        1385         17042.5         8.27051      0.00195312          Refine grid             
    32        1386         17052.7         4.13525      0.00195312      Successful search (ES-ell)        
    32        1387         17050.5         4.25869      0.00195312      Successful search (ES-ell)        
    32        1388         17048.4         4.45129      0.00195312      Successful search (ES-ell)        
    32        1389         17046.8         4.76465      0.00195312      Successful search (ES-ell)        
    32        1390           17044         5.20643      0.00195312      Successful search (ES-ell)        
    32        1391         17040.1          5.9284      0.00195312      Successful search (ES-ell)        
    32        1393         17039.6          6.3242      0.00195312      Successful search (ES-ell)        
    32        1394         17033.4         7.77525      0.00195312      Successful search (ES-ell)        
    32        1395         17030.7         8.60828      0.00195312      Successful search (ES-ell)        
    32        1432         17030.7         8.60828     0.000976562          Refine grid             Train
Optimization terminated: change in the function value less than options['tol_mesh']
Estimated function value at minimum: 17057.256603534162 ± 3.0566377403265275 (mean ± SEM from 100 samples)
BADS minimum at: x_min = [ 2.75040e+00  1.47149e+01  1.15695e+01  9.90000e-03 -6.34140e+00
  2.18611e+01  3.52800e-01  4.68000e-01  3.29900e-01  1.30000e-03
  2.00000e+00  3.85200e-01], training NLL = 17057.2566
total f-count: 1532, time: 67.75 min

 ------- Finish Optimization for Subject 15 ---------- 

 ------- Start Optimization for Subject 20 ---------- 

 Cross Validation fold 0/1

 -- Start Optimization: method BADS --

 Optimization Run 1/2
Initial params: [0.5858, 2.4689, 12.45, 7.9283, 2.2927, 23.7193, 0.1456, 0.1412, 0.2427, 0.0245, 0.838, 0.9379]
bads:TooCloseBounds: For each variable, hard and plausible bounds should not be too close. Moving plausible bounds.
Variables (index) internally transformed to log coordinates: [[ 0  0]
 [ 0  3]
 [ 0  9]
 [ 0 10]
 [ 0 11]]
Beginning optimization of a STOCHASTIC objective function

 Iteration    f-count      E[f(x)]        SD[f(x)]           MeshScale          Method              Actions
     0           1         28313.7             nan               1                                  
     0          28         27275.4             nan               1          Initial mesh            Initial points
     0          46         25887.5        0.922608               1        Successful poll           Train
     1          48         25289.1        0.922608               1      Successful search (ES-wcm)        
     1          52         24152.5        0.922597               1      Successful search (ES-wcm)        
     1          53         22555.7        0.922603               1      Successful search (ES-ell)        
     1          56         21878.2         1.01039               1      Successful search (ES-ell)        
     1          58         21525.2         1.01038               1      Successful search (ES-ell)        
     1          59         21103.6         1.01039               1      Successful search (ES-ell)        
     1          60         21044.7         1.01039               1      Successful search (ES-ell)        
     1          63         20937.5         1.01039               1      Successful search (ES-ell)        
     1          64         20937.4         1.01039               1      Incremental search (ES-ell)        
     1          66         20935.3         1.01039               1      Successful search (ES-ell)        
     1          67         20911.6         1.01038               1      Successful search (ES-wcm)        
     1          72         20882.8         1.01038               1      Successful search (ES-ell)        
     1          75           20674         1.01036               1      Successful search (ES-ell)        
     1          77         20496.9         1.01032               1      Successful search (ES-ell)        
     1          78         20488.7         1.01035               1      Successful search (ES-ell)        
     1          79         20293.9         1.03365               1      Successful search (ES-ell)        
     1          81         20248.9         1.03365               1      Successful search (ES-ell)        
     1          85         20162.3         1.03364               1      Successful search (ES-ell)        
     1          86         19870.7         1.03365               1      Successful search (ES-ell)        
     1          93         19625.9         1.03357               1      Successful search (ES-wcm)        
     1         103         19602.8         1.03183               1      Successful search (ES-wcm)        
     1         134         19602.8         1.03183             0.5          Refine grid             Train
     2         165         19603.4         1.08408            0.25          Refine grid             Train
     3         197         19605.5         1.05472           0.125          Refine grid             Train
     4         206         19597.7         1.08375           0.125      Successful search (ES-wcm)        
     4         244         19597.7         1.08375          0.0625          Refine grid             Train
     5         279         19598.9         1.02046         0.03125          Refine grid             Train
     6         314         19605.2         1.07548       0.0078125          Refine grid             Train
     7         349         19625.2        0.747721      0.00390625          Refine grid             Train
     8         367         19693.9         6.89039       0.0078125        Successful poll           Train
     9         368         19684.5         8.48534       0.0078125      Successful search (ES-wcm)        
     9         369         19672.6         9.15868       0.0078125      Successful search (ES-wcm)        
     9         370           19658         10.8502       0.0078125      Successful search (ES-wcm)        
     9         371         19641.9         12.2603       0.0078125      Successful search (ES-ell)        
     9         372         19617.8         15.7622       0.0078125      Successful search (ES-ell)        
     9         373         19612.5         22.3106       0.0078125      Successful search (ES-ell)        
     9         415         19612.5         22.3106      0.00390625          Refine grid             Train
    10         416         19661.1         7.40804      0.00390625      Successful search (ES-ell)        
    10         417         19653.1         7.39917      0.00390625      Successful search (ES-ell)        
    10         418         19644.4         7.62504      0.00390625      Successful search (ES-ell)        
    10         419         19628.8         8.02993      0.00390625      Successful search (ES-ell)        
    10         420         19619.4         17.9043      0.00390625      Successful search (ES-wcm)        
    10         421         19578.4         17.5476      0.00390625      Successful search (ES-ell)        
    10         422           19540         18.4068      0.00390625      Successful search (ES-ell)        
    10         424         19526.6         17.1607      0.00390625      Successful search (ES-wcm)        
    10         425         19495.3          21.655      0.00390625      Successful search (ES-ell)        
    10         463         19495.3          21.655      0.00195312          Refine grid             
    11         464         19667.1         7.49766      0.00195312      Successful search (ES-wcm)        
    11         465         19664.1         7.35577      0.00195312      Successful search (ES-wcm)        
    11         466         19659.9         7.36244      0.00195312      Successful search (ES-wcm)        
    11         467         19641.3         8.17232      0.00195312      Successful search (ES-wcm)        
    11         468         19628.5         9.43935      0.00195312      Successful search (ES-wcm)        
    11         469         19611.3         11.6876      0.00195312      Successful search (ES-wcm)        
    11         470         19588.9         15.9891      0.00195312      Successful search (ES-wcm)        
    11         511         19588.9         15.9891     0.000976562          Refine grid             
Optimization terminated: change in the function value less than options['tol_mesh']
Estimated function value at minimum: 19643.361687795797 ± 5.11749725181874 (mean ± SEM from 100 samples)
BADS minimum at: x_min = [2.10000e-03 9.62390e+00 1.00018e+01 5.80210e+00 3.09080e+00 1.22666e+01
 5.25200e-01 4.64800e-01 2.71700e-01 1.40980e+00 1.84650e+00 1.79500e-01], training NLL = 19643.3617
total f-count: 611, time: 26.63 min

 Optimization Run 2/2
Initial params: [1.1622, 8.6828, 14.5622, 2.4646, -3.1522, 20.3547, 0.8062, 0.7715, 0.2577, 0.4985, 0.591, 0.4758]
bads:TooCloseBounds: For each variable, hard and plausible bounds should not be too close. Moving plausible bounds.
Variables (index) internally transformed to log coordinates: [[ 0  0]
 [ 0  3]
 [ 0  9]
 [ 0 10]
 [ 0 11]]
Beginning optimization of a STOCHASTIC objective function

 Iteration    f-count      E[f(x)]        SD[f(x)]           MeshScale          Method              Actions
     0           1         25422.6             nan               1                                  
     0          28         25422.6             nan               1          Initial mesh            Initial points
     0          44         24949.6        0.999559               1        Successful poll           Train
     1          54         24819.7         0.99255               1      Successful search (ES-wcm)        
     1          64         24708.3        0.992554               1      Successful search (ES-wcm)        
     1          65         24613.4         0.99217               1      Successful search (ES-ell)        
     1          67           24585        0.992009               1      Successful search (ES-ell)        
     1          68         24338.5        0.992311               1      Successful search (ES-ell)        
     1          69         23451.1        0.992556               1      Successful search (ES-ell)        
     1          71         23233.9        0.992559               1      Successful search (ES-ell)        
     1          73         22410.4        0.992544               1      Successful search (ES-ell)        
     1          76         21395.9        0.992531               1      Successful search (ES-ell)        
     1          79         20908.3         1.04004               1      Successful search (ES-ell)        
     1          83         20899.8         1.04004               1      Successful search (ES-ell)        
     1          84         20662.4         1.04004               1      Successful search (ES-ell)        
     1          85         20491.8         1.04004               1      Successful search (ES-ell)        
     1          87         19937.1         1.04004               1      Successful search (ES-ell)        
     1          96         19469.9         1.04004               1      Successful search (ES-wcm)        
     1          98           19339            1.04               1      Successful search (ES-wcm)        
     1          99         19281.2         1.04003               1      Successful search (ES-wcm)        
     1         101         19263.1            1.04               1      Successful search (ES-wcm)        
     1         108         18972.8         1.01572               1      Successful search (ES-wcm)        
     1         112         18884.2         1.01568               1      Successful search (ES-ell)        
     1         113         18521.2         1.01574               1      Successful search (ES-wcm)        
     1         121         18487.3         1.01563               1      Successful search (ES-wcm)        
     1         128         18478.5         1.01219               1      Successful search (ES-wcm)        
     1         139         18476.9        0.970169               1      Successful search (ES-wcm)        
     1         154         18447.9        0.977923               1        Successful poll           Train
     2         183           18393         28.8968             0.5          Refine grid             Train
     3         186         18466.3         40.8649             0.5      Successful search (ES-ell)        
     3         190         18433.4          26.248             0.5      Successful search (ES-ell)        
     3         193         18413.6         29.5046             0.5      Successful search (ES-ell)        
     3         225         18413.6         29.5046            0.25          Refine grid             
     4         228           18434         17.6947            0.25      Successful search (ES-wcm)        
     4         239         18415.3         23.5189            0.25      Successful search (ES-wcm)        
     4         240         18395.2         49.6627            0.25      Successful search (ES-wcm)        
     4         241         18375.1         54.2844            0.25      Successful search (ES-ell)        
     4         244         18340.2         53.6451            0.25      Successful search (ES-ell)        
     4         247           18301         52.0236            0.25      Successful search (ES-ell)        
     4         249         18256.4          51.725            0.25      Successful search (ES-ell)        
     4         281         18256.4          51.725           0.125          Refine grid             
     5         282         18294.6         29.3396           0.125      Successful search (ES-ell)        
     5         322         18229.4         45.0545            0.25        Successful poll           
     6         354         18232.8         44.8704           0.125          Refine grid             
     7         355         18295.5         30.4039           0.125      Successful search (ES-wcm)        
     7         356         18283.6         47.9344           0.125      Successful search (ES-wcm)        
     7         367         18272.4         13.4649           0.125      Successful search (ES-wcm)        
     7         368         18206.8         14.0334           0.125      Successful search (ES-wcm)        
     7         369         18181.8         24.8474           0.125      Successful search (ES-wcm)        
     7         370         18180.9         40.2175           0.125      Successful search (ES-wcm)        
     7         411         18180.9         40.2175          0.0625          Refine grid             
     8         412         18216.5         10.2007          0.0625      Successful search (ES-wcm)        
     8         413         18203.2         13.0389          0.0625      Successful search (ES-ell)        
     8         457         18203.2         13.0389         0.03125          Refine grid             
     9         458         18280.7         10.5981         0.03125      Successful search (ES-ell)        
     9         459         18275.2         12.5868         0.03125      Successful search (ES-ell)        
     9         460         18254.8         15.8259         0.03125      Successful search (ES-ell)        
     9         462         18251.7         18.6239         0.03125      Successful search (ES-ell)        
     9         463         18235.3         23.5189         0.03125      Successful search (ES-ell)        
     9         470         18235.2         17.0579         0.03125      Successful search (ES-wcm)        
     9         510           18224         9.54171          0.0625        Successful poll           
    10         511           18152         10.9305          0.0625      Successful search (ES-ell)        
    10         512           18101         17.4894          0.0625      Successful search (ES-ell)        
    10         513         18085.2         27.2405          0.0625      Successful search (ES-ell)        
    10         555         18085.2         27.2405         0.03125          Refine grid             Train
    11         556         18242.6         6.63929         0.03125      Successful search (ES-wcm)        
    11         557         18221.9          8.2773         0.03125      Successful search (ES-wcm)        
    11         558         18196.9         13.9347         0.03125      Successful search (ES-wcm)        
    11         600         18196.9         13.9347        0.015625          Refine grid             
    12         601         18248.2         6.50634        0.015625      Successful search (ES-wcm)        
    12         602         18239.5         7.25935        0.015625      Successful search (ES-wcm)        
    12         603         18228.8         9.23632        0.015625      Successful search (ES-wcm)        
    12         604         18222.3         14.9767        0.015625      Successful search (ES-wcm)        
    12         607         18167.1         22.2235        0.015625      Successful search (ES-wcm)        
    12         608         18115.2         20.2372        0.015625      Successful search (ES-ell)        
    12         646         18115.2         20.2372       0.0078125          Refine grid             
    13         647         18256.1         6.78004       0.0078125      Successful search (ES-ell)        
    13         648         18242.9         7.01803       0.0078125      Successful search (ES-ell)        
    13         649         18237.3         8.34473       0.0078125      Successful search (ES-wcm)        
    13         652         18237.2         10.0469       0.0078125      Successful search (ES-wcm)        
    13         686         18233.3         9.07863        0.015625        Successful poll           
    14         687         18231.6         10.6811        0.015625      Successful search (ES-wcm)        
    14         688         18226.7          16.767        0.015625      Successful search (ES-wcm)        
    14         690         18222.7          18.869        0.015625      Successful search (ES-wcm)        
    14         734         18222.7          18.869       0.0078125          Refine grid             Train
    15         735         18247.1         6.47419       0.0078125      Successful search (ES-ell)        
    15         736         18246.2         7.86297       0.0078125      Successful search (ES-wcm)        
    15         737         18236.4         10.6609       0.0078125      Successful search (ES-wcm)        
    15         738         18231.1         15.1599       0.0078125      Successful search (ES-wcm)        
    15         780         18231.1         15.1599      0.00390625          Refine grid             
    16         781         18244.7         5.37882      0.00390625      Successful search (ES-wcm)        
    16         782         18236.9         5.86304      0.00390625      Successful search (ES-wcm)        
    16         783         18231.7         7.09726      0.00390625      Successful search (ES-ell)        
    16         784         18222.8         8.52016      0.00390625      Successful search (ES-ell)        
    16         785         18211.1         11.2212      0.00390625      Successful search (ES-ell)        
    16         786         18198.3          15.574      0.00390625      Successful search (ES-ell)        
    16         827         18198.3          15.574      0.00195312          Refine grid             
    17         828         18252.1         7.13586      0.00195312      Successful search (ES-ell)        
    17         829         18250.5         7.35865      0.00195312      Successful search (ES-ell)        
    17         830         18243.8         8.69191      0.00195312      Successful search (ES-wcm)        
    17         831           18237         9.04693      0.00195312      Successful search (ES-ell)        
    17         832         18233.8         10.2994      0.00195312      Successful search (ES-ell)        
    17         833         18229.9         11.3417      0.00195312      Successful search (ES-ell)        
    17         834         18213.6         13.5872      0.00195312      Successful search (ES-ell)        
    17         835           18203         16.9366      0.00195312      Successful search (ES-ell)        
    17         836         18189.9         25.8935      0.00195312      Successful search (ES-wcm)        
    17         874         18189.9         25.8935     0.000976562          Refine grid             
Optimization terminated: change in the function value less than options['tol_mesh']
Estimated function value at minimum: 18279.757932586024 ± 4.707667605818523 (mean ± SEM from 100 samples)
BADS minimum at: x_min = [ 4.9883  8.8423  9.8123  0.     -0.4666  9.8463  0.5668  0.4834  0.3179
  0.1105  1.0301  0.2362], training NLL = 18279.7579
total f-count: 974, time: 42.79 min

 ------- Finish Optimization for Subject 20 ---------- 

 ------- Start Optimization for Subject 25 ---------- 

 Cross Validation fold 0/1

 -- Start Optimization: method BADS --

 Optimization Run 1/2
Initial params: [1.3513, 9.3725, 7.5296, 7.1581, -0.9504, 21.1041, 0.1227, 0.7063, 0.1069, 0.5209, 0.5854, 0.247]
bads:TooCloseBounds: For each variable, hard and plausible bounds should not be too close. Moving plausible bounds.
Variables (index) internally transformed to log coordinates: [[ 0  0]
 [ 0  3]
 [ 0  9]
 [ 0 10]
 [ 0 11]]
Beginning optimization of a STOCHASTIC objective function

 Iteration    f-count      E[f(x)]        SD[f(x)]           MeshScale          Method              Actions
     0           1         30108.3             nan               1                                  
     0          28         27714.9             nan               1          Initial mesh            Initial points
     0          44         26717.9        0.999984               1        Successful poll           Train
     1          47         26387.6        0.999961               1      Successful search (ES-wcm)        
     1          48         25889.6        0.999984               1      Successful search (ES-ell)        
     1          52         25810.5        0.999936               1      Successful search (ES-ell)        
     1          53         25546.1         0.99995               1      Successful search (ES-ell)        
     1          55         24911.2         1.04188               1      Successful search (ES-ell)        
     1          58         24765.9         1.04188               1      Successful search (ES-ell)        
     1          60         24645.3         1.04188               1      Successful search (ES-ell)        
     1          61           24603         1.04188               1      Successful search (ES-ell)        
     1          62           24339         1.04188               1      Successful search (ES-ell)        
     1          64         24093.5         1.04188               1      Successful search (ES-ell)        
     1          65         23990.5         1.04188               1      Successful search (ES-ell)        
     1          97         23398.3         1.01375               1        Successful poll           
     2         101         22907.3         1.01375               1      Successful search (ES-ell)        
     2         102         22873.3         1.01375               1      Successful search (ES-ell)        
     2         103           22828         1.01375               1      Successful search (ES-ell)        
     2         105         22638.2         1.05955               1      Successful search (ES-ell)        
     2         106         22610.8         1.05955               1      Successful search (ES-ell)        
     2         111         22518.1         1.05955               1      Successful search (ES-ell)        
     2         112           22038         1.05955               1      Successful search (ES-ell)        
     2         118         21836.8         1.05954               1      Successful search (ES-ell)        
     2         149         21836.8         1.05954             0.5          Refine grid             
     3         158           21858        0.983771             0.5      Successful search (ES-ell)        
     3         160         21837.4         0.98383             0.5      Successful search (ES-ell)        
     3         167         21816.8         0.98417             0.5      Successful search (ES-ell)        
     3         176         21812.2        0.984423             0.5      Successful search (ES-ell)        
     3         216         21812.2        0.984423            0.25          Refine grid             Train
     4         235         21760.6        0.963663             0.5        Successful poll           Train
     5         236         21718.4        0.963664             0.5      Successful search (ES-ell)        
     5         240         21621.5         62.0194             0.5      Successful search (ES-ell)        
     5         277         21621.5         62.0194            0.25          Refine grid             
     6         278         21687.3         50.1097            0.25      Successful search (ES-ell)        
     6         279         21594.4         60.4293            0.25      Successful search (ES-ell)        
     6         321         21594.4         60.4293           0.125          Refine grid             
     7         322         21655.5         27.7166           0.125      Successful search (ES-ell)        
     7         323         21646.9         46.9992           0.125      Successful search (ES-ell)        
     7         324         21622.4         46.0158           0.125      Successful search (ES-ell)        
     7         334         21615.4         29.0768           0.125      Successful search (ES-ell)        
     7         378         21615.4         29.0768          0.0625          Refine grid             Train
     8         379         21497.7         13.8395          0.0625      Successful search (ES-ell)        
     8         380         21482.1         16.2575          0.0625      Successful search (ES-ell)        
     8         381         21472.9         19.0801          0.0625      Successful search (ES-ell)        
     8         422         21472.9         19.0801         0.03125          Refine grid             Train
     9         423         21620.3         10.0011         0.03125      Successful search (ES-ell)        
     9         424         21614.4         13.8208         0.03125      Successful search (ES-wcm)        
     9         425         21607.1         15.7336         0.03125      Successful search (ES-wcm)        
     9         426         21599.6         19.8749         0.03125      Successful search (ES-wcm)        
     9         427         21599.4         22.6873         0.03125      Successful search (ES-ell)        
     9         428         21595.9         28.2265         0.03125      Successful search (ES-ell)        
     9         429           21567         35.6961         0.03125      Successful search (ES-ell)        
     9         466           21567         35.6961        0.015625          Refine grid             
    10         467         21632.3          9.6315        0.015625      Successful search (ES-ell)        
    10         468           21628         9.97619        0.015625      Successful search (ES-ell)        
    10         469         21620.9         10.4784        0.015625      Successful search (ES-ell)        
    10         470         21618.6         11.6361        0.015625      Successful search (ES-ell)        
    10         471         21611.8         14.2127        0.015625      Successful search (ES-ell)        
    10         472         21606.9         18.2591        0.015625      Successful search (ES-wcm)        
    10         510         21606.9         18.2591       0.0078125          Refine grid             
    11         511         21644.4         8.28572       0.0078125      Successful search (ES-ell)        
    11         512         21641.9         8.22016       0.0078125      Successful search (ES-ell)        
    11         513           21638          8.5362       0.0078125      Successful search (ES-ell)        
    11         514         21635.2         9.02965       0.0078125      Successful search (ES-ell)        
    11         515         21635.1          10.256       0.0078125      Successful search (ES-ell)        
    11         555         21635.1          10.256      0.00390625          Refine grid             Train
    12         556         21656.2          9.9245      0.00390625      Successful search (ES-ell)        
    12         557           21654         10.0605      0.00390625      Successful search (ES-ell)        
    12         558         21650.8         10.6004      0.00390625      Successful search (ES-ell)        
    12         559         21644.9          10.876      0.00390625      Successful search (ES-ell)        
    12         560         21641.7         12.9825      0.00390625      Successful search (ES-ell)        
    12         561         21636.5         15.5434      0.00390625      Successful search (ES-ell)        
    12         563         21631.5         17.3688      0.00390625      Successful search (ES-ell)        
    12         564         21626.5         21.3132      0.00390625      Successful search (ES-ell)        
    12         565         21611.6         25.7884      0.00390625      Successful search (ES-ell)        
    12         568         21598.6         20.4875      0.00390625      Successful search (ES-wcm)        
    12         569         21580.9         20.3988      0.00390625      Successful search (ES-wcm)        
    12         570         21570.7         20.4811      0.00390625      Successful search (ES-wcm)        
    12         571         21542.4         20.9724      0.00390625      Successful search (ES-wcm)        
    12         577         21542.2         16.7521      0.00390625      Successful search (ES-wcm)        
    12         578         21530.9         16.5809      0.00390625      Successful search (ES-wcm)        
    12         579         21520.6         16.6557      0.00390625      Successful search (ES-wcm)        
    12         580         21512.4         16.5343      0.00390625      Successful search (ES-wcm)        
    12         626         21512.4         16.5343      0.00195312          Refine grid             Train
    13         627         21592.3         8.25088      0.00195312      Successful search (ES-wcm)        
    13         628           21547         10.1772      0.00195312      Successful search (ES-wcm)        
    13         629         21506.5          13.102      0.00195312      Successful search (ES-wcm)        
    13         630           21452         16.4681      0.00195312      Successful search (ES-wcm)        
    13         631         21415.3         18.7783      0.00195312      Successful search (ES-wcm)        
    13         632         21394.8         19.7428      0.00195312      Successful search (ES-wcm)        
    13         673         21394.8         19.7428     0.000976562          Refine grid             Train
Optimization terminated: change in the function value less than options['tol_mesh']
Estimated function value at minimum: 21446.59658014496 ± 5.781275273587825 (mean ± SEM from 100 samples)
BADS minimum at: x_min = [4.14530e+00 1.39004e+01 1.04634e+01 1.83901e+01 8.85770e+00 3.15905e+01
 3.03700e-01 4.28200e-01 3.35700e-01 8.50000e-03 1.99850e+00 5.57400e-01], training NLL = 21446.5966
total f-count: 773, time: 33.9 min

 Optimization Run 2/2
Initial params: [1.0097, 6.1728, 8.4404, 4.5393, -2.9262, 10.3957, 0.6221, 0.2441, 0.2841, 0.3354, 0.5365, 0.3111]
bads:TooCloseBounds: For each variable, hard and plausible bounds should not be too close. Moving plausible bounds.
Variables (index) internally transformed to log coordinates: [[ 0  0]
 [ 0  3]
 [ 0  9]
 [ 0 10]
 [ 0 11]]
Beginning optimization of a STOCHASTIC objective function

 Iteration    f-count      E[f(x)]        SD[f(x)]           MeshScale          Method              Actions
     0           1           27050             nan               1                                  
     0          28           27050             nan               1          Initial mesh            Initial points
     0          42         26300.6        0.999966               1        Successful poll           Train
     1          43         24923.1        0.999971               1      Successful search (ES-wcm)        
     1          45           22977        0.999965               1      Successful search (ES-wcm)        
     1          48           22763        0.999958               1      Successful search (ES-wcm)        
     1          49         22374.7        0.999951               1      Successful search (ES-wcm)        
     1          54         22218.8        0.959434               1      Successful search (ES-ell)        
     1          55         21682.1        0.959451               1      Successful search (ES-wcm)        
     1          57         21611.9        0.959449               1      Successful search (ES-wcm)        
     1          58         21445.4        0.959454               1      Successful search (ES-wcm)        
     1          59         20968.6        0.959454               1      Successful search (ES-wcm)        
     1          61         20626.6        0.959452               1      Successful search (ES-wcm)        
     1          70         20509.1          0.9592               1      Successful search (ES-wcm)        
     1          73         20443.9        0.959262               1      Successful search (ES-wcm)        
     1          75         20324.8        0.959014               1      Successful search (ES-wcm)        
     1          76         20059.4        0.958896               1      Successful search (ES-wcm)        
     1          77         19738.4        0.959416               1      Successful search (ES-wcm)        
     1          81         19629.5        0.995265               1      Successful search (ES-wcm)        
     1          83         19548.4        0.995224               1      Successful search (ES-wcm)        
     1          99         19546.7        0.945572               1      Successful search (ES-wcm)        
     1         101         19526.1        0.986038               1      Successful search (ES-ell)        
     1         131         19526.1        0.986038             0.5          Refine grid             Train
     2         132         19569.2         31.9728             0.5      Successful search (ES-ell)        
     2         136         19562.8         28.5336             0.5      Successful search (ES-ell)        
     2         174         19562.8         28.5336            0.25          Refine grid             
     3         175         19589.9         32.1571            0.25      Successful search (ES-wcm)        
     3         177         19501.7         31.2478            0.25      Successful search (ES-wcm)        
     3         218         19501.7         31.2478           0.125          Refine grid             
     4         219         19551.2         11.9929           0.125      Successful search (ES-wcm)        
     4         220         19546.4          21.583           0.125      Successful search (ES-wcm)        
     4         222         19536.1          17.085           0.125      Successful search (ES-wcm)        
     4         223         19521.2         25.3314           0.125      Successful search (ES-wcm)        
     4         226         19516.8          22.613           0.125      Successful search (ES-ell)        
     4         262         19516.8          22.613          0.0625          Refine grid             
     5         263         19560.4         10.1265          0.0625      Successful search (ES-ell)        
     5         264         19542.7         12.5102          0.0625      Successful search (ES-ell)        
     5         265           19531         17.0437          0.0625      Successful search (ES-ell)        
     5         266         19507.4         23.2492          0.0625      Successful search (ES-ell)        
     5         267         19475.6         30.6379          0.0625      Successful search (ES-ell)        
     5         306         19475.6         30.6379         0.03125          Refine grid             Train
     6         307         19513.8         8.83133         0.03125      Successful search (ES-ell)        
     6         308           19501         8.86018         0.03125      Successful search (ES-wcm)        
     6         309         19488.2         10.6346         0.03125      Successful search (ES-wcm)        
     6         310           19482         16.4681         0.03125      Successful search (ES-wcm)        
     6         312           19479         18.3944         0.03125      Successful search (ES-wcm)        
     6         313         19473.5         24.6824         0.03125      Successful search (ES-wcm)        
     6         351         19473.5         24.6824        0.015625          Refine grid             
     7         352         19497.7          8.4288        0.015625      Successful search (ES-wcm)        
     7         353         19492.2         8.96438        0.015625      Successful search (ES-wcm)        
     7         381         19465.9         19.4871         0.03125        Successful poll           
     8         414         19470.9         18.3637        0.015625          Refine grid             
     9         415         19498.7         7.03787        0.015625      Successful search (ES-ell)        
     9         416         19494.1         7.49697        0.015625      Successful search (ES-ell)        
     9         417         19486.8         9.09909        0.015625      Successful search (ES-ell)        
     9         418           19483          12.378        0.015625      Successful search (ES-ell)        
     9         419           19482         16.5769        0.015625      Successful search (ES-ell)        
     9         420           19464         21.1427        0.015625      Successful search (ES-wcm)        
     9         459           19464         21.1427       0.0078125          Refine grid             
    10         460           19497         6.72748       0.0078125      Successful search (ES-wcm)        
    10         461         19495.2         6.61318       0.0078125      Successful search (ES-wcm)        
    10         462         19488.6         6.53348       0.0078125      Successful search (ES-ell)        
    10         465         19485.8         6.83513       0.0078125      Successful search (ES-ell)        
    10         466           19483         7.04764       0.0078125      Successful search (ES-ell)        
    10         467         19482.3          7.1835       0.0078125      Successful search (ES-wcm)        
    10         468         19474.2         8.12472       0.0078125      Successful search (ES-ell)        
    10         469           19469         10.8689       0.0078125      Successful search (ES-ell)        
    10         470           19461         15.5764       0.0078125      Successful search (ES-ell)        
    10         504           19461         15.5764      0.00390625          Refine grid             Train
    11         505         19501.2         7.17974      0.00390625      Successful search (ES-wcm)        
    11         506         19500.6          7.3001      0.00390625      Successful search (ES-wcm)        
    11         514         19500.3         7.22019      0.00390625      Successful search (ES-ell)        
    11         515         19500.2          7.1805      0.00390625      Successful search (ES-ell)        
    11         517         19498.2         7.20823      0.00390625      Successful search (ES-ell)        
    11         519           19498         7.36579      0.00390625      Successful search (ES-ell)        
    11         520         19497.1           7.586      0.00390625      Successful search (ES-wcm)        
    11         521         19493.9         8.16851      0.00390625      Successful search (ES-wcm)        
    11         523         19489.6         8.42021      0.00390625      Successful search (ES-wcm)        
    11         524           19484         9.74004      0.00390625      Successful search (ES-wcm)        
    11         525         19479.4         13.3394      0.00390625      Successful search (ES-wcm)        
    11         526         19471.7         18.0909      0.00390625      Successful search (ES-wcm)        
    11         563         19471.7         18.0909      0.00195312          Refine grid             Train
    12         598         19503.3         6.77646     0.000976562          Refine grid             Train
Optimization terminated: change in the function value less than options['tol_mesh']
Estimated function value at minimum: 19492.97083381583 ± 5.704581640448642 (mean ± SEM from 100 samples)
BADS minimum at: x_min = [ 1.8297e+00  6.5429e+00  6.7097e+00  7.9300e-02 -9.8040e-01  6.8119e+00
  5.7730e-01  4.9990e-01  6.3370e-01  1.4000e-03  2.0000e+00  4.3170e-01], training NLL = 19492.9708
total f-count: 698, time: 30.52 min

 ------- Finish Optimization for Subject 25 ---------- 
Wed Oct 15 01:41:30 2025       
+---------------------------------------------------------------------------------------+
| NVIDIA-SMI 535.113.01             Driver Version: 535.113.01   CUDA Version: 12.2     |
|-----------------------------------------+----------------------+----------------------+
| GPU  Name                 Persistence-M | Bus-Id        Disp.A | Volatile Uncorr. ECC |
| Fan  Temp   Perf          Pwr:Usage/Cap |         Memory-Usage | GPU-Util  Compute M. |
|                                         |                      |               MIG M. |
|=========================================+======================+======================|
|   0  NVIDIA A100-SXM4-40GB          On  | 00000000:C1:00.0 Off |                    0 |
| N/A   30C    P0              57W / 400W |      4MiB / 40960MiB |     28%      Default |
|                                         |                      |             Disabled |
+-----------------------------------------+----------------------+----------------------+
                                                                                         
+---------------------------------------------------------------------------------------+
| Processes:                                                                            |
|  GPU   GI   CI        PID   Type   Process name                            GPU Memory |
|        ID   ID                                                             Usage      |
|=======================================================================================|
|  No running processes found                                                           |
+---------------------------------------------------------------------------------------+
----------------------------------------
Start job epilogue Wed Oct 15 01:41:30 CEST 2025
----------------------------------------
Job ID:          49224784
Job Exit Code:   0:0
Username:        wenlou
Group:           mpla
Queue:           gpu
Compute nodes:   dccn-c084
Asked resources: walltime=1-00:00:00,nodes=1,cpus=4,mem=2G
Used resources:  cputime=1-20:15:44,walltime=11:03:56,memory=0
----------------------------------------
End job epilogue Wed Oct 15 01:41:31 CEST 2025
----------------------------------------
