----------------------------------------
Start task prologue Tue Jun 16 17:30:58 CEST 2026
----------------------------------------
Step ID:         53647880.
Username:        wenlou
Group:           mpla
Asked resources: walltime=1-00:00:00,nodes=1,cpus=8,mem=2G
Queue:           gpu
Compute nodes:   dccn-c043
----------------------------------------
End task prologue Tue Jun 16 17:30:58 CEST 2026
----------------------------------------
CUDA version:
nvcc: NVIDIA (R) Cuda compiler driver
Copyright (c) 2005-2024 NVIDIA Corporation
Built on Thu_Mar_28_02:18:24_PDT_2024
Cuda compilation tools, release 12.4, V12.4.131
Build cuda_12.4.r12.4/compiler.34097967_0

[WARNING] Please note the interface change for (de-)activating conda environment:

  - DO NOT use `conda activate` to enter the conda environment as it requires extra step to modify your ~/.bashrc file, which will force you to use this Anaconda version (2024.06).  Therefore keep using `source activate` instead.

  - DO use `conda deactivate` to leave your conda environment as `source deactivate` will be deprecated in future release.

Running model for expriment=new_bins_no_motor_rng1, m_id=2, method=bads
device is : cuda
['new_bins_no_motor_rng1', '2', 'all', 'bads', '2']

 ------- Start Optimization for Subject 2 ---------- 

 Cross Validation fold 0/1

 -- Start Optimization: method BADS --

 Optimization Run 1/2
Initial params: [1.3723, 3.4205, 9.2233, 11.4921, -4.4487, 47.1316, 3.9523, 0.2368, 18.1271, 0.672, 0.2799, 0.1384, 0.2353]
bads:TooCloseBounds: For each variable, hard and plausible bounds should not be too close. Moving plausible bounds.
Variables (index) internally transformed to log coordinates: [[0 0]
 [0 3]
 [0 5]
 [0 6]]
Beginning optimization of a STOCHASTIC objective function

 Iteration    f-count      E[f(x)]        SD[f(x)]           MeshScale          Method              Actions
     0           1         28063.8             nan               1                                  
     0          33         25188.2             nan               1          Initial mesh            Initial points
     0          34         25170.5        0.949721               1        Successful poll           Train
     1          37         24916.2        0.949715               1      Successful search (ES-wcm)        
     1          41         24616.7        0.949619               1      Successful search (ES-wcm)        
     1          46         24385.9        0.947122               1      Successful search (ES-wcm)        
     1          47         24205.4        0.949506               1      Successful search (ES-ell)        
     1          50         23984.6        0.949664               1      Successful search (ES-ell)        
     1          57         23845.7        0.947265               1      Successful search (ES-wcm)        
     1          67         23830.7          1.0554               1      Successful search (ES-wcm)        
     1          88         23759.9         1.05624               1        Successful poll           Train
     2          92         23645.9         1.05982               1      Successful search (ES-wcm)        
     2          96         23487.6         1.05982               1      Successful search (ES-wcm)        
     2          99         23474.6         1.05982               1      Successful search (ES-wcm)        
     2         101         23433.9         1.05946               1      Successful search (ES-ell)        
     2         111           23423         1.05411               1      Successful search (ES-ell)        
     2         116         23354.9         1.08567               1      Successful search (ES-ell)        
     2         121         23350.9         1.08551               1      Successful search (ES-ell)        
     2         123         23265.6          1.0854               1      Successful search (ES-ell)        
     2         156         23196.8         1.10209               1        Successful poll           Train
     3         185         23196.8         1.10209             0.5          Refine grid             Train
     4         187         23257.5         24.8187             0.5      Successful search (ES-ell)        
     4         232         23257.5         24.8187            0.25          Refine grid             
     5         233         23267.1         19.8169            0.25      Successful search (ES-wcm)        
     5         235           23264         15.5438            0.25      Successful search (ES-wcm)        
     5         236         23246.7         22.0343            0.25      Successful search (ES-wcm)        
     5         240         23245.8         13.8086            0.25      Successful search (ES-ell)        
     5         242         23235.7         15.4116            0.25      Successful search (ES-ell)        
     5         284         23235.7         15.4116           0.125          Refine grid             Train
     6         285         23247.2           8.858           0.125      Successful search (ES-wcm)        
     6         287         23235.6         8.97945           0.125      Successful search (ES-wcm)        
     6         289         23231.2         13.4041           0.125      Successful search (ES-wcm)        
     6         290         23221.8          25.221           0.125      Successful search (ES-wcm)        
     6         292         23218.2         16.5988           0.125      Successful search (ES-wcm)        
     6         336         23218.2         16.5988          0.0625          Refine grid             Train
     7         337         23244.8         7.11738          0.0625      Successful search (ES-ell)        
     7         338         23237.4         9.84031          0.0625      Successful search (ES-ell)        
     7         339         23234.6         16.3315          0.0625      Successful search (ES-ell)        
     7         388         23234.6         16.3315         0.03125          Refine grid             
     8         389         23243.3         6.30794         0.03125      Successful search (ES-ell)        
     8         390         23233.9         6.54726         0.03125      Successful search (ES-ell)        
     8         402         23210.5         5.31905         0.03125      Successful search (ES-ell)        
     8         403         23173.2         5.96343         0.03125      Successful search (ES-ell)        
     8         404         23132.8         10.0431         0.03125      Successful search (ES-wcm)        
     8         405         23092.5         10.9406         0.03125      Successful search (ES-ell)        
     8         406         23088.1         12.9932         0.03125      Successful search (ES-ell)        
     8         453         23088.1         12.9932        0.015625          Refine grid             
     9         454           23251         4.93513        0.015625      Successful search (ES-ell)        
     9         455         23244.9         4.91227        0.015625      Successful search (ES-wcm)        
     9         457         23243.1         4.94253        0.015625      Successful search (ES-wcm)        
     9         458         23238.9         5.92047        0.015625      Successful search (ES-ell)        
     9         459         23233.8         7.88506        0.015625      Successful search (ES-ell)        
     9         505         23232.3         12.3687         0.03125        Successful poll           
    10         514         23239.8         8.74104         0.03125      Successful search (ES-ell)        
    10         515           23239         8.47504         0.03125      Successful search (ES-ell)        
    10         532         23205.1         6.09616          0.0625        Successful poll           
    11         533         23228.1         8.51348          0.0625      Successful search (ES-ell)        
    11         534         23209.1         11.9542          0.0625      Successful search (ES-ell)        
    11         584         23209.1         11.9542         0.03125          Refine grid             
    12         585         23224.8         8.86479         0.03125      Successful search (ES-ell)        
    12         586         23210.1         10.4369         0.03125      Successful search (ES-ell)        
    12         636         23210.1         10.4369        0.015625          Refine grid             
    13         637         23244.1          5.4527        0.015625      Successful search (ES-ell)        
    13         638         23234.6         7.40193        0.015625      Successful search (ES-ell)        
    13         639           23225         11.0565        0.015625      Successful search (ES-ell)        
    13         640         23223.7         15.9875        0.015625      Successful search (ES-ell)        
    13         688         23223.7         15.9875       0.0078125          Refine grid             
    14         689         23248.5         5.70111       0.0078125      Successful search (ES-ell)        
    14         690         23248.4         6.30494       0.0078125      Successful search (ES-wcm)        
    14         691         23247.6         7.58501       0.0078125      Successful search (ES-wcm)        
    14         692         23238.4         9.15002       0.0078125      Successful search (ES-ell)        
    14         693         23234.7         11.5515       0.0078125      Successful search (ES-wcm)        
    14         740         23234.7         11.5515      0.00390625          Refine grid             Train
    15         741         23244.8         5.16772      0.00390625      Successful search (ES-ell)        
    15         754         23244.2         5.09066      0.00390625      Successful search (ES-ell)        
    15         755         23244.1         5.77601      0.00390625      Successful search (ES-ell)        
    15         756         23242.9         6.90473      0.00390625      Successful search (ES-ell)        
    15         761         23241.9         6.58502      0.00390625      Successful search (ES-wcm)        
    15         805         23241.9         6.58502      0.00195312          Refine grid             Train
    16         806         23242.5         4.58598      0.00195312      Successful search (ES-ell)        
    16         807         23239.7         4.53031      0.00195312      Successful search (ES-ell)        
    16         808         23236.6         4.55995      0.00195312      Successful search (ES-ell)        
    16         857         23236.6         4.55995     0.000976562          Refine grid             Train
Optimization terminated: change in the function value less than options['tol_mesh']
Estimated function value at minimum: 23253.486568311517 ± 3.6752759048621355 (mean ± SEM from 100 samples)
BADS minimum at: x_min = [ 0.2596  5.0191  5.8532  0.0557 -0.6047  1.819   2.5759  0.6762  9.0931
  0.8415  0.8855  0.2406  0.2039], training NLL = 23253.4866
total f-count: 957, time: 52.12 min

 Optimization Run 2/2
Initial params: [0.4863, 5.4757, 12.6434, 18.0525, -4.3307, 18.6433, 4.4684, 0.606, 18.2384, 0.1186, 0.1496, 0.261, 0.2345]
bads:TooCloseBounds: For each variable, hard and plausible bounds should not be too close. Moving plausible bounds.
Variables (index) internally transformed to log coordinates: [[0 0]
 [0 3]
 [0 5]
 [0 6]]
Beginning optimization of a STOCHASTIC objective function

 Iteration    f-count      E[f(x)]        SD[f(x)]           MeshScale          Method              Actions
     0           1         28057.6             nan               1                                  
     0          33           25182             nan               1          Initial mesh            Initial points
     0          34         25163.5         1.00757               1        Successful poll           Train
     1          40         25061.9         1.00749               1      Successful search (ES-ell)        
     1          41         24776.1         1.00749               1      Successful search (ES-ell)        
     1          44           24572         1.00741               1      Successful search (ES-ell)        
     1          46         24531.9          1.0075               1      Successful search (ES-wcm)        
     1          52         24523.5         1.00741               1      Successful search (ES-ell)        
     1          56         24363.9         1.00634               1      Successful search (ES-ell)        
     1          58         24337.1         1.00494               1      Successful search (ES-ell)        
     1          59         24192.3         1.00667               1      Successful search (ES-wcm)        
     1          67         24173.8         0.96784               1      Successful search (ES-wcm)        
     1          70         24080.8        0.967679               1      Successful search (ES-wcm)        
     1          71         24078.3        0.967727               1      Successful search (ES-wcm)        
     1          73         24052.2        0.967811               1      Successful search (ES-wcm)        
     1          80         24035.3        0.967383               1      Successful search (ES-wcm)        
     1          83         23958.4        0.967602               1      Successful search (ES-wcm)        
     1          87         23922.2        0.967876               1      Successful search (ES-ell)        
     1          88           23856        0.980604               1      Successful search (ES-ell)        
     1          89         23844.9        0.980605               1      Successful search (ES-ell)        
     1          91         23711.3        0.980602               1      Successful search (ES-ell)        
     1          95         23528.3        0.980589               1      Successful search (ES-ell)        
     1         102         23394.4        0.980484               1      Successful search (ES-ell)        
     1         108         23364.6        0.976605               1      Successful search (ES-ell)        
     1         110         23347.7        0.975715               1      Successful search (ES-ell)        
     1         111         23288.1        0.978966               1      Successful search (ES-ell)        
     1         142         23288.1        0.978966             0.5          Refine grid             Train
     2         144         23312.6         15.8955             0.5      Successful search (ES-ell)        
     2         145         23258.3         20.8161             0.5      Successful search (ES-ell)        
     2         189         23258.3         20.8161            0.25          Refine grid             Train
     3         190         23299.4         11.8392            0.25      Successful search (ES-ell)        
     3         238         23299.4         11.8392           0.125          Refine grid             
     4         239         23321.1         10.2886           0.125      Successful search (ES-wcm)        
     4         241         23311.8         7.69803           0.125      Successful search (ES-wcm)        
     4         242         23302.9         14.9541           0.125      Successful search (ES-wcm)        
     4         245         23296.5         12.9131           0.125      Successful search (ES-wcm)        
     4         246         23286.6         19.5805           0.125      Successful search (ES-wcm)        
     4         288         23286.6         19.5805          0.0625          Refine grid             
     5         289         23301.6         5.80788          0.0625      Successful search (ES-wcm)        
     5         290         23300.5          8.3196          0.0625      Successful search (ES-wcm)        
     5         291         23292.2         13.2466          0.0625      Successful search (ES-wcm)        
     5         292         23281.6         16.3894          0.0625      Successful search (ES-ell)        
     5         338         23281.6         16.3894         0.03125          Refine grid             Train
     6         339         23304.9         5.74128         0.03125      Successful search (ES-ell)        
     6         340         23302.7          6.2543         0.03125      Successful search (ES-ell)        
     6         341         23297.6         7.01392         0.03125      Successful search (ES-wcm)        
     6         342           23294         9.07526         0.03125      Successful search (ES-wcm)        
     6         390           23294         9.07526        0.015625          Refine grid             
     7         391         23307.6         4.92046        0.015625      Successful search (ES-wcm)        
     7         392         23306.2         4.82045        0.015625      Successful search (ES-wcm)        
     7         393         23301.6         5.36379        0.015625      Successful search (ES-wcm)        
     7         442         23301.6         5.36379       0.0078125          Refine grid             
     8         443         23309.6         4.15512       0.0078125      Successful search (ES-wcm)        
     8         444         23308.1         3.97382       0.0078125      Successful search (ES-wcm)        
     8         445         23305.5          3.6842       0.0078125      Successful search (ES-wcm)        
     8         446         23302.8         3.81355       0.0078125      Successful search (ES-wcm)        
     8         447           23297          5.1239       0.0078125      Successful search (ES-ell)        
     8         448         23290.3         7.07957       0.0078125      Successful search (ES-ell)        
     8         449         23280.1          11.302       0.0078125      Successful search (ES-ell)        
     8         450         23275.2         15.2903       0.0078125      Successful search (ES-ell)        
     8         452         23262.6         20.1698       0.0078125      Successful search (ES-wcm)        
     8         454         23257.7         15.5814       0.0078125      Successful search (ES-ell)        
     8         493         23257.7         15.5814      0.00390625          Refine grid             
     9         494         23272.7         4.63964      0.00390625      Successful search (ES-wcm)        
     9         495           23272         4.75126      0.00390625      Successful search (ES-wcm)        
     9         496         23270.3         4.98836      0.00390625      Successful search (ES-wcm)        
     9         497         23268.3         5.29758      0.00390625      Successful search (ES-wcm)        
     9         499         23267.7         5.63064      0.00390625      Successful search (ES-wcm)        
     9         503         23267.2         5.29148      0.00390625      Successful search (ES-ell)        
     9         504         23265.6         5.32013      0.00390625      Successful search (ES-ell)        
     9         505         23263.2         5.49541      0.00390625      Successful search (ES-ell)        
     9         506         23258.5         5.93183      0.00390625      Successful search (ES-ell)        
     9         507         23256.7          5.9152      0.00390625      Successful search (ES-ell)        
     9         557         23256.7          5.9152      0.00195312          Refine grid             
    10         592         23271.7         3.22773      0.00390625        Successful poll           Train
    11         593         23270.6         3.28455      0.00390625      Successful search (ES-ell)        
    11         594         23269.7         3.44453      0.00390625      Successful search (ES-wcm)        
    11         595         23268.7         3.67111      0.00390625      Successful search (ES-ell)        
    11         596         23267.5         4.12033      0.00390625      Successful search (ES-ell)        
    11         597         23265.9         4.90591      0.00390625      Successful search (ES-ell)        
    11         598         23262.3         6.31271      0.00390625      Successful search (ES-ell)        
    11         599         23260.9         8.64171      0.00390625      Successful search (ES-wcm)        
    11         600         23259.8         11.7155      0.00390625      Successful search (ES-wcm)        
    11         643         23259.8         11.7155      0.00195312          Refine grid             
    12         644         23273.2         3.41161      0.00195312      Successful search (ES-wcm)        
    12         645         23271.8         3.45182      0.00195312      Successful search (ES-wcm)        
    12         646         23271.3         3.61479      0.00195312      Successful search (ES-ell)        
    12         647         23270.9          3.8516      0.00195312      Successful search (ES-ell)        
    12         648         23270.2         4.06551      0.00195312      Successful search (ES-ell)        
    12         694         23267.8         4.87126      0.00390625        Successful poll           
    13         695         23265.4         4.81324      0.00390625      Successful search (ES-ell)        
    13         696           23264         5.11295      0.00390625      Successful search (ES-ell)        
    13         697         23263.9         5.58827      0.00390625      Successful search (ES-ell)        
    13         698         23261.6         6.17995      0.00390625      Successful search (ES-ell)        
    13         699         23259.2         7.14017      0.00390625      Successful search (ES-ell)        
    13         724         23253.6         10.6698       0.0078125        Successful poll           Train
    14         725         23245.9          14.176       0.0078125      Successful search (ES-wcm)        
    14         726         23240.7         15.8308       0.0078125      Successful search (ES-wcm)        
    14         775         23240.7         15.8308      0.00390625          Refine grid             
    15         776         23269.5         3.28912      0.00390625      Successful search (ES-wcm)        
    15         777         23268.8         3.80119      0.00390625      Successful search (ES-wcm)        
    15         778         23268.4         4.59106      0.00390625      Successful search (ES-wcm)        
    15         780         23267.6         5.51322      0.00390625      Successful search (ES-wcm)        
    15         782         23267.4         5.75829      0.00390625      Successful search (ES-ell)        
    15         783         23266.8         6.68818      0.00390625      Successful search (ES-ell)        
    15         826         23266.8         6.68818      0.00195312          Refine grid             
    16         827         23269.7         2.67568      0.00195312      Successful search (ES-ell)        
    16         828         23269.2         2.98874      0.00195312      Successful search (ES-ell)        
    16         829           23268         3.36304      0.00195312      Successful search (ES-ell)        
    16         830         23266.2         4.02765      0.00195312      Successful search (ES-ell)        
    16         831         23265.2         5.56435      0.00195312      Successful search (ES-wcm)        
    16         877         23265.2         5.56435     0.000976562          Refine grid             Train
Optimization terminated: change in the function value less than options['tol_mesh']
Estimated function value at minimum: 23264.923856850128 ± 3.403967986764008 (mean ± SEM from 100 samples)
BADS minimum at: x_min = [ 0.6148  5.2024  4.8887  0.0136 -0.7054  2.391   1.4617  0.4538  9.1974
  0.9996  0.9127  0.2473  0.1671], training NLL = 23264.9239
total f-count: 977, time: 53.22 min

 ------- Finish Optimization for Subject 2 ---------- 

 ------- Start Optimization for Subject 3 ---------- 

 Cross Validation fold 0/1

 -- Start Optimization: method BADS --

 Optimization Run 1/2
Initial params: [0.4366, 6.6865, 3.7101, 6.0577, -2.1746, 44.3367, 4.263, 0.5363, 15.0951, 0.2445, 0.8617, 0.1508, 0.2868]
bads:TooCloseBounds: For each variable, hard and plausible bounds should not be too close. Moving plausible bounds.
Variables (index) internally transformed to log coordinates: [[0 0]
 [0 3]
 [0 5]
 [0 6]]
Beginning optimization of a STOCHASTIC objective function

 Iteration    f-count      E[f(x)]        SD[f(x)]           MeshScale          Method              Actions
     0           1         27253.3             nan               1                                  
     0          33         24107.2             nan               1          Initial mesh            Initial points
     0          53         23653.6        0.977292               1        Successful poll           Train
     1          61         23493.5        0.946005               1      Successful search (ES-wcm)        
     1          62           23449        0.945338               1      Successful search (ES-ell)        
     1          64         23420.4        0.944897               1      Successful search (ES-ell)        
     1          65         23418.2        0.945503               1      Successful search (ES-ell)        
     1          66         23184.9        0.945772               1      Successful search (ES-ell)        
     1          70         23134.8        0.945696               1      Successful search (ES-ell)        
     1          73         23130.2         0.94387               1      Successful search (ES-ell)        
     1          74         23045.5        0.945697               1      Successful search (ES-ell)        
     1          75         22977.3         0.94544               1      Successful search (ES-ell)        
     1          77         22655.7        0.945642               1      Successful search (ES-ell)        
     1         109         22575.2         1.14324               1        Successful poll           
     2         113         22535.3         1.14316               1      Successful search (ES-ell)        
     2         118         22507.1         17.5007               1      Successful search (ES-ell)        
     2         119         22460.9         20.9381               1      Successful search (ES-ell)        
     2         120         22435.5         22.9166               1      Successful search (ES-ell)        
     2         121         22370.1         23.8182               1      Successful search (ES-ell)        
     2         122         22324.7         23.7213               1      Successful search (ES-ell)        
     2         154         22324.7         23.7213             0.5          Refine grid             Train
     3         155         22322.8         26.5466             0.5      Successful search (ES-ell)        
     3         162         22317.5         16.0369             0.5      Successful search (ES-ell)        
     3         164         22298.8         14.3392             0.5      Successful search (ES-ell)        
     3         165         22269.1          18.304             0.5      Successful search (ES-ell)        
     3         169         22262.3         23.8716             0.5      Successful search (ES-ell)        
     3         213         22262.3         23.8716            0.25          Refine grid             Train
     4         214         22299.9         26.9058            0.25      Successful search (ES-wcm)        
     4         217           22259         23.3832            0.25      Successful search (ES-ell)        
     4         219         22248.2         24.0214            0.25      Successful search (ES-wcm)        
     4         229         22239.4         22.9311            0.25      Successful search (ES-wcm)        
     4         230         22233.1         32.9638            0.25      Successful search (ES-wcm)        
     4         274         22233.1         32.9638           0.125          Refine grid             Train
     5         275         22264.9          11.811           0.125      Successful search (ES-wcm)        
     5         278         22262.4         11.4423           0.125      Successful search (ES-wcm)        
     5         282         22258.5         10.1965           0.125      Successful search (ES-ell)        
     5         283         22254.5         10.8109           0.125      Successful search (ES-ell)        
     5         286         22252.1         11.1036           0.125      Successful search (ES-wcm)        
     5         288         22248.5         15.1793           0.125      Successful search (ES-wcm)        
     5         290         22238.7         19.3402           0.125      Successful search (ES-wcm)        
     5         335         22238.7         19.3402          0.0625          Refine grid             Train
     6         336         22259.7         6.77522          0.0625      Successful search (ES-wcm)        
     6         337           22253         10.6856          0.0625      Successful search (ES-wcm)        
     6         338         22250.9          23.277          0.0625      Successful search (ES-wcm)        
     6         340           22247         17.1381          0.0625      Successful search (ES-wcm)        
     6         342         22231.4         15.4131          0.0625      Successful search (ES-wcm)        
     6         346         22230.7         12.0283          0.0625      Successful search (ES-wcm)        
     6         349         22229.4         11.9023          0.0625      Successful search (ES-wcm)        
     6         356           22229         8.78614          0.0625      Successful search (ES-wcm)        
     6         361           22228         7.69476          0.0625      Successful search (ES-wcm)        
     6         362         22225.6          10.878          0.0625      Successful search (ES-ell)        
     6         363         22211.3         22.3158          0.0625      Successful search (ES-wcm)        
     6         394         22194.9         28.8434           0.125        Successful poll           Train
     7         429         22186.1         26.9271          0.0625          Refine grid             Train
     8         430           22200         8.86168          0.0625      Successful search (ES-ell)        
     8         431         22183.6         18.4935          0.0625      Successful search (ES-ell)        
     8         432         22120.5         24.3671          0.0625      Successful search (ES-ell)        
     8         478         22120.5         24.3671         0.03125          Refine grid             Train
     9         479         22138.5         6.27835         0.03125      Successful search (ES-ell)        
     9         480         22135.6         9.44568         0.03125      Successful search (ES-ell)        
     9         481         22115.9           13.71         0.03125      Successful search (ES-ell)        
     9         483           22113          19.549         0.03125      Successful search (ES-wcm)        
     9         527           22113          19.549        0.015625          Refine grid             Train
    10         528         22145.9         5.26418        0.015625      Successful search (ES-wcm)        
    10         529         22143.4         5.60218        0.015625      Successful search (ES-wcm)        
    10         530         22139.4         6.90918        0.015625      Successful search (ES-wcm)        
    10         531         22136.9         8.63612        0.015625      Successful search (ES-wcm)        
    10         533         22130.5         11.5921        0.015625      Successful search (ES-wcm)        
    10         534         22128.3         17.0752        0.015625      Successful search (ES-wcm)        
    10         576         22128.3         17.0752       0.0078125          Refine grid             
    11         577         22139.5         5.05423       0.0078125      Successful search (ES-wcm)        
    11         578         22137.9         5.16645       0.0078125      Successful search (ES-wcm)        
    11         579           22137         5.52967       0.0078125      Successful search (ES-wcm)        
    11         581         22133.3         6.67845       0.0078125      Successful search (ES-ell)        
    11         583         22131.3         8.13483       0.0078125      Successful search (ES-ell)        
    11         584         22125.8         11.0414       0.0078125      Successful search (ES-ell)        
    11         585         22122.3         15.0567       0.0078125      Successful search (ES-ell)        
    11         586         22115.6         17.8888       0.0078125      Successful search (ES-ell)        
    11         627         22115.6         17.8888      0.00390625          Refine grid             
    12         628         22125.7         5.47304      0.00390625      Successful search (ES-wcm)        
    12         679         22125.7         5.47304      0.00195312          Refine grid             Train
    13         680         22131.8         3.60878      0.00195312      Successful search (ES-wcm)        
    13         682         22131.6         3.63736      0.00195312      Successful search (ES-wcm)        
    13         731         22131.6         3.63736     0.000976562          Refine grid             Train
Optimization terminated: change in the function value less than options['tol_mesh']
Estimated function value at minimum: 22134.9089650286 ± 3.876594963429028 (mean ± SEM from 100 samples)
BADS minimum at: x_min = [ 1.9834  8.6448  8.6213  0.5963 -0.9188  1.2979  1.9439  0.3124  8.6789
  0.9329  0.4873  0.3117  0.23  ], training NLL = 22134.909
total f-count: 831, time: 46.03 min

 Optimization Run 2/2
Initial params: [1.203, 3.7846, 4.777, 1.0552, 0.7421, 32.3241, 1.3076, 0.5324, 18.9627, 0.3891, 0.5581, 0.1973, 0.1535]
bads:TooCloseBounds: For each variable, hard and plausible bounds should not be too close. Moving plausible bounds.
Variables (index) internally transformed to log coordinates: [[0 0]
 [0 3]
 [0 5]
 [0 6]]
Beginning optimization of a STOCHASTIC objective function

 Iteration    f-count      E[f(x)]        SD[f(x)]           MeshScale          Method              Actions
     0           1         27260.7             nan               1                                  
     0          33         24104.7             nan               1          Initial mesh            Initial points
     0          34         24091.9        0.999963               1        Successful poll           Train
     1          42           24022        0.997771               1      Successful search (ES-wcm)        
     1          54         24005.2        0.999605               1      Successful search (ES-ell)        
     1          55         23953.9         0.99813               1      Successful search (ES-ell)        
     1          57         23832.5        0.994521               1      Successful search (ES-ell)        
     1          67         23644.2         1.10737               1      Successful search (ES-ell)        
     1          73         23637.1         1.10736               1      Successful search (ES-wcm)        
     1          83         23602.4         1.09906               1      Successful search (ES-ell)        
     1          86         23585.3         1.09433               1      Successful search (ES-ell)        
     1          88         23311.7         1.07784               1      Successful search (ES-wcm)        
     1          93         23251.6         1.07784               1      Successful search (ES-wcm)        
     1          94         23139.5         1.07783               1      Successful search (ES-ell)        
     1          98         23073.7         1.07784               1      Successful search (ES-wcm)        
     1          99         23016.9         1.07783               1      Successful search (ES-wcm)        
     1         101         22928.4         1.07784               1      Successful search (ES-wcm)        
     1         105         22922.1         1.07784               1      Successful search (ES-wcm)        
     1         109           22613         1.07784               1      Successful search (ES-wcm)        
     1         110           22576         1.07784               1      Successful search (ES-wcm)        
     1         117         22491.5          1.1725               1      Successful search (ES-wcm)        
     1         120         22401.4          1.1725               1      Successful search (ES-wcm)        
     1         122         22385.9          1.1725               1      Successful search (ES-wcm)        
     1         126         22309.7         1.17249               1      Successful search (ES-wcm)        
     1         131         22221.1          1.1725               1      Successful search (ES-wcm)        
     1         138         22164.2         1.17239               1      Successful search (ES-wcm)        
     1         145         22156.2         1.27169               1      Successful search (ES-wcm)        
     1         146         22132.2         1.27162               1      Successful search (ES-wcm)        
     1         184         22081.3         3.16204               1        Successful poll           Train
     2         216         22079.4         25.9009               1        Successful poll           Train
     3         249         22080.4         25.6788             0.5          Refine grid             Train
     4         250         22069.2         16.6919             0.5      Successful search (ES-ell)        
     4         251         21996.8         25.7729             0.5      Successful search (ES-ell)        
     4         254         21914.3         28.7085             0.5      Successful search (ES-wcm)        
     4         296         21914.3         28.7085            0.25          Refine grid             
     5         297         21930.2         9.61617            0.25      Successful search (ES-ell)        
     5         298         21916.6         17.5028            0.25      Successful search (ES-ell)        
     5         300         21915.9         17.2026            0.25      Successful search (ES-wcm)        
     5         301         21908.8         24.4812            0.25      Successful search (ES-wcm)        
     5         302         21886.2         30.7659            0.25      Successful search (ES-wcm)        
     5         305         21878.5         26.3387            0.25      Successful search (ES-ell)        
     5         306         21875.4         29.1811            0.25      Successful search (ES-ell)        
     5         346         21875.4         29.1811           0.125          Refine grid             Train
     6         347         21873.9         6.97875           0.125      Successful search (ES-ell)        
     6         348         21867.5         12.7002           0.125      Successful search (ES-wcm)        
     6         350         21862.9         10.9202           0.125      Successful search (ES-wcm)        
     6         351         21862.4         16.3813           0.125      Successful search (ES-wcm)        
     6         353           21846          19.514           0.125      Successful search (ES-wcm)        
     6         395           21846          19.514          0.0625          Refine grid             Train
     7         396         21870.2         5.99344          0.0625      Successful search (ES-wcm)        
     7         397         21861.5         8.28797          0.0625      Successful search (ES-wcm)        
     7         398         21852.4         15.0149          0.0625      Successful search (ES-wcm)        
     7         408         21852.4         8.08268          0.0625      Successful search (ES-wcm)        
     7         409         21847.7         9.49029          0.0625      Successful search (ES-wcm)        
     7         457         21847.7         9.49029         0.03125          Refine grid             Train
     8         458         21862.5          4.3836         0.03125      Successful search (ES-wcm)        
     8         459         21857.2         5.24396         0.03125      Successful search (ES-wcm)        
     8         460         21852.9         6.35247         0.03125      Successful search (ES-wcm)        
     8         461         21848.8         8.80479         0.03125      Successful search (ES-wcm)        
     8         509         21848.8         8.80479        0.015625          Refine grid             Train
     9         510         21865.3         4.00822        0.015625      Successful search (ES-wcm)        
     9         511         21863.4         4.19553        0.015625      Successful search (ES-ell)        
     9         514         21861.8         4.30096        0.015625      Successful search (ES-wcm)        
     9         515         21861.7         7.36947        0.015625      Successful search (ES-wcm)        
     9         560         21853.2         7.70994         0.03125        Successful poll           
    10         562         21850.4         7.21058         0.03125      Successful search (ES-ell)        
    10         565         21849.7         7.50546         0.03125      Successful search (ES-wcm)        
    10         567         21846.1         9.23177         0.03125      Successful search (ES-wcm)        
    10         611         21846.1         9.23177        0.015625          Refine grid             
    11         612         21859.6         4.00229        0.015625      Successful search (ES-wcm)        
    11         616         21859.4         4.11088        0.015625      Successful search (ES-wcm)        
    11         618         21859.3          4.1801        0.015625      Successful search (ES-ell)        
    11         619         21859.3         4.30566        0.015625      Successful search (ES-ell)        
    11         620         21859.1         4.47789        0.015625      Successful search (ES-ell)        
    11         621           21858         4.80276        0.015625      Successful search (ES-ell)        
    11         622         21857.9         5.43392        0.015625      Successful search (ES-ell)        
    11         623         21855.3         6.93693        0.015625      Successful search (ES-ell)        
    11         624         21854.5         9.39325        0.015625      Successful search (ES-ell)        
    11         642         21814.5         11.7766         0.03125        Successful poll           
    12         680         21812.7         11.3973        0.015625          Refine grid             
    13         682         21856.6         5.43432        0.015625      Successful search (ES-ell)        
    13         683         21856.1         5.58446        0.015625      Successful search (ES-ell)        
    13         684         21852.6         5.81073        0.015625      Successful search (ES-ell)        
    13         685         21845.6         6.07834        0.015625      Successful search (ES-wcm)        
    13         686         21839.3         7.71414        0.015625      Successful search (ES-wcm)        
    13         687         21832.9         10.3435        0.015625      Successful search (ES-wcm)        
    13         688         21827.1         12.9731        0.015625      Successful search (ES-wcm)        
    13         707         21796.9         6.31678         0.03125        Successful poll           
    14         743         21796.9         6.31678        0.015625          Refine grid             
    15         744         21859.5         4.16575        0.015625      Successful search (ES-wcm)        
    15         745         21858.1         4.87629        0.015625      Successful search (ES-wcm)        
    15         746         21856.2         6.45211        0.015625      Successful search (ES-wcm)        
    15         747         21855.1         8.81358        0.015625      Successful search (ES-wcm)        
    15         792         21855.1         8.81358       0.0078125          Refine grid             
    16         793         21856.6         4.60206       0.0078125      Successful search (ES-ell)        
    16         794         21848.5         5.25501       0.0078125      Successful search (ES-ell)        
    16         795         21838.4         7.47001       0.0078125      Successful search (ES-ell)        
    16         796         21830.3         10.3094       0.0078125      Successful search (ES-ell)        
    16         797         21809.9         12.9197       0.0078125      Successful search (ES-ell)        
    16         798         21807.9         19.1833       0.0078125      Successful search (ES-wcm)        
    16         844         21807.9         19.1833      0.00390625          Refine grid             Train
    17         845         21827.1         4.60695      0.00390625      Successful search (ES-wcm)        
    17         846         21823.7         4.74407      0.00390625      Successful search (ES-wcm)        
    17         847         21822.7         5.06368      0.00390625      Successful search (ES-wcm)        
    17         848         21820.6         5.39471      0.00390625      Successful search (ES-wcm)        
    17         849         21820.1         7.03008      0.00390625      Successful search (ES-wcm)        
    17         850         21818.5          8.5482      0.00390625      Successful search (ES-wcm)        
    17         852         21815.8         9.35174      0.00390625      Successful search (ES-wcm)        
    17         896         21815.8         9.35174      0.00195312          Refine grid             
    18         897         21816.7         4.40267      0.00195312      Successful search (ES-wcm)        
    18         898         21815.6         4.48415      0.00195312      Successful search (ES-wcm)        
    18         899         21815.3         4.70846      0.00195312      Successful search (ES-wcm)        
    18         948         21815.3         4.70846     0.000976562          Refine grid             
Optimization terminated: change in the function value less than options['tol_mesh']
Estimated function value at minimum: 21818.780608835812 ± 2.8250361967434854 (mean ± SEM from 100 samples)
BADS minimum at: x_min = [ 2.5620e-01  7.7360e+00  4.6257e+00  9.0000e-04 -7.3090e-01  8.9680e-01
  4.6145e+00  9.9430e-01  7.8427e+00  6.7890e-01  7.9900e-02  3.8080e-01
  1.6190e-01], training NLL = 21818.7806
total f-count: 1048, time: 58.44 min

 ------- Finish Optimization for Subject 3 ---------- 

 ------- Start Optimization for Subject 5 ---------- 

 Cross Validation fold 0/1

 -- Start Optimization: method BADS --

 Optimization Run 1/2
Initial params: [1.9594, 4.5663, 2.8198, 17.8165, 2.6345, 24.9524, 0.9146, 0.3913, 21.5166, 0.1259, 0.7586, 0.1986, 0.2347]
bads:TooCloseBounds: For each variable, hard and plausible bounds should not be too close. Moving plausible bounds.
Variables (index) internally transformed to log coordinates: [[0 0]
 [0 3]
 [0 5]
 [0 6]]
Beginning optimization of a STOCHASTIC objective function

 Iteration    f-count      E[f(x)]        SD[f(x)]           MeshScale          Method              Actions
     0           1         27525.4             nan               1                                  
     0          33         24741.6             nan               1          Initial mesh            Initial points
     0          53         24417.2        0.999936               1        Successful poll           Train
     1          58         24385.7        0.999785               1      Successful search (ES-wcm)        
     1          59         24168.9         0.99965               1      Successful search (ES-wcm)        
     1          60         24030.3        0.999743               1      Successful search (ES-wcm)        
     1          65         23949.3        0.989173               1      Successful search (ES-wcm)        
     1          68           23876        0.989169               1      Successful search (ES-wcm)        
     1          70         23786.2        0.989179               1      Successful search (ES-wcm)        
     1          73         23749.5        0.989144               1      Successful search (ES-ell)        
     1          77         23643.4        0.988982               1      Successful search (ES-ell)        
     1          84         23622.9          0.9888               1      Successful search (ES-ell)        
     1          86         23530.8        0.988965               1      Successful search (ES-ell)        
     1          95         23516.3        0.970717               1      Successful search (ES-ell)        
     1          96         23435.3        0.970512               1      Successful search (ES-wcm)        
     1          97         23366.8         0.97005               1      Successful search (ES-wcm)        
     1          98         23317.6         0.97045               1      Successful search (ES-wcm)        
     1         100         23254.8        0.970804               1      Successful search (ES-wcm)        
     1         113           23229        0.968703               1      Successful search (ES-wcm)        
     1         118         23196.9          1.5136               1      Successful search (ES-ell)        
     1         125         23154.6         1.55775               1      Successful search (ES-ell)        
     1         163         23154.6         1.55775             0.5          Refine grid             
     2         170         23229.4         13.6555             0.5      Successful search (ES-wcm)        
     2         171         23184.7         25.2369             0.5      Successful search (ES-wcm)        
     2         172         23157.9         32.1238             0.5      Successful search (ES-wcm)        
     2         176           23153         19.2249             0.5      Successful search (ES-wcm)        
     2         179         23132.3         28.9099             0.5      Successful search (ES-wcm)        
     2         194         23121.8         19.9271             0.5      Successful search (ES-wcm)        
     2         195         23120.8         29.3694             0.5      Successful search (ES-wcm)        
     2         196         23091.4         26.0084             0.5      Successful search (ES-wcm)        
     2         197         23056.6         28.9636             0.5      Successful search (ES-wcm)        
     2         200         23036.7         26.7931             0.5      Successful search (ES-wcm)        
     2         204         22994.7          30.088             0.5      Successful search (ES-wcm)        
     2         205         22989.5         32.4053             0.5      Successful search (ES-wcm)        
     2         209         22885.7         28.1958             0.5      Successful search (ES-wcm)        
     2         211         22875.6         27.0242             0.5      Successful search (ES-wcm)        
     2         212         22869.4         27.6011             0.5      Successful search (ES-wcm)        
     2         214         22854.3         30.9389             0.5      Successful search (ES-wcm)        
     2         215         22842.1         29.2213             0.5      Successful search (ES-wcm)        
     2         218         22810.9         26.6914             0.5      Successful search (ES-wcm)        
     2         230         22793.5         24.5702             0.5      Successful search (ES-wcm)        
     2         231         22779.5         25.9316             0.5      Successful search (ES-wcm)        
     2         245         22775.1         17.3957             0.5      Successful search (ES-wcm)        
     2         247         22763.4         16.8122             0.5      Successful search (ES-wcm)        
     2         257           22756          25.307             0.5      Successful search (ES-ell)        
     2         300           22756          25.307            0.25          Refine grid             
     3         302         22793.3         23.9746            0.25      Successful search (ES-wcm)        
     3         306         22778.6         16.1964            0.25      Successful search (ES-wcm)        
     3         308           22769         16.1037            0.25      Successful search (ES-wcm)        
     3         328           22767         21.2748             0.5        Successful poll           Train
     4         330         22764.8         15.6584             0.5      Successful search (ES-wcm)        
     4         345           22764          13.711             0.5      Successful search (ES-ell)        
     4         348         22755.2         11.7402             0.5      Successful search (ES-wcm)        
     4         387         22755.2         11.7402            0.25          Refine grid             
     5         388         22765.2         11.0116            0.25      Successful search (ES-wcm)        
     5         392         22760.2         7.91434            0.25      Successful search (ES-wcm)        
     5         394         22755.6         11.3888            0.25      Successful search (ES-wcm)        
     5         396         22751.9           15.31            0.25      Successful search (ES-wcm)        
     5         434         22751.9           15.31           0.125          Refine grid             
     6         435         22762.6         9.29691           0.125      Successful search (ES-wcm)        
     6         438         22757.7         10.1923           0.125      Successful search (ES-ell)        
     6         441         22755.2         10.9521           0.125      Successful search (ES-ell)        
     6         483           22739          6.7383            0.25        Successful poll           Train
     7         486         22744.1         10.8277            0.25      Successful search (ES-wcm)        
     7         531         22744.1         10.8277           0.125          Refine grid             Train
     8         532         22759.7         12.4719           0.125      Successful search (ES-ell)        
     8         580         22759.7         12.4719          0.0625          Refine grid             
     9         582         22769.9         7.97808          0.0625      Successful search (ES-wcm)        
     9         585         22768.1         8.78615          0.0625      Successful search (ES-wcm)        
     9         607         22147.2          13.641           0.125        Successful poll           
    10         643         22772.2         11.8568          0.0625          Refine grid             
    11         644         22769.7         9.33376          0.0625      Successful search (ES-ell)        
    11         647         22765.8         9.56257          0.0625      Successful search (ES-wcm)        
    11         651         22764.4           9.397          0.0625      Successful search (ES-wcm)        
    11         653         22763.1         11.4312          0.0625      Successful search (ES-wcm)        
    11         654         22761.6         15.3551          0.0625      Successful search (ES-wcm)        
    11         692         22761.6         15.3551         0.03125          Refine grid             Train
    12         693         22771.2         6.83098         0.03125      Successful search (ES-ell)        
    12         695         22767.8         7.90678         0.03125      Successful search (ES-ell)        
    12         697         22766.6         9.67267         0.03125      Successful search (ES-ell)        
    12         698         22761.7         13.4627         0.03125      Successful search (ES-ell)        
    12         701         22756.2         12.2529         0.03125      Successful search (ES-ell)        
    12         703         22754.4         13.0106         0.03125      Successful search (ES-ell)        
    12         704         22748.3          15.519         0.03125      Successful search (ES-ell)        
    12         744         22748.3          15.519        0.015625          Refine grid             
    13         745         22766.7         6.35655        0.015625      Successful search (ES-ell)        
    13         746         22760.5         8.03949        0.015625      Successful search (ES-ell)        
    13         748         22760.5         9.31629        0.015625      Successful search (ES-ell)        
    13         796         22760.5         9.31629       0.0078125          Refine grid             
    14         797         22770.2         9.10652       0.0078125      Successful search (ES-ell)        
    14         798         22768.7         9.42864       0.0078125      Successful search (ES-ell)        
    14         799         22767.9         9.88884       0.0078125      Successful search (ES-ell)        
    14         800         22763.8         11.1911       0.0078125      Successful search (ES-ell)        
    14         823         22749.6         5.89714        0.015625        Successful poll           
    15         824         22738.3         6.42498        0.015625      Successful search (ES-ell)        
    15         826         22718.6         6.65773        0.015625      Successful search (ES-ell)        
    15         875         22718.6         6.65773       0.0078125          Refine grid             
    16         876         22770.7         5.63068       0.0078125      Successful search (ES-ell)        
    16         877         22766.9         6.24483       0.0078125      Successful search (ES-ell)        
    16         879         22765.2         6.94928       0.0078125      Successful search (ES-ell)        
    16         880         22762.5          8.0085       0.0078125      Successful search (ES-ell)        
    16         902         22734.6         5.02962        0.015625        Successful poll           
    17         903         22713.5         5.70512        0.015625      Successful search (ES-wcm)        
    17         904         22681.9         7.90755        0.015625      Successful search (ES-wcm)        
    17         929         22670.8         6.03112         0.03125        Successful poll           
    18         932         22736.3         4.71566         0.03125      Successful search (ES-wcm)        
    18         979         22736.3         4.71566        0.015625          Refine grid             
    19         980           22773         5.39678        0.015625      Successful search (ES-wcm)        
    19         981         22766.9         6.01956        0.015625      Successful search (ES-wcm)        
    19         982         22760.7         8.48424        0.015625      Successful search (ES-wcm)        
    19         985         22755.3         9.78268        0.015625      Successful search (ES-wcm)        
    19        1015         22753.1         11.1338         0.03125        Successful poll           Train
    20        1018         22741.8         5.63393         0.03125      Successful search (ES-ell)        
    20        1019         22741.7         5.67722         0.03125      Successful search (ES-ell)        
    20        1020           22704         6.24195         0.03125      Successful search (ES-ell)        
    20        1021         22675.5         7.13934         0.03125      Successful search (ES-ell)        
    20        1067         22675.5         7.13934        0.015625          Refine grid             
    21        1068         22776.1         7.12876        0.015625      Successful search (ES-ell)        
    21        1097           22755         8.10901         0.03125        Successful poll           
    22        1098         22775.6         10.3078         0.03125      Successful search (ES-wcm)        
    22        1111         22765.6         5.68597         0.03125      Successful search (ES-wcm)        
    22        1116         22763.2          6.9548         0.03125      Successful search (ES-wcm)        
    22        1119         22762.7          7.2975         0.03125      Successful search (ES-ell)        
    22        1122         22758.7         8.07347         0.03125      Successful search (ES-wcm)        
    22        1123         22756.4         8.75917         0.03125      Successful search (ES-ell)        
    22        1162         22756.4         8.75917        0.015625          Refine grid             Train
    23        1168         22767.1         4.02668        0.015625      Successful search (ES-wcm)        
    23        1177         22766.6           3.654        0.015625      Successful search (ES-wcm)        
    23        1178         22762.5         4.52304        0.015625      Successful search (ES-ell)        
    23        1179         22760.1          6.4793        0.015625      Successful search (ES-ell)        
    23        1180         22753.6         9.93439        0.015625      Successful search (ES-ell)        
    23        1181         22753.4         14.5294        0.015625      Successful search (ES-ell)        
    23        1227         22753.4         14.5294       0.0078125          Refine grid             Train
    24        1228         22768.4         3.90236       0.0078125      Successful search (ES-ell)        
    24        1229         22764.9          4.4823       0.0078125      Successful search (ES-ell)        
    24        1230         22761.9         6.51012       0.0078125      Successful search (ES-ell)        
    24        1231         22752.6         9.37236       0.0078125      Successful search (ES-ell)        
    24        1279         22752.6         9.37236      0.00390625          Refine grid             Train
    25        1280         22768.3         3.61941      0.00390625      Successful search (ES-ell)        
    25        1281         22766.5         3.99488      0.00390625      Successful search (ES-ell)        
    25        1282         22763.3         4.58364      0.00390625      Successful search (ES-ell)        
    25        1283         22758.5          5.7693      0.00390625      Successful search (ES-ell)        
    25        1284         22751.5         7.90532      0.00390625      Successful search (ES-ell)        
    25        1331         22751.5         7.90532      0.00195312          Refine grid             
    26        1345         22755.1         13.1267      0.00390625        Successful poll           Train
    27        1346         22762.6         6.10487      0.00390625      Successful search (ES-ell)        
    27        1397         22762.6         6.10487      0.00195312          Refine grid             
    28        1398         22766.5         3.49267      0.00195312      Successful search (ES-ell)        
    28        1399         22766.1         3.79889      0.00195312      Successful search (ES-ell)        
    28        1400         22764.9         4.75875      0.00195312      Successful search (ES-ell)        
    28        1401         22763.4         5.93854      0.00195312      Successful search (ES-ell)        
    28        1402           22759          8.3374      0.00195312      Successful search (ES-ell)        
    28        1404         22758.5         9.53277      0.00195312      Successful search (ES-ell)        
    28        1405         22750.8         11.6699      0.00195312      Successful search (ES-ell)        
    28        1449         22750.8         11.6699     0.000976562          Refine grid             
Optimization terminated: change in the function value less than options['tol_mesh']
Estimated function value at minimum: 22764.86795734336 ± 3.2203715316389334 (mean ± SEM from 100 samples)
BADS minimum at: x_min = [4.0365 5.6988 4.5954 1.285  0.5593 2.1313 0.1014 0.0297 7.0931 0.4229
 0.9122 0.3604 0.2894], training NLL = 22764.868
total f-count: 1549, time: 86.31 min

 Optimization Run 2/2
Initial params: [1.5, 6.4386, 6.4787, 18.0434, 3.7605, 26.8547, 1.7909, 0.5407, 20.2804, 0.3725, 0.3194, 0.2701, 0.1225]
bads:TooCloseBounds: For each variable, hard and plausible bounds should not be too close. Moving plausible bounds.
Variables (index) internally transformed to log coordinates: [[0 0]
 [0 3]
 [0 5]
 [0 6]]
Beginning optimization of a STOCHASTIC objective function

 Iteration    f-count      E[f(x)]        SD[f(x)]           MeshScale          Method              Actions
     0           1         27525.4             nan               1                                  
     0          33         24665.8             nan               1          Initial mesh            Initial points
     0          53         24357.5        0.999934               1        Successful poll           Train
     1          54         23590.5         0.99994               1      Successful search (ES-wcm)        
     1          62         23469.6        0.958957               1      Successful search (ES-wcm)        
     1          64         23357.7        0.958787               1      Successful search (ES-wcm)        
     1          69         23321.3        0.958804               1      Successful search (ES-wcm)        
     1          70         23179.1         0.95887               1      Successful search (ES-wcm)        
     1          74         23157.2        0.958619               1      Successful search (ES-wcm)        
     1          75         23138.9        0.958892               1      Successful search (ES-ell)        
     1          76         23113.8        0.958826               1      Successful search (ES-wcm)        
     1          79         23066.8        0.958208               1      Successful search (ES-wcm)        
     1          85         23018.9         0.95836               1      Successful search (ES-wcm)        
     1          87           23010        0.954722               1      Successful search (ES-wcm)        
     1          88         22899.5        0.848549               1      Successful search (ES-wcm)        
     1          92         22873.8        0.846376               1      Successful search (ES-wcm)        
     1          94         22837.2        0.848695               1      Successful search (ES-wcm)        
     1          95           22832        0.848659               1      Successful search (ES-wcm)        
     1          99         22814.9        0.848512               1      Successful search (ES-wcm)        
     1         100         22778.2        0.848411               1      Successful search (ES-wcm)        
     1         107           22716        0.848156               1      Successful search (ES-wcm)        
     1         120         22714.3         1.04813               1      Successful search (ES-ell)        
     1         126         22711.3         1.04807               1      Successful search (ES-wcm)        
     1         127         22709.8         1.04807               1      Successful search (ES-ell)        
     1         128         22640.2         1.04797               1      Successful search (ES-wcm)        
     1         162         22640.2         1.04797             0.5          Refine grid             
     2         196         22608.2         33.5711               1        Successful poll           Train
     3         202         22478.1         28.8589               1      Successful search (ES-wcm)        
     3         205         22462.8         24.8109               1      Successful search (ES-wcm)        
     3         239         22462.8         24.8109             0.5          Refine grid             
     4         242         22480.8         25.9176             0.5      Successful search (ES-wcm)        
     4         245         22473.8         22.6824             0.5      Successful search (ES-wcm)        
     4         248         22464.2         21.3371             0.5      Successful search (ES-wcm)        
     4         287         22464.2         21.3371            0.25          Refine grid             
     5         290         22498.3         14.4861            0.25      Successful search (ES-wcm)        
     5         292         22494.5         19.3495            0.25      Successful search (ES-wcm)        
     5         295         22482.4          16.064            0.25      Successful search (ES-wcm)        
     5         297         22462.6         17.1499            0.25      Successful search (ES-wcm)        
     5         338         22462.6         17.1499           0.125          Refine grid             Train
     6         339           22462         11.8789           0.125      Successful search (ES-wcm)        
     6         341         22453.1         14.7585           0.125      Successful search (ES-wcm)        
     6         342         22420.2         24.9738           0.125      Successful search (ES-wcm)        
     6         390         22420.2         24.9738          0.0625          Refine grid             
     7         391         22445.9         7.83215          0.0625      Successful search (ES-wcm)        
     7         442         22445.9         7.83215         0.03125          Refine grid             
     8         443         22448.4         4.32859         0.03125      Successful search (ES-ell)        
     8         444         22447.2         6.65881         0.03125      Successful search (ES-wcm)        
     8         446         22444.9         10.7542         0.03125      Successful search (ES-wcm)        
     8         494         22444.9         10.7542        0.015625          Refine grid             
     9         526         22449.3         5.44547         0.03125        Successful poll           Train
    10         565         22447.9         6.72439          0.0625        Successful poll           Train
    11         568         22443.3         11.7915          0.0625      Successful search (ES-wcm)        
    11         581         22441.3          10.907          0.0625      Successful search (ES-wcm)        
    11         584         22439.2         10.3853          0.0625      Successful search (ES-ell)        
    11         601         22438.5         5.84595          0.0625      Successful search (ES-wcm)        
    11         604         22438.4         5.85176          0.0625      Successful search (ES-wcm)        
    11         607         22436.7         8.34478          0.0625      Successful search (ES-ell)        
    11         609         22434.8         11.0153          0.0625      Successful search (ES-ell)        
    11         611         22431.4         12.3236          0.0625      Successful search (ES-ell)        
    11         613         22424.8         13.6373          0.0625      Successful search (ES-ell)        
    11         656         22424.8         13.6373         0.03125          Refine grid             
    12         657         22446.4         5.98952         0.03125      Successful search (ES-ell)        
    12         660         22441.6         6.74911         0.03125      Successful search (ES-wcm)        
    12         663           22439         7.85277         0.03125      Successful search (ES-ell)        
    12         698         22423.8         15.2401          0.0625        Successful poll           
    13         699         22451.1         10.6702          0.0625      Successful search (ES-ell)        
    13         700         22448.2         26.2934          0.0625      Successful search (ES-wcm)        
    13         704         22443.1          11.649          0.0625      Successful search (ES-wcm)        
    13         708         22441.2         9.53636          0.0625      Successful search (ES-wcm)        
    13         709         22432.6         9.57952          0.0625      Successful search (ES-ell)        
    13         750         22432.6         9.57952         0.03125          Refine grid             Train
    14         751         22446.4         6.26183         0.03125      Successful search (ES-wcm)        
    14         752         22435.8         9.36079         0.03125      Successful search (ES-ell)        
    14         753         22424.6         15.1644         0.03125      Successful search (ES-ell)        
    14         802         22424.6         15.1644        0.015625          Refine grid             Train
    15         803           22449         4.06632        0.015625      Successful search (ES-ell)        
    15         804         22444.5         6.16568        0.015625      Successful search (ES-wcm)        
    15         805         22437.9         11.8872        0.015625      Successful search (ES-wcm)        
    15         854         22437.9         11.8872       0.0078125          Refine grid             
    16         855         22450.1         3.22961       0.0078125      Successful search (ES-ell)        
    16         868         22449.8         4.27876       0.0078125      Successful search (ES-ell)        
    16         869           22448         6.08282       0.0078125      Successful search (ES-ell)        
    16         870         22440.6         9.49749       0.0078125      Successful search (ES-ell)        
    16         871         22434.1         12.4485       0.0078125      Successful search (ES-ell)        
    16         919         22434.1         12.4485      0.00390625          Refine grid             
    17         920         22447.1         3.60751      0.00390625      Successful search (ES-ell)        
    17         921         22445.9         3.90621      0.00390625      Successful search (ES-ell)        
    17         922         22445.5         6.13761      0.00390625      Successful search (ES-ell)        
    17         923         22444.7         8.04039      0.00390625      Successful search (ES-ell)        
    17         924         22435.1         9.82613      0.00390625      Successful search (ES-ell)        
    17         925         22415.2         14.1095      0.00390625      Successful search (ES-wcm)        
    17         971         22415.2         14.1095      0.00195312          Refine grid             
    18         988         22445.3         4.93823      0.00390625        Successful poll           Train
    19        1027         22448.3         7.00109      0.00195312          Refine grid             Train
    20        1028         22449.1         3.46913      0.00195312      Successful search (ES-wcm)        
    20        1029         22447.9         3.83548      0.00195312      Successful search (ES-wcm)        
    20        1030         22446.6         4.20596      0.00195312      Successful search (ES-wcm)        
    20        1031         22445.8         4.37902      0.00195312      Successful search (ES-wcm)        
    20        1033         22445.7         4.91448      0.00195312      Successful search (ES-ell)        
    20        1034         22445.6          5.7983      0.00195312      Successful search (ES-ell)        
    20        1035         22444.3         6.74466      0.00195312      Successful search (ES-ell)        
    20        1036         22443.9         8.78784      0.00195312      Successful search (ES-ell)        
    20        1037         22441.9         14.4926      0.00195312      Successful search (ES-wcm)        
    20        1079         22441.9         14.4926     0.000976562          Refine grid             Train
Optimization terminated: change in the function value less than options['tol_mesh']
Estimated function value at minimum: 22439.876135413637 ± 3.258192938843487 (mean ± SEM from 100 samples)
BADS minimum at: x_min = [0.7911 2.6178 4.0931 0.9559 0.5344 0.8175 5.3515 0.2099 7.2491 0.7412
 0.1405 0.2372 0.1812], training NLL = 22439.8761
total f-count: 1179, time: 64.26 min

 ------- Finish Optimization for Subject 5 ---------- 

 ------- Start Optimization for Subject 6 ---------- 

 Cross Validation fold 0/1

 -- Start Optimization: method BADS --

 Optimization Run 1/2
Initial params: [1.5823, 6.0753, 13.4778, 15.9334, -4.4233, 43.9713, 3.9646, 0.2579, 17.1009, 0.343, 0.2178, 0.164, 0.2087]
bads:TooCloseBounds: For each variable, hard and plausible bounds should not be too close. Moving plausible bounds.
Variables (index) internally transformed to log coordinates: [[0 0]
 [0 3]
 [0 5]
 [0 6]]
Beginning optimization of a STOCHASTIC objective function

 Iteration    f-count      E[f(x)]        SD[f(x)]           MeshScale          Method              Actions
     0           1         27147.8             nan               1                                  
     0          33         24516.3             nan               1          Initial mesh            Initial points
     0          53         24251.8        0.999947               1        Successful poll           Train
     1          58         23845.8        0.999582               1      Successful search (ES-ell)        
     1          59         23844.5         0.99959               1      Successful search (ES-ell)        
     1          62         23771.6         1.00979               1      Successful search (ES-ell)        
     1          63         23744.8         1.00983               1      Successful search (ES-ell)        
     1          64         23517.9         1.00993               1      Successful search (ES-ell)        
     1          67         22883.5         1.00997               1      Successful search (ES-ell)        
     1          72         22574.3         1.00994               1      Successful search (ES-wcm)        
     1          77         22541.6         1.00984               1      Successful search (ES-wcm)        
     1          85         22519.5         1.00801               1      Successful search (ES-ell)        
     1          87           22513         1.00864               1      Successful search (ES-wcm)        
     1          88         22430.2         1.01069               1      Successful search (ES-wcm)        
     1          97         22350.8         1.00982               1      Successful search (ES-ell)        
     1         102         22328.2        0.995975               1      Successful search (ES-ell)        
     1         136           22274          1.1084               1        Successful poll           
     2         141         22258.9         1.10832               1      Successful search (ES-ell)        
     2         148         22253.8           1.192               1      Successful search (ES-ell)        
     2         155         22244.1         1.19231               1      Successful search (ES-ell)        
     2         159         22241.9         1.19226               1      Successful search (ES-ell)        
     2         164         22160.5         1.19233               1      Successful search (ES-ell)        
     2         177         22151.5          1.2272               1      Successful search (ES-ell)        
     2         178         22133.8          1.2272               1      Successful search (ES-ell)        
     2         180         22018.2         1.22721               1      Successful search (ES-wcm)        
     2         195         22011.5          1.2272               1      Successful search (ES-wcm)        
     2         200         21953.8         1.26665               1      Successful search (ES-wcm)        
     2         202         21938.3         1.26665               1      Successful search (ES-ell)        
     2         206         21935.3         1.26665               1      Successful search (ES-wcm)        
     2         209         21927.8         1.26665               1      Successful search (ES-wcm)        
     2         212         21906.9         1.26665               1      Successful search (ES-wcm)        
     2         217         21835.6         1.26664               1      Successful search (ES-wcm)        
     2         224         21831.8         1.26665               1      Successful search (ES-wcm)        
     2         233         21807.9         1.26664               1      Successful search (ES-wcm)        
     2         238         21779.8         1.26665               1      Successful search (ES-wcm)        
     2         250         21778.1         1.26665               1      Successful search (ES-wcm)        
     2         252         21769.2         1.26665               1      Successful search (ES-wcm)        
     2         254         21766.2         1.26665               1      Successful search (ES-wcm)        
     2         271           21730         1.50623               1      Successful search (ES-ell)        
     2         290         21717.2         1.50608               1      Successful search (ES-wcm)        
     2         291         21696.1         1.50615               1      Successful search (ES-wcm)        
     2         315         21693.6         1.50621               1        Successful poll           Train
     3         322           21678         1.11792               1      Successful search (ES-wcm)        
     3         327         21653.8          1.1178               1      Successful search (ES-wcm)        
     3         328         21618.1         1.11771               1      Successful search (ES-wcm)        
     3         360         21618.1         1.11771             0.5          Refine grid             Train
     4         394         21619.2          1.5762            0.25          Refine grid             Train
     5         429         21678.7         1.01068           0.125          Refine grid             Train
     6         431         21679.3         1.11712           0.125      Successful search (ES-wcm)        
     6         433         21656.3         1.11498           0.125      Successful search (ES-wcm)        
     6         435         21605.9         1.11695           0.125      Successful search (ES-ell)        
     6         478         21605.9         1.11695          0.0625          Refine grid             Train
     7         479         21647.4         1.11718          0.0625      Successful search (ES-ell)        
     7         527         21647.4         1.11718         0.03125          Refine grid             Train
     8         529         21692.8        0.951261         0.03125      Successful search (ES-ell)        
     8         533           21681        0.910004         0.03125      Successful search (ES-ell)        
     8         535         21657.8        0.948338         0.03125      Successful search (ES-ell)        
     8         576         21657.8        0.948338        0.015625          Refine grid             Train
     9         595         21688.1         1.07554         0.03125        Successful poll           Train
    10         599         21681.6        0.974026         0.03125      Successful search (ES-ell)        
    10         609         21670.6          1.0345         0.03125      Successful search (ES-ell)        
    10         622         21665.6         1.00814         0.03125      Successful search (ES-ell)        
    10         670         21665.6         1.00814        0.015625          Refine grid             
    11         671         21696.8          5.8305        0.015625      Successful search (ES-ell)        
    11         672         21688.2         5.98651        0.015625      Successful search (ES-ell)        
    11         673         21676.6         6.61357        0.015625      Successful search (ES-ell)        
    11         674         21663.8         7.99412        0.015625      Successful search (ES-ell)        
    11         675         21646.9         10.0059        0.015625      Successful search (ES-ell)        
    11         676         21624.8         11.2267        0.015625      Successful search (ES-ell)        
    11         677         21614.3         15.6404        0.015625      Successful search (ES-ell)        
    11         678           21611         19.0332        0.015625      Successful search (ES-ell)        
    11         679         21596.1         20.3059        0.015625      Successful search (ES-ell)        
    11         722         21596.1         20.3059       0.0078125          Refine grid             Train
    12         723         21684.7         5.73602       0.0078125      Successful search (ES-ell)        
    12         724         21682.1         5.98123       0.0078125      Successful search (ES-ell)        
    12         725         21680.3         6.46173       0.0078125      Successful search (ES-ell)        
    12         726         21675.9         7.55997       0.0078125      Successful search (ES-ell)        
    12         727           21672         8.43568       0.0078125      Successful search (ES-ell)        
    12         728         21667.9         11.6195       0.0078125      Successful search (ES-wcm)        
    12         729         21667.5         19.3245       0.0078125      Successful search (ES-wcm)        
    12         773         21667.5         19.3245      0.00390625          Refine grid             Train
    13         774         21688.3         5.33994      0.00390625      Successful search (ES-ell)        
    13         775         21686.9         5.33682      0.00390625      Successful search (ES-ell)        
    13         776         21685.1         5.41402      0.00390625      Successful search (ES-ell)        
    13         777         21682.8         5.78694      0.00390625      Successful search (ES-ell)        
    13         778           21679         6.48125      0.00390625      Successful search (ES-ell)        
    13         779         21677.7         7.67022      0.00390625      Successful search (ES-ell)        
    13         824         21676.8         5.54522       0.0078125        Successful poll           
    14         825         21674.8         4.84611       0.0078125      Successful search (ES-wcm)        
    14         875         21674.8         4.84611      0.00390625          Refine grid             
    15         876         21684.1         3.70596      0.00390625      Successful search (ES-ell)        
    15         877         21683.4         3.96375      0.00390625      Successful search (ES-ell)        
    15         924         21679.1          34.369       0.0078125        Successful poll           Train
    16         962         21676.6         9.96169        0.015625        Successful poll           Train
    17         963         21681.5          10.346        0.015625      Successful search (ES-ell)        
    17        1012           21651          16.836         0.03125        Successful poll           
    18        1013         21630.5         37.8921         0.03125      Successful search (ES-wcm)        
    18        1061         21630.5         37.8921        0.015625          Refine grid             
    19        1098         21662.1         17.3999       0.0078125          Refine grid             
    20        1136         21662.1         17.3999      0.00195312          Refine grid             
    21        1174         21652.3         20.2746     0.000976562          Refine grid             Train
Optimization terminated: change in the function value less than options['tol_mesh']
Estimated function value at minimum: 21678.240092752312 ± 4.420837600153262 (mean ± SEM from 100 samples)
BADS minimum at: x_min = [ 4.965   5.7214  8.958   0.01   -0.5189  1.2426  0.025   0.2518  9.0725
  0.8673  0.4946  0.2821  0.2437], training NLL = 21678.2401
total f-count: 1274, time: 70.23 min

 Optimization Run 2/2
Initial params: [0.1351, 8.9783, 10.6959, 6.176, -3.3292, 33.2196, 3.3291, 0.2295, 16.0261, 0.7837, 0.7679, 0.2894, 0.1471]
bads:TooCloseBounds: For each variable, hard and plausible bounds should not be too close. Moving plausible bounds.
Variables (index) internally transformed to log coordinates: [[0 0]
 [0 3]
 [0 5]
 [0 6]]
Beginning optimization of a STOCHASTIC objective function

 Iteration    f-count      E[f(x)]        SD[f(x)]           MeshScale          Method              Actions
     0           1         27059.5             nan               1                                  
     0          33         24594.6             nan               1          Initial mesh            Initial points
     0          53         24255.3        0.999979               1        Successful poll           Train
     1          57         23786.9        0.999907               1      Successful search (ES-wcm)        
     1          58         23658.8        0.999874               1      Successful search (ES-wcm)        
     1          59         23640.3        0.999828               1      Successful search (ES-wcm)        
     1          60         23501.8        0.999916               1      Successful search (ES-wcm)        
     1          62         23407.6         1.00237               1      Successful search (ES-wcm)        
     1          64         23362.9         1.00236               1      Successful search (ES-wcm)        
     1          66         23323.8         1.00237               1      Successful search (ES-wcm)        
     1          68         23320.3         1.00236               1      Successful search (ES-wcm)        
     1          70         23286.8         1.00236               1      Successful search (ES-wcm)        
     1          71         23276.5         1.00236               1      Successful search (ES-wcm)        
     1          72         23239.5         1.00234               1      Successful search (ES-wcm)        
     1          73         23132.5         1.00234               1      Successful search (ES-wcm)        
     1          81         23081.2         1.00232               1      Successful search (ES-wcm)        
     1          82         23006.5         1.00233               1      Successful search (ES-wcm)        
     1          83         22903.4         1.00232               1      Successful search (ES-wcm)        
     1          91         22879.9         1.00322               1      Successful search (ES-wcm)        
     1          96         22865.8         1.00299               1      Successful search (ES-wcm)        
     1         104           22827        0.994563               1      Successful search (ES-wcm)        
     1         111         22824.4         1.00228               1      Successful search (ES-wcm)        
     1         124         22810.4         1.05885               1      Successful search (ES-wcm)        
     1         142         22802.6         1.01695               1      Successful search (ES-wcm)        
     1         151         22794.8         1.01737               1      Successful search (ES-wcm)        
     1         156         22776.9         1.01734               1      Successful search (ES-wcm)        
     1         169         22747.4         1.03913               1      Successful search (ES-wcm)        
     1         177         22680.6          1.0392               1      Successful search (ES-wcm)        
     1         215         22668.4        0.980298               1        Successful poll           Train
     2         216         22534.6        0.980523               1      Successful search (ES-wcm)        
     2         220         22471.1        0.980512               1      Successful search (ES-wcm)        
     2         221         22054.8        0.980519               1      Successful search (ES-wcm)        
     2         260         22054.8        0.980519             0.5          Refine grid             Train
     3         270         22035.9          1.2216             0.5      Successful search (ES-wcm)        
     3         305         21998.1         1.33974               1        Successful poll           
     4         309         21989.7         1.33976               1      Successful search (ES-wcm)        
     4         311         21966.5          1.3397               1      Successful search (ES-ell)        
     4         314         21952.9         1.33971               1      Successful search (ES-ell)        
     4         351         21952.9         1.33971             0.5          Refine grid             
     5         356         21992.3         1.12598             0.5      Successful search (ES-ell)        
     5         371         21975.8         1.12633             0.5      Successful search (ES-wcm)        
     5         372           21964         1.12604             0.5      Successful search (ES-ell)        
     5         410           21964         1.12604            0.25          Refine grid             
     6         445         21966.7         1.05194           0.125          Refine grid             
     7         447         21943.7         1.12615           0.125      Successful search (ES-wcm)        
     7         458         21940.1         1.09245           0.125      Successful search (ES-wcm)        
     7         493         21940.1         1.09245          0.0625          Refine grid             
     8         528         21951.5         1.09091         0.03125          Refine grid             
     9         529           21994         1.12624         0.03125      Successful search (ES-wcm)        
     9         567           21979         1.04447          0.0625        Successful poll           
    10         602           21979         1.04447         0.03125          Refine grid             
    11         637         21999.6         1.12414        0.015625          Refine grid             
    12         638         21997.2         4.27504        0.015625      Successful search (ES-wcm)        
    12         639         21972.7         4.46843        0.015625      Successful search (ES-wcm)        
    12         640         21925.2         5.51745        0.015625      Successful search (ES-ell)        
    12         641         21881.2         6.95513        0.015625      Successful search (ES-ell)        
    12         642           21831         10.1922        0.015625      Successful search (ES-ell)        
    12         687           21831         10.1922       0.0078125          Refine grid             Train
    13         688         22002.1          5.9399       0.0078125      Successful search (ES-ell)        
    13         689         22001.5         6.09728       0.0078125      Successful search (ES-ell)        
    13         690         21999.7         6.50275       0.0078125      Successful search (ES-ell)        
    13         691         21994.1         7.59115       0.0078125      Successful search (ES-ell)        
    13         692         21989.3         8.60831       0.0078125      Successful search (ES-ell)        
    13         693         21988.1         10.1264       0.0078125      Successful search (ES-ell)        
    13         736         21988.1         10.1264      0.00390625          Refine grid             
    14         737         22024.2         5.55692      0.00390625      Successful search (ES-ell)        
    14         738         22016.2          5.5395      0.00390625      Successful search (ES-ell)        
    14         739         22009.6         5.62831      0.00390625      Successful search (ES-ell)        
    14         740         21999.4         5.92039      0.00390625      Successful search (ES-ell)        
    14         741         21986.7         6.41977      0.00390625      Successful search (ES-ell)        
    14         742         21975.8         7.06748      0.00390625      Successful search (ES-ell)        
    14         787         21975.8         7.06748      0.00195312          Refine grid             
    15         788         22018.6         6.54461      0.00195312      Successful search (ES-ell)        
    15         789           22016         6.77948      0.00195312      Successful search (ES-wcm)        
    15         790         22012.3         7.06301      0.00195312      Successful search (ES-wcm)        
    15         791         22008.3          7.5029      0.00195312      Successful search (ES-wcm)        
    15         792         22007.2         8.66044      0.00195312      Successful search (ES-wcm)        
    15         793         22004.5         10.3715      0.00195312      Successful search (ES-wcm)        
    15         795           22004         10.4402      0.00195312      Successful search (ES-ell)        
    15         797         22003.6          10.301      0.00195312      Successful search (ES-ell)        
    15         837         22003.6          10.301     0.000976562          Refine grid             
Optimization terminated: change in the function value less than options['tol_mesh']
Estimated function value at minimum: 22025.38015404161 ± 4.252487036544361 (mean ± SEM from 100 samples)
BADS minimum at: x_min = [ 4.3459  8.9115 10.4836  0.4837  0.114   1.1743  0.1074  0.3959 10.4837
  0.981   0.1408  0.2491  0.1984], training NLL = 22025.3802
total f-count: 937, time: 52.25 min

 ------- Finish Optimization for Subject 6 ---------- 

 ------- Start Optimization for Subject 11 ---------- 

 Cross Validation fold 0/1

 -- Start Optimization: method BADS --

 Optimization Run 1/2
Initial params: [0.5743, 6.3602, 8.5476, 9.796, -4.48, 40.4002, 1.4552, 0.1658, 19.3901, 0.6958, 0.3988, 0.2875, 0.2037]
bads:TooCloseBounds: For each variable, hard and plausible bounds should not be too close. Moving plausible bounds.
Variables (index) internally transformed to log coordinates: [[0 0]
 [0 3]
 [0 5]
 [0 6]]
Beginning optimization of a STOCHASTIC objective function

 Iteration    f-count      E[f(x)]        SD[f(x)]           MeshScale          Method              Actions
     0           1         27650.4             nan               1                                  
     0          33         24784.8             nan               1          Initial mesh            Initial points
     0          47         24098.2        0.990368               1        Successful poll           Train
     1          53           23754         0.99015               1      Successful search (ES-wcm)        
     1          56         23614.2        0.986601               1      Successful search (ES-wcm)        
     1          57         23466.1        0.989762               1      Successful search (ES-ell)        
     1          60         23415.9        0.987905               1      Successful search (ES-ell)        
     1          71         23410.6        0.983762               1      Successful search (ES-ell)        
     1          78         23399.2        0.999416               1      Successful search (ES-ell)        
     1          79         23388.8        0.999452               1      Successful search (ES-ell)        
     1          81           23365        0.999421               1      Successful search (ES-ell)        
     1          85         23220.8        0.998966               1      Successful search (ES-ell)        
     1          89         23164.8         1.07371               1      Successful search (ES-ell)        
     1          93         23058.9         1.07367               1      Successful search (ES-ell)        
     1          95         23038.5         1.07369               1      Successful search (ES-ell)        
     1          99           22979         1.07335               1      Successful search (ES-ell)        
     1         101           22688         1.07372               1      Successful search (ES-ell)        
     1         103         22590.9         1.07371               1      Successful search (ES-ell)        
     1         104         22425.2         1.07372               1      Successful search (ES-ell)        
     1         105         22159.8         1.07372               1      Successful search (ES-ell)        
     1         108         22001.4         1.07372               1      Successful search (ES-wcm)        
     1         113         21963.4         1.07371               1      Successful search (ES-wcm)        
     1         114         21936.9         1.07372               1      Successful search (ES-wcm)        
     1         115         21833.6         1.14441               1      Successful search (ES-wcm)        
     1         123         21828.1         1.14427               1      Successful search (ES-wcm)        
     1         129         21774.2         1.14435               1      Successful search (ES-wcm)        
     1         131           21692         1.14437               1      Successful search (ES-wcm)        
     1         138         21639.2         1.14272               1      Successful search (ES-wcm)        
     1         149           21635         1.26271               1      Successful search (ES-ell)        
     1         160           21635         1.27653               1      Incremental search (ES-wcm)        
     1         182           21635         1.27653             0.5          Refine grid             Train
     2         187           21631         18.0301             0.5      Successful search (ES-wcm)        
     2         200           21631         19.2578             0.5      Incremental search (ES-wcm)        
     2         203         21610.3         22.0729             0.5      Successful search (ES-wcm)        
     2         204           21607         28.0591             0.5      Successful search (ES-wcm)        
     2         243           21606         25.4541               1        Successful poll           
     3         246           21648         27.3337               1      Successful search (ES-ell)        
     3         248         21615.5         28.6074               1      Successful search (ES-ell)        
     3         256         21581.8         24.0362               1      Successful search (ES-wcm)        
     3         262         21576.3         25.3273               1      Successful search (ES-ell)        
     3         301         21576.3         25.3273             0.5          Refine grid             
     4         302         21610.9         27.2109             0.5      Successful search (ES-ell)        
     4         305         21574.7         18.9484             0.5      Successful search (ES-ell)        
     4         349         21574.7         18.9484            0.25          Refine grid             Train
     5         350           21586          20.383            0.25      Successful search (ES-ell)        
     5         352         21567.9         32.5985            0.25      Successful search (ES-wcm)        
     5         354         21546.1         29.7281            0.25      Successful search (ES-wcm)        
     5         359         21545.8         22.5261            0.25      Successful search (ES-ell)        
     5         360         21532.6         23.8628            0.25      Successful search (ES-wcm)        
     5         394           21510          31.641             0.5        Successful poll           Train
     6         397         21494.3         26.2246             0.5      Successful search (ES-ell)        
     6         400         21478.8         25.5258             0.5      Successful search (ES-ell)        
     6         403         21474.4         19.9555             0.5      Successful search (ES-ell)        
     6         405         21467.7         26.9879             0.5      Successful search (ES-wcm)        
     6         443         21467.7         26.9879            0.25          Refine grid             
     7         444         21464.9         25.7418            0.25      Successful search (ES-wcm)        
     7         465         21464.8         8.96379            0.25      Incremental search (ES-wcm)        
     7         495         21451.2         21.6358             0.5        Successful poll           
     8         531         21456.4         20.3798            0.25          Refine grid             Train
     9         532         21411.6         26.0661            0.25      Successful search (ES-wcm)        
     9         583         21411.6         26.0661           0.125          Refine grid             
    10         584         21459.1         10.8479           0.125      Successful search (ES-wcm)        
    10         597         21456.2         8.09847           0.125      Successful search (ES-wcm)        
    10         599         21455.4         8.97961           0.125      Successful search (ES-ell)        
    10         600         21449.5         15.9964           0.125      Successful search (ES-wcm)        
    10         604         21442.4          12.945           0.125      Successful search (ES-ell)        
    10         605         21432.3         15.2298           0.125      Successful search (ES-ell)        
    10         648         21432.3         15.2298          0.0625          Refine grid             
    11         649         21456.3         5.75614          0.0625      Successful search (ES-ell)        
    11         650         21452.4         7.23052          0.0625      Successful search (ES-wcm)        
    11         653         21448.8         7.75559          0.0625      Successful search (ES-wcm)        
    11         655         21447.7         8.94093          0.0625      Successful search (ES-wcm)        
    11         656         21442.1         8.35319          0.0625      Successful search (ES-wcm)        
    11         658         21427.9         10.2379          0.0625      Successful search (ES-wcm)        
    11         659         21416.8         12.0397          0.0625      Successful search (ES-ell)        
    11         700         21416.8         12.0397         0.03125          Refine grid             
    12         701         21444.6         5.49191         0.03125      Successful search (ES-wcm)        
    12         703         21443.1          6.5729         0.03125      Successful search (ES-wcm)        
    12         711         21441.1          5.8865         0.03125      Successful search (ES-wcm)        
    12         715         21440.9         6.78822         0.03125      Successful search (ES-wcm)        
    12         717         21440.1         6.76452         0.03125      Successful search (ES-ell)        
    12         718           21437         7.17201         0.03125      Successful search (ES-ell)        
    12         724         21435.5         6.30001         0.03125      Successful search (ES-ell)        
    12         725         21429.3         6.38312         0.03125      Successful search (ES-ell)        
    12         726         21423.9         6.32525         0.03125      Successful search (ES-ell)        
    12         727         21411.6         7.80847         0.03125      Successful search (ES-ell)        
    12         728         21399.4         10.2446         0.03125      Successful search (ES-ell)        
    12         729         21399.1         14.6219         0.03125      Successful search (ES-ell)        
    12         778         21399.1         14.6219        0.015625          Refine grid             
    13         779         21440.8         4.73145        0.015625      Successful search (ES-ell)        
    13         780         21436.9         4.80799        0.015625      Successful search (ES-wcm)        
    13         781         21432.3         5.61064        0.015625      Successful search (ES-wcm)        
    13         782         21427.1         6.81057        0.015625      Successful search (ES-wcm)        
    13         783         21421.3         10.1536        0.015625      Successful search (ES-wcm)        
    13         830         21421.3         10.1536       0.0078125          Refine grid             
    14         831         21442.6          4.9197       0.0078125      Successful search (ES-ell)        
    14         832         21440.4         5.07742       0.0078125      Successful search (ES-ell)        
    14         833           21436          5.0615       0.0078125      Successful search (ES-wcm)        
    14         834         21432.1         5.04257       0.0078125      Successful search (ES-wcm)        
    14         835         21427.9         5.47017       0.0078125      Successful search (ES-wcm)        
    14         836         21422.2         8.34161       0.0078125      Successful search (ES-wcm)        
    14         837         21402.3         13.8531       0.0078125      Successful search (ES-wcm)        
    14         882         21402.3         13.8531      0.00390625          Refine grid             Train
    15         883         21438.2         4.05366      0.00390625      Successful search (ES-wcm)        
    15         884         21437.2         4.19663      0.00390625      Successful search (ES-wcm)        
    15         885         21433.9         4.39381      0.00390625      Successful search (ES-wcm)        
    15         886         21430.4         4.81152      0.00390625      Successful search (ES-wcm)        
    15         887           21427         5.47887      0.00390625      Successful search (ES-wcm)        
    15         888         21422.7         6.32783      0.00390625      Successful search (ES-ell)        
    15         889         21411.4         8.99446      0.00390625      Successful search (ES-ell)        
    15         934         21411.4         8.99446      0.00195312          Refine grid             Train
    16         935         21442.5         4.91822      0.00195312      Successful search (ES-ell)        
    16         936         21441.3         4.88229      0.00195312      Successful search (ES-ell)        
    16         937         21439.8         4.93348      0.00195312      Successful search (ES-ell)        
    16         938         21436.3         4.98062      0.00195312      Successful search (ES-ell)        
    16         939         21431.7         5.35426      0.00195312      Successful search (ES-ell)        
    16         940         21425.2         5.85045      0.00195312      Successful search (ES-ell)        
    16         986         21425.2         5.85045     0.000976562          Refine grid             
Optimization terminated: change in the function value less than options['tol_mesh']
Estimated function value at minimum: 21439.8297303788 ± 3.845862764277675 (mean ± SEM from 100 samples)
BADS minimum at: x_min = [ 0.5523  3.6121  5.5044  0.2226 -0.1549  0.7456  2.6334  0.3149  7.5608
  0.5197  0.3803  0.4211  0.3946], training NLL = 21439.8297
total f-count: 1086, time: 60.94 min

 Optimization Run 2/2
Initial params: [0.7862, 9.95, 13.9288, 9.2091, 1.6463, 30.1468, 0.5664, 0.4651, 24.3879, 0.8922, 0.2388, 0.1311, 0.1089]
bads:TooCloseBounds: For each variable, hard and plausible bounds should not be too close. Moving plausible bounds.
Variables (index) internally transformed to log coordinates: [[0 0]
 [0 3]
 [0 5]
 [0 6]]
Beginning optimization of a STOCHASTIC objective function

 Iteration    f-count      E[f(x)]        SD[f(x)]           MeshScale          Method              Actions
     0           1         27630.3             nan               1                                  
     0          33         24806.9             nan               1          Initial mesh            Initial points
     0          45         24062.9        0.999966               1        Successful poll           Train
     1          47         23314.9         0.99996               1      Successful search (ES-wcm)        
     1          53         23010.6        0.999576               1      Successful search (ES-wcm)        
     1          56         22993.3        0.996402               1      Successful search (ES-wcm)        
     1          61           22861        0.970863               1      Successful search (ES-wcm)        
     1          72         22852.2        0.970864               1      Successful search (ES-wcm)        
     1          76         22673.5        0.970844               1      Successful search (ES-ell)        
     1          81         22646.6         0.97067               1      Successful search (ES-ell)        
     1          90         22563.9        0.957334               1      Successful search (ES-ell)        
     1         132         22206.2         30.3529               1        Successful poll           Train
     2         133         21937.5         30.5883               1      Successful search (ES-ell)        
     2         137         21874.7         30.3045               1      Successful search (ES-ell)        
     2         139         21828.6          30.216               1      Successful search (ES-ell)        
     2         142         21774.7         27.8861               1      Successful search (ES-ell)        
     2         144         21751.9         27.3058               1      Successful search (ES-ell)        
     2         147         21746.8         27.6384               1      Successful search (ES-ell)        
     2         152         21730.3         22.8162               1      Successful search (ES-ell)        
     2         157         21708.7         25.6745               1      Successful search (ES-wcm)        
     2         163         21703.9          23.391               1      Successful search (ES-wcm)        
     2         169         21687.2         15.4713               1      Successful search (ES-wcm)        
     2         170         21681.8         18.9815               1      Successful search (ES-wcm)        
     2         175         21681.7         27.0651               1      Incremental search (ES-wcm)        
     2         176         21586.5          28.674               1      Successful search (ES-wcm)        
     2         188         21568.9         28.0319               1      Successful search (ES-wcm)        
     2         193           21479         24.4641               1      Successful search (ES-wcm)        
     2         228         21470.4          26.878               1        Successful poll           
     3         258         21493.1         22.0599             0.5          Refine grid             
     4         261         21517.8         19.9054             0.5      Successful search (ES-wcm)        
     4         275         21511.4         18.9352             0.5      Successful search (ES-wcm)        
     4         278         21500.6         16.1966             0.5      Successful search (ES-ell)        
     4         317         21500.6         16.1966            0.25          Refine grid             
     5         319         21527.4         14.7441            0.25      Successful search (ES-wcm)        
     5         321         21516.7         16.1246            0.25      Successful search (ES-wcm)        
     5         324         21516.3         16.4043            0.25      Successful search (ES-wcm)        
     5         326         21490.3          18.524            0.25      Successful search (ES-wcm)        
     5         366         21490.3          18.524           0.125          Refine grid             
     6         367         21495.3         12.8512           0.125      Successful search (ES-wcm)        
     6         377         21493.1          8.2661           0.125      Successful search (ES-wcm)        
     6         378         21491.3         8.26451           0.125      Successful search (ES-ell)        
     6         379         21486.9         8.28019           0.125      Successful search (ES-ell)        
     6         380         21484.5         14.6355           0.125      Successful search (ES-ell)        
     6         383         21481.2         12.7541           0.125      Successful search (ES-ell)        
     6         429         21481.2         12.7541          0.0625          Refine grid             
     7         430         21484.5         6.36831          0.0625      Successful search (ES-wcm)        
     7         431         21476.8         10.5284          0.0625      Successful search (ES-wcm)        
     7         432         21470.2         18.5003          0.0625      Successful search (ES-wcm)        
     7         435         21451.7         15.8518          0.0625      Successful search (ES-ell)        
     7         461         21451.5         6.46719           0.125        Successful poll           Train
     8         464           21446         7.64791           0.125      Successful search (ES-wcm)        
     8         466         21445.4         9.16804           0.125      Successful search (ES-wcm)        
     8         467         21432.2         9.01813           0.125      Successful search (ES-wcm)        
     8         511         21432.2         9.01813          0.0625          Refine grid             
     9         512         21466.7         6.50133          0.0625      Successful search (ES-wcm)        
     9         513         21457.8         14.7785          0.0625      Successful search (ES-wcm)        
     9         515         21452.3         16.2895          0.0625      Successful search (ES-wcm)        
     9         539         21305.1         10.6585           0.125        Successful poll           
    10         540         21443.7          17.392           0.125      Successful search (ES-ell)        
    10         591         21443.7          17.392          0.0625          Refine grid             
    11         592         21454.3         7.11581          0.0625      Successful search (ES-ell)        
    11         593         21431.8         11.4372          0.0625      Successful search (ES-wcm)        
    11         594         21424.6         18.9123          0.0625      Successful search (ES-wcm)        
    11         641         21424.6         18.9123         0.03125          Refine grid             Train
    12         642         21459.9         5.01777         0.03125      Successful search (ES-wcm)        
    12         643         21447.6         6.23844         0.03125      Successful search (ES-wcm)        
    12         644         21438.3         8.49272         0.03125      Successful search (ES-ell)        
    12         645         21434.1         11.4546         0.03125      Successful search (ES-ell)        
    12         691         21434.1         11.4546        0.015625          Refine grid             Train
    13         692         21481.2          5.0651        0.015625      Successful search (ES-ell)        
    13         693         21476.4         5.61836        0.015625      Successful search (ES-ell)        
    13         694         21474.2         6.34082        0.015625      Successful search (ES-ell)        
    13         695           21464         7.80063        0.015625      Successful search (ES-ell)        
    13         696         21462.5         11.1694        0.015625      Successful search (ES-ell)        
    13         742         21462.3         18.1119         0.03125        Successful poll           
    14         743           21474         7.96251         0.03125      Successful search (ES-wcm)        
    14         792           21474         7.96251        0.015625          Refine grid             
    15         793         21484.6         5.89488        0.015625      Successful search (ES-wcm)        
    15         794         21479.7         5.82544        0.015625      Successful search (ES-wcm)        
    15         795         21471.9           9.566        0.015625      Successful search (ES-ell)        
    15         796           21462         14.1483        0.015625      Successful search (ES-ell)        
    15         844           21462         14.1483       0.0078125          Refine grid             
    16         845         21489.5          6.0561       0.0078125      Successful search (ES-ell)        
    16         846         21486.1         5.65496       0.0078125      Successful search (ES-wcm)        
    16         847         21481.2         7.15087       0.0078125      Successful search (ES-ell)        
    16         848         21475.6         9.88056       0.0078125      Successful search (ES-ell)        
    16         849           21472         14.6317       0.0078125      Successful search (ES-ell)        
    16         879         21464.4         6.75863        0.015625        Successful poll           Train
    17         880         21486.8         4.15625        0.015625      Successful search (ES-wcm)        
    17         882         21483.3         5.61203        0.015625      Successful search (ES-wcm)        
    17         883         21478.9         7.93901        0.015625      Successful search (ES-wcm)        
    17         884         21474.2         10.8514        0.015625      Successful search (ES-wcm)        
    17         929         21474.2         10.8514       0.0078125          Refine grid             
    18         930         21483.2         4.59296       0.0078125      Successful search (ES-wcm)        
    18         931         21481.4         6.70697       0.0078125      Successful search (ES-wcm)        
    18         945         21481.4         5.10708       0.0078125      Successful search (ES-ell)        
    18         946         21478.9         5.49112       0.0078125      Successful search (ES-wcm)        
    18         947         21474.3         5.92807       0.0078125      Successful search (ES-wcm)        
    18         948           21466         6.48239       0.0078125      Successful search (ES-wcm)        
    18         949         21464.6         9.32896       0.0078125      Successful search (ES-wcm)        
    18         950         21444.7         13.9167       0.0078125      Successful search (ES-wcm)        
    18         994         21444.7         13.9167      0.00390625          Refine grid             
    19         995         21483.2         4.44482      0.00390625      Successful search (ES-wcm)        
    19         996         21479.9         4.28456      0.00390625      Successful search (ES-wcm)        
    19         997         21476.4         4.45003      0.00390625      Successful search (ES-wcm)        
    19         998         21472.2         4.93481      0.00390625      Successful search (ES-wcm)        
    19         999         21465.5         5.98339      0.00390625      Successful search (ES-wcm)        
    19        1000         21461.4         9.60263      0.00390625      Successful search (ES-wcm)        
    19        1046         21461.4         9.60263      0.00195312          Refine grid             
    20        1047         21485.4         3.60951      0.00195312      Successful search (ES-ell)        
    20        1048           21484         3.76165      0.00195312      Successful search (ES-ell)        
    20        1049         21481.8         3.96386      0.00195312      Successful search (ES-ell)        
    20        1050         21476.9         4.44862      0.00195312      Successful search (ES-ell)        
    20        1051         21472.6         4.92926      0.00195312      Successful search (ES-ell)        
    20        1052           21467         5.69381      0.00195312      Successful search (ES-ell)        
    20        1053         21464.4         7.00109      0.00195312      Successful search (ES-ell)        
    20        1054         21458.2         8.58048      0.00195312      Successful search (ES-ell)        
    20        1058           21458         8.70071      0.00195312      Successful search (ES-ell)        
    20        1059         21455.9         9.41884      0.00195312      Successful search (ES-ell)        
    20        1098         21455.9         9.41884     0.000976562          Refine grid             Train
Optimization terminated: change in the function value less than options['tol_mesh']
Estimated function value at minimum: 21473.53981981399 ± 3.579033825039351 (mean ± SEM from 100 samples)
BADS minimum at: x_min = [0.7473 7.0556 5.5256 1.8878 0.9506 1.1586 2.4991 0.2329 7.3309 0.8138
 0.5742 0.2842 0.2105], training NLL = 21473.5398
total f-count: 1198, time: 67.61 min

 ------- Finish Optimization for Subject 11 ---------- 

 ------- Start Optimization for Subject 15 ---------- 

 Cross Validation fold 0/1

 -- Start Optimization: method BADS --

 Optimization Run 1/2
Initial params: [0.3863, 8.6939, 4.8302, 12.3803, -4.7482, 38.5844, 3.1634, 0.1148, 17.8217, 0.5055, 0.2951, 0.2464, 0.1855]
bads:TooCloseBounds: For each variable, hard and plausible bounds should not be too close. Moving plausible bounds.
Variables (index) internally transformed to log coordinates: [[0 0]
 [0 3]
 [0 5]
 [0 6]]
Beginning optimization of a STOCHASTIC objective function

 Iteration    f-count      E[f(x)]        SD[f(x)]           MeshScale          Method              Actions
     0           1         26561.4             nan               1                                  
     0          33           23842             nan               1          Initial mesh            Initial points
     0          52         23031.9          1.0156               1        Successful poll           Train
     1          55         22953.4         1.01556               1      Successful search (ES-wcm)        
     1          59         22670.3          1.0154               1      Successful search (ES-wcm)        
     1          62           22582        0.992452               1      Successful search (ES-wcm)        
     1          64         22533.6        0.992436               1      Successful search (ES-wcm)        
     1          66         22417.3        0.992464               1      Successful search (ES-ell)        
     1          71         22376.5        0.992377               1      Successful search (ES-ell)        
     1          72           22154        0.992403               1      Successful search (ES-ell)        
     1          75         22081.4        0.992324               1      Successful search (ES-ell)        
     1          82           22022        0.992083               1      Successful search (ES-ell)        
     1          85         22007.8        0.991529               1      Successful search (ES-ell)        
     1          87         21957.9        0.991602               1      Successful search (ES-ell)        
     1          91         21913.5         0.98633               1      Successful search (ES-ell)        
     1          96         21851.9        0.987325               1      Successful search (ES-ell)        
     1         102         21835.9        0.967663               1      Successful search (ES-ell)        
     1         111         21816.2        0.981021               1      Successful search (ES-wcm)        
     1         113         21814.3        0.975979               1      Successful search (ES-wcm)        
     1         115         21786.2         12.1628               1      Successful search (ES-wcm)        
     1         118         21761.3         12.7604               1      Successful search (ES-ell)        
     1         120         21746.3         12.9022               1      Successful search (ES-ell)        
     1         129         21740.2         10.5352               1      Successful search (ES-ell)        
     1         130         21724.9         11.4962               1      Successful search (ES-ell)        
     1         133           21721         12.8827               1      Successful search (ES-ell)        
     1         137         21688.9         13.0268               1      Successful search (ES-wcm)        
     1         169           21683         23.7894               1        Successful poll           Train
     2         173         21642.2         20.9351               1      Successful search (ES-ell)        
     2         196         21633.8         21.7556               1        Successful poll           Train
     3         229         21633.8         21.7556             0.5          Refine grid             Train
     4         230         21657.8           22.49             0.5      Successful search (ES-ell)        
     4         232         21633.7         21.2684             0.5      Successful search (ES-ell)        
     4         236         21624.4         19.5354             0.5      Successful search (ES-wcm)        
     4         278         21624.4         19.5354            0.25          Refine grid             
     5         280         21657.4         7.43812            0.25      Successful search (ES-wcm)        
     5         281         21639.7         9.46157            0.25      Successful search (ES-wcm)        
     5         282         21629.6         14.3493            0.25      Successful search (ES-wcm)        
     5         286         21625.5         13.0656            0.25      Successful search (ES-ell)        
     5         327         21625.5         13.0656           0.125          Refine grid             
     6         328         21644.8         4.60785           0.125      Successful search (ES-ell)        
     6         329         21642.2          6.6566           0.125      Successful search (ES-ell)        
     6         331         21641.5         8.53727           0.125      Successful search (ES-wcm)        
     6         332         21641.4         13.4252           0.125      Incremental search (ES-wcm)        
     6         334         21635.6          17.424           0.125      Successful search (ES-wcm)        
     6         338         21634.4         13.5771           0.125      Successful search (ES-wcm)        
     6         341         21633.6         10.4299           0.125      Successful search (ES-wcm)        
     6         344         21624.5         9.26303           0.125      Successful search (ES-wcm)        
     6         391         21615.9         3.65234            0.25        Successful poll           
     7         392         21547.9         5.33004            0.25      Successful search (ES-ell)        
     7         393         21523.7         8.98686            0.25      Successful search (ES-ell)        
     7         394         21520.3         10.8682            0.25      Successful search (ES-ell)        
     7         440         21520.3         10.8682           0.125          Refine grid             Train
     8         441         21604.3         3.87521           0.125      Successful search (ES-ell)        
     8         442         21569.8         5.64273           0.125      Successful search (ES-ell)        
     8         443         21537.7         7.78832           0.125      Successful search (ES-ell)        
     8         444         21537.1         9.62813           0.125      Successful search (ES-ell)        
     8         490         21537.1         9.62813          0.0625          Refine grid             
     9         528         21642.6         2.60328        0.015625          Refine grid             Train
    10         529         21639.4         2.95423        0.015625      Successful search (ES-ell)        
    10         530         21638.6         3.11838        0.015625      Successful search (ES-ell)        
    10         531         21636.5          3.6707        0.015625      Successful search (ES-ell)        
    10         532         21636.3         3.74704        0.015625      Successful search (ES-wcm)        
    10         533         21635.4          3.9705        0.015625      Successful search (ES-wcm)        
    10         534         21635.3         4.12009        0.015625      Successful search (ES-wcm)        
    10         535         21634.8         4.78317        0.015625      Successful search (ES-wcm)        
    10         536         21633.1         5.01595        0.015625      Successful search (ES-wcm)        
    10         580         21633.1         5.01595       0.0078125          Refine grid             
    11         581         21644.2         2.85843       0.0078125      Successful search (ES-ell)        
    11         582         21643.3         2.99411       0.0078125      Successful search (ES-ell)        
    11         583         21642.5         3.20295       0.0078125      Successful search (ES-ell)        
    11         584         21641.9         3.50547       0.0078125      Successful search (ES-ell)        
    11         585         21641.1         3.67343       0.0078125      Successful search (ES-ell)        
    11         586         21639.1         4.65471       0.0078125      Successful search (ES-ell)        
    11         587         21634.1         6.58104       0.0078125      Successful search (ES-ell)        
    11         588         21629.5         7.35427       0.0078125      Successful search (ES-wcm)        
    11         589           21623         8.79244       0.0078125      Successful search (ES-wcm)        
    11         632           21623         8.79244      0.00390625          Refine grid             
    12         633         21646.4         2.48948      0.00390625      Successful search (ES-wcm)        
    12         639         21645.8         2.42497      0.00390625      Successful search (ES-wcm)        
    12         640         21645.3         2.42554      0.00390625      Successful search (ES-wcm)        
    12         641         21645.2         2.42022      0.00390625      Successful search (ES-wcm)        
    12         642         21644.7         2.41473      0.00390625      Successful search (ES-wcm)        
    12         643         21643.7         2.43152      0.00390625      Successful search (ES-wcm)        
    12         644         21642.9         2.47478      0.00390625      Successful search (ES-ell)        
    12         645           21642         2.55344      0.00390625      Successful search (ES-ell)        
    12         659         21640.1         8.12656       0.0078125        Successful poll           Train
    13         660         21644.3         2.20048       0.0078125      Successful search (ES-wcm)        
    13         661         21642.5         2.34133       0.0078125      Successful search (ES-wcm)        
    13         662         21642.3         2.39937       0.0078125      Successful search (ES-wcm)        
    13         663         21641.9          2.4767       0.0078125      Successful search (ES-wcm)        
    13         664         21641.3         2.57851       0.0078125      Successful search (ES-wcm)        
    13         665         21640.4         2.81813       0.0078125      Successful search (ES-wcm)        
    13         666         21638.8         3.18389       0.0078125      Successful search (ES-wcm)        
    13         667         21636.5         4.05414       0.0078125      Successful search (ES-wcm)        
    13         668         21631.1         5.12408       0.0078125      Successful search (ES-wcm)        
    13         711         21631.1         5.12408      0.00390625          Refine grid             
    14         712         21643.6         5.44269      0.00390625      Successful search (ES-wcm)        
    14         713         21642.8         5.37164      0.00390625      Successful search (ES-ell)        
    14         714         21638.5         5.32787      0.00390625      Successful search (ES-ell)        
    14         715         21637.3          5.3093      0.00390625      Successful search (ES-ell)        
    14         717           21636         5.68332      0.00390625      Successful search (ES-ell)        
    14         718         21631.5         5.72064      0.00390625      Successful search (ES-ell)        
    14         719         21628.9         5.98003      0.00390625      Successful search (ES-ell)        
    14         720         21626.5         6.50282      0.00390625      Successful search (ES-ell)        
    14         721         21620.5         7.52665      0.00390625      Successful search (ES-ell)        
    14         763         21620.5         7.52665      0.00195312          Refine grid             
    15         764           21645         3.23021      0.00195312      Successful search (ES-ell)        
    15         765         21644.9           3.219      0.00195312      Successful search (ES-ell)        
    15         766         21644.6         3.20881      0.00195312      Successful search (ES-ell)        
    15         767         21644.5         3.20565      0.00195312      Successful search (ES-ell)        
    15         768         21644.3         3.24487      0.00195312      Successful search (ES-ell)        
    15         769         21642.9         3.41888      0.00195312      Successful search (ES-ell)        
    15         770         21642.2         3.70806      0.00195312      Successful search (ES-ell)        
    15         771         21640.2         4.19105      0.00195312      Successful search (ES-ell)        
    15         772         21637.9         5.31788      0.00195312      Successful search (ES-ell)        
    15         773         21637.6         6.84031      0.00195312      Successful search (ES-ell)        
    15         774         21629.9         9.95726      0.00195312      Successful search (ES-wcm)        
    15         815         21629.9         9.95726     0.000976562          Refine grid             Train
Optimization terminated: change in the function value less than options['tol_mesh']
Estimated function value at minimum: 21648.878883917703 ± 2.0985380444624617 (mean ± SEM from 100 samples)
BADS minimum at: x_min = [ 0.6577 10.8264 10.6535  0.     -7.1927  1.3045  2.2297  0.4494 11.7153
  0.6387  0.5549  0.2599  0.2371], training NLL = 21648.8789
total f-count: 915, time: 51.47 min

 Optimization Run 2/2
Initial params: [1.2791, 7.1381, 2.099, 3.5278, -0.5743, 18.0704, 2.4523, 0.1473, 18.6958, 0.3076, 0.2893, 0.2864, 0.2314]
bads:TooCloseBounds: For each variable, hard and plausible bounds should not be too close. Moving plausible bounds.
Variables (index) internally transformed to log coordinates: [[0 0]
 [0 3]
 [0 5]
 [0 6]]
Beginning optimization of a STOCHASTIC objective function

 Iteration    f-count      E[f(x)]        SD[f(x)]           MeshScale          Method              Actions
     0           1         26674.7             nan               1                                  
     0          33         23865.9             nan               1          Initial mesh            Initial points
     0          53         23061.9         0.99468               1        Successful poll           Train
     1          56         22725.7        0.994666               1      Successful search (ES-wcm)        
     1          57         22537.3        0.994671               1      Successful search (ES-ell)        
     1          61           22373        0.914047               1      Successful search (ES-ell)        
     1          64         22292.4        0.914026               1      Successful search (ES-ell)        
     1          66         22189.7        0.913914               1      Successful search (ES-ell)        
     1          68         22145.1        0.914059               1      Successful search (ES-ell)        
     1          71         22067.2        0.914031               1      Successful search (ES-ell)        
     1          74         21934.6        0.913965               1      Successful search (ES-ell)        
     1          75         21859.3        0.914015               1      Successful search (ES-ell)        
     1          77         21782.4        0.914008               1      Successful search (ES-ell)        
     1          87         21711.6        0.910447               1      Successful search (ES-ell)        
     1          88           21637         1.02202               1      Successful search (ES-ell)        
     1         101         21629.1        0.922688               1      Successful search (ES-ell)        
     1         138         21629.1        0.922688             0.5          Refine grid             
     2         142         21644.9         12.4433             0.5      Successful search (ES-ell)        
     2         144         21634.4         17.7928             0.5      Successful search (ES-ell)        
     2         145         21630.3          21.468             0.5      Successful search (ES-ell)        
     2         146         21628.7         24.0125             0.5      Successful search (ES-ell)        
     2         153         21628.2         21.5421             0.5      Successful search (ES-ell)        
     2         165         21625.8         22.6149             0.5      Successful search (ES-ell)        
     2         166         21602.9         26.8166             0.5      Successful search (ES-ell)        
     2         209         21602.9         26.8166            0.25          Refine grid             Train
     3         210         21623.1         11.7973            0.25      Successful search (ES-ell)        
     3         256         21623.1         11.7973           0.125          Refine grid             
     4         257         21631.7         6.51037           0.125      Successful search (ES-ell)        
     4         258         21618.2         9.83152           0.125      Successful search (ES-ell)        
     4         305         21618.2         9.83152          0.0625          Refine grid             
     5         306         21640.4         6.25711          0.0625      Successful search (ES-ell)        
     5         307           21635         8.25127          0.0625      Successful search (ES-ell)        
     5         308         21634.8         11.0023          0.0625      Successful search (ES-ell)        
     5         309         21631.5         16.5965          0.0625      Successful search (ES-ell)        
     5         355         21631.5         16.5965         0.03125          Refine grid             
     6         356         21643.3         4.81008         0.03125      Successful search (ES-ell)        
     6         357         21639.4          4.6785         0.03125      Successful search (ES-ell)        
     6         358         21635.5         5.59525         0.03125      Successful search (ES-ell)        
     6         359         21634.9         7.62658         0.03125      Successful search (ES-ell)        
     6         360         21630.5         9.44399         0.03125      Successful search (ES-ell)        
     6         368           21629         6.14427         0.03125      Successful search (ES-ell)        
     6         406           21629         6.14427        0.015625          Refine grid             Train
     7         407         21634.6         3.04974        0.015625      Successful search (ES-wcm)        
     7         408         21632.8         3.08907        0.015625      Successful search (ES-wcm)        
     7         409         21631.3         3.63488        0.015625      Successful search (ES-ell)        
     7         419         21630.7         3.31766        0.015625      Successful search (ES-ell)        
     7         420         21629.4         3.95153        0.015625      Successful search (ES-ell)        
     7         421         21626.9         4.21445        0.015625      Successful search (ES-wcm)        
     7         422         21626.8         5.34564        0.015625      Successful search (ES-wcm)        
     7         426         21626.6         5.09447        0.015625      Successful search (ES-wcm)        
     7         460         21626.2         5.40389         0.03125        Successful poll           Train
     8         461         21632.8         6.45949         0.03125      Successful search (ES-ell)        
     8         462         21630.8          6.9382         0.03125      Successful search (ES-ell)        
     8         463         21623.7         7.10571         0.03125      Successful search (ES-ell)        
     8         488         21621.2          8.0902          0.0625        Successful poll           
     9         489         21628.6         4.62354          0.0625      Successful search (ES-ell)        
     9         491         21626.5         5.61743          0.0625      Successful search (ES-ell)        
     9         494         21622.9         5.81603          0.0625      Successful search (ES-ell)        
     9         537         21622.9         5.81603         0.03125          Refine grid             Train
    10         538         21632.9         3.25639         0.03125      Successful search (ES-ell)        
    10         539         21629.4          4.6613         0.03125      Successful search (ES-ell)        
    10         540         21624.9         6.85563         0.03125      Successful search (ES-ell)        
    10         589         21624.9         6.85563        0.015625          Refine grid             
    11         590         21636.4         2.84573        0.015625      Successful search (ES-ell)        
    11         591           21634         3.91502        0.015625      Successful search (ES-ell)        
    11         592         21632.3         5.65434        0.015625      Successful search (ES-ell)        
    11         593         21627.3         7.84623        0.015625      Successful search (ES-ell)        
    11         594         21616.2         11.2114        0.015625      Successful search (ES-ell)        
    11         640         21616.2         11.2114       0.0078125          Refine grid             
    12         642         21635.8         2.93754       0.0078125      Successful search (ES-ell)        
    12         643         21634.8         2.95017       0.0078125      Successful search (ES-ell)        
    12         644         21633.9         3.00585       0.0078125      Successful search (ES-wcm)        
    12         645         21633.2         3.30836       0.0078125      Successful search (ES-wcm)        
    12         646         21632.2         3.69172       0.0078125      Successful search (ES-wcm)        
    12         648         21632.1         4.61304       0.0078125      Successful search (ES-ell)        
    12         649         21630.9          5.8336       0.0078125      Successful search (ES-wcm)        
    12         685         21621.7         13.5921        0.015625        Successful poll           
    13         686         21634.4         3.44895        0.015625      Successful search (ES-ell)        
    13         687         21632.7         5.71362        0.015625      Successful search (ES-wcm)        
    13         688         21631.8         8.06283        0.015625      Successful search (ES-ell)        
    13         689         21621.9         10.3475        0.015625      Successful search (ES-ell)        
    13         724         21617.6         12.5414         0.03125        Successful poll           Train
    14         725         21616.8         8.02377         0.03125      Successful search (ES-ell)        
    14         775         21616.8         8.02377        0.015625          Refine grid             
    15         776         21632.7         3.63831        0.015625      Successful search (ES-ell)        
    15         777         21632.6         5.33727        0.015625      Successful search (ES-ell)        
    15         778         21628.9         8.16534        0.015625      Successful search (ES-ell)        
    15         780         21625.5         8.60741        0.015625      Successful search (ES-ell)        
    15         781         21620.4         10.2331        0.015625      Successful search (ES-ell)        
    15         824         21620.4         10.2331       0.0078125          Refine grid             
    16         825         21633.5         3.21311       0.0078125      Successful search (ES-ell)        
    16         826         21632.4         3.44429       0.0078125      Successful search (ES-wcm)        
    16         827         21632.3         4.05973       0.0078125      Successful search (ES-wcm)        
    16         828         21632.3         5.14683       0.0078125      Successful search (ES-wcm)        
    16         856         21629.9         6.20792        0.015625        Successful poll           Train
    17         895         21629.7         12.7858         0.03125        Successful poll           Train
    18         896         21632.2         5.46622         0.03125      Successful search (ES-ell)        
    18         922         21630.7         21.2514          0.0625        Successful poll           Train
    19         957         21635.1         2.52018         0.03125          Refine grid             Train
    20         976         21631.6          5.1848          0.0625        Successful poll           Train
    21         979         21633.5         5.26623          0.0625      Successful search (ES-ell)        
    21         980         21628.2         8.43578          0.0625      Successful search (ES-ell)        
    21         981         21613.3         11.0596          0.0625      Successful search (ES-ell)        
    21        1024         21613.3         11.0596         0.03125          Refine grid             
    22        1025         21625.2         5.25273         0.03125      Successful search (ES-ell)        
    22        1026         21621.4         8.43463         0.03125      Successful search (ES-ell)        
    22        1027         21613.9         11.5375         0.03125      Successful search (ES-ell)        
    22        1072         21613.9         11.5375        0.015625          Refine grid             Train
    23        1073         21626.2         3.96689        0.015625      Successful search (ES-ell)        
    23        1074         21622.4         5.01466        0.015625      Successful search (ES-ell)        
    23        1075         21622.3         7.51941        0.015625      Successful search (ES-wcm)        
    23        1105         21617.5         20.4018         0.03125        Successful poll           
    24        1106         21627.3         5.32785         0.03125      Successful search (ES-ell)        
    24        1107         21621.3         8.48371         0.03125      Successful search (ES-ell)        
    24        1154         21619.1         6.68029          0.0625        Successful poll           
    25        1157         21620.7         7.53892          0.0625      Successful search (ES-ell)        
    25        1186         21597.8         20.8661           0.125        Successful poll           Train
    26        1187         21615.4         13.6481           0.125      Successful search (ES-ell)        
    26        1234         21615.4         13.6481          0.0625          Refine grid             Train
    27        1235         21625.8         6.96975          0.0625      Successful search (ES-ell)        
    27        1282         21625.8         6.96975         0.03125          Refine grid             Train
    28        1315         21620.3          17.312          0.0625        Successful poll           Train
    29        1317           21628         10.6858          0.0625      Successful search (ES-ell)        
    29        1318         21612.9         12.4897          0.0625      Successful search (ES-ell)        
    29        1319         21611.3         13.3026          0.0625      Successful search (ES-ell)        
    29        1363         21611.3         13.3026         0.03125          Refine grid             Train
    30        1364         21625.6         4.76891         0.03125      Successful search (ES-ell)        
    30        1377         21625.1         4.90765         0.03125      Successful search (ES-ell)        
    30        1379         21621.5         6.54418         0.03125      Successful search (ES-ell)        
    30        1414         21621.1         13.1921          0.0625        Successful poll           Train
    31        1449         21613.5         8.32347           0.125        Successful poll           Train
    32        1469           21621         13.1209            0.25        Successful poll           Train
    33        1502         21629.6         3.01484           0.125          Refine grid             Train
    34        1521         21610.6         6.30971            0.25        Successful poll           Train
    35        1554         21630.8         3.06381           0.125          Refine grid             Train
    36        1555         21627.3         12.9909           0.125      Successful search (ES-ell)        
    36        1602         21627.3         12.9909          0.0625          Refine grid             Train
    37        1621         21618.8         22.6403           0.125        Successful poll           Train
    38        1656         21614.3          8.8356          0.0625          Refine grid             Train
    39        1677         21600.6         13.6815           0.125        Successful poll           Train
    40        1678         21627.8         7.49051           0.125      Successful search (ES-ell)        
    40        1709         21611.5         14.1783            0.25        Successful poll           Train
Optimization terminated: change in the function value less than options['tol_fun'].
Estimated function value at minimum: 21630.808704220526 ± 2.177750238253954 (mean ± SEM from 100 samples)
BADS minimum at: x_min = [ 4.21600e-01  9.67890e+00  1.00460e+01  3.27536e+01 -4.60220e+00
  1.42690e+00  2.50420e+00  6.71000e-01  1.02486e+01  9.99800e-01
  6.00000e-04  2.48300e-01  2.33600e-01], training NLL = 21630.8087
total f-count: 1810, time: 98.64 min

 ------- Finish Optimization for Subject 15 ---------- 

 ------- Start Optimization for Subject 20 ---------- 

 Cross Validation fold 0/1

 -- Start Optimization: method BADS --

 Optimization Run 1/2
Initial params: [0.8846, 4.5288, 9.5741, 2.1826, 1.9215, 29.0725, 1.4074, 0.1402, 18.3979, 0.1742, 0.4879, 0.2492, 0.2317]
bads:TooCloseBounds: For each variable, hard and plausible bounds should not be too close. Moving plausible bounds.
Variables (index) internally transformed to log coordinates: [[0 0]
 [0 3]
 [0 5]
 [0 6]]
Beginning optimization of a STOCHASTIC objective function

 Iteration    f-count      E[f(x)]        SD[f(x)]           MeshScale          Method              Actions
     0           1         27034.5             nan               1                                  
     0          33         23635.3             nan               1          Initial mesh            Initial points
     0          34         23509.2         1.01486               1        Successful poll           Train
     1          38         23417.8         1.01485               1      Successful search (ES-wcm)        
     1          45         23369.8         1.01158               1      Successful search (ES-wcm)        
     1          56         23268.4         1.00327               1      Successful search (ES-wcm)        
     1          57         23146.5          1.0085               1      Successful search (ES-wcm)        
     1          58         23142.4          1.0117               1      Successful search (ES-wcm)        
     1          60         23053.4        0.994089               1      Successful search (ES-wcm)        
     1          65           23034        0.992644               1      Successful search (ES-ell)        
     1          67           22746        0.992672               1      Successful search (ES-wcm)        
     1          70         22422.3         0.99266               1      Successful search (ES-wcm)        
     1          75           22323         0.99267               1      Successful search (ES-wcm)        
     1          79         22235.6        0.992652               1      Successful search (ES-wcm)        
     1          85         22157.9        0.992592               1      Successful search (ES-wcm)        
     1          89         22060.3        0.995528               1      Successful search (ES-wcm)        
     1          91           22041        0.995545               1      Successful search (ES-wcm)        
     1          92         21919.3        0.995571               1      Successful search (ES-wcm)        
     1          94         21564.6        0.995595               1      Successful search (ES-wcm)        
     1          95         21432.3        0.995584               1      Successful search (ES-wcm)        
     1          99         21294.9        0.995578               1      Successful search (ES-wcm)        
     1         104         21200.5        0.995455               1      Successful search (ES-wcm)        
     1         107         21058.3        0.995252               1      Successful search (ES-wcm)        
     1         111         21052.7         0.99482               1      Successful search (ES-wcm)        
     1         123         21043.3        0.973055               1      Successful search (ES-ell)        
     1         126         21009.1        0.980813               1      Successful search (ES-wcm)        
     1         129         20906.2        0.980752               1      Successful search (ES-wcm)        
     1         135         20895.5        0.980812               1      Successful search (ES-wcm)        
     1         145         20797.7          1.0434               1      Successful search (ES-wcm)        
     1         160         20792.5         1.04199               1      Successful search (ES-wcm)        
     1         194           20787         1.24032               1        Successful poll           
     2         197         20665.9         2.84374               1      Successful search (ES-ell)        
     2         239         20665.9         2.84374             0.5          Refine grid             
     3         242         20708.2         2.83045             0.5      Successful search (ES-ell)        
     3         248         20702.7         2.48374             0.5      Successful search (ES-ell)        
     3         252         20700.9         1.84418             0.5      Successful search (ES-ell)        
     3         261         20678.4         1.77354             0.5      Successful search (ES-ell)        
     3         300         20678.4         1.77354            0.25          Refine grid             
     4         305           20715         2.17383            0.25      Successful search (ES-ell)        
     4         306         20672.1         2.81673            0.25      Successful search (ES-wcm)        
     4         312         20658.7         2.58486            0.25      Successful search (ES-wcm)        
     4         326         20652.9         1.17116            0.25      Successful search (ES-wcm)        
     4         364         20640.8         1.20932             0.5        Successful poll           Train
     5         399         20640.5          1.2073            0.25          Refine grid             Train
     6         401         20688.2         2.73436            0.25      Successful search (ES-ell)        
     6         406         20664.6         2.43902            0.25      Successful search (ES-ell)        
     6         450         20664.6         2.43902           0.125          Refine grid             
     7         452         20698.6         2.03632           0.125      Successful search (ES-ell)        
     7         454         20649.9         2.37988           0.125      Successful search (ES-ell)        
     7         464         20648.7         8.87005           0.125      Successful search (ES-ell)        
     7         465         20574.8         10.0735           0.125      Successful search (ES-ell)        
     7         466         20573.7         13.0283           0.125      Successful search (ES-ell)        
     7         515         20510.2         13.2997            0.25        Successful poll           
     8         553         20710.1        0.685821           0.125          Refine grid             
     9         592         20728.5          1.0731          0.0625          Refine grid             Train
    10         593         20727.8         7.64139          0.0625      Successful search (ES-ell)        
    10         594         20721.7         11.6015          0.0625      Successful search (ES-ell)        
    10         644         20721.7         11.6015         0.03125          Refine grid             
    11         645         20726.8         5.78222         0.03125      Successful search (ES-ell)        
    11         646         20720.6         7.89982         0.03125      Successful search (ES-ell)        
    11         647         20713.8          11.666         0.03125      Successful search (ES-ell)        
    11         672         20679.3         10.2855          0.0625        Successful poll           
    12         673         20723.5         6.79815          0.0625      Successful search (ES-ell)        
    12         674         20715.7         13.8972          0.0625      Successful search (ES-ell)        
    12         675         20707.4         21.3794          0.0625      Successful search (ES-ell)        
    12         678         20705.9         18.2903          0.0625      Successful search (ES-ell)        
    12         687         20701.3         11.6681          0.0625      Successful search (ES-ell)        
    12         688         20694.3          14.419          0.0625      Successful search (ES-ell)        
    12         690         20694.2         15.2653          0.0625      Successful search (ES-ell)        
    12         737         20694.2         15.2653         0.03125          Refine grid             Train
    13         738         20707.6         5.39562         0.03125      Successful search (ES-wcm)        
    13         789         20706.5          8.5956          0.0625        Successful poll           
    14         790         20713.5         12.5929          0.0625      Successful search (ES-ell)        
    14         803         20697.3         6.93639          0.0625      Successful search (ES-ell)        
    14         816         20696.3          8.6738          0.0625      Successful search (ES-ell)        
    14         847         20688.5         17.0516           0.125        Successful poll           
    15         886         20710.7         6.79685          0.0625          Refine grid             Train
    16         887         20705.3         8.95589          0.0625      Successful search (ES-ell)        
    16         892         20704.1         7.24434          0.0625      Successful search (ES-wcm)        
    16         893         20702.8          9.9356          0.0625      Successful search (ES-wcm)        
    16         930           20698         12.6305           0.125        Successful poll           Train
    17         931         20697.3         13.1231           0.125      Successful search (ES-ell)        
    17         982         20697.3         13.1231          0.0625          Refine grid             
    18         983         20705.6         10.8247          0.0625      Successful search (ES-ell)        
    18         997         20702.3         10.4199          0.0625      Successful search (ES-wcm)        
    18         999           20696         12.3171          0.0625      Successful search (ES-wcm)        
    18        1009         20695.3         10.1371          0.0625      Successful search (ES-wcm)        
    18        1060         20666.9         33.0906           0.125        Successful poll           
    19        1061         20710.1         14.4773           0.125      Successful search (ES-ell)        
    19        1074         20675.5         16.7318           0.125      Successful search (ES-ell)        
    19        1125         20675.5         16.7318          0.0625          Refine grid             Train
    20        1126           20701         18.0446          0.0625      Successful search (ES-wcm)        
    20        1129         20700.4         6.67985          0.0625      Successful search (ES-wcm)        
    20        1167         20692.1         27.7812           0.125        Successful poll           Train
    21        1206           20716         12.7902          0.0625          Refine grid             Train
    22        1207         20701.6         13.5711          0.0625      Successful search (ES-ell)        
    22        1258         20701.6         13.5711         0.03125          Refine grid             
    23        1259         20692.9         8.87232         0.03125      Successful search (ES-wcm)        
    23        1261         20690.4         9.96417         0.03125      Successful search (ES-wcm)        
    23        1310         20690.4         9.96417        0.015625          Refine grid             
    24        1311         20703.3         5.19861        0.015625      Successful search (ES-wcm)        
    24        1312         20700.1         6.80988        0.015625      Successful search (ES-ell)        
    24        1313           20697         11.0141        0.015625      Successful search (ES-ell)        
    24        1362           20697         11.0141       0.0078125          Refine grid             
    25        1363         20711.5         5.26374       0.0078125      Successful search (ES-ell)        
    25        1364         20707.5         6.24829       0.0078125      Successful search (ES-ell)        
    25        1366         20705.7         6.60555       0.0078125      Successful search (ES-wcm)        
    25        1378         20704.4         5.97387       0.0078125      Successful search (ES-wcm)        
    25        1380         20704.1         6.23155       0.0078125      Successful search (ES-wcm)        
    25        1381         20702.6         6.66416       0.0078125      Successful search (ES-wcm)        
    25        1382         20701.8          7.1534       0.0078125      Successful search (ES-ell)        
    25        1383         20701.2         7.93528       0.0078125      Successful search (ES-ell)        
    25        1384         20698.4         9.26946       0.0078125      Successful search (ES-ell)        
    25        1427         20698.4         9.26946      0.00390625          Refine grid             
    26        1428         20712.2         3.97541      0.00390625      Successful search (ES-wcm)        
    26        1429         20711.7         4.15216      0.00390625      Successful search (ES-wcm)        
    26        1430           20708         4.48785      0.00390625      Successful search (ES-wcm)        
    26        1431         20707.1         5.58897      0.00390625      Successful search (ES-wcm)        
    26        1432         20704.3          7.1364      0.00390625      Successful search (ES-wcm)        
    26        1464         20693.1         22.0319       0.0078125        Successful poll           Train
    27        1465         20704.3         10.5935       0.0078125      Successful search (ES-ell)        
    27        1466         20696.1         11.3031       0.0078125      Successful search (ES-ell)        
    27        1467         20687.4         13.0037       0.0078125      Successful search (ES-ell)        
    27        1468         20675.3         13.9823       0.0078125      Successful search (ES-ell)        
    27        1516         20675.3         13.9823      0.00390625          Refine grid             
    28        1517         20712.5         4.03997      0.00390625      Successful search (ES-ell)        
    28        1518         20711.1         4.62872      0.00390625      Successful search (ES-ell)        
    28        1519         20709.6         5.46752      0.00390625      Successful search (ES-ell)        
    28        1520         20705.8         7.73361      0.00390625      Successful search (ES-wcm)        
    28        1521         20699.2         12.1298      0.00390625      Successful search (ES-wcm)        
    28        1568         20699.2         12.1298      0.00195312          Refine grid             
    29        1569         20708.8         3.55507      0.00195312      Successful search (ES-ell)        
    29        1570         20707.7         3.82316      0.00195312      Successful search (ES-ell)        
    29        1571           20707         4.45805      0.00195312      Successful search (ES-ell)        
    29        1572         20704.1          5.0646      0.00195312      Successful search (ES-ell)        
    29        1573         20702.1         6.05597      0.00195312      Successful search (ES-ell)        
    29        1574         20701.9         7.70127      0.00195312      Successful search (ES-ell)        
    29        1575         20695.7         10.3082      0.00195312      Successful search (ES-ell)        
    29        1620         20695.7         10.3082     0.000976562          Refine grid             Train
Optimization terminated: change in the function value less than options['tol_mesh']
Estimated function value at minimum: 20713.07714179448 ± 3.699127089734276 (mean ± SEM from 100 samples)
BADS minimum at: x_min = [ 1.2503  3.9456  4.4154  3.5565  1.9355  0.7046  4.366   0.0892 20.6676
  0.2284  0.4076  0.3679  0.252 ], training NLL = 20713.0771
total f-count: 1720, time: 94.1 min

 Optimization Run 2/2
Initial params: [1.2364, 5.6953, 3.4735, 4.3516, 0.1704, 44.0293, 4.4842, 0.2687, 17.5111, 0.1427, 0.5484, 0.2544, 0.1857]
bads:TooCloseBounds: For each variable, hard and plausible bounds should not be too close. Moving plausible bounds.
Variables (index) internally transformed to log coordinates: [[0 0]
 [0 3]
 [0 5]
 [0 6]]
Beginning optimization of a STOCHASTIC objective function

 Iteration    f-count      E[f(x)]        SD[f(x)]           MeshScale          Method              Actions
     0           1         27034.5             nan               1                                  
     0          33         23691.5             nan               1          Initial mesh            Initial points
     0          34         23514.1        0.997986               1        Successful poll           Train
     1          42         23499.9         0.99742               1      Successful search (ES-wcm)        
     1          45           23323        0.995947               1      Successful search (ES-ell)        
     1          54         23212.4        0.997103               1      Successful search (ES-ell)        
     1          59         23185.3        0.968971               1      Successful search (ES-ell)        
     1          60         23147.6        0.970938               1      Successful search (ES-ell)        
     1          63         23144.1        0.986237               1      Successful search (ES-ell)        
     1          66         22611.2        0.986221               1      Successful search (ES-ell)        
     1         109         22388.3        0.953146               1        Successful poll           Train
     2         116         22287.6         1.03753               1      Successful search (ES-ell)        
     2         156         22287.6         1.03753             0.5          Refine grid             Train
     3         190         22224.7         1.10199               1        Successful poll           Train
     4         193         22220.1         1.10198               1      Successful search (ES-ell)        
     4         195         22201.8         1.10198               1      Successful search (ES-ell)        
     4         196         21905.4         40.1777               1      Successful search (ES-ell)        
     4         197         21859.5         40.8695               1      Successful search (ES-ell)        
     4         200         21719.5         42.0463               1      Successful search (ES-wcm)        
     4         202         21681.7          41.303               1      Successful search (ES-wcm)        
     4         207         21635.4         41.6949               1      Successful search (ES-wcm)        
     4         210         21556.1         41.7828               1      Successful search (ES-wcm)        
     4         217         21549.8         41.5555               1      Successful search (ES-wcm)        
     4         220           21442         41.4426               1      Successful search (ES-ell)        
     4         224         21435.7         37.4135               1      Successful search (ES-ell)        
     4         225         21368.8         39.4797               1      Successful search (ES-ell)        
     4         226         21151.1         40.7409               1      Successful search (ES-wcm)        
     4         228         21112.8         40.8943               1      Successful search (ES-ell)        
     4         229           21036         41.3535               1      Successful search (ES-wcm)        
     4         233         21030.5         37.8234               1      Successful search (ES-wcm)        
     4         235           21001         32.9811               1      Successful search (ES-wcm)        
     4         239         21000.7         29.1656               1      Incremental search (ES-wcm)        
     4         240           20961         35.3572               1      Successful search (ES-wcm)        
     4         262         20956.2         40.7416               1        Successful poll           Train
     5         264         20894.2         42.7649               1      Successful search (ES-wcm)        
     5         272         20872.2         23.9818               1      Successful search (ES-wcm)        
     5         273         20855.8          27.894               1      Successful search (ES-wcm)        
     5         275         20827.8         24.2862               1      Successful search (ES-wcm)        
     5         276         20805.7         41.4972               1      Successful search (ES-wcm)        
     5         284         20796.2         29.8862               1      Successful search (ES-ell)        
     5         285         20787.6         34.2537               1      Successful search (ES-ell)        
     5         286         20776.8         30.5135               1      Successful search (ES-wcm)        
     5         294         20775.2         26.1141               1      Successful search (ES-wcm)        
     5         296         20733.7          21.728               1      Successful search (ES-wcm)        
     5         335         20733.7          21.728             0.5          Refine grid             Train
     6         338         20727.6         15.4795             0.5      Successful search (ES-ell)        
     6         384         20727.6         15.4795            0.25          Refine grid             
     7         385         20795.4         20.8653            0.25      Successful search (ES-wcm)        
     7         389           20788          24.059            0.25      Successful search (ES-wcm)        
     7         392         20783.8         14.7987            0.25      Successful search (ES-wcm)        
     7         394         20783.3         18.8973            0.25      Successful search (ES-wcm)        
     7         395         20766.8         27.3475            0.25      Successful search (ES-wcm)        
     7         397         20755.7           27.09            0.25      Successful search (ES-wcm)        
     7         398         20743.4         35.7148            0.25      Successful search (ES-wcm)        
     7         403         20739.3         18.4418            0.25      Successful search (ES-wcm)        
     7         404         20737.2         24.9571            0.25      Successful search (ES-wcm)        
     7         407         20726.6         16.4817            0.25      Successful search (ES-wcm)        
     7         408         20717.6         18.4845            0.25      Successful search (ES-ell)        
     7         446         20717.6         18.4845           0.125          Refine grid             
     8         447         20725.6         11.2458           0.125      Successful search (ES-wcm)        
     8         448         20715.6         16.3631           0.125      Successful search (ES-wcm)        
     8         450         20710.1         16.5957           0.125      Successful search (ES-wcm)        
     8         452         20699.5         19.1081           0.125      Successful search (ES-wcm)        
     8         491         20499.4         10.9741            0.25        Successful poll           Train
     9         527         20484.9         10.9764           0.125          Refine grid             Train
    10         528         20718.3         12.4877           0.125      Successful search (ES-ell)        
    10         530         20693.6         16.0548           0.125      Successful search (ES-ell)        
    10         531         20676.7         23.3942           0.125      Successful search (ES-ell)        
    10         577         20676.7         23.3942          0.0625          Refine grid             Train
    11         578         20725.7         6.92855          0.0625      Successful search (ES-ell)        
    11         579         20716.3         9.91313          0.0625      Successful search (ES-ell)        
    11         580         20700.6         13.7317          0.0625      Successful search (ES-ell)        
    11         581         20695.3         20.3447          0.0625      Successful search (ES-ell)        
    11         629         20695.3         20.3447         0.03125          Refine grid             Train
    12         630         20720.5         5.27429         0.03125      Successful search (ES-wcm)        
    12         631         20710.9         5.91138         0.03125      Successful search (ES-wcm)        
    12         632         20699.5         6.85181         0.03125      Successful search (ES-wcm)        
    12         633         20695.2         8.82708         0.03125      Successful search (ES-wcm)        
    12         634         20691.5         12.6632         0.03125      Successful search (ES-wcm)        
    12         636         20690.8         13.5546         0.03125      Successful search (ES-wcm)        
    12         681         20690.8         13.5546        0.015625          Refine grid             Train
    13         682         20730.5         5.16486        0.015625      Successful search (ES-ell)        
    13         683         20726.7         6.35201        0.015625      Successful search (ES-ell)        
    13         684         20724.3         8.27294        0.015625      Successful search (ES-ell)        
    13         685         20718.9         11.0584        0.015625      Successful search (ES-ell)        
    13         686         20717.7         12.5454        0.015625      Successful search (ES-ell)        
    13         687         20714.9         14.9241        0.015625      Successful search (ES-ell)        
    13         688         20705.5         17.2498        0.015625      Successful search (ES-ell)        
    13         731         20705.5         17.2498       0.0078125          Refine grid             
    14         732         20722.9         5.53172       0.0078125      Successful search (ES-ell)        
    14         733         20721.9         5.54518       0.0078125      Successful search (ES-ell)        
    14         734         20720.4         5.54397       0.0078125      Successful search (ES-ell)        
    14         735         20719.8         5.66669       0.0078125      Successful search (ES-ell)        
    14         736         20716.1         6.35542       0.0078125      Successful search (ES-ell)        
    14         737         20716.1         7.01274       0.0078125      Successful search (ES-ell)        
    14         738         20708.7         7.89243       0.0078125      Successful search (ES-wcm)        
    14         739         20702.9         10.1657       0.0078125      Successful search (ES-wcm)        
    14         740         20696.2           11.96       0.0078125      Successful search (ES-wcm)        
    14         781         20696.2           11.96      0.00390625          Refine grid             
    15         783         20722.1         5.19427      0.00390625      Successful search (ES-wcm)        
    15         784         20720.7         5.15907      0.00390625      Successful search (ES-wcm)        
    15         785           20720         5.10631      0.00390625      Successful search (ES-wcm)        
    15         786         20718.7         5.16068      0.00390625      Successful search (ES-wcm)        
    15         787         20717.1         5.14989      0.00390625      Successful search (ES-wcm)        
    15         790         20716.4         5.09646      0.00390625      Successful search (ES-ell)        
    15         812         20707.2         7.62524       0.0078125        Successful poll           Train
    16         813         20714.4         6.43934       0.0078125      Successful search (ES-ell)        
    16         814           20713         6.78193       0.0078125      Successful search (ES-ell)        
    16         815         20711.5         7.06437       0.0078125      Successful search (ES-ell)        
    16         816           20706         7.85003       0.0078125      Successful search (ES-wcm)        
    16         817         20704.9         8.99912       0.0078125      Successful search (ES-wcm)        
    16         818         20697.8         11.3352       0.0078125      Successful search (ES-wcm)        
    16         819         20693.4         13.4196       0.0078125      Successful search (ES-wcm)        
    16         862         20689.5         10.5645        0.015625        Successful poll           
    17         863         20677.7         11.5744        0.015625      Successful search (ES-wcm)        
    17         864         20672.7           12.59        0.015625      Successful search (ES-wcm)        
    17         865         20666.7         13.7262        0.015625      Successful search (ES-wcm)        
    17         867         20659.7         13.4069        0.015625      Successful search (ES-wcm)        
    17         868         20644.1         14.8472        0.015625      Successful search (ES-wcm)        
    17         869         20630.2         16.4795        0.015625      Successful search (ES-wcm)        
    17         912         20630.2         16.4795       0.0078125          Refine grid             
    18         913         20689.7         5.47465       0.0078125      Successful search (ES-wcm)        
    18         914           20682         5.68582       0.0078125      Successful search (ES-wcm)        
    18         915         20673.7         6.32265       0.0078125      Successful search (ES-wcm)        
    18         916           20666         7.10045       0.0078125      Successful search (ES-wcm)        
    18         917         20657.5         8.41764       0.0078125      Successful search (ES-wcm)        
    18         918         20657.5         9.10782       0.0078125      Successful search (ES-wcm)        
    18         919         20656.4         10.6667       0.0078125      Successful search (ES-wcm)        
    18         920         20654.7         12.9809       0.0078125      Successful search (ES-wcm)        
    18         922           20650         18.7956       0.0078125      Successful search (ES-ell)        
    18         944         20643.2         11.6711        0.015625        Successful poll           Train
    19         945         20665.1         9.81507        0.015625      Successful search (ES-wcm)        
    19         946         20658.7         10.5858        0.015625      Successful search (ES-wcm)        
    19         947         20653.1         11.9407        0.015625      Successful search (ES-wcm)        
    19         954         20652.6         8.92162        0.015625      Successful search (ES-wcm)        
    19         955         20649.4         9.06686        0.015625      Successful search (ES-wcm)        
    19         956         20648.7         9.53609        0.015625      Successful search (ES-wcm)        
    19         957         20645.9         9.60409        0.015625      Successful search (ES-ell)        
    19         958         20644.2         10.0385        0.015625      Successful search (ES-ell)        
    19         959         20639.3         10.8344        0.015625      Successful search (ES-ell)        
    19        1007         20639.3         10.8344       0.0078125          Refine grid             
    20        1008         20676.4         4.95215       0.0078125      Successful search (ES-wcm)        
    20        1009           20674         4.77009       0.0078125      Successful search (ES-wcm)        
    20        1010         20661.4         5.24785       0.0078125      Successful search (ES-wcm)        
    20        1011         20653.2         6.36293       0.0078125      Successful search (ES-wcm)        
    20        1012           20649          7.7901       0.0078125      Successful search (ES-wcm)        
    20        1015         20647.8         8.49103       0.0078125      Successful search (ES-wcm)        
    20        1021         20642.2         7.37217       0.0078125      Successful search (ES-ell)        
    20        1022         20634.3         7.27777       0.0078125      Successful search (ES-ell)        
    20        1023         20628.5         7.57788       0.0078125      Successful search (ES-ell)        
    20        1024           20614         7.73618       0.0078125      Successful search (ES-ell)        
    20        1025         20602.2         9.15947       0.0078125      Successful search (ES-ell)        
    20        1026         20585.1         10.7679       0.0078125      Successful search (ES-ell)        
    20        1027         20562.4         13.4139       0.0078125      Successful search (ES-ell)        
    20        1028         20552.4         17.0426       0.0078125      Successful search (ES-ell)        
    20        1072         20552.4         17.0426      0.00390625          Refine grid             
    21        1073         20671.5          4.6988      0.00390625      Successful search (ES-ell)        
    21        1074           20669         4.72779      0.00390625      Successful search (ES-ell)        
    21        1075         20665.9         4.88755      0.00390625      Successful search (ES-ell)        
    21        1077         20663.2         5.06191      0.00390625      Successful search (ES-ell)        
    21        1078           20659         5.04148      0.00390625      Successful search (ES-wcm)        
    21        1079         20653.6          5.5285      0.00390625      Successful search (ES-wcm)        
    21        1080         20648.6         5.93064      0.00390625      Successful search (ES-wcm)        
    21        1081         20642.2         6.32159      0.00390625      Successful search (ES-wcm)        
    21        1082         20634.2         9.20043      0.00390625      Successful search (ES-ell)        
    21        1083         20615.6         13.0635      0.00390625      Successful search (ES-ell)        
    21        1123         20615.6         13.0635      0.00195312          Refine grid             
    22        1132         20646.9         5.02282      0.00195312      Successful search (ES-wcm)        
    22        1133         20646.4         4.98491      0.00195312      Successful search (ES-wcm)        
    22        1136         20645.7         4.86659      0.00195312      Successful search (ES-wcm)        
    22        1137         20644.8         4.92409      0.00195312      Successful search (ES-wcm)        
    22        1188         20644.8         4.92409     0.000976562          Refine grid             
Optimization terminated: change in the function value less than options['tol_mesh']
Estimated function value at minimum: 20656.796386079415 ± 4.061537974977185 (mean ± SEM from 100 samples)
BADS minimum at: x_min = [ 5.2990e-01  3.3273e+00  8.2610e+00  5.0000e-04 -6.9280e-01  4.2730e-01
  4.8106e+00  2.8320e-01  8.2866e+00  5.3930e-01  2.6700e-01  3.4210e-01
  2.6880e-01], training NLL = 20656.7964
total f-count: 1288, time: 70.92 min

 ------- Finish Optimization for Subject 20 ---------- 

 ------- Start Optimization for Subject 25 ---------- 

 Cross Validation fold 0/1

 -- Start Optimization: method BADS --

 Optimization Run 1/2
Initial params: [0.5312, 7.3069, 10.7175, 0.9783, -0.6291, 34.3922, 3.4485, 0.306, 25.474, 0.279, 0.2986, 0.1182, 0.2189]
bads:TooCloseBounds: For each variable, hard and plausible bounds should not be too close. Moving plausible bounds.
Variables (index) internally transformed to log coordinates: [[0 0]
 [0 3]
 [0 5]
 [0 6]]
Beginning optimization of a STOCHASTIC objective function

 Iteration    f-count      E[f(x)]        SD[f(x)]           MeshScale          Method              Actions
     0           1         26999.6             nan               1                                  
     0          33         24547.8             nan               1          Initial mesh            Initial points
     0          53         24127.5        0.999987               1        Successful poll           Train
     1          55           23935        0.999985               1      Successful search (ES-wcm)        
     1          60         23922.2        0.999841               1      Successful search (ES-wcm)        
     1          61         23792.3         1.04488               1      Successful search (ES-wcm)        
     1          63           23635         1.04485               1      Successful search (ES-ell)        
     1          67         23283.4         1.04488               1      Successful search (ES-ell)        
     1          68         23176.2         1.04487               1      Successful search (ES-ell)        
     1          73         23135.1         1.04477               1      Successful search (ES-ell)        
     1          78         23103.3         1.04256               1      Successful search (ES-ell)        
     1          87         23085.9         1.01788               1      Successful search (ES-ell)        
     1          92         23051.3         1.15396               1      Successful search (ES-ell)        
     1         101         23043.3         1.18711               1      Successful search (ES-ell)        
     1         135         22987.6         1.10058               1        Successful poll           
     2         139         22974.7         1.09977               1      Successful search (ES-ell)        
     2         143         22973.8         15.5008               1      Incremental search (ES-ell)        
     2         177         22973.8         15.5008             0.5          Refine grid             Train
     3         212         22987.5         1.09943            0.25          Refine grid             Train
     4         249         22953.3         1.37968           0.125          Refine grid             Train
     5         254         22981.8         1.37932           0.125      Successful search (ES-ell)        
     5         299         22981.8         1.37932          0.0625          Refine grid             
     6         336         22987.6         1.38921         0.03125          Refine grid             
     7         373         23012.3         15.8626        0.015625          Refine grid             
     8         388         23018.4         3.36871         0.03125        Successful poll           
     9         389         23004.6         4.20794         0.03125      Successful search (ES-wcm)        
     9         390         22990.2         7.06913         0.03125      Successful search (ES-wcm)        
     9         391           22977         9.19716         0.03125      Successful search (ES-wcm)        
     9         392         22970.6         16.8529         0.03125      Successful search (ES-wcm)        
     9         438         22970.6         16.8529        0.015625          Refine grid             
    10         439         23007.7         4.50366        0.015625      Successful search (ES-wcm)        
    10         440         23005.4         5.54037        0.015625      Successful search (ES-wcm)        
    10         442         23003.2          4.8684        0.015625      Successful search (ES-ell)        
    10         443         22993.3         5.37138        0.015625      Successful search (ES-ell)        
    10         444         22983.2         6.31543        0.015625      Successful search (ES-ell)        
    10         445         22972.2         7.93057        0.015625      Successful search (ES-ell)        
    10         446         22952.5         11.1752        0.015625      Successful search (ES-ell)        
    10         448           22933         11.8925        0.015625      Successful search (ES-ell)        
    10         490           22933         11.8925       0.0078125          Refine grid             
    11         491         22984.2         4.32058       0.0078125      Successful search (ES-ell)        
    11         492         22982.3         4.42194       0.0078125      Successful search (ES-ell)        
    11         493         22979.6         4.61669       0.0078125      Successful search (ES-ell)        
    11         494         22977.9         5.00009       0.0078125      Successful search (ES-ell)        
    11         495         22971.9         5.69268       0.0078125      Successful search (ES-ell)        
    11         542         22971.9         5.69268      0.00390625          Refine grid             
    12         573           22987         4.11265       0.0078125        Successful poll           Train
    13         574         22986.3         4.29462       0.0078125      Successful search (ES-wcm)        
    13         575         22983.2         4.85281       0.0078125      Successful search (ES-ell)        
    13         576         22979.5         5.64466       0.0078125      Successful search (ES-ell)        
    13         577         22977.2         7.69397       0.0078125      Successful search (ES-ell)        
    13         578         22970.1         10.2779       0.0078125      Successful search (ES-ell)        
    13         579         22961.1         13.1735       0.0078125      Successful search (ES-ell)        
    13         625         22961.1         13.1735      0.00390625          Refine grid             
    14         629         22990.5         4.03318      0.00390625      Successful search (ES-wcm)        
    14         677         22987.6         4.76314       0.0078125        Successful poll           
    15         678         22987.6         5.21696       0.0078125      Successful search (ES-wcm)        
    15         679         22982.3         6.65108       0.0078125      Successful search (ES-wcm)        
    15         680         22978.4         7.97623       0.0078125      Successful search (ES-wcm)        
    15         681         22978.1         10.4509       0.0078125      Successful search (ES-wcm)        
    15         682         22975.4         11.5837       0.0078125      Successful search (ES-ell)        
    15         729         22975.4         11.5837      0.00390625          Refine grid             Train
    16         730         22986.6         4.24486      0.00390625      Successful search (ES-wcm)        
    16         731         22985.4         4.46301      0.00390625      Successful search (ES-wcm)        
    16         734         22984.7         4.67442      0.00390625      Successful search (ES-wcm)        
    16         757         22958.4         21.4505       0.0078125        Successful poll           
    17         758         22986.6         3.48995       0.0078125      Successful search (ES-ell)        
    17         759         22983.5         4.65652       0.0078125      Successful search (ES-ell)        
    17         760           22980         6.71491       0.0078125      Successful search (ES-ell)        
    17         762         22979.5         8.01838       0.0078125      Successful search (ES-ell)        
    17         766         22977.9         7.56096       0.0078125      Successful search (ES-ell)        
    17         807         22977.4         6.20313        0.015625        Successful poll           
    18         808         22978.1         8.00823        0.015625      Successful search (ES-ell)        
    18         810         22977.9          10.996        0.015625      Successful search (ES-ell)        
    18         811         22976.2         15.0604        0.015625      Successful search (ES-ell)        
    18         857         22976.2         15.0604       0.0078125          Refine grid             Train
    19         858         22986.7         4.35887       0.0078125      Successful search (ES-wcm)        
    19         859         22984.7         7.02228       0.0078125      Successful search (ES-wcm)        
    19         863         22984.7         7.23481       0.0078125      Successful search (ES-wcm)        
    19         903         22946.6         24.6874        0.015625        Successful poll           Train
    20         942         22988.2         2.70248       0.0078125          Refine grid             Train
    21         943         22986.8         3.25025       0.0078125      Successful search (ES-ell)        
    21         944         22984.6         4.46851       0.0078125      Successful search (ES-ell)        
    21         948         22984.3         5.31093       0.0078125      Successful search (ES-wcm)        
    21         953         22983.7         5.14093       0.0078125      Successful search (ES-wcm)        
    21         994         22964.4          9.0028        0.015625        Successful poll           Train
    22         995         22948.4         12.8715        0.015625      Successful search (ES-ell)        
    22         996         22930.5         16.5761        0.015625      Successful search (ES-ell)        
    22        1046         22930.5         16.5761       0.0078125          Refine grid             Train
    23        1047         22967.3         5.83966       0.0078125      Successful search (ES-ell)        
    23        1048         22963.6         7.56504       0.0078125      Successful search (ES-wcm)        
    23        1049         22952.3         12.1344       0.0078125      Successful search (ES-wcm)        
    23        1050         22949.2         14.9361       0.0078125      Successful search (ES-wcm)        
    23        1096           22924         27.2518        0.015625        Successful poll           
    24        1097         22933.1          20.038        0.015625      Successful search (ES-wcm)        
    24        1098           22926          19.517        0.015625      Successful search (ES-wcm)        
    24        1146           22926          19.517       0.0078125          Refine grid             
    25        1147         22966.9         5.85238       0.0078125      Successful search (ES-ell)        
    25        1148         22960.4         8.36433       0.0078125      Successful search (ES-ell)        
    25        1198         22940.1         27.6754        0.015625        Successful poll           
    26        1199         22955.4         14.1351        0.015625      Successful search (ES-wcm)        
    26        1248         22955.4         14.1351       0.0078125          Refine grid             Train
    27        1249         22967.8         3.52301       0.0078125      Successful search (ES-wcm)        
    27        1250         22966.4         4.16203       0.0078125      Successful search (ES-wcm)        
    27        1251         22965.7         4.95361       0.0078125      Successful search (ES-wcm)        
    27        1252         22961.6         7.99464       0.0078125      Successful search (ES-wcm)        
    27        1298         22961.6         7.99464      0.00390625          Refine grid             
    28        1299         22969.8         3.74217      0.00390625      Successful search (ES-ell)        
    28        1300         22966.2          4.4234      0.00390625      Successful search (ES-ell)        
    28        1301         22961.3         6.29027      0.00390625      Successful search (ES-ell)        
    28        1302           22955         8.75137      0.00390625      Successful search (ES-ell)        
    28        1303         22950.5         11.4869      0.00390625      Successful search (ES-ell)        
    28        1304         22947.3         15.2599      0.00390625      Successful search (ES-ell)        
    28        1350         22935.8         24.1377       0.0078125        Successful poll           
    29        1351         22955.9         14.4018       0.0078125      Successful search (ES-ell)        
    29        1352         22953.1         14.1927       0.0078125      Successful search (ES-ell)        
    29        1402         22953.1         14.1927      0.00390625          Refine grid             
    30        1403         22970.3         3.54853      0.00390625      Successful search (ES-ell)        
    30        1404         22967.5         4.77467      0.00390625      Successful search (ES-ell)        
    30        1405           22967         7.19395      0.00390625      Successful search (ES-ell)        
    30        1406         22965.2         8.76615      0.00390625      Successful search (ES-ell)        
    30        1407         22963.8         12.9718      0.00390625      Successful search (ES-wcm)        
    30        1410         22961.6           11.47      0.00390625      Successful search (ES-wcm)        
    30        1412         22960.2         11.5059      0.00390625      Successful search (ES-wcm)        
    30        1454         22960.2         11.5059      0.00195312          Refine grid             Train
    31        1455         22970.9         3.29579      0.00195312      Successful search (ES-wcm)        
    31        1456         22969.5         3.89161      0.00195312      Successful search (ES-wcm)        
    31        1462         22969.3         3.76185      0.00195312      Successful search (ES-ell)        
    31        1463         22968.2         3.73641      0.00195312      Successful search (ES-ell)        
    31        1464         22968.1         3.81263      0.00195312      Successful search (ES-ell)        
    31        1465         22967.7         3.89662      0.00195312      Successful search (ES-ell)        
    31        1488         22966.7         22.5777      0.00390625        Successful poll           
    32        1489         22969.2         4.34595      0.00390625      Successful search (ES-wcm)        
    32        1498         22968.8         2.84235      0.00390625      Successful search (ES-wcm)        
    32        1499         22968.6         2.95482      0.00390625      Successful search (ES-wcm)        
    32        1500         22968.3         3.08577      0.00390625      Successful search (ES-wcm)        
    32        1501         22967.6         3.25809      0.00390625      Successful search (ES-wcm)        
    32        1502         22965.4         4.31336      0.00390625      Successful search (ES-wcm)        
    32        1503         22963.9         5.80081      0.00390625      Successful search (ES-wcm)        
    32        1515         22963.4          5.1583      0.00390625      Successful search (ES-ell)        
    32        1516         22958.1         6.79855      0.00390625      Successful search (ES-ell)        
    32        1517         22949.9         8.99524      0.00390625      Successful search (ES-ell)        
    32        1518         22945.4         11.9576      0.00390625      Successful search (ES-ell)        
    32        1566         22945.4         11.9576      0.00195312          Refine grid             Train
    33        1567         22967.3         2.57526      0.00195312      Successful search (ES-wcm)        
    33        1568         22966.7         2.83678      0.00195312      Successful search (ES-wcm)        
    33        1569         22965.7         3.69884      0.00195312      Successful search (ES-wcm)        
    33        1572         22964.1         4.32871      0.00195312      Successful search (ES-wcm)        
    33        1618         22964.1         4.32871     0.000976562          Refine grid             
Optimization terminated: change in the function value less than options['tol_mesh']
Estimated function value at minimum: 22971.529403669432 ± 2.990316311703445 (mean ± SEM from 100 samples)
BADS minimum at: x_min = [ 0.875   8.5269 10.4619 13.9253  5.4805  1.6665  0.916   0.7662 10.6252
  0.7747  0.6879  0.2715  0.2511], training NLL = 22971.5294
total f-count: 1718, time: 96.22 min

 Optimization Run 2/2
Initial params: [0.6054, 7.5133, 2.5342, 11.636, -0.2535, 45.8724, 1.8025, 0.6221, 25.9581, 0.5406, 0.489, 0.1687, 0.1062]
bads:TooCloseBounds: For each variable, hard and plausible bounds should not be too close. Moving plausible bounds.
Variables (index) internally transformed to log coordinates: [[0 0]
 [0 3]
 [0 5]
 [0 6]]
Beginning optimization of a STOCHASTIC objective function

 Iteration    f-count      E[f(x)]        SD[f(x)]           MeshScale          Method              Actions
     0           1         27038.2             nan               1                                  
     0          33           24543             nan               1          Initial mesh            Initial points
     0          53         24125.6         1.00849               1        Successful poll           Train
     1          55         24005.1         1.00848               1      Successful search (ES-wcm)        
     1          56         23646.5         1.00847               1      Successful search (ES-wcm)        
     1          63         23598.4         1.12573               1      Successful search (ES-wcm)        
     1          64         23508.5         1.12574               1      Successful search (ES-wcm)        
     1          67           23488         1.12575               1      Successful search (ES-wcm)        
     1          72         23483.3         1.12564               1      Successful search (ES-wcm)        
     1          85           23451         1.12527               1      Successful search (ES-wcm)        
     1          87           23447          1.1251               1      Successful search (ES-wcm)        
     1          90         23343.4        0.944498               1      Successful search (ES-wcm)        
     1          92           23324        0.944523               1      Successful search (ES-wcm)        
     1         100         23302.1        0.943003               1      Successful search (ES-ell)        
     1         101         23235.7        0.943148               1      Successful search (ES-ell)        
     1         109         23212.8        0.944141               1      Successful search (ES-ell)        
     1         112         23208.3        0.944301               1      Successful search (ES-wcm)        
     1         113           23171        0.944152               1      Successful search (ES-ell)        
     1         117         23163.5         1.12772               1      Successful search (ES-ell)        
     1         118         23128.3         1.12782               1      Successful search (ES-ell)        
     1         121           23022         1.12786               1      Successful search (ES-ell)        
     1         123         22885.9         1.12785               1      Successful search (ES-ell)        
     1         125         22851.5         1.12785               1      Successful search (ES-ell)        
     1         131         22801.1         1.12728               1      Successful search (ES-ell)        
     1         162         22801.1         1.12728             0.5          Refine grid             
     2         163           22824         24.7106             0.5      Successful search (ES-ell)        
     2         165           22783         28.6345             0.5      Successful search (ES-ell)        
     2         168         22777.2         31.0271             0.5      Successful search (ES-ell)        
     2         170         22748.4         24.5941             0.5      Successful search (ES-ell)        
     2         177         22727.8         18.6171             0.5      Successful search (ES-ell)        
     2         179         22697.1         20.5624             0.5      Successful search (ES-ell)        
     2         221         22682.6         14.8302               1        Successful poll           
     3         224         22616.4         22.8041               1      Successful search (ES-ell)        
     3         225         22594.1         24.3069               1      Successful search (ES-ell)        
     3         226         22565.5         26.4516               1      Successful search (ES-ell)        
     3         227           22530         27.1751               1      Successful search (ES-ell)        
     3         228           22496         27.2901               1      Successful search (ES-ell)        
     3         232         22460.6         27.2046               1      Successful search (ES-ell)        
     3         241           22452         21.7473               1      Successful search (ES-ell)        
     3         275           22452         21.7473             0.5          Refine grid             
     4         278         22468.9         18.9345             0.5      Successful search (ES-wcm)        
     4         320         22468.9         18.9345            0.25          Refine grid             Train
     5         321         22447.4         11.5962            0.25      Successful search (ES-ell)        
     5         322           22444         17.0555            0.25      Successful search (ES-ell)        
     5         368           22444         17.0555           0.125          Refine grid             
     6         369         22458.9         9.90461           0.125      Successful search (ES-wcm)        
     6         370         22449.2         23.1296           0.125      Successful search (ES-wcm)        
     6         373         22429.1         16.4702           0.125      Successful search (ES-ell)        
     6         374         22396.8         16.1231           0.125      Successful search (ES-ell)        
     6         375         22391.6         18.0327           0.125      Successful search (ES-ell)        
     6         376         22377.2         20.8363           0.125      Successful search (ES-ell)        
     6         415         22377.2         20.8363          0.0625          Refine grid             
     7         416         22398.5         6.71304          0.0625      Successful search (ES-ell)        
     7         417         22382.2         6.71692          0.0625      Successful search (ES-ell)        
     7         418         22373.2         9.74114          0.0625      Successful search (ES-ell)        
     7         462         22373.2         9.74114         0.03125          Refine grid             
     8         463           22381         4.65715         0.03125      Successful search (ES-ell)        
     8         464         22378.5         5.39525         0.03125      Successful search (ES-wcm)        
     8         466         22376.5         5.34015         0.03125      Successful search (ES-wcm)        
     8         467         22376.3         6.02233         0.03125      Successful search (ES-ell)        
     8         510         22376.3         6.02233        0.015625          Refine grid             Train
     9         511         22396.4         3.86123        0.015625      Successful search (ES-wcm)        
     9         512         22394.8         4.37183        0.015625      Successful search (ES-wcm)        
     9         513         22391.5          5.0233        0.015625      Successful search (ES-wcm)        
     9         514         22388.9         5.88364        0.015625      Successful search (ES-wcm)        
     9         516         22372.3         6.23465        0.015625      Successful search (ES-ell)        
     9         558         22372.3         6.23465       0.0078125          Refine grid             
    10         559         22397.8         3.91632       0.0078125      Successful search (ES-ell)        
    10         560           22397         4.53847       0.0078125      Successful search (ES-ell)        
    10         561         22396.9         5.49795       0.0078125      Successful search (ES-ell)        
    10         562         22394.5         7.02039       0.0078125      Successful search (ES-ell)        
    10         606         22386.9         14.1874        0.015625        Successful poll           
    11         607           22384         10.4625        0.015625      Successful search (ES-wcm)        
    11         654           22384         10.4625       0.0078125          Refine grid             Train
    12         655           22389         3.12998       0.0078125      Successful search (ES-ell)        
    12         656         22379.9          3.3869       0.0078125      Successful search (ES-ell)        
    12         657         22370.6          3.9868       0.0078125      Successful search (ES-ell)        
    12         658           22357         5.13852       0.0078125      Successful search (ES-ell)        
    12         659         22337.3         7.39577       0.0078125      Successful search (ES-ell)        
    12         660           22333         9.35676       0.0078125      Successful search (ES-ell)        
    12         705           22333         9.35676      0.00390625          Refine grid             Train
    13         706         22396.4           3.972      0.00390625      Successful search (ES-ell)        
    13         708         22396.1         3.93964      0.00390625      Successful search (ES-ell)        
    13         709         22395.2         3.95293      0.00390625      Successful search (ES-ell)        
    13         710         22393.8         4.01497      0.00390625      Successful search (ES-ell)        
    13         711         22392.2         4.23208      0.00390625      Successful search (ES-ell)        
    13         712         22388.8         4.63207      0.00390625      Successful search (ES-ell)        
    13         713         22383.7         5.63123      0.00390625      Successful search (ES-ell)        
    13         714           22380         7.41839      0.00390625      Successful search (ES-ell)        
    13         715         22376.9          11.601      0.00390625      Successful search (ES-wcm)        
    13         755         22376.9          11.601      0.00195312          Refine grid             
    14         756         22393.6         3.67753      0.00195312      Successful search (ES-ell)        
    14         757         22393.2         3.66422      0.00195312      Successful search (ES-ell)        
    14         758         22392.1         3.68745      0.00195312      Successful search (ES-ell)        
    14         759         22390.8         3.79238      0.00195312      Successful search (ES-ell)        
    14         760         22389.7         3.96318      0.00195312      Successful search (ES-ell)        
    14         761         22389.4         4.33276      0.00195312      Successful search (ES-ell)        
    14         762         22385.7         4.81987      0.00195312      Successful search (ES-ell)        
    14         763         22378.8         6.01458      0.00195312      Successful search (ES-wcm)        
    14         764         22376.1         8.60812      0.00195312      Successful search (ES-wcm)        
    14         765         22375.7         11.8566      0.00195312      Successful search (ES-wcm)        
    14         806         22375.7         11.8566     0.000976562          Refine grid             
Optimization terminated: change in the function value less than options['tol_mesh']
Estimated function value at minimum: 22382.142737847917 ± 2.8812768201365406 (mean ± SEM from 100 samples)
BADS minimum at: x_min = [2.7120e-01 1.7751e+00 7.0083e+00 5.0000e+01 9.9481e+00 1.6023e+00
 3.8270e+00 8.0610e-01 7.0388e+00 2.7700e-02 3.1410e-01 3.1490e-01
 2.4540e-01], training NLL = 22382.1427
total f-count: 906, time: 50.36 min

 ------- Finish Optimization for Subject 25 ---------- 
Wed Jun 17 11:24:13 2026       
+---------------------------------------------------------------------------------------+
| NVIDIA-SMI 535.113.01             Driver Version: 535.113.01   CUDA Version: 12.2     |
|-----------------------------------------+----------------------+----------------------+
| GPU  Name                 Persistence-M | Bus-Id        Disp.A | Volatile Uncorr. ECC |
| Fan  Temp   Perf          Pwr:Usage/Cap |         Memory-Usage | GPU-Util  Compute M. |
|                                         |                      |               MIG M. |
|=========================================+======================+======================|
|   0  Tesla P100-PCIE-16GB           On  | 00000000:03:00.0 Off |                    0 |
| N/A   30C    P0              30W / 250W |      0MiB / 16384MiB |      0%      Default |
|                                         |                      |                  N/A |
+-----------------------------------------+----------------------+----------------------+
                                                                                         
+---------------------------------------------------------------------------------------+
| Processes:                                                                            |
|  GPU   GI   CI        PID   Type   Process name                            GPU Memory |
|        ID   ID                                                             Usage      |
|=======================================================================================|
|  No running processes found                                                           |
+---------------------------------------------------------------------------------------+
----------------------------------------
Start job epilogue Wed Jun 17 11:24:14 CEST 2026
----------------------------------------
Job ID:          53647880
Job Exit Code:   0:0
Username:        wenlou
Group:           mpla
Queue:           gpu
Compute nodes:   dccn-c043
Asked resources: walltime=1-00:00:00,nodes=1,cpus=8,mem=2G
Used resources:  cputime=5-23:06:16,walltime=17:53:17,memory=0
----------------------------------------
End job epilogue Wed Jun 17 11:24:14 CEST 2026
----------------------------------------
