device is : cuda
['base', '5', 'all', 'bads', '1']

 ------- Start Optimization for Subject 2 ---------- 

 Cross Validation fold 0/1

 -- Start Optimization: method BADS --

 Optimization Run 1/1
Initial params: [0.4333, 4.828, 7.318, 6.2173, -1.6343, 8.8974, 0.471, 45.5726, 4.2123, 0.1314, 0.9492, 0.5943]
bads:TooCloseBounds: For each variable, hard and plausible bounds should not be too close. Moving plausible bounds.
Variables (index) internally transformed to log coordinates: [[ 0  0]
 [ 0  3]
 [ 0  7]
 [ 0  8]
 [ 0  9]
 [ 0 10]
 [ 0 11]]
Beginning optimization of a STOCHASTIC objective function

 Iteration    f-count      E[f(x)]        SD[f(x)]           MeshScale          Method              Actions
     0           1         31806.7             nan               1                                  
     0          28           28512             nan               1          Initial mesh            Initial points
     0          33         27026.6        0.999945               1        Successful poll           Train
     1          38         25618.6        0.999899               1      Successful search (ES-wcm)        
     1          41         25452.4         0.99931               1      Successful search (ES-wcm)        
     1          44         25249.2        0.998893               1      Successful search (ES-ell)        
     1          57         25214.7        0.996877               1      Successful search (ES-wcm)        
     1          63         25156.1        0.997958               1      Successful search (ES-wcm)        
     1          67         24950.8        0.997919               1      Successful search (ES-wcm)        
     1          76         24523.5        0.997877               1      Successful search (ES-wcm)        
     1          78         23983.2        0.997831               1      Successful search (ES-wcm)        
     1          81         23784.2        0.942209               1      Successful search (ES-wcm)        
     1          83           23523        0.942209               1      Successful search (ES-wcm)        
     1          84         23336.3        0.942207               1      Successful search (ES-wcm)        
     1          87         23102.7        0.942209               1      Successful search (ES-wcm)        
     1          92         23087.3        0.942208               1      Successful search (ES-wcm)        
     1          98         22805.7        0.942208               1      Successful search (ES-wcm)        
     1          99         22644.3        0.942202               1      Successful search (ES-wcm)        
     1         106         22631.1        0.984792               1      Successful search (ES-wcm)        
     1         119         22625.3        0.984796               1      Successful search (ES-wcm)        
     1         125         22538.1         0.98477               1      Successful search (ES-ell)        
     1         127         22375.7        0.984768               1      Successful search (ES-ell)        
     1         130         20269.2         1.00329               1      Successful search (ES-ell)        
     1         132         19480.4         1.00328               1      Successful search (ES-ell)        
     1         138         19242.4          1.0032               1      Successful search (ES-ell)        
     1         148         19222.9         1.00136               1      Successful search (ES-ell)        
     1         150         19152.7         1.00212               1      Successful search (ES-ell)        
     1         151         19071.2         1.00253               1      Successful search (ES-ell)        
     1         153         18974.7         1.00321               1      Successful search (ES-wcm)        
     1         158         18739.6         1.03036               1      Successful search (ES-wcm)        
     1         176           18695         1.02839               1      Successful search (ES-wcm)        
     1         203         18443.9         1.31979               1        Successful poll           
     2         212         18357.4         1.31892               1      Successful search (ES-wcm)        
     2         223         18328.2          1.3154               1      Successful search (ES-wcm)        
     2         225         18297.1         1.31703               1      Successful search (ES-ell)        
     2         234         18246.6         1.31956               1      Successful search (ES-wcm)        
     2         246         18245.9         32.6439               1      Incremental search (ES-wcm)        
     2         264         18245.9         32.6439             0.5          Refine grid             
     3         268           18241         28.6676             0.5      Successful search (ES-wcm)        
     3         308           18241         28.6676            0.25          Refine grid             Train
     4         309         18189.6         32.5628            0.25      Successful search (ES-wcm)        
     4         311         18137.4         46.3064            0.25      Successful search (ES-wcm)        
     4         353         18137.4         46.3064           0.125          Refine grid             
     5         354         18191.1         39.0263           0.125      Successful search (ES-ell)        
     5         355         18177.7         40.4447           0.125      Successful search (ES-ell)        
     5         357         18157.3         41.7201           0.125      Successful search (ES-ell)        
     5         362           18142         34.6834           0.125      Successful search (ES-ell)        
     5         364         18122.8         37.4567           0.125      Successful search (ES-ell)        
     5         367         18074.1         38.6665           0.125      Successful search (ES-ell)        
     5         369         18072.5         37.7003           0.125      Successful search (ES-ell)        
     5         371         18035.6         35.4627           0.125      Successful search (ES-ell)        
     5         372         18029.3         35.9712           0.125      Successful search (ES-ell)        
     5         412         18029.3         35.9712          0.0625          Refine grid             
     6         413         18038.4         16.0451          0.0625      Successful search (ES-ell)        
     6         415         18016.2         17.9648          0.0625      Successful search (ES-ell)        
     6         416         17998.1         26.8594          0.0625      Successful search (ES-ell)        
     6         459         17998.1         26.8594         0.03125          Refine grid             
     7         460         18013.7         8.93104         0.03125      Successful search (ES-ell)        
     7         461         18009.8         16.5272         0.03125      Successful search (ES-ell)        
     7         462         18009.3         25.6523         0.03125      Successful search (ES-ell)        
     7         464         18003.4         22.0654         0.03125      Successful search (ES-ell)        
     7         465         17997.6         30.0522         0.03125      Successful search (ES-ell)        
     7         472         17990.4         13.1711         0.03125      Successful search (ES-wcm)        
     7         474         17986.1         14.3147         0.03125      Successful search (ES-wcm)        
     7         477         17985.6         11.2444         0.03125      Successful search (ES-wcm)        
     7         519         17985.6         11.2444        0.015625          Refine grid             
     8         520         17990.2         7.17163        0.015625      Successful search (ES-ell)        
     8         521         17985.2         9.89299        0.015625      Successful search (ES-ell)        
     8         534           17985         8.26847        0.015625      Successful search (ES-ell)        
     8         535         17984.2         9.76844        0.015625      Successful search (ES-ell)        
     8         536         17978.2         11.3332        0.015625      Successful search (ES-ell)        
     8         544         17978.2         11.2872        0.015625      Successful search (ES-ell)        
     8         556         17977.5         8.80875        0.015625      Successful search (ES-ell)        
     8         557         17968.1         10.8435        0.015625      Successful search (ES-ell)        
     8         603         17968.1         10.8435       0.0078125          Refine grid             
     9         604         17996.4         6.95217       0.0078125      Successful search (ES-ell)        
     9         605         17992.8         8.03611       0.0078125      Successful search (ES-ell)        
     9         606         17984.5         10.1943       0.0078125      Successful search (ES-ell)        
     9         607         17978.4          14.729       0.0078125      Successful search (ES-ell)        
     9         651         17978.4          14.729      0.00390625          Refine grid             
    10         687         18000.7         6.22177     0.000976562          Refine grid             Train
Optimization terminated: change in the function value less than options['tol_mesh']
Estimated function value at minimum: 18008.314447448534 ± 4.07623600139276 (mean ± SEM from 100 samples)
BADS minimum at: x_min = [1.4000e-03 4.1881e+00 5.3305e+00 8.9128e+00 5.8686e+00 9.3209e+00
 5.8300e-01 1.5960e+00 3.5172e+00 1.4120e+00 1.6242e+00 1.8370e-01], training NLL = 18008.3144
total f-count: 787, time: 36.2 min

 ------- Finish Optimization for Subject 2 ---------- 

 ------- Start Optimization for Subject 3 ---------- 

 Cross Validation fold 0/1

 -- Start Optimization: method BADS --

 Optimization Run 1/1
Initial params: [0.6732, 2.2985, 7.7989, 8.5092, -1.7026, 8.8912, 0.4094, 25.2307, 4.0312, 0.6158, 0.5817, 0.87]
bads:TooCloseBounds: For each variable, hard and plausible bounds should not be too close. Moving plausible bounds.
Variables (index) internally transformed to log coordinates: [[ 0  0]
 [ 0  3]
 [ 0  7]
 [ 0  8]
 [ 0  9]
 [ 0 10]
 [ 0 11]]
Beginning optimization of a STOCHASTIC objective function

 Iteration    f-count      E[f(x)]        SD[f(x)]           MeshScale          Method              Actions
     0           1         30969.8             nan               1                                  
     0          28         27464.6             nan               1          Initial mesh            Initial points
     0          41         26791.6         1.02168               1        Successful poll           Train
     1          46         26364.5         1.02163               1      Successful search (ES-wcm)        
     1          47         26243.3         1.02158               1      Successful search (ES-wcm)        
     1          54         26183.9        0.986374               1      Successful search (ES-wcm)        
     1          61         26005.7        0.986368               1      Successful search (ES-wcm)        
     1          62         25925.7        0.986354               1      Successful search (ES-wcm)        
     1          73         25849.6        0.986046               1      Successful search (ES-wcm)        
     1          74         25758.3        0.986177               1      Successful search (ES-wcm)        
     1          79         25576.8          1.0116               1      Successful search (ES-wcm)        
     1          81         25050.2          1.0116               1      Successful search (ES-wcm)        
     1          82           24527          1.0116               1      Successful search (ES-wcm)        
     1          83         24338.3          1.0116               1      Successful search (ES-wcm)        
     1          93         24215.9         1.01159               1      Successful search (ES-ell)        
     1         100         24208.9         1.00942               1      Successful search (ES-ell)        
     1         102         23885.1         1.01158               1      Successful search (ES-ell)        
     1         103         23870.8          1.0116               1      Successful search (ES-ell)        
     1         104         23515.2         1.01301               1      Successful search (ES-ell)        
     1         105         23213.1         1.01301               1      Successful search (ES-ell)        
     1         107         22753.8         1.01301               1      Successful search (ES-ell)        
     1         109         22650.5         1.01302               1      Successful search (ES-ell)        
     1         112         22641.3         1.01301               1      Successful search (ES-ell)        
     1         115         22512.8           1.013               1      Successful search (ES-ell)        
     1         122         22450.8         1.01227               1      Successful search (ES-ell)        
     1         136         22416.7        0.990524               1      Successful search (ES-wcm)        
     1         137         22416.4        0.991374               1      Incremental search (ES-wcm)        
     1         139         22266.9        0.992672               1      Successful search (ES-wcm)        
     1         142         22240.8        0.992671               1      Successful search (ES-ell)        
     1         143         21257.5        0.992664               1      Successful search (ES-wcm)        
     1         145         21129.2        0.992664               1      Successful search (ES-wcm)        
     1         150         21108.5        0.992643               1      Successful search (ES-wcm)        
     1         155         20938.4         1.02292               1      Successful search (ES-wcm)        
     1         156         20782.8         1.02292               1      Successful search (ES-wcm)        
     1         162         20267.6         1.02292               1      Successful search (ES-wcm)        
     1         167         20068.9         1.02292               1      Successful search (ES-wcm)        
     1         168         20042.5         1.02292               1      Successful search (ES-ell)        
     1         169         19942.5         1.02292               1      Successful search (ES-wcm)        
     1         170         19941.7         1.02292               1      Incremental search (ES-wcm)        
     1         178           19873         1.02288               1      Successful search (ES-wcm)        
     1         179         19792.6         1.03811               1      Successful search (ES-ell)        
     1         180         19632.8         1.03809               1      Successful search (ES-ell)        
     1         184         19561.7         1.03808               1      Successful search (ES-ell)        
     1         185         19348.4          1.0381               1      Successful search (ES-ell)        
     1         190           19254         1.03807               1      Successful search (ES-ell)        
     1         194         18777.9         1.03792               1      Successful search (ES-ell)        
     1         195         18472.1         1.03807               1      Successful search (ES-ell)        
     1         197         18318.7         1.03803               1      Successful search (ES-ell)        
     1         198         18276.2          1.0381               1      Successful search (ES-ell)        
     1         203           18210         1.03809               1      Successful search (ES-ell)        
     1         205         18044.9         1.03805               1      Successful search (ES-wcm)        
     1         208         18022.5         1.03805               1      Successful search (ES-wcm)        
     1         211         17989.4         1.03776               1      Successful search (ES-wcm)        
     1         212         17864.6         1.03777               1      Successful search (ES-wcm)        
     1         216         17818.2           1.038               1      Successful search (ES-wcm)        
     1         221         17728.4         1.03785               1      Successful search (ES-wcm)        
     1         232         17715.8         1.02483               1      Successful search (ES-wcm)        
     1         259         17715.8         1.02483             0.5          Refine grid             
     2         263         17694.8         1.15007             0.5      Successful search (ES-ell)        
     2         303         17694.8         1.15007            0.25          Refine grid             Train
     3         337         17695.2         1.04011           0.125          Refine grid             Train
     4         372         17720.9        0.904251          0.0625          Refine grid             Train
     5         382         17728.7        0.988112          0.0625      Successful search (ES-ell)        
     5         388         17676.6         1.06852          0.0625      Successful search (ES-ell)        
     5         431         17676.6         1.06852         0.03125          Refine grid             
     6         433         17700.1         1.06387         0.03125      Successful search (ES-ell)        
     6         434         17698.9         1.06995         0.03125      Successful search (ES-ell)        
     6         456           17636          7.3925          0.0625        Successful poll           
     7         457           17604         10.3802          0.0625      Successful search (ES-ell)        
     7         503           17604         10.3802         0.03125          Refine grid             Train
     8         539         17715.8          1.0706        0.015625          Refine grid             Train
     9         575         17715.8         1.07059       0.0078125          Refine grid             Train
    10         576         17748.2        0.932391       0.0078125      Successful search (ES-ell)        
    10         577         17747.7         1.03544       0.0078125      Successful search (ES-ell)        
    10         588         17743.4        0.961717       0.0078125      Successful search (ES-wcm)        
    10         635         17743.4        0.961717      0.00390625          Refine grid             
    11         636         17765.8        0.587327      0.00390625      Successful search (ES-wcm)        
    11         683         17765.8        0.587327      0.00195312          Refine grid             
    12         684         17778.5        0.394934      0.00195312      Successful search (ES-wcm)        
    12         685         17773.8        0.500209      0.00195312      Successful search (ES-ell)        
    12         731         17773.8        0.500209     0.000976562          Refine grid             
Optimization terminated: change in the function value less than options['tol_mesh']
Estimated function value at minimum: 17803.52665733321 ± 4.131858439110263 (mean ± SEM from 100 samples)
BADS minimum at: x_min = [1.5951e+00 4.5674e+00 5.0961e+00 7.9175e+00 5.3613e+00 5.7533e+01
 4.0390e-01 2.6632e+00 2.1800e-02 4.6130e-01 1.7149e+00 2.0690e-01], training NLL = 17803.5267
total f-count: 831, time: 37.9 min

 ------- Finish Optimization for Subject 3 ---------- 

 ------- Start Optimization for Subject 5 ---------- 

 Cross Validation fold 0/1

 -- Start Optimization: method BADS --

 Optimization Run 1/1
Initial params: [0.6268, 8.152, 5.5168, 6.753, 2.1292, 12.6321, 0.427, 29.236, 1.4749, 0.8356, 0.7815, 0.8017]
bads:TooCloseBounds: For each variable, hard and plausible bounds should not be too close. Moving plausible bounds.
Variables (index) internally transformed to log coordinates: [[ 0  0]
 [ 0  3]
 [ 0  7]
 [ 0  8]
 [ 0  9]
 [ 0 10]
 [ 0 11]]
Beginning optimization of a STOCHASTIC objective function

 Iteration    f-count      E[f(x)]        SD[f(x)]           MeshScale          Method              Actions
     0           1         31193.3             nan               1                                  
     0          28           28760             nan               1          Initial mesh            Initial points
     0          29         28608.8        0.999859               1        Successful poll           Train
     1          30         27745.2        0.999864               1      Successful search (ES-wcm)        
     1          32         26886.1        0.999852               1      Successful search (ES-wcm)        
     1          33         26023.8        0.999851               1      Successful search (ES-wcm)        
     1          35         23454.2        0.999858               1      Successful search (ES-ell)        
     1          37           22869        0.999859               1      Successful search (ES-ell)        
     1          42         22395.4        0.999828               1      Successful search (ES-wcm)        
     1          47         22221.3        0.999531               1      Successful search (ES-ell)        
     1          50         21679.1        0.999427               1      Successful search (ES-ell)        
     1          53         21383.6        0.999116               1      Successful search (ES-wcm)        
     1          54         21307.4         1.02165               1      Successful search (ES-ell)        
     1          62         20893.7         1.02156               1      Successful search (ES-wcm)        
     1          63         20650.5         1.02162               1      Successful search (ES-wcm)        
     1          64         20585.3          1.0216               1      Successful search (ES-wcm)        
     1          70         20413.7         1.02159               1      Successful search (ES-wcm)        
     1          77         20405.4         1.01894               1      Successful search (ES-wcm)        
     1          85         20394.7         1.01734               1      Successful search (ES-wcm)        
     1         114         19811.4         1.08874               1        Successful poll           Train
     2         126         19807.5         1.08834               1      Successful search (ES-wcm)        
     2         136         19778.8         1.10822               1      Successful search (ES-wcm)        
     2         148         19693.4         1.10599               1      Successful search (ES-wcm)        
     2         177         19693.4         1.10599             0.5          Refine grid             
     3         198         19691.5        0.628236               1        Successful poll           
     4         201         19652.3          1.1126               1      Successful search (ES-wcm)        
     4         203         19527.6         1.11258               1      Successful search (ES-ell)        
     4         209         19501.3         1.16336               1      Successful search (ES-ell)        
     4         210         19480.5         1.16337               1      Successful search (ES-ell)        
     4         212         19471.1         1.16338               1      Successful search (ES-ell)        
     4         217         19306.7         1.16337               1      Successful search (ES-ell)        
     4         219         18702.2         1.16337               1      Successful search (ES-ell)        
     4         222         18602.3         1.16337               1      Successful search (ES-ell)        
     4         229         18332.3         1.27603               1      Successful search (ES-ell)        
     4         240           18329         1.27588               1      Successful search (ES-ell)        
     4         245         18263.8           1.274               1      Successful search (ES-ell)        
     4         252         18241.1         1.27593               1      Successful search (ES-ell)        
     4         269         18203.2          1.2536               1      Successful search (ES-ell)        
     4         294         18203.2          1.2536             0.5          Refine grid             
     5         295         18090.1         46.7497             0.5      Successful search (ES-wcm)        
     5         300           18088         42.7802             0.5      Successful search (ES-wcm)        
     5         303         18054.7         41.9951             0.5      Successful search (ES-wcm)        
     5         312         18049.5          35.013             0.5      Successful search (ES-wcm)        
     5         313         17997.2         34.2683             0.5      Successful search (ES-wcm)        
     5         351         17993.9         39.1736               1        Successful poll           Train
     6         353         17909.4         46.1414               1      Successful search (ES-ell)        
     6         358         17851.3          44.019               1      Successful search (ES-ell)        
     6         361         17773.4         44.7886               1      Successful search (ES-ell)        
     6         389         17773.4         44.7886             0.5          Refine grid             
     7         393         17776.1         30.4128             0.5      Successful search (ES-ell)        
     7         431         17776.1         30.4128            0.25          Refine grid             
     8         434           17790          29.217            0.25      Successful search (ES-wcm)        
     8         437         17783.5         29.3438            0.25      Successful search (ES-wcm)        
     8         440         17775.9         22.7455            0.25      Successful search (ES-wcm)        
     8         441         17760.6          28.683            0.25      Successful search (ES-wcm)        
     8         446         17751.8          28.104            0.25      Successful search (ES-wcm)        
     8         458         17744.4         21.9072            0.25      Successful search (ES-wcm)        
     8         502         17744.4         21.9072           0.125          Refine grid             
     9         504         17742.7         16.3658           0.125      Successful search (ES-wcm)        
     9         505         17725.3         31.9608           0.125      Successful search (ES-wcm)        
     9         508         17717.4         24.7068           0.125      Successful search (ES-wcm)        
     9         511         17714.5         19.7065           0.125      Successful search (ES-wcm)        
     9         513         17713.5         22.3571           0.125      Successful search (ES-ell)        
     9         515           17693         26.5864           0.125      Successful search (ES-ell)        
     9         520           17681         16.4244           0.125      Successful search (ES-wcm)        
     9         527         17665.3         14.5799           0.125      Successful search (ES-wcm)        
     9         529         17664.1         16.9375           0.125      Successful search (ES-wcm)        
     9         573         17664.1         16.9375          0.0625          Refine grid             
    10         574         17706.5         8.97052          0.0625      Successful search (ES-wcm)        
    10         575         17695.9         17.9468          0.0625      Successful search (ES-wcm)        
    10         620         17695.9         17.9468         0.03125          Refine grid             
    11         621         17711.2         7.17328         0.03125      Successful search (ES-wcm)        
    11         622         17702.5          9.1962         0.03125      Successful search (ES-wcm)        
    11         623           17688          12.855         0.03125      Successful search (ES-ell)        
    11         625           17687         20.0563         0.03125      Successful search (ES-wcm)        
    11         641         17679.9          9.0741         0.03125      Successful search (ES-wcm)        
    11         642         17676.9         8.87171         0.03125      Successful search (ES-wcm)        
    11         643         17674.9         8.70456         0.03125      Successful search (ES-wcm)        
    11         645         17665.6         8.50271         0.03125      Successful search (ES-wcm)        
    11         646         17631.2         12.8969         0.03125      Successful search (ES-wcm)        
    11         648         17507.1         11.8757         0.03125      Successful search (ES-ell)        
    11         649         17447.8         14.8465         0.03125      Successful search (ES-ell)        
    11         692         17447.8         14.8465        0.015625          Refine grid             
    12         693           17730         8.33623        0.015625      Successful search (ES-ell)        
    12         694         17715.7         9.91475        0.015625      Successful search (ES-ell)        
    12         695         17694.8         12.6277        0.015625      Successful search (ES-ell)        
    12         697         17689.1         13.9045        0.015625      Successful search (ES-ell)        
    12         699         17681.1         15.5528        0.015625      Successful search (ES-ell)        
    12         702         17648.1         13.5726        0.015625      Successful search (ES-ell)        
    12         703         17497.6         14.2224        0.015625      Successful search (ES-ell)        
    12         704         17486.5         16.2144        0.015625      Successful search (ES-ell)        
    12         740         17486.5         16.2144       0.0078125          Refine grid             
    13         741         17731.4         7.49418       0.0078125      Successful search (ES-ell)        
    13         742         17726.4         7.34142       0.0078125      Successful search (ES-ell)        
    13         743         17721.7         7.22312       0.0078125      Successful search (ES-ell)        
    13         744         17713.8         8.44752       0.0078125      Successful search (ES-ell)        
    13         745         17707.9         10.2374       0.0078125      Successful search (ES-ell)        
    13         747         17702.8         13.0397       0.0078125      Successful search (ES-ell)        
    13         755         17702.3         9.92784       0.0078125      Successful search (ES-ell)        
    13         759         17701.4         9.11311       0.0078125      Successful search (ES-ell)        
    13         780         17696.2         8.62962        0.015625        Successful poll           
    14         781         17597.9         8.83474        0.015625      Successful search (ES-ell)        
    14         782         17500.9         10.9858        0.015625      Successful search (ES-ell)        
    14         783         17410.4          13.959        0.015625      Successful search (ES-ell)        
    14         828         17410.4          13.959       0.0078125          Refine grid             Train
    15         829         17687.4         7.14017       0.0078125      Successful search (ES-ell)        
    15         830           17684         8.01566       0.0078125      Successful search (ES-ell)        
    15         831         17679.8         11.0666       0.0078125      Successful search (ES-ell)        
    15         832         17674.5         14.3797       0.0078125      Successful search (ES-ell)        
    15         876         17674.5         14.3797      0.00390625          Refine grid             
    16         877         17694.5         7.16691      0.00390625      Successful search (ES-ell)        
    16         878         17689.2         7.79078      0.00390625      Successful search (ES-ell)        
    16         879         17685.2          9.3279      0.00390625      Successful search (ES-ell)        
    16         880         17672.8         11.7229      0.00390625      Successful search (ES-ell)        
    16         881         17669.2         15.9611      0.00390625      Successful search (ES-ell)        
    16         922           17665         8.01366       0.0078125        Successful poll           
    17         923         17651.1         8.79372       0.0078125      Successful search (ES-wcm)        
    17         924         17616.1         9.24177       0.0078125      Successful search (ES-ell)        
    17         925         17579.4         10.3273       0.0078125      Successful search (ES-ell)        
    17         926         17542.1         14.1102       0.0078125      Successful search (ES-ell)        
    17         927           17515         17.6416       0.0078125      Successful search (ES-ell)        
    17         970           17515         17.6416      0.00390625          Refine grid             Train
    18         971         17697.4          6.0306      0.00390625      Successful search (ES-wcm)        
    18         972         17692.2         7.47612      0.00390625      Successful search (ES-ell)        
    18         973         17689.5         9.78469      0.00390625      Successful search (ES-ell)        
    18         974         17680.7         12.6987      0.00390625      Successful search (ES-wcm)        
    18         975         17680.1         18.2213      0.00390625      Successful search (ES-wcm)        
    18        1018         17680.1         18.2213      0.00195312          Refine grid             Train
    19        1054           17706          8.7952     0.000976562          Refine grid             Train
Optimization terminated: change in the function value less than options['tol_mesh']
Estimated function value at minimum: 17690.96681079005 ± 4.576903248704248 (mean ± SEM from 100 samples)
BADS minimum at: x_min = [ 1.7421  6.8055  5.6785 10.9022  7.5968 11.8076  0.4461  2.2615  0.6602
  0.1814  1.7183  0.2025], training NLL = 17690.9668
total f-count: 1154, time: 53.0 min

 ------- Finish Optimization for Subject 5 ---------- 

 ------- Start Optimization for Subject 6 ---------- 

 Cross Validation fold 0/1

 -- Start Optimization: method BADS --

 Optimization Run 1/1
Initial params: [1.6444, 5.8311, 9.7788, 8.8621, -2.1732, 27.0086, 0.6231, 6.8327, 1.2964, 0.6656, 0.1496, 0.4801]
bads:TooCloseBounds: For each variable, hard and plausible bounds should not be too close. Moving plausible bounds.
Variables (index) internally transformed to log coordinates: [[ 0  0]
 [ 0  3]
 [ 0  7]
 [ 0  8]
 [ 0  9]
 [ 0 10]
 [ 0 11]]
Beginning optimization of a STOCHASTIC objective function

 Iteration    f-count      E[f(x)]        SD[f(x)]           MeshScale          Method              Actions
     0           1         30896.9             nan               1                                  
     0          28         27249.4             nan               1          Initial mesh            Initial points
     0          36         23442.6               1               1        Successful poll           Train
     1          41         23252.9        0.999925               1      Successful search (ES-wcm)        
     1          42         22524.8        0.999968               1      Successful search (ES-wcm)        
     1          44         21641.3        0.999926               1      Successful search (ES-wcm)        
     1          48         21094.5        0.999884               1      Successful search (ES-wcm)        
     1          50         20746.6        0.999968               1      Successful search (ES-wcm)        
     1          52         20542.6        0.999874               1      Successful search (ES-wcm)        
     1          58         20262.3        0.938933               1      Successful search (ES-wcm)        
     1          60         20215.5        0.938934               1      Successful search (ES-wcm)        
     1          63           20089        0.938933               1      Successful search (ES-ell)        
     1          64         19842.5        0.938931               1      Successful search (ES-ell)        
     1          67           19732        0.938917               1      Successful search (ES-ell)        
     1          70         19628.8        0.938883               1      Successful search (ES-ell)        
     1          76         19246.7        0.938802               1      Successful search (ES-ell)        
     1          77         18908.2        0.938901               1      Successful search (ES-ell)        
     1          78         18852.4        0.938923               1      Successful search (ES-ell)        
     1          84         18775.1         1.00607               1      Successful search (ES-ell)        
     1          92         18547.7         1.00615               1      Successful search (ES-wcm)        
     1          93         18230.7         1.00614               1      Successful search (ES-wcm)        
     1          97         17814.4         1.00629               1      Successful search (ES-ell)        
     1         103         17661.1          1.0061               1      Successful search (ES-wcm)        
     1         106         17234.2        0.972368               1      Successful search (ES-wcm)        
     1         126         17179.2        0.971154               1        Successful poll           
     2         131         17153.5          1.1989               1      Successful search (ES-wcm)        
     2         136         17061.1         1.19875               1      Successful search (ES-wcm)        
     2         138         16966.5         1.19815               1      Successful search (ES-wcm)        
     2         165         16966.5         1.19815             0.5          Refine grid             Train
     3         169           17141         1.19867             0.5      Successful search (ES-wcm)        
     3         171         17082.1         1.19883             0.5      Successful search (ES-wcm)        
     3         175         17078.2         1.19675             0.5      Successful search (ES-wcm)        
     3         176           17040          1.1976             0.5      Successful search (ES-wcm)        
     3         188         17009.4         1.70563             0.5      Successful search (ES-wcm)        
     3         190         16909.9         1.71187             0.5      Successful search (ES-ell)        
     3         208         16830.1         1.71109             0.5      Successful search (ES-ell)        
     3         244         16830.1         1.71109            0.25          Refine grid             
     4         246         16877.9         24.2605            0.25      Successful search (ES-ell)        
     4         247         16870.7         31.1595            0.25      Successful search (ES-ell)        
     4         257         16860.1         28.0584            0.25      Successful search (ES-ell)        
     4         260           16843         25.1741            0.25      Successful search (ES-wcm)        
     4         301           16843         25.1741           0.125          Refine grid             
     5         302         16874.3         33.1758           0.125      Successful search (ES-wcm)        
     5         305         16841.5         23.5135           0.125      Successful search (ES-wcm)        
     5         315         16838.6         26.3818           0.125      Successful search (ES-ell)        
     5         360         16838.6         26.3818          0.0625          Refine grid             
     6         361         16825.7         9.82538          0.0625      Successful search (ES-wcm)        
     6         362           16795         17.5897          0.0625      Successful search (ES-wcm)        
     6         364           16791         16.5702          0.0625      Successful search (ES-wcm)        
     6         408           16791         16.5702         0.03125          Refine grid             Train
     7         409         16808.2         7.49909         0.03125      Successful search (ES-ell)        
     7         410         16790.1         10.6675         0.03125      Successful search (ES-ell)        
     7         411         16781.3         17.9106         0.03125      Successful search (ES-wcm)        
     7         413         16765.9         15.9102         0.03125      Successful search (ES-ell)        
     7         414         16755.1          18.772         0.03125      Successful search (ES-ell)        
     7         456         16755.1          18.772        0.015625          Refine grid             
     8         457           16790         6.13448        0.015625      Successful search (ES-ell)        
     8         458           16786         7.30327        0.015625      Successful search (ES-ell)        
     8         459         16778.2         10.1253        0.015625      Successful search (ES-ell)        
     8         460         16774.5         14.7759        0.015625      Successful search (ES-ell)        
     8         469         16772.1         9.74085        0.015625      Successful search (ES-ell)        
     8         516         16772.1         9.74085       0.0078125          Refine grid             
     9         520         16779.3         4.16955       0.0078125      Successful search (ES-wcm)        
     9         521         16778.5         4.31924       0.0078125      Successful search (ES-wcm)        
     9         522         16777.1         4.56692       0.0078125      Successful search (ES-wcm)        
     9         523         16776.8         4.90353       0.0078125      Successful search (ES-wcm)        
     9         524         16776.4         5.60895       0.0078125      Successful search (ES-wcm)        
     9         564         16776.4         5.60895      0.00390625          Refine grid             
    10         565           16779         4.10427      0.00390625      Successful search (ES-wcm)        
    10         566         16778.2         4.39515      0.00390625      Successful search (ES-wcm)        
    10         568         16777.5         4.52783      0.00390625      Successful search (ES-ell)        
    10         569         16774.1         5.20237      0.00390625      Successful search (ES-ell)        
    10         580         16745.7         4.08361      0.00390625      Successful search (ES-ell)        
    10         581         16731.8          4.0709      0.00390625      Successful search (ES-ell)        
    10         582         16714.5          4.0729      0.00390625      Successful search (ES-ell)        
    10         583         16665.9         4.16776      0.00390625      Successful search (ES-ell)        
    10         584         16603.7         4.19958      0.00390625      Successful search (ES-ell)        
    10         585         16509.4         4.30586      0.00390625      Successful search (ES-ell)        
    10         586         16390.6         4.37488      0.00390625      Successful search (ES-ell)        
    10         587         16242.1         5.33277      0.00390625      Successful search (ES-ell)        
    10         588         16015.9           6.132      0.00390625      Successful search (ES-ell)        
    10         589         16006.1         6.19203      0.00390625      Successful search (ES-ell)        
    10         590         15972.8         6.10206      0.00390625      Successful search (ES-ell)        
    10         591         15918.7          6.1549      0.00390625      Successful search (ES-ell)        
    10         592         15820.2         6.95565      0.00390625      Successful search (ES-wcm)        
    10         636         15820.2         6.95565      0.00195312          Refine grid             Train
    11         672         16778.6          3.2711     0.000488281          Refine grid             Train
Optimization terminated: change in the function value less than options['tol_mesh']
Estimated function value at minimum: 16777.310846609067 ± 3.5667936821753967 (mean ± SEM from 100 samples)
BADS minimum at: x_min = [ 2.0593e+00  2.7841e+00  3.8153e+00  9.7900e-02 -3.3380e-01  5.7893e+00
  5.2930e-01  1.7189e+00  9.6220e-01  3.9000e-03  1.0065e+00  2.3570e-01], training NLL = 16777.3108
total f-count: 772, time: 35.34 min

 ------- Finish Optimization for Subject 6 ---------- 

 ------- Start Optimization for Subject 11 ---------- 

 Cross Validation fold 0/1

 -- Start Optimization: method BADS --

 Optimization Run 1/1
Initial params: [0.2384, 5.5218, 6.3976, 14.1309, 1.4917, 22.9645, 0.3673, 31.6178, 3.9808, 0.5948, 0.6325, 0.7305]
bads:TooCloseBounds: For each variable, hard and plausible bounds should not be too close. Moving plausible bounds.
Variables (index) internally transformed to log coordinates: [[ 0  0]
 [ 0  3]
 [ 0  7]
 [ 0  8]
 [ 0  9]
 [ 0 10]
 [ 0 11]]
Beginning optimization of a STOCHASTIC objective function

 Iteration    f-count      E[f(x)]        SD[f(x)]           MeshScale          Method              Actions
     0           1         31341.2             nan               1                                  
     0          28         27731.3             nan               1          Initial mesh            Initial points
     0          29         27583.5        0.999965               1        Successful poll           Train
     1          31         27250.1        0.999962               1      Successful search (ES-wcm)        
     1          32         26807.5        0.999964               1      Successful search (ES-wcm)        
     1          33         26054.1        0.999968               1      Successful search (ES-wcm)        
     1          34         25370.7        0.999968               1      Successful search (ES-wcm)        
     1          38         25083.9        0.999949               1      Successful search (ES-wcm)        
     1          39         24598.9        0.999963               1      Successful search (ES-wcm)        
     1          42         24349.9        0.999957               1      Successful search (ES-wcm)        
     1          45         23861.8        0.999707               1      Successful search (ES-wcm)        
     1          47           23582        0.999668               1      Successful search (ES-wcm)        
     1          50         23552.6        0.999252               1      Successful search (ES-wcm)        
     1          52         23463.6        0.999403               1      Successful search (ES-wcm)        
     1          53           23443        0.998085               1      Successful search (ES-wcm)        
     1          57           23214         1.00148               1      Successful search (ES-wcm)        
     1          60         23164.3         1.00139               1      Successful search (ES-wcm)        
     1          74         23114.6        0.997858               1      Successful search (ES-wcm)        
     1          76         23084.7        0.995874               1      Successful search (ES-wcm)        
     1          96         23047.4        0.994838               1        Successful poll           
     2         118         19620.1        0.985006               1        Successful poll           
     3         119         19519.3        0.985007               1      Successful search (ES-wcm)        
     3         120         19501.6        0.985006               1      Successful search (ES-ell)        
     3         121         19393.9        0.985005               1      Successful search (ES-ell)        
     3         124         19052.9        0.985006               1      Successful search (ES-ell)        
     3         125         18882.5        0.985003               1      Successful search (ES-ell)        
     3         126         18717.5        0.985004               1      Successful search (ES-wcm)        
     3         130         18568.7         15.0719               1      Successful search (ES-wcm)        
     3         131         18523.1          15.063               1      Successful search (ES-wcm)        
     3         132           18482          15.033               1      Successful search (ES-wcm)        
     3         142         18396.9         14.5171               1      Successful search (ES-wcm)        
     3         148         18369.8         14.0672               1      Successful search (ES-ell)        
     3         154           18356         23.4728               1      Successful search (ES-ell)        
     3         182           18356         23.4728             0.5          Refine grid             Train
     4         186         18308.4         20.5502             0.5      Successful search (ES-ell)        
     4         187         18292.1         26.4647             0.5      Successful search (ES-ell)        
     4         190         18289.8         27.5147             0.5      Successful search (ES-wcm)        
     4         227         18110.1         29.2152               1        Successful poll           
     5         230         18099.9         30.5913               1      Incremental search (ES-wcm)        
     5         235         17994.4         29.8758               1      Successful search (ES-wcm)        
     5         247           17982         28.7245               1      Successful search (ES-wcm)        
     5         251           17979         23.8584               1      Successful search (ES-ell)        
     5         256           17969         34.1824               1      Successful search (ES-ell)        
     5         289           17969         34.1824             0.5          Refine grid             
     6         291         18013.7         27.4486             0.5      Successful search (ES-ell)        
     6         301         18003.6         20.2964             0.5      Successful search (ES-ell)        
     6         304         17902.1         42.5902             0.5      Successful search (ES-ell)        
     6         306         17891.7         47.9827             0.5      Successful search (ES-ell)        
     6         317         17833.9         35.5966             0.5      Successful search (ES-wcm)        
     6         320         17791.3         33.8757             0.5      Successful search (ES-wcm)        
     6         358         17791.3         33.8757            0.25          Refine grid             
     7         376         17735.7         45.6261             0.5        Successful poll           
     8         409         17750.5         44.4697            0.25          Refine grid             
     9         410         17708.8         42.1372            0.25      Successful search (ES-wcm)        
     9         455         17708.8         42.1372           0.125          Refine grid             Train
    10         456         17726.4          26.563           0.125      Successful search (ES-wcm)        
    10         457         17699.5         30.9267           0.125      Successful search (ES-wcm)        
    10         503         17699.5         30.9267          0.0625          Refine grid             
    11         504         17711.4         13.3913          0.0625      Successful search (ES-ell)        
    11         551         17711.4         13.3913         0.03125          Refine grid             
    12         552         17735.7         10.6192         0.03125      Successful search (ES-wcm)        
    12         554         17735.5         15.3726         0.03125      Successful search (ES-wcm)        
    12         557         17734.9         14.0037         0.03125      Successful search (ES-ell)        
    12         559         17733.4         13.8801         0.03125      Successful search (ES-ell)        
    12         599         17733.4         13.8801        0.015625          Refine grid             
    13         600         17760.6         5.26862        0.015625      Successful search (ES-wcm)        
    13         601         17742.9         6.83524        0.015625      Successful search (ES-ell)        
    13         602         17730.3         9.44751        0.015625      Successful search (ES-ell)        
    13         647         17730.3         9.44751       0.0078125          Refine grid             Train
    14         648         17770.7         5.69109       0.0078125      Successful search (ES-ell)        
    14         649           17769         6.24988       0.0078125      Successful search (ES-ell)        
    14         650         17763.5         8.05491       0.0078125      Successful search (ES-ell)        
    14         651         17760.6         10.8156       0.0078125      Successful search (ES-ell)        
    14         652         17759.1         14.7064       0.0078125      Successful search (ES-ell)        
    14         692         17746.7         20.8357        0.015625        Successful poll           Train
    15         693         17768.1         7.80985        0.015625      Successful search (ES-ell)        
    15         694         17750.2         11.2098        0.015625      Successful search (ES-ell)        
    15         695         17745.9         15.6882        0.015625      Successful search (ES-ell)        
    15         696         17745.5         21.5853        0.015625      Successful search (ES-ell)        
    15         740         17745.5         21.5853       0.0078125          Refine grid             
    16         741           17776         8.97993       0.0078125      Successful search (ES-ell)        
    16         742           17767         9.48913       0.0078125      Successful search (ES-ell)        
    16         743         17763.4          11.174       0.0078125      Successful search (ES-ell)        
    16         788         17763.4          11.174      0.00390625          Refine grid             
    17         824         17739.8          15.025     0.000976562          Refine grid             Train
Optimization terminated: change in the function value less than options['tol_mesh']
Estimated function value at minimum: 17774.1423087958 ± 4.4314129671159295 (mean ± SEM from 100 samples)
BADS minimum at: x_min = [ 0.5901  4.4632  4.6902  0.2992  0.1642 10.1273  0.4256  2.0288  0.4508
  1.2454  1.2762  0.2498], training NLL = 17774.1423
total f-count: 924, time: 42.33 min

 ------- Finish Optimization for Subject 11 ---------- 

 ------- Start Optimization for Subject 15 ---------- 

 Cross Validation fold 0/1

 -- Start Optimization: method BADS --

 Optimization Run 1/1
Initial params: [0.1813, 9.5023, 6.761, 13.1745, 1.8548, 26.8305, 0.3202, 36.6035, 1.5003, 0.0892, 0.6107, 0.0411]
bads:TooCloseBounds: For each variable, hard and plausible bounds should not be too close. Moving plausible bounds.
Variables (index) internally transformed to log coordinates: [[ 0  0]
 [ 0  3]
 [ 0  7]
 [ 0  8]
 [ 0  9]
 [ 0 10]
 [ 0 11]]
Beginning optimization of a STOCHASTIC objective function

 Iteration    f-count      E[f(x)]        SD[f(x)]           MeshScale          Method              Actions
     0           1         30126.3             nan               1                                  
     0          28         26732.4             nan               1          Initial mesh            Initial points
     0          37         25388.2        0.999923               1        Successful poll           Train
     1          38         19083.1        0.999921               1      Successful search (ES-wcm)        
     1          40         19043.6        0.999896               1      Successful search (ES-wcm)        
     1          48         18834.1        0.997174               1      Successful search (ES-ell)        
     1          52         18570.6        0.999352               1      Successful search (ES-wcm)        
     1          61           18540         1.00563               1      Successful search (ES-wcm)        
     1          79           17665         1.02055               1        Successful poll           Train
     2          80         17545.4         1.02055               1      Successful search (ES-wcm)        
     2          82         17526.3         1.02055               1      Successful search (ES-wcm)        
     2          92         17462.3         1.02054               1      Successful search (ES-wcm)        
     2          99         17372.3         1.02046               1      Successful search (ES-ell)        
     2         101         17317.4          1.0204               1      Successful search (ES-ell)        
     2         103         17265.5         1.02019               1      Successful search (ES-ell)        
     2         104         17243.1         1.01039               1      Successful search (ES-wcm)        
     2         106           17164         1.01039               1      Successful search (ES-ell)        
     2         112         17154.7         1.01033               1      Successful search (ES-ell)        
     2         118         17061.5         1.01036               1      Successful search (ES-ell)        
     2         121         17016.8         1.01033               1      Successful search (ES-ell)        
     2         123         16960.1         1.01039               1      Successful search (ES-wcm)        
     2         125           16917         1.01039               1      Successful search (ES-wcm)        
     2         126         16905.1         1.01039               1      Successful search (ES-ell)        
     2         128         16854.2         1.01039               1      Successful search (ES-wcm)        
     2         130         16764.2          1.0196               1      Successful search (ES-ell)        
     2         134         16711.6         1.01959               1      Successful search (ES-ell)        
     2         138         16615.8         1.01955               1      Successful search (ES-ell)        
     2         144           16562         1.01945               1      Successful search (ES-ell)        
     2         155         16555.2         35.7239               1      Successful search (ES-ell)        
     2         189         16555.2         35.7239             0.5          Refine grid             Train
     3         190         16615.8          37.054             0.5      Successful search (ES-ell)        
     3         192         16591.9         36.4468             0.5      Successful search (ES-ell)        
     3         193         16561.1         44.4969             0.5      Successful search (ES-ell)        
     3         231         16561.1         44.4969            0.25          Refine grid             
     4         232         16609.7         34.3969            0.25      Successful search (ES-wcm)        
     4         234         16599.1         38.6781            0.25      Successful search (ES-wcm)        
     4         235           16582         44.3145            0.25      Successful search (ES-wcm)        
     4         238         16566.3         36.2533            0.25      Successful search (ES-ell)        
     4         239         16533.6         38.4776            0.25      Successful search (ES-ell)        
     4         276         16495.8         39.4839             0.5        Successful poll           
     5         301         16524.5         34.3948               1        Successful poll           Train
     6         330         16502.6         30.5032             0.5          Refine grid             Train
     7         331         16549.5         22.2372             0.5      Successful search (ES-ell)        
     7         373         16549.5         22.2372            0.25          Refine grid             Train
     8         374           16589         14.0949            0.25      Successful search (ES-ell)        
     8         375         16570.9         19.5064            0.25      Successful search (ES-ell)        
     8         387           16551         9.91049            0.25      Successful search (ES-wcm)        
     8         390         16537.4         11.0235            0.25      Successful search (ES-wcm)        
     8         392         16528.7         13.8089            0.25      Successful search (ES-wcm)        
     8         398         16517.2         14.3386            0.25      Successful search (ES-wcm)        
     8         410         16515.7          11.473            0.25      Successful search (ES-ell)        
     8         411         16508.6         19.1908            0.25      Successful search (ES-ell)        
     8         424         16377.6          9.6518            0.25      Successful search (ES-ell)        
     8         425         16246.4         13.4737            0.25      Successful search (ES-ell)        
     8         467         16246.4         13.4737           0.125          Refine grid             
     9         468         16567.1         7.62193           0.125      Successful search (ES-ell)        
     9         469         16552.1         10.2896           0.125      Successful search (ES-ell)        
     9         470         16550.3         15.3581           0.125      Successful search (ES-ell)        
     9         471         16532.4         22.0787           0.125      Successful search (ES-ell)        
     9         472         16530.7         27.9329           0.125      Successful search (ES-ell)        
     9         473         16508.8         28.9044           0.125      Successful search (ES-ell)        
     9         513         16508.8         28.9044          0.0625          Refine grid             
    10         514         16561.9         8.13659          0.0625      Successful search (ES-ell)        
    10         515         16551.9         8.87694          0.0625      Successful search (ES-ell)        
    10         516         16540.3         9.33458          0.0625      Successful search (ES-ell)        
    10         517         16532.2         10.5765          0.0625      Successful search (ES-ell)        
    10         519         16521.2         12.2604          0.0625      Successful search (ES-ell)        
    10         520         16516.3         18.1678          0.0625      Successful search (ES-wcm)        
    10         522         16495.9         14.2308          0.0625      Successful search (ES-wcm)        
    10         558         16495.9         14.2308         0.03125          Refine grid             Train
    11         559         16540.2         5.40325         0.03125      Successful search (ES-wcm)        
    11         560         16537.6         5.12391         0.03125      Successful search (ES-wcm)        
    11         561         16527.9         5.06763         0.03125      Successful search (ES-wcm)        
    11         562           16513         6.17603         0.03125      Successful search (ES-wcm)        
    11         563         16494.1         7.99191         0.03125      Successful search (ES-ell)        
    11         564           16478         12.8485         0.03125      Successful search (ES-ell)        
    11         604           16478         12.8485        0.015625          Refine grid             
    12         605         16542.9         5.43039        0.015625      Successful search (ES-ell)        
    12         606         16537.1         5.74563        0.015625      Successful search (ES-ell)        
    12         607         16535.2         5.82098        0.015625      Successful search (ES-ell)        
    12         608         16532.9          5.8646        0.015625      Successful search (ES-wcm)        
    12         609         16530.4         6.20858        0.015625      Successful search (ES-wcm)        
    12         610         16527.6         6.94489        0.015625      Successful search (ES-wcm)        
    12         614         16526.3         6.82072        0.015625      Successful search (ES-ell)        
    12         615         16524.9          7.0867        0.015625      Successful search (ES-ell)        
    12         616         16521.3         8.11881        0.015625      Successful search (ES-ell)        
    12         617           16519         8.08871        0.015625      Successful search (ES-ell)        
    12         661           16519         8.08871       0.0078125          Refine grid             
    13         662         16538.6         5.33635       0.0078125      Successful search (ES-wcm)        
    13         667         16535.5         4.67923       0.0078125      Successful search (ES-ell)        
    13         668         16533.3         4.64607       0.0078125      Successful search (ES-ell)        
    13         669           16531           4.628       0.0078125      Successful search (ES-ell)        
    13         670         16527.5         4.60693       0.0078125      Successful search (ES-ell)        
    13         671         16522.9         4.59435       0.0078125      Successful search (ES-ell)        
    13         672         16516.2         4.62868       0.0078125      Successful search (ES-ell)        
    13         673         16507.5         4.76746       0.0078125      Successful search (ES-ell)        
    13         674         16503.7         4.84227       0.0078125      Successful search (ES-ell)        
    13         675         16497.6         4.96401       0.0078125      Successful search (ES-ell)        
    13         676         16490.8         5.12544       0.0078125      Successful search (ES-ell)        
    13         677         16483.2         5.36488       0.0078125      Successful search (ES-ell)        
    13         678         16469.5         5.87764       0.0078125      Successful search (ES-ell)        
    13         679         16451.5          6.6815       0.0078125      Successful search (ES-ell)        
    13         680         16428.3         8.22715       0.0078125      Successful search (ES-ell)        
    13         681         16397.6         9.66819       0.0078125      Successful search (ES-ell)        
    13         719         16397.6         9.66819      0.00390625          Refine grid             
    14         720         16535.7          5.0789      0.00390625      Successful search (ES-ell)        
    14         721         16534.5         5.11609      0.00390625      Successful search (ES-ell)        
    14         722           16533         5.15117      0.00390625      Successful search (ES-ell)        
    14         723         16530.7         5.24207      0.00390625      Successful search (ES-ell)        
    14         724         16527.9         5.44392      0.00390625      Successful search (ES-ell)        
    14         725         16524.2         5.88937      0.00390625      Successful search (ES-wcm)        
    14         726         16517.8         6.98367      0.00390625      Successful search (ES-wcm)        
    14         727         16513.8         9.07483      0.00390625      Successful search (ES-wcm)        
    14         766         16513.8         9.07483      0.00195312          Refine grid             
    15         767         16541.6         4.84639      0.00195312      Successful search (ES-wcm)        
    15         812         16537.4         6.71627      0.00390625        Successful poll           
    16         813         16540.8         3.93901      0.00390625      Successful search (ES-wcm)        
    16         817         16539.6         4.21959      0.00390625      Successful search (ES-ell)        
    16         818         16539.4         4.26098      0.00390625      Successful search (ES-ell)        
    16         819         16539.1         4.34636      0.00390625      Successful search (ES-ell)        
    16         820         16536.6         4.51704      0.00390625      Successful search (ES-ell)        
    16         850         16535.8          22.524       0.0078125        Successful poll           Train
    17         883         16528.9          16.269      0.00390625          Refine grid             Train
    18         917         16540.4          7.9969      0.00195312          Refine grid             Train
    19         918         16541.9         3.56672      0.00195312      Successful search (ES-ell)        
    19         919         16540.6         3.66908      0.00195312      Successful search (ES-ell)        
    19         933         16540.3         3.42398      0.00195312      Successful search (ES-ell)        
    19         937         16539.7         3.37017      0.00195312      Successful search (ES-ell)        
    19         975         16539.7         3.37017     0.000976562          Refine grid             Train
Optimization terminated: change in the function value less than options['tol_mesh']
Estimated function value at minimum: 16543.11703160917 ± 3.5636390931901394 (mean ± SEM from 100 samples)
BADS minimum at: x_min = [ 5.09900e-01  6.58600e+00  7.59640e+00  4.99996e+01 -9.07090e+00
  1.59041e+01  5.02300e-01  2.98560e+00  1.20000e-03  1.95160e+00
  2.00000e+00  4.29700e-01], training NLL = 16543.117
total f-count: 1075, time: 49.31 min

 ------- Finish Optimization for Subject 15 ---------- 

 ------- Start Optimization for Subject 20 ---------- 

 Cross Validation fold 0/1

 -- Start Optimization: method BADS --

 Optimization Run 1/1
Initial params: [0.5022, 8.8716, 3.5639, 10.7319, 1.3019, 21.7356, 0.6216, 17.7801, 0.8045, 0.9842, 0.2128, 0.7192]
bads:TooCloseBounds: For each variable, hard and plausible bounds should not be too close. Moving plausible bounds.
Variables (index) internally transformed to log coordinates: [[ 0  0]
 [ 0  3]
 [ 0  7]
 [ 0  8]
 [ 0  9]
 [ 0 10]
 [ 0 11]]
Beginning optimization of a STOCHASTIC objective function

 Iteration    f-count      E[f(x)]        SD[f(x)]           MeshScale          Method              Actions
     0           1         30782.7             nan               1                                  
     0          28         28463.1             nan               1          Initial mesh            Initial points
     0          29         28405.2        0.999927               1        Successful poll           Train
     1          30         27507.5        0.999928               1      Successful search (ES-ell)        
     1          31         26702.8        0.999932               1      Successful search (ES-ell)        
     1          41         26584.6        0.998076               1      Successful search (ES-ell)        
     1          42         26575.8        0.999923               1      Successful search (ES-ell)        
     1          47         22946.9        0.999667               1      Successful search (ES-ell)        
     1          50         21865.4        0.999342               1      Successful search (ES-ell)        
     1          59         21852.7        0.997036               1      Successful search (ES-wcm)        
     1          64         21847.7        0.995308               1      Successful search (ES-ell)        
     1          65         21760.6        0.996093               1      Successful search (ES-ell)        
     1          75         21740.4        0.925309               1      Successful search (ES-ell)        
     1          93         20316.3         1.05967               1        Successful poll           
     2         102         20094.8         1.05914               1      Successful search (ES-ell)        
     2         104         20047.2         1.04193               1      Successful search (ES-ell)        
     2         110         19851.8           1.042               1      Successful search (ES-ell)        
     2         148         19851.8           1.042             0.5          Refine grid             Train
     3         151         19933.8         33.5947             0.5      Successful search (ES-ell)        
     3         152         19819.4         42.4028             0.5      Successful search (ES-ell)        
     3         153         19789.8         52.9121             0.5      Successful search (ES-ell)        
     3         156         19789.2         39.0065             0.5      Successful search (ES-ell)        
     3         158         19784.5         42.1696             0.5      Successful search (ES-ell)        
     3         159         19733.4         43.9142             0.5      Successful search (ES-ell)        
     3         160         19670.7         47.1262             0.5      Successful search (ES-ell)        
     3         161         19224.1          47.031             0.5      Successful search (ES-ell)        
     3         163         18906.7         44.6257             0.5      Successful search (ES-ell)        
     3         173         18715.1         36.6535             0.5      Successful search (ES-ell)        
     3         174         18656.3         46.8719             0.5      Successful search (ES-ell)        
     3         176         18128.3         43.6486             0.5      Successful search (ES-ell)        
     3         217         18128.3         43.6486            0.25          Refine grid             Train
     4         218         18670.4         36.5427            0.25      Successful search (ES-ell)        
     4         219           18549         45.6339            0.25      Successful search (ES-ell)        
     4         220         18493.3         56.2669            0.25      Successful search (ES-wcm)        
     4         222         18389.6         53.8513            0.25      Successful search (ES-wcm)        
     4         223         18364.7         56.6835            0.25      Successful search (ES-wcm)        
     4         226         18311.1         51.7476            0.25      Successful search (ES-wcm)        
     4         229           18284         44.6166            0.25      Successful search (ES-wcm)        
     4         230         18279.1         45.6184            0.25      Successful search (ES-wcm)        
     4         243         18233.2         37.2342            0.25      Successful search (ES-ell)        
     4         244           18135         49.3873            0.25      Successful search (ES-ell)        
     4         245         18001.2         49.9374            0.25      Successful search (ES-ell)        
     4         246         17955.4         52.2495            0.25      Successful search (ES-ell)        
     4         247         17739.3          56.064            0.25      Successful search (ES-ell)        
     4         249         17713.1         55.9728            0.25      Successful search (ES-ell)        
     4         254           17692           44.85            0.25      Successful search (ES-ell)        
     4         255         17596.4         48.4714            0.25      Successful search (ES-ell)        
     4         256         17585.4         51.2128            0.25      Successful search (ES-ell)        
     4         300         17533.5         55.1176             0.5        Successful poll           
     5         301         17516.5         59.6157             0.5      Successful search (ES-ell)        
     5         307         17489.3         43.8658             0.5      Successful search (ES-ell)        
     5         323         17488.6         16.5805             0.5      Successful search (ES-wcm)        
     5         324         17477.5         17.3599             0.5      Successful search (ES-ell)        
     5         327         17446.4          40.994             0.5      Successful search (ES-ell)        
     5         329           17423          40.494             0.5      Successful search (ES-ell)        
     5         331         17418.9          37.965             0.5      Successful search (ES-ell)        
     5         336         17414.9         20.3033             0.5      Successful search (ES-ell)        
     5         340         17400.9         22.7266             0.5      Successful search (ES-ell)        
     5         341         17395.5         38.1559             0.5      Successful search (ES-ell)        
     5         344         17393.4         32.7807             0.5      Successful search (ES-ell)        
     5         346         17382.7         32.0061             0.5      Successful search (ES-ell)        
     5         378         17378.1         50.2853               1        Successful poll           Train
     6         382         17305.1         41.0017               1      Successful search (ES-ell)        
     6         394         17268.3         44.4806               1      Successful search (ES-wcm)        
     6         398         17217.7          34.283               1      Successful search (ES-ell)        
     6         399         17163.1         40.9929               1      Successful search (ES-ell)        
     6         431         17163.1         40.9929             0.5          Refine grid             
     7         433         17174.2         30.4138             0.5      Successful search (ES-ell)        
     7         441         16744.4         17.1556             0.5      Successful search (ES-ell)        
     7         442         16408.1         18.1636             0.5      Successful search (ES-ell)        
     7         476         16408.1         18.1636            0.25          Refine grid             
     8         477         17247.7         25.4977            0.25      Successful search (ES-ell)        
     8         479         17189.3         26.6647            0.25      Successful search (ES-ell)        
     8         481         17182.1         31.3442            0.25      Successful search (ES-ell)        
     8         493         17172.5         17.0901            0.25      Successful search (ES-ell)        
     8         494         17119.6         19.2096            0.25      Successful search (ES-ell)        
     8         495         17114.5          24.391            0.25      Successful search (ES-ell)        
     8         496         17105.3         29.2355            0.25      Successful search (ES-ell)        
     8         535         17105.3         29.2355           0.125          Refine grid             
     9         536         17164.8          16.676           0.125      Successful search (ES-ell)        
     9         538           17133         18.3606           0.125      Successful search (ES-wcm)        
     9         540         17115.2         14.8474           0.125      Successful search (ES-wcm)        
     9         542         17114.6         17.4568           0.125      Successful search (ES-ell)        
     9         583         17114.6         17.4568          0.0625          Refine grid             
    10         584         17139.9         9.02223          0.0625      Successful search (ES-wcm)        
    10         585         17121.5         11.7612          0.0625      Successful search (ES-ell)        
    10         586         17111.5         18.1853          0.0625      Successful search (ES-ell)        
    10         631         17111.5         18.1853         0.03125          Refine grid             Train
    11         632         17132.5         6.42054         0.03125      Successful search (ES-ell)        
    11         633         17129.5         7.75671         0.03125      Successful search (ES-ell)        
    11         634         17124.5         10.4726         0.03125      Successful search (ES-ell)        
    11         635         17115.5         13.1888         0.03125      Successful search (ES-ell)        
    11         636         17107.9         18.0579         0.03125      Successful search (ES-ell)        
    11         679         17107.9         18.0579        0.015625          Refine grid             Train
    12         680         17135.8         5.87326        0.015625      Successful search (ES-ell)        
    12         681         17131.8         6.33791        0.015625      Successful search (ES-ell)        
    12         682         17125.8         7.33092        0.015625      Successful search (ES-ell)        
    12         727         17125.8         7.33092       0.0078125          Refine grid             
    13         728         17131.6         5.07382       0.0078125      Successful search (ES-wcm)        
    13         729         17129.1         5.20421       0.0078125      Successful search (ES-wcm)        
    13         730         17128.6         5.73358       0.0078125      Successful search (ES-wcm)        
    13         731         17122.9         6.26894       0.0078125      Successful search (ES-ell)        
    13         732         17109.7         8.37815       0.0078125      Successful search (ES-ell)        
    13         734         17100.6         10.0587       0.0078125      Successful search (ES-ell)        
    13         736         17090.6         11.2553       0.0078125      Successful search (ES-ell)        
    13         739         17028.6         10.4881       0.0078125      Successful search (ES-ell)        
    13         740           17017          10.827       0.0078125      Successful search (ES-ell)        
    13         741         17000.5         11.5568       0.0078125      Successful search (ES-ell)        
    13         742         16990.2         12.9144       0.0078125      Successful search (ES-wcm)        
    13         743         16969.3         15.4292       0.0078125      Successful search (ES-wcm)        
    13         787         16969.3         15.4292      0.00390625          Refine grid             
    14         788         17130.3         4.87058      0.00390625      Successful search (ES-wcm)        
    14         789         17128.9         4.83618      0.00390625      Successful search (ES-wcm)        
    14         790         17127.5         4.91213      0.00390625      Successful search (ES-wcm)        
    14         791         17122.8         4.84462      0.00390625      Successful search (ES-wcm)        
    14         792           17120         5.53129      0.00390625      Successful search (ES-wcm)        
    14         793         17116.7         6.61528      0.00390625      Successful search (ES-wcm)        
    14         794         17107.5         8.25199      0.00390625      Successful search (ES-wcm)        
    14         795           17094         14.1147      0.00390625      Successful search (ES-ell)        
    14         796           17076         20.2479      0.00390625      Successful search (ES-ell)        
    14         797         17064.5         26.4166      0.00390625      Successful search (ES-ell)        
    14         835         17064.5         26.4166      0.00195312          Refine grid             
    15         836         17131.9         4.96629      0.00195312      Successful search (ES-ell)        
    15         837         17131.2         5.12681      0.00195312      Successful search (ES-ell)        
    15         838         17129.8         5.05733      0.00195312      Successful search (ES-wcm)        
    15         839         17128.1         4.92595      0.00195312      Successful search (ES-wcm)        
    15         840         17125.9         5.00418      0.00195312      Successful search (ES-wcm)        
    15         841         17119.4         5.74974      0.00195312      Successful search (ES-ell)        
    15         842         17115.1         7.66288      0.00195312      Successful search (ES-ell)        
    15         843           17107         9.00374      0.00195312      Successful search (ES-wcm)        
    15         844           17103         12.0416      0.00195312      Successful search (ES-wcm)        
    15         883           17103         12.0416     0.000976562          Refine grid             Train
Optimization terminated: change in the function value less than options['tol_mesh']
Estimated function value at minimum: 17120.231132050412 ± 3.767397321667164 (mean ± SEM from 100 samples)
BADS minimum at: x_min = [ 1.3593  3.6799  6.0053  0.     -0.5103 10.0888  0.5964  2.228   0.3924
  0.      1.0473  0.24  ], training NLL = 17120.2311
total f-count: 983, time: 45.4 min

 ------- Finish Optimization for Subject 20 ---------- 

 ------- Start Optimization for Subject 25 ---------- 

 Cross Validation fold 0/1

 -- Start Optimization: method BADS --

 Optimization Run 1/1
Initial params: [0.4602, 3.0242, 8.5586, 7.8916, 1.7298, 18.4797, 0.5544, 45.8178, 0.4884, 0.1301, 0.2422, 0.9564]
bads:TooCloseBounds: For each variable, hard and plausible bounds should not be too close. Moving plausible bounds.
Variables (index) internally transformed to log coordinates: [[ 0  0]
 [ 0  3]
 [ 0  7]
 [ 0  8]
 [ 0  9]
 [ 0 10]
 [ 0 11]]
Beginning optimization of a STOCHASTIC objective function

 Iteration    f-count      E[f(x)]        SD[f(x)]           MeshScale          Method              Actions
     0           1         30894.2             nan               1                                  
     0          28         28127.1             nan               1          Initial mesh            Initial points
     0          46         27262.2         1.00012               1        Successful poll           Train
     1          52         27129.3        0.999752               1      Successful search (ES-wcm)        
     1          54         27035.9         1.03598               1      Successful search (ES-ell)        
     1          55         26726.5         1.03605               1      Successful search (ES-ell)        
     1          57         26675.1         1.03578               1      Successful search (ES-ell)        
     1          59         26342.4         1.03623               1      Successful search (ES-ell)        
     1          60         26067.4         1.03623               1      Successful search (ES-ell)        
     1          61         25696.6         1.03624               1      Successful search (ES-wcm)        
     1          62         25633.1         1.03623               1      Successful search (ES-wcm)        
     1          68         25458.9         1.03616               1      Successful search (ES-wcm)        
     1          69         24385.7         1.03622               1      Successful search (ES-wcm)        
     1          70         22613.5         1.03622               1      Successful search (ES-wcm)        
     1          72         22558.5         1.03618               1      Successful search (ES-ell)        
     1          73         22065.8         1.03623               1      Successful search (ES-ell)        
     1          74         22035.7         1.03619               1      Successful search (ES-ell)        
     1          75         21512.8         1.03616               1      Successful search (ES-ell)        
     1          77         20982.1         1.03619               1      Successful search (ES-ell)        
     1          82         20269.5         1.01055               1      Successful search (ES-wcm)        
     1          83         20098.1         1.01057               1      Successful search (ES-wcm)        
     1          87         20053.6         1.01053               1      Successful search (ES-wcm)        
     1         103         20037.9        0.995653               1      Successful search (ES-wcm)        
     1         104         20021.7         1.00648               1      Successful search (ES-wcm)        
     1         113           19967         1.00639               1      Successful search (ES-wcm)        
     1         115         19964.6         1.00621               1      Successful search (ES-wcm)        
     1         116         19962.8         1.00645               1      Successful search (ES-wcm)        
     1         143         19943.9         1.11057               1        Successful poll           
     2         151           19880         1.11048               1      Successful search (ES-wcm)        
     2         160         19798.6         1.14761               1      Successful search (ES-wcm)        
     2         176         19785.6         1.14744               1      Successful search (ES-wcm)        
     2         179         19768.5         1.15755               1      Successful search (ES-wcm)        
     2         184         19735.4         1.15783               1      Successful search (ES-wcm)        
     2         188         19671.9         1.15773               1      Successful search (ES-ell)        
     2         194         19658.2         1.15779               1      Successful search (ES-ell)        
     2         228         19586.9         2.04104               1        Successful poll           Train
     3         254         19586.9         2.04104             0.5          Refine grid             Train
     4         255         19651.6         22.6166             0.5      Successful search (ES-ell)        
     4         256         19616.1         30.8417             0.5      Successful search (ES-ell)        
     4         297         19616.1         30.8417            0.25          Refine grid             
     5         298         19608.4         37.4755            0.25      Successful search (ES-wcm)        
     5         342         19608.4         37.4755           0.125          Refine grid             Train
     6         343         19641.5         19.8171           0.125      Successful search (ES-wcm)        
     6         344         19631.7         23.5639           0.125      Successful search (ES-ell)        
     6         345         19618.9         26.3622           0.125      Successful search (ES-ell)        
     6         346         19614.8           34.94           0.125      Successful search (ES-ell)        
     6         386         19614.8           34.94          0.0625          Refine grid             
     7         387         19648.5         14.7316          0.0625      Successful search (ES-ell)        
     7         388         19644.1         15.9333          0.0625      Successful search (ES-ell)        
     7         390         19640.9         16.5642          0.0625      Successful search (ES-ell)        
     7         391         19640.6         19.5875          0.0625      Successful search (ES-ell)        
     7         392         19637.9         26.9463          0.0625      Successful search (ES-ell)        
     7         393           19623         30.8619          0.0625      Successful search (ES-ell)        
     7         395         19319.4         17.7039          0.0625      Successful search (ES-ell)        
     7         397         19239.5         18.6397          0.0625      Successful search (ES-ell)        
     7         398         18958.3         21.8798          0.0625      Successful search (ES-ell)        
     7         431         18958.3         21.8798         0.03125          Refine grid             
     8         432         19647.3         13.6044         0.03125      Successful search (ES-ell)        
     8         433         19642.5         15.3768         0.03125      Successful search (ES-wcm)        
     8         434         19640.9         19.4615         0.03125      Successful search (ES-wcm)        
     8         436           19635         18.4711         0.03125      Successful search (ES-ell)        
     8         437         19634.1         19.4575         0.03125      Successful search (ES-ell)        
     8         438         19627.7         22.1431         0.03125      Successful search (ES-ell)        
     8         439           19616         26.2184         0.03125      Successful search (ES-ell)        
     8         440         19608.3         33.0862         0.03125      Successful search (ES-ell)        
     8         441         19597.9          43.454         0.03125      Successful search (ES-ell)        
     8         443         19590.2          42.822         0.03125      Successful search (ES-ell)        
     8         444         19555.5          39.937         0.03125      Successful search (ES-ell)        
     8         445         19553.8         42.8066         0.03125      Successful search (ES-wcm)        
     8         446         19550.6          40.504         0.03125      Successful search (ES-ell)        
     8         453         19549.3          27.413         0.03125      Successful search (ES-ell)        
     8         455         19452.1         21.4103         0.03125      Successful search (ES-ell)        
     8         456         19431.2         20.7683         0.03125      Successful search (ES-ell)        
     8         457         19403.2         19.9943         0.03125      Successful search (ES-ell)        
     8         459         19382.8         19.2968         0.03125      Successful search (ES-ell)        
     8         460         19339.6         19.2121         0.03125      Successful search (ES-ell)        
     8         461           19283         19.0681         0.03125      Successful search (ES-ell)        
     8         462         19217.7         20.0152         0.03125      Successful search (ES-ell)        
     8         500         19217.7         20.0152        0.015625          Refine grid             
     9         501         19643.5         12.4911        0.015625      Successful search (ES-ell)        
     9         502           19642         12.4161        0.015625      Successful search (ES-ell)        
     9         503         19635.9         12.5516        0.015625      Successful search (ES-wcm)        
     9         504         19627.7         12.9165        0.015625      Successful search (ES-wcm)        
     9         505         19614.4         14.6123        0.015625      Successful search (ES-wcm)        
     9         506         19603.2         18.7313        0.015625      Successful search (ES-wcm)        
     9         507           19579         40.3883        0.015625      Successful search (ES-wcm)        
     9         509         19572.5         46.1911        0.015625      Successful search (ES-wcm)        
     9         513         19568.3         28.6549        0.015625      Successful search (ES-wcm)        
     9         514         19564.4         29.0417        0.015625      Successful search (ES-wcm)        
     9         516         19557.1         14.6987        0.015625      Successful search (ES-wcm)        
     9         517         19545.3          13.618        0.015625      Successful search (ES-wcm)        
     9         518         19538.3         14.2186        0.015625      Successful search (ES-wcm)        
     9         520         19527.6         13.9414        0.015625      Successful search (ES-wcm)        
     9         521         19514.2         14.6433        0.015625      Successful search (ES-ell)        
     9         522         19500.9         20.4252        0.015625      Successful search (ES-wcm)        
     9         524         19493.9         17.1131        0.015625      Successful search (ES-wcm)        
     9         525         19491.8         17.1435        0.015625      Successful search (ES-wcm)        
     9         526         19481.1         17.6588        0.015625      Successful search (ES-wcm)        
     9         527         19456.4         17.7129        0.015625      Successful search (ES-ell)        
     9         528         19436.7         17.6973        0.015625      Successful search (ES-ell)        
     9         529           19423         18.9374        0.015625      Successful search (ES-ell)        
     9         530           19395         20.6243        0.015625      Successful search (ES-ell)        
     9         531         19375.9         23.6994        0.015625      Successful search (ES-ell)        
     9         532         19356.8         26.5119        0.015625      Successful search (ES-ell)        
     9         533           19343         30.4804        0.015625      Successful search (ES-ell)        
     9         534         19325.8         36.3228        0.015625      Successful search (ES-ell)        
     9         535         19286.5          41.292        0.015625      Successful search (ES-ell)        
     9         569         19286.5          41.292       0.0078125          Refine grid             
    10         570         19328.4         8.97522       0.0078125      Successful search (ES-ell)        
    10         571           19323         8.95105       0.0078125      Successful search (ES-ell)        
    10         572         19317.9          9.0605       0.0078125      Successful search (ES-ell)        
    10         575         19316.4         9.35234       0.0078125      Successful search (ES-wcm)        
    10         576         19315.9         11.1992       0.0078125      Successful search (ES-wcm)        
    10         577         19294.7         14.1025       0.0078125      Successful search (ES-wcm)        
    10         578         19284.3         18.7807       0.0078125      Successful search (ES-wcm)        
    10         579         19281.1         23.1162       0.0078125      Successful search (ES-wcm)        
    10         614         19281.1         23.1162      0.00390625          Refine grid             
    11         615         19319.9          7.9428      0.00390625      Successful search (ES-wcm)        
    11         616         19317.5         7.91238      0.00390625      Successful search (ES-ell)        
    11         617         19314.4         8.12635      0.00390625      Successful search (ES-ell)        
    11         618         19310.5         8.78763      0.00390625      Successful search (ES-ell)        
    11         619         19302.9         9.69414      0.00390625      Successful search (ES-ell)        
    11         620         19298.7         11.1771      0.00390625      Successful search (ES-ell)        
    11         621         19292.8         12.8786      0.00390625      Successful search (ES-ell)        
    11         623         19289.1         15.0004      0.00390625      Successful search (ES-ell)        
    11         625         19289.1         15.7402      0.00390625      Successful search (ES-ell)        
    11         626         19281.5         17.9451      0.00390625      Successful search (ES-ell)        
    11         659         19281.5         17.9451      0.00195312          Refine grid             Train
    12         660         19316.4         7.77074      0.00195312      Successful search (ES-wcm)        
    12         661         19313.9         7.68531      0.00195312      Successful search (ES-ell)        
    12         662         19312.5         7.62666      0.00195312      Successful search (ES-ell)        
    12         663         19311.4         7.66637      0.00195312      Successful search (ES-ell)        
    12         664         19310.2         7.85031      0.00195312      Successful search (ES-ell)        
    12         665         19308.9         7.81212      0.00195312      Successful search (ES-ell)        
    12         666           19306         8.32679      0.00195312      Successful search (ES-ell)        
    12         667         19303.3          9.4797      0.00195312      Successful search (ES-ell)        
    12         668         19298.6         12.7373      0.00195312      Successful search (ES-ell)        
    12         705         19298.6         12.7373     0.000976562          Refine grid             Train
Optimization terminated: change in the function value less than options['tol_mesh']
Estimated function value at minimum: 19302.80252444943 ± 4.99378070603405 (mean ± SEM from 100 samples)
BADS minimum at: x_min = [ 1.1332  3.3827  5.775   0.0708 -0.6076  5.7978  0.6025  3.3791  0.
  0.0625  1.989   0.4791], training NLL = 19302.8025
total f-count: 805, time: 36.78 min

 ------- Finish Optimization for Subject 25 ---------- 
