device is : cuda
['base', '2', 'all', 'bads', '1']

 ------- Start Optimization for Subject 2 ---------- 

 Cross Validation fold 0/1

 -- Start Optimization: method BADS --

 Optimization Run 1/1
Initial params: [1.8648, 4.1799, 6.0643, 7.0815, 0.6948, 17.2557, 0.5492, 0.2498, 0.5355, 0.9378, 0.7387]
bads:TooCloseBounds: For each variable, hard and plausible bounds should not be too close. Moving plausible bounds.
Variables (index) internally transformed to log coordinates: [[ 0  0]
 [ 0  3]
 [ 0  8]
 [ 0  9]
 [ 0 10]]
Beginning optimization of a STOCHASTIC objective function

 Iteration    f-count      E[f(x)]        SD[f(x)]           MeshScale          Method              Actions
     0           1         29393.8             nan               1                                  
     0          27         29393.8             nan               1          Initial mesh            Initial points
     0          28         27818.6         0.99994               1        Successful poll           Train
     1          29         26158.3        0.999936               1      Successful search (ES-ell)        
     1          32         25106.5        0.999931               1      Successful search (ES-ell)        
     1          34         24815.1        0.999907               1      Successful search (ES-ell)        
     1          35         24435.6        0.999925               1      Successful search (ES-ell)        
     1          38         23897.5        0.999912               1      Successful search (ES-ell)        
     1          42         22893.6        0.999811               1      Successful search (ES-ell)        
     1          45         22618.2         0.99975               1      Successful search (ES-ell)        
     1          51         22002.9        0.990506               1      Successful search (ES-ell)        
     1          52         21031.2        0.990507               1      Successful search (ES-ell)        
     1          68         20984.7        0.986672               1      Successful search (ES-ell)        
     1          70         20967.1        0.987575               1      Successful search (ES-ell)        
     1          71         20916.4        0.987819               1      Successful search (ES-ell)        
     1          72         20693.2         0.99011               1      Successful search (ES-wcm)        
     1          75           20355         1.02199               1      Successful search (ES-wcm)        
     1          79         20337.3         1.02199               1      Successful search (ES-wcm)        
     1          83         20293.4         1.02195               1      Successful search (ES-wcm)        
     1          88         20220.3         1.02196               1      Successful search (ES-wcm)        
     1          90           20135         1.02197               1      Successful search (ES-wcm)        
     1          97         19973.4         1.26707               1      Successful search (ES-wcm)        
     1          98         19742.9         1.26708               1      Successful search (ES-wcm)        
     1         103         19696.1         1.26699               1      Successful search (ES-wcm)        
     1         113         19668.8         1.26635               1      Successful search (ES-wcm)        
     1         123         19629.1         1.05194               1      Successful search (ES-wcm)        
     1         153         19629.1         1.05194             0.5          Refine grid             Train
     2         180         19629.3         1.06032            0.25          Refine grid             Train
     3         183         19573.9         1.07297            0.25      Successful search (ES-wcm)        
     3         192         19561.4         25.3346            0.25      Successful search (ES-ell)        
     3         193         19531.9         37.2485            0.25      Successful search (ES-ell)        
     3         194         19406.8         37.2591            0.25      Successful search (ES-ell)        
     3         230         19406.8         37.2591           0.125          Refine grid             
     4         231         19432.2         16.1703           0.125      Successful search (ES-ell)        
     4         232         19423.1         26.1297           0.125      Successful search (ES-ell)        
     4         233         19364.5         33.3067           0.125      Successful search (ES-ell)        
     4         234         19311.4         38.5605           0.125      Successful search (ES-ell)        
     4         235         19292.8         40.7665           0.125      Successful search (ES-ell)        
     4         238           19276         39.4473           0.125      Successful search (ES-ell)        
     4         269         19239.1         44.1436            0.25        Successful poll           
     5         270         19198.2         38.5242            0.25      Successful search (ES-ell)        
     5         281           19176         37.8779            0.25      Successful search (ES-ell)        
     5         292         19044.9         47.8639            0.25      Successful search (ES-wcm)        
     5         294         18963.8          41.469            0.25      Successful search (ES-wcm)        
     5         296         18949.7         37.8538            0.25      Successful search (ES-wcm)        
     5         331         18949.7         37.8538           0.125          Refine grid             
     6         332         19005.8         16.7419           0.125      Successful search (ES-wcm)        
     6         336         18994.8         19.5574           0.125      Successful search (ES-ell)        
     6         337         18991.3         27.1748           0.125      Successful search (ES-ell)        
     6         372         18991.3         27.1748          0.0625          Refine grid             Train
     7         402         19031.6         10.6507         0.03125          Refine grid             Train
     8         403         19025.7         9.94019         0.03125      Successful search (ES-wcm)        
     8         404         19020.1         10.6372         0.03125      Successful search (ES-wcm)        
     8         405           19016         13.8655         0.03125      Successful search (ES-ell)        
     8         407         19010.3         17.3247         0.03125      Successful search (ES-ell)        
     8         410         19006.9         16.0538         0.03125      Successful search (ES-ell)        
     8         412         19000.8         17.4615         0.03125      Successful search (ES-ell)        
     8         413         18990.3           15.29         0.03125      Successful search (ES-ell)        
     8         443         18990.3           15.29        0.015625          Refine grid             
     9         444         19025.4         9.34921        0.015625      Successful search (ES-ell)        
     9         445           19024         9.94193        0.015625      Successful search (ES-ell)        
     9         446         19018.7         11.4935        0.015625      Successful search (ES-ell)        
     9         447         19016.7         14.0965        0.015625      Successful search (ES-ell)        
     9         448         19014.9         18.1772        0.015625      Successful search (ES-ell)        
     9         484         19014.9         18.1772       0.0078125          Refine grid             Train
    10         485         19039.7         7.53626       0.0078125      Successful search (ES-wcm)        
    10         486         19036.4         6.90197       0.0078125      Successful search (ES-wcm)        
    10         487         19032.9         7.56688       0.0078125      Successful search (ES-wcm)        
    10         488         19026.4         8.04972       0.0078125      Successful search (ES-ell)        
    10         489         19019.6         10.3963       0.0078125      Successful search (ES-ell)        
    10         490         19012.9         15.1235       0.0078125      Successful search (ES-ell)        
    10         492         19001.1         18.2456       0.0078125      Successful search (ES-ell)        
    10         526         19001.1         18.2456      0.00390625          Refine grid             Train
    11         527         19034.4         9.15255      0.00390625      Successful search (ES-wcm)        
    11         528         19031.6         9.28185      0.00390625      Successful search (ES-wcm)        
    11         529         19027.3         9.86245      0.00390625      Successful search (ES-wcm)        
    11         530           19024         10.1428      0.00390625      Successful search (ES-ell)        
    11         531         19018.6         11.0328      0.00390625      Successful search (ES-ell)        
    11         532         19016.3         12.8109      0.00390625      Successful search (ES-ell)        
    11         569         19016.3         12.8109      0.00195312          Refine grid             
    12         570           19042         6.95157      0.00195312      Successful search (ES-wcm)        
    12         571         19040.4         6.96891      0.00195312      Successful search (ES-wcm)        
    12         572         19037.9         6.98446      0.00195312      Successful search (ES-wcm)        
    12         573         19037.9         7.16608      0.00195312      Successful search (ES-wcm)        
    12         574           19034         7.76178      0.00195312      Successful search (ES-wcm)        
    12         575         19031.8         9.24213      0.00195312      Successful search (ES-wcm)        
    12         613         19031.8         9.24213     0.000976562          Refine grid             
Optimization terminated: change in the function value less than options['tol_mesh']
Estimated function value at minimum: 19044.06201354044 ± 4.581669819943321 (mean ± SEM from 100 samples)
BADS minimum at: x_min = [2.0779e+00 6.4557e+00 5.5969e+00 2.1814e+00 9.4790e-01 6.5142e+00
 5.1470e-01 6.7380e-01 1.4000e-03 1.9821e+00 2.7080e-01], training NLL = 19044.062
total f-count: 713, time: 30.7 min

 ------- Finish Optimization for Subject 2 ---------- 

 ------- Start Optimization for Subject 3 ---------- 

 Cross Validation fold 0/1

 -- Start Optimization: method BADS --

 Optimization Run 1/1
Initial params: [1.5762, 4.0712, 3.128, 19.6459, -1.6756, 15.2735, 0.6407, 0.1093, 0.9682, 0.6863, 0.6268]
bads:TooCloseBounds: For each variable, hard and plausible bounds should not be too close. Moving plausible bounds.
Variables (index) internally transformed to log coordinates: [[ 0  0]
 [ 0  3]
 [ 0  8]
 [ 0  9]
 [ 0 10]]
Beginning optimization of a STOCHASTIC objective function

 Iteration    f-count      E[f(x)]        SD[f(x)]           MeshScale          Method              Actions
     0           1         30518.6             nan               1                                  
     0          27         29843.9             nan               1          Initial mesh            Initial points
     0          30         28716.7        0.999896               1        Successful poll           Train
     1          32           28464        0.999868               1      Successful search (ES-wcm)        
     1          35         27971.4        0.999639               1      Successful search (ES-wcm)        
     1          36         27493.8         0.99973               1      Successful search (ES-wcm)        
     1          37         25862.4        0.999824               1      Successful search (ES-wcm)        
     1          39         25368.9         0.99982               1      Successful search (ES-wcm)        
     1          42         25089.4        0.999635               1      Successful search (ES-wcm)        
     1          43         25066.9        0.999351               1      Successful search (ES-wcm)        
     1          47         24879.7        0.999293               1      Successful search (ES-wcm)        
     1          50         24719.8        0.989047               1      Successful search (ES-wcm)        
     1          53         23595.4         1.01398               1      Successful search (ES-wcm)        
     1          58         23479.3         1.01384               1      Successful search (ES-wcm)        
     1          61         23269.9         1.01325               1      Successful search (ES-wcm)        
     1          75         22901.3         1.08515               1        Successful poll           Train
     2         100         22901.3         1.08515             0.5          Refine grid             Train
     3         101         22958.4          26.049             0.5      Successful search (ES-wcm)        
     3         102         22696.9         28.4566             0.5      Successful search (ES-ell)        
     3         107           22690           23.39             0.5      Successful search (ES-ell)        
     3         137           22690           23.39            0.25          Refine grid             
     4         138         22721.5         26.1795            0.25      Successful search (ES-wcm)        
     4         176         22721.5         26.1795           0.125          Refine grid             Train
     5         177         22745.6         11.7816           0.125      Successful search (ES-wcm)        
     5         178         22718.6         15.9429           0.125      Successful search (ES-wcm)        
     5         180         22703.8         19.0059           0.125      Successful search (ES-wcm)        
     5         183         22698.3         18.8187           0.125      Successful search (ES-wcm)        
     5         188         22691.1          14.042           0.125      Successful search (ES-wcm)        
     5         193         22688.9         13.0567           0.125      Successful search (ES-wcm)        
     5         194         22688.6         13.5743           0.125      Successful search (ES-ell)        
     5         196         22688.3         16.2347           0.125      Successful search (ES-wcm)        
     5         225         22686.5         10.2274            0.25        Successful poll           
     6         227         22680.6         14.8678            0.25      Successful search (ES-wcm)        
     6         229           22675         19.0239            0.25      Successful search (ES-wcm)        
     6         230         22632.3         38.7771            0.25      Successful search (ES-wcm)        
     6         231         22072.9         55.7105            0.25      Successful search (ES-wcm)        
     6         243           22069         19.0585            0.25      Successful search (ES-wcm)        
     6         244         22046.4         17.1362            0.25      Successful search (ES-wcm)        
     6         245           21942         22.4092            0.25      Successful search (ES-ell)        
     6         246           21908         30.4678            0.25      Successful search (ES-ell)        
     6         247         21850.4         36.4251            0.25      Successful search (ES-ell)        
     6         271         21827.6         53.5034             0.5        Successful poll           Train
     7         273         21822.8         55.5509             0.5      Incremental search (ES-wcm)        
     7         274           21656         52.4216             0.5      Successful search (ES-wcm)        
     7         279         21650.3          32.309             0.5      Successful search (ES-wcm)        
     7         282           21645         31.1545             0.5      Successful search (ES-wcm)        
     7         310           21645         31.1545            0.25          Refine grid             
     8         311           21668         20.2505            0.25      Successful search (ES-wcm)        
     8         313         21621.2         23.8461            0.25      Successful search (ES-wcm)        
     8         349         21621.2         23.8461           0.125          Refine grid             
     9         350         21633.4         22.8888           0.125      Successful search (ES-wcm)        
     9         352         21586.1         27.1281           0.125      Successful search (ES-wcm)        
     9         389         21586.1         27.1281          0.0625          Refine grid             Train
    10         390         21600.1         9.48348          0.0625      Successful search (ES-wcm)        
    10         391           21595         18.9207          0.0625      Successful search (ES-wcm)        
    10         393         21586.1         15.3209          0.0625      Successful search (ES-ell)        
    10         394         21583.5         22.6992          0.0625      Successful search (ES-wcm)        
    10         401         21575.4         11.9342          0.0625      Successful search (ES-wcm)        
    10         403         21574.9         14.6886          0.0625      Successful search (ES-wcm)        
    10         407           21572         12.0699          0.0625      Successful search (ES-wcm)        
    10         410         21568.5         11.0898          0.0625      Successful search (ES-ell)        
    10         411         21567.2         10.9452          0.0625      Successful search (ES-ell)        
    10         440         21567.2         10.9452         0.03125          Refine grid             Train
    11         441         21573.7         8.03802         0.03125      Successful search (ES-ell)        
    11         442           21569         9.51194         0.03125      Successful search (ES-ell)        
    11         443         21561.4         11.5207         0.03125      Successful search (ES-ell)        
    11         480         21561.4         11.5207        0.015625          Refine grid             
    12         481         21564.9         7.00089        0.015625      Successful search (ES-wcm)        
    12         482         21562.2         7.30653        0.015625      Successful search (ES-wcm)        
    12         483         21560.8         8.13542        0.015625      Successful search (ES-ell)        
    12         484         21559.3         9.68173        0.015625      Successful search (ES-ell)        
    12         492         21558.9         8.99293        0.015625      Successful search (ES-ell)        
    12         493         21556.6         9.68479        0.015625      Successful search (ES-ell)        
    12         494         21556.5         10.8536        0.015625      Successful search (ES-ell)        
    12         495         21553.7          10.818        0.015625      Successful search (ES-ell)        
    12         496         21552.7         12.4391        0.015625      Successful search (ES-ell)        
    12         497         21550.9         15.6218        0.015625      Successful search (ES-ell)        
    12         498           21549         18.9053        0.015625      Successful search (ES-ell)        
    12         499         21543.1         22.4402        0.015625      Successful search (ES-ell)        
    12         530         21542.1         10.2371         0.03125        Successful poll           
    13         531         21541.7           8.812         0.03125      Successful search (ES-wcm)        
    13         534         21541.5         8.57805         0.03125      Successful search (ES-ell)        
    13         535         21541.3          8.8729         0.03125      Successful search (ES-wcm)        
    13         570         21541.3          8.8729        0.015625          Refine grid             
    14         571         21546.8         6.46525        0.015625      Successful search (ES-ell)        
    14         573         21545.6         6.94408        0.015625      Successful search (ES-ell)        
    14         574         21542.2         7.50449        0.015625      Successful search (ES-ell)        
    14         575         21537.8         9.31787        0.015625      Successful search (ES-ell)        
    14         576         21537.4         13.4668        0.015625      Successful search (ES-ell)        
    14         577         21525.9         16.1639        0.015625      Successful search (ES-ell)        
    14         610         21525.9         16.1639       0.0078125          Refine grid             Train
    15         611           21545         6.61256       0.0078125      Successful search (ES-wcm)        
    15         612         21539.6         6.98174       0.0078125      Successful search (ES-ell)        
    15         613         21537.4         8.09725       0.0078125      Successful search (ES-ell)        
    15         614         21534.9         8.29331       0.0078125      Successful search (ES-wcm)        
    15         615         21533.2         9.16444       0.0078125      Successful search (ES-wcm)        
    15         616           21527         10.3387       0.0078125      Successful search (ES-wcm)        
    15         617         21525.2         11.7168       0.0078125      Successful search (ES-wcm)        
    15         650         21525.2         11.7168      0.00390625          Refine grid             
    16         651         21538.8         6.42933      0.00390625      Successful search (ES-wcm)        
    16         653         21538.4         6.39036      0.00390625      Successful search (ES-wcm)        
    16         654         21538.3          6.4207      0.00390625      Successful search (ES-wcm)        
    16         655         21536.6         6.52675      0.00390625      Successful search (ES-wcm)        
    16         656         21535.2          6.7921      0.00390625      Successful search (ES-ell)        
    16         657         21533.7         6.99712      0.00390625      Successful search (ES-wcm)        
    16         691         21533.7         6.99712      0.00195312          Refine grid             
    17         692           21546         4.62967      0.00195312      Successful search (ES-wcm)        
    17         693         21545.9         4.63543      0.00195312      Successful search (ES-wcm)        
    17         694         21545.4         4.68976      0.00195312      Successful search (ES-wcm)        
    17         719         21539.4         4.84941      0.00390625        Successful poll           Train
    18         720         21547.1         4.15746      0.00390625      Successful search (ES-ell)        
    18         721         21546.4         4.23573      0.00390625      Successful search (ES-wcm)        
    18         722         21544.7         5.02019      0.00390625      Successful search (ES-ell)        
    18         723         21542.1          6.6915      0.00390625      Successful search (ES-ell)        
    18         724         21533.9         8.98873      0.00390625      Successful search (ES-ell)        
    18         725         21524.5         13.1914      0.00390625      Successful search (ES-ell)        
    18         726         21513.1         18.7098      0.00390625      Successful search (ES-ell)        
    18         728         21510.4         18.3512      0.00390625      Successful search (ES-ell)        
    18         760         21510.4         18.3512      0.00195312          Refine grid             
    19         761         21532.7         7.15598      0.00195312      Successful search (ES-ell)        
    19         762         21531.8          7.1978      0.00195312      Successful search (ES-wcm)        
    19         763         21530.8         7.28263      0.00195312      Successful search (ES-wcm)        
    19         764         21528.4         7.44067      0.00195312      Successful search (ES-wcm)        
    19         765         21526.4         7.81463      0.00195312      Successful search (ES-wcm)        
    19         766           21523         8.41155      0.00195312      Successful search (ES-wcm)        
    19         767         21521.5         9.41734      0.00195312      Successful search (ES-wcm)        
    19         768         21520.5         11.0457      0.00195312      Successful search (ES-wcm)        
    19         802         21520.5         11.0457     0.000976562          Refine grid             
Optimization terminated: change in the function value less than options['tol_mesh']
Estimated function value at minimum: 21534.633286949418 ± 3.8547733923462504 (mean ± SEM from 100 samples)
BADS minimum at: x_min = [ 0.0474  7.8168  7.63    0.     -0.5065  7.8277  0.4925  0.5841  1.1641
  1.9994  0.2649], training NLL = 21534.6333
total f-count: 902, time: 38.61 min

 ------- Finish Optimization for Subject 3 ---------- 

 ------- Start Optimization for Subject 5 ---------- 

 Cross Validation fold 0/1

 -- Start Optimization: method BADS --

 Optimization Run 1/1
Initial params: [1.5945, 6.6872, 9.69, 8.1414, 1.5591, 19.8691, 0.4257, 0.1035, 0.2762, 0.0742, 0.1618]
bads:TooCloseBounds: For each variable, hard and plausible bounds should not be too close. Moving plausible bounds.
Variables (index) internally transformed to log coordinates: [[ 0  0]
 [ 0  3]
 [ 0  8]
 [ 0  9]
 [ 0 10]]
Beginning optimization of a STOCHASTIC objective function

 Iteration    f-count      E[f(x)]        SD[f(x)]           MeshScale          Method              Actions
     0           1         31175.3             nan               1                                  
     0          27         29453.4             nan               1          Initial mesh            Initial points
     0          30         28055.1        0.975699               1        Successful poll           Train
     1          31         26947.7        0.975698               1      Successful search (ES-wcm)        
     1          34         26457.2        0.975676               1      Successful search (ES-wcm)        
     1          36         26286.2        0.975617               1      Successful search (ES-wcm)        
     1          39         25860.7        0.975415               1      Successful search (ES-wcm)        
     1          40         25703.2        0.975418               1      Successful search (ES-wcm)        
     1          41         25477.2        0.975559               1      Successful search (ES-wcm)        
     1          42         25218.4        0.975609               1      Successful search (ES-wcm)        
     1          47         25073.2        0.973721               1      Successful search (ES-wcm)        
     1          48         25017.7        0.975309               1      Successful search (ES-wcm)        
     1          51         24685.6        0.936311               1      Successful search (ES-ell)        
     1          58         24644.7         0.93626               1      Successful search (ES-wcm)        
     1          61         24637.8        0.934402               1      Successful search (ES-ell)        
     1          63         24624.1        0.934274               1      Successful search (ES-ell)        
     1          67         24594.7        0.935384               1      Successful search (ES-ell)        
     1         102         24582.4         1.01382               1        Successful poll           Train
     2         119         24540.1         1.01629               1        Successful poll           Train
     3         122         24526.9         37.7138               1      Successful search (ES-ell)        
     3         126         24526.1         25.2316               1      Incremental search (ES-ell)        
     3         128         24511.2         29.6013               1      Successful search (ES-ell)        
     3         130           24502         37.0677               1      Successful search (ES-ell)        
     3         132         24370.5         44.6432               1      Successful search (ES-ell)        
     3         134         24364.1         45.4379               1      Successful search (ES-ell)        
     3         137         24320.7         43.9986               1      Successful search (ES-ell)        
     3         138         24192.2         45.4196               1      Successful search (ES-ell)        
     3         164         23835.6         40.1245               1        Successful poll           
     4         170         23736.3         32.2197               1      Successful search (ES-ell)        
     4         173         23707.7         27.0364               1      Successful search (ES-ell)        
     4         175         23700.1         30.2348               1      Successful search (ES-ell)        
     4         180         23696.6         22.5049               1      Successful search (ES-ell)        
     4         181         23657.3         30.3816               1      Successful search (ES-ell)        
     4         182         23601.3         29.6409               1      Successful search (ES-ell)        
     4         184         23557.1         32.1991               1      Successful search (ES-ell)        
     4         186         23531.4         22.9532               1      Successful search (ES-ell)        
     4         191         23514.6         22.9514               1      Successful search (ES-ell)        
     4         192         23432.8         25.0671               1      Successful search (ES-ell)        
     4         222         23432.8         25.0671             0.5          Refine grid             
     5         223         23481.2         23.6495             0.5      Successful search (ES-wcm)        
     5         224         23459.5         23.3659             0.5      Successful search (ES-wcm)        
     5         232         23416.1         15.2926             0.5      Successful search (ES-ell)        
     5         233         23385.9         19.3642             0.5      Successful search (ES-ell)        
     5         235           23372         22.8897             0.5      Successful search (ES-ell)        
     5         236         23350.2         26.6017             0.5      Successful search (ES-ell)        
     5         242           23343         22.9769             0.5      Successful search (ES-ell)        
     5         245         23342.9         40.0865             0.5      Incremental search (ES-ell)        
     5         246         23299.7         41.1192             0.5      Successful search (ES-ell)        
     5         247         23226.6         41.3974             0.5      Successful search (ES-ell)        
     5         250         23053.2         41.5279             0.5      Successful search (ES-ell)        
     5         252         23015.3         41.7882             0.5      Successful search (ES-ell)        
     5         257         22967.1         39.1339             0.5      Successful search (ES-ell)        
     5         259           22925         39.5676             0.5      Successful search (ES-ell)        
     5         262         22878.7         37.0188             0.5      Successful search (ES-ell)        
     5         294         22771.8          42.119               1        Successful poll           
     6         295         22714.2         41.9913               1      Successful search (ES-ell)        
     6         298         22640.3         41.5861               1      Successful search (ES-ell)        
     6         301         22556.7         48.2851               1      Successful search (ES-wcm)        
     6         304         22553.1         47.5006               1      Successful search (ES-wcm)        
     6         305         22466.9         48.2547               1      Successful search (ES-wcm)        
     6         306         22382.4         48.1701               1      Successful search (ES-wcm)        
     6         310         22376.2         47.5794               1      Successful search (ES-wcm)        
     6         312         22360.8         46.8407               1      Successful search (ES-wcm)        
     6         314         22311.4         46.6758               1      Successful search (ES-wcm)        
     6         315         22269.2         46.8198               1      Successful search (ES-wcm)        
     6         318         22041.7         47.5737               1      Successful search (ES-wcm)        
     6         322         22017.3         45.8622               1      Successful search (ES-wcm)        
     6         323         21992.6         45.9225               1      Successful search (ES-wcm)        
     6         324         21926.2         45.4269               1      Successful search (ES-wcm)        
     6         332         21908.2          36.262               1      Successful search (ES-wcm)        
     6         333           21726         46.6444               1      Successful search (ES-wcm)        
     6         340         21669.1          46.442               1      Successful search (ES-wcm)        
     6         346         21601.1         41.5771               1      Successful search (ES-wcm)        
     6         375         21557.7         44.3078               1        Successful poll           
     7         376         19829.6         56.6551               1      Successful search (ES-wcm)        
     7         389           19605         43.5644               1      Successful search (ES-wcm)        
     7         390         19240.6         51.0838               1      Successful search (ES-wcm)        
     7         392         19070.1         51.4822               1      Successful search (ES-wcm)        
     7         395         18887.1         50.4527               1      Successful search (ES-wcm)        
     7         398         18881.7         44.7423               1      Successful search (ES-wcm)        
     7         412         18870.2         23.0229               1      Successful search (ES-wcm)        
     7         416         18723.2         48.2084               1      Successful search (ES-ell)        
     7         417         18718.8         49.2375               1      Successful search (ES-ell)        
     7         420         18708.6         51.0657               1      Successful search (ES-ell)        
     7         422         18686.7         47.1007               1      Successful search (ES-wcm)        
     7         426         18608.3         29.3643               1      Successful search (ES-ell)        
     7         431         18556.3         46.1059               1      Successful search (ES-ell)        
     7         438         18525.4         37.9454               1      Successful search (ES-ell)        
     7         465         18525.4         37.9454             0.5          Refine grid             
     8         469         18527.2         25.4984             0.5      Successful search (ES-ell)        
     8         471         18521.8          30.044             0.5      Successful search (ES-ell)        
     8         503         18521.8          30.044            0.25          Refine grid             
     9         504         18528.1         29.8393            0.25      Successful search (ES-ell)        
     9         509         18523.1         16.1686            0.25      Successful search (ES-wcm)        
     9         511         18514.7         13.6066            0.25      Successful search (ES-ell)        
     9         544         18514.7         13.6066           0.125          Refine grid             Train
    10         545         18529.1         14.1858           0.125      Successful search (ES-wcm)        
    10         548           18515         13.4659           0.125      Successful search (ES-wcm)        
    10         550         18512.8         20.8958           0.125      Successful search (ES-wcm)        
    10         553         18511.3           14.22           0.125      Successful search (ES-wcm)        
    10         586         18511.3           14.22          0.0625          Refine grid             
    11         587         18518.5         9.89639          0.0625      Successful search (ES-wcm)        
    11         589         18509.9         10.9124          0.0625      Successful search (ES-wcm)        
    11         591         18509.6          13.855          0.0625      Successful search (ES-wcm)        
    11         628         18509.6          13.855         0.03125          Refine grid             
    12         629         18516.2         6.26322         0.03125      Successful search (ES-wcm)        
    12         630         18512.2         6.69829         0.03125      Successful search (ES-wcm)        
    12         631         18505.7         13.3346         0.03125      Successful search (ES-ell)        
    12         670         18505.7         13.3346        0.015625          Refine grid             Train
    13         671         18521.8         7.39074        0.015625      Successful search (ES-ell)        
    13         672         18519.2         8.21231        0.015625      Successful search (ES-ell)        
    13         673         18513.8         9.88575        0.015625      Successful search (ES-ell)        
    13         676         18513.4          10.328        0.015625      Successful search (ES-wcm)        
    13         713         18513.4          10.328       0.0078125          Refine grid             
    14         714           18518         6.40084       0.0078125      Successful search (ES-wcm)        
    14         756           18518         6.40084      0.00390625          Refine grid             
    15         757         18521.7         5.01319      0.00390625      Successful search (ES-ell)        
    15         758         18519.6         5.17602      0.00390625      Successful search (ES-ell)        
    15         759         18515.5         5.72956      0.00390625      Successful search (ES-ell)        
    15         760         18514.3          6.9739      0.00390625      Successful search (ES-ell)        
    15         761         18512.8         8.42291      0.00390625      Successful search (ES-ell)        
    15         800         18512.8         8.42291      0.00195312          Refine grid             
    16         828         18525.6          4.5383      0.00390625        Successful poll           Train
    17         861         18520.1         24.6218      0.00195312          Refine grid             Train
    18         862         18520.7         20.9687      0.00195312      Successful search (ES-ell)        
    18         905         18520.7         20.9687     0.000976562          Refine grid             Train
Optimization terminated: change in the function value less than options['tol_mesh']
Estimated function value at minimum: 18526.622831867033 ± 4.831290371652419 (mean ± SEM from 100 samples)
BADS minimum at: x_min = [4.9345 6.7081 6.1983 6.1903 4.2396 8.6026 0.4577 0.5604 0.0698 1.8943
 0.2683], training NLL = 18526.6228
total f-count: 1005, time: 43.26 min

 ------- Finish Optimization for Subject 5 ---------- 

 ------- Start Optimization for Subject 6 ---------- 

 Cross Validation fold 0/1

 -- Start Optimization: method BADS --

 Optimization Run 1/1
Initial params: [1.1661, 7.2276, 4.8031, 17.92, -4.5746, 16.56, 0.5972, 0.1912, 0.9036, 0.3911, 0.6443]
bads:TooCloseBounds: For each variable, hard and plausible bounds should not be too close. Moving plausible bounds.
Variables (index) internally transformed to log coordinates: [[ 0  0]
 [ 0  3]
 [ 0  8]
 [ 0  9]
 [ 0 10]]
Beginning optimization of a STOCHASTIC objective function

 Iteration    f-count      E[f(x)]        SD[f(x)]           MeshScale          Method              Actions
     0           1         28532.3             nan               1                                  
     0          27         27984.1             nan               1          Initial mesh            Initial points
     0          35         26599.2         1.00025               1        Successful poll           Train
     1          36         25775.8         1.00026               1      Successful search (ES-wcm)        
     1          38         25059.8         1.00026               1      Successful search (ES-wcm)        
     1          43         24795.6         1.00013               1      Successful search (ES-wcm)        
     1          46         24683.2        0.999678               1      Successful search (ES-wcm)        
     1          51         24564.2        0.998488               1      Successful search (ES-wcm)        
     1          61         24520.6        0.998443               1      Successful search (ES-wcm)        
     1          62         24320.9        0.998488               1      Successful search (ES-wcm)        
     1          68         24284.8        0.998407               1      Successful search (ES-wcm)        
     1          71         23326.2        0.998509               1      Successful search (ES-wcm)        
     1          73         23129.1        0.998515               1      Successful search (ES-wcm)        
     1          74         23110.5         1.01926               1      Successful search (ES-wcm)        
     1          76         23059.4         1.01925               1      Successful search (ES-wcm)        
     1          77         22389.6         1.01925               1      Successful search (ES-wcm)        
     1          81         22317.7         1.01925               1      Successful search (ES-ell)        
     1          82         21719.7         1.01925               1      Successful search (ES-wcm)        
     1          88         21278.3         1.01921               1      Successful search (ES-ell)        
     1          89         21131.1         1.01915               1      Successful search (ES-ell)        
     1          93         21026.2         1.01922               1      Successful search (ES-ell)        
     1          94         20668.7         1.01919               1      Successful search (ES-ell)        
     1          98         20538.4        0.887251               1      Successful search (ES-ell)        
     1          99         20466.9        0.887254               1      Successful search (ES-ell)        
     1         100         20297.8        0.887255               1      Successful search (ES-wcm)        
     1         102         20162.2        0.887253               1      Successful search (ES-wcm)        
     1         104         19988.4        0.887252               1      Successful search (ES-wcm)        
     1         105         19895.8        0.887251               1      Successful search (ES-wcm)        
     1         110         19879.8        0.887207               1      Successful search (ES-wcm)        
     1         112         19877.6        0.887248               1      Successful search (ES-ell)        
     1         114         19862.7        0.887204               1      Successful search (ES-wcm)        
     1         116         19821.7        0.887101               1      Successful search (ES-wcm)        
     1         117         19584.5        0.887253               1      Successful search (ES-wcm)        
     1         119         19387.2        0.887254               1      Successful search (ES-wcm)        
     1         121         19323.9        0.966005               1      Successful search (ES-wcm)        
     1         124         19110.4         0.96602               1      Successful search (ES-ell)        
     1         127         18927.3        0.966021               1      Successful search (ES-ell)        
     1         132         18762.9        0.965997               1      Successful search (ES-ell)        
     1         158         18745.4         1.00522               1        Successful poll           
     2         162         18469.5         1.00522               1      Successful search (ES-wcm)        
     2         163         18343.1         1.00522               1      Successful search (ES-wcm)        
     2         174         18102.2         1.06001               1      Successful search (ES-wcm)        
     2         178         18034.8            1.06               1      Successful search (ES-ell)        
     2         181         17952.7         1.06001               1      Successful search (ES-wcm)        
     2         189         17911.8         1.11261               1      Successful search (ES-ell)        
     2         196         17880.9          1.1126               1      Successful search (ES-ell)        
     2         198         17816.4         1.11261               1      Successful search (ES-ell)        
     2         227         17816.4         1.11261             0.5          Refine grid             
     3         254         17818.8         1.09063            0.25          Refine grid             
     4         255         17751.5         37.2082            0.25      Successful search (ES-ell)        
     4         256         17689.8         42.6687            0.25      Successful search (ES-ell)        
     4         259         17661.6         37.1066            0.25      Successful search (ES-wcm)        
     4         260         17587.1          43.617            0.25      Successful search (ES-ell)        
     4         268         17565.9         31.4505            0.25      Successful search (ES-ell)        
     4         278         17549.1         35.8638            0.25      Successful search (ES-wcm)        
     4         279         17460.3         39.1036            0.25      Successful search (ES-wcm)        
     4         289         17449.8         25.9095            0.25      Successful search (ES-wcm)        
     4         326         17419.7         33.9174             0.5        Successful poll           
     5         332         17416.4         20.0334             0.5      Successful search (ES-ell)        
     5         334         17409.9          26.474             0.5      Successful search (ES-wcm)        
     5         335         17395.5          38.682             0.5      Successful search (ES-wcm)        
     5         336           17378         36.2452             0.5      Successful search (ES-ell)        
     5         337         17350.1         41.9805             0.5      Successful search (ES-ell)        
     5         365         17350.1         41.9805            0.25          Refine grid             
     6         366         17368.2         27.1199            0.25      Successful search (ES-wcm)        
     6         368           17328         30.0047            0.25      Successful search (ES-wcm)        
     6         371         17321.5         32.1496            0.25      Successful search (ES-wcm)        
     6         372         17292.9         43.4064            0.25      Successful search (ES-wcm)        
     6         405         17292.9         43.4064           0.125          Refine grid             Train
     7         406         17278.1         13.1616           0.125      Successful search (ES-wcm)        
     7         407         17246.3         18.8709           0.125      Successful search (ES-wcm)        
     7         409         17223.2         20.4626           0.125      Successful search (ES-wcm)        
     7         410         17121.5         39.4041           0.125      Successful search (ES-ell)        
     7         445         17121.5         39.4041          0.0625          Refine grid             
     8         446           17138          13.892          0.0625      Successful search (ES-ell)        
     8         447         17134.2         23.2979          0.0625      Successful search (ES-ell)        
     8         457         17127.2         14.0437          0.0625      Successful search (ES-ell)        
     8         458         17113.5         18.8983          0.0625      Successful search (ES-ell)        
     8         459         17110.9         25.1811          0.0625      Successful search (ES-ell)        
     8         498         17110.9         25.1811         0.03125          Refine grid             
     9         499         17129.4         6.87995         0.03125      Successful search (ES-wcm)        
     9         500         17124.2         7.10466         0.03125      Successful search (ES-wcm)        
     9         501         17119.5         8.45634         0.03125      Successful search (ES-wcm)        
     9         502         17114.2         11.6362         0.03125      Successful search (ES-wcm)        
     9         503         17111.6         17.6427         0.03125      Successful search (ES-wcm)        
     9         504           17104         24.7289         0.03125      Successful search (ES-wcm)        
     9         507         17095.1         14.3127         0.03125      Successful search (ES-wcm)        
     9         510         17090.3         12.9312         0.03125      Successful search (ES-wcm)        
     9         511         17074.9         15.7895         0.03125      Successful search (ES-ell)        
     9         513         17071.8         18.5487         0.03125      Successful search (ES-ell)        
     9         515         17069.5         14.2944         0.03125      Successful search (ES-ell)        
     9         516         17064.5          17.064         0.03125      Successful search (ES-ell)        
     9         552         17064.5          17.064        0.015625          Refine grid             
    10         553         17090.4         6.09764        0.015625      Successful search (ES-ell)        
    10         554         17085.6         7.68218        0.015625      Successful search (ES-ell)        
    10         555         17081.2         11.3831        0.015625      Successful search (ES-ell)        
    10         596         17076.4          9.9448         0.03125        Successful poll           
    11         597         17069.1         11.9017         0.03125      Successful search (ES-wcm)        
    11         598           17063         15.8781         0.03125      Successful search (ES-wcm)        
    11         626         17054.9         16.1698          0.0625        Successful poll           Train
    12         627         17064.2         14.4075          0.0625      Successful search (ES-wcm)        
    12         632         17060.1         16.0973          0.0625      Successful search (ES-ell)        
    12         669         17060.1         16.0973         0.03125          Refine grid             
    13         670         17062.1          7.4275         0.03125      Successful search (ES-ell)        
    13         713         17043.4         8.50934          0.0625        Successful poll           
    14         714         17072.9         17.2209          0.0625      Successful search (ES-ell)        
    14         726         17069.3         7.87529          0.0625      Successful search (ES-wcm)        
    14         727           17063         10.9237          0.0625      Successful search (ES-wcm)        
    14         731         17057.5          8.9314          0.0625      Successful search (ES-wcm)        
    14         732         17049.7         11.1242          0.0625      Successful search (ES-wcm)        
    14         767         17049.7         11.1242         0.03125          Refine grid             
    15         768         17069.8         5.18737         0.03125      Successful search (ES-wcm)        
    15         769         17061.4         6.42609         0.03125      Successful search (ES-wcm)        
    15         770           17047         12.8344         0.03125      Successful search (ES-wcm)        
    15         811           17047         12.8344        0.015625          Refine grid             Train
    16         812         17086.1         5.63785        0.015625      Successful search (ES-wcm)        
    16         813           17078         5.26265        0.015625      Successful search (ES-wcm)        
    16         814         17072.6         6.23771        0.015625      Successful search (ES-wcm)        
    16         815         17057.1         11.4078        0.015625      Successful search (ES-ell)        
    16         855         17057.1         11.4078       0.0078125          Refine grid             Train
    17         856         17071.6          5.4888       0.0078125      Successful search (ES-ell)        
    17         857           17068         6.38118       0.0078125      Successful search (ES-ell)        
    17         858         17058.6         8.69916       0.0078125      Successful search (ES-ell)        
    17         859         17057.2         11.8556       0.0078125      Successful search (ES-ell)        
    17         860         17046.7         16.7409       0.0078125      Successful search (ES-wcm)        
    17         861         17032.1         22.6392       0.0078125      Successful search (ES-wcm)        
    17         899         17032.1         22.6392      0.00390625          Refine grid             
    18         900         17079.2         6.03445      0.00390625      Successful search (ES-wcm)        
    18         942         17074.7         5.10659       0.0078125        Successful poll           
    19         943         17076.1         5.10025       0.0078125      Successful search (ES-wcm)        
    19         944         17072.9         5.28902       0.0078125      Successful search (ES-wcm)        
    19         945         17069.4         5.77574       0.0078125      Successful search (ES-wcm)        
    19         946         17057.8         8.16042       0.0078125      Successful search (ES-ell)        
    19         947         17044.5         11.4741       0.0078125      Successful search (ES-ell)        
    19         948         17040.7         15.4309       0.0078125      Successful search (ES-ell)        
    19         986         17040.7         15.4309      0.00390625          Refine grid             
    20         987         17078.5         5.85279      0.00390625      Successful search (ES-ell)        
    20         988         17074.9         6.35477      0.00390625      Successful search (ES-ell)        
    20         989         17069.9         7.27286      0.00390625      Successful search (ES-ell)        
    20         990         17062.3         8.22744      0.00390625      Successful search (ES-ell)        
    20         991         17057.1         9.84986      0.00390625      Successful search (ES-ell)        
    20        1018         17056.5         13.6554       0.0078125        Successful poll           Train
    21        1019         17075.2         6.27179       0.0078125      Successful search (ES-ell)        
    21        1020         17069.6         7.41227       0.0078125      Successful search (ES-ell)        
    21        1021           17063          9.1878       0.0078125      Successful search (ES-ell)        
    21        1062           17063          9.1878      0.00390625          Refine grid             
    22        1063         17084.2         4.72119      0.00390625      Successful search (ES-wcm)        
    22        1064         17081.3         4.92368      0.00390625      Successful search (ES-wcm)        
    22        1065         17079.5         5.60252      0.00390625      Successful search (ES-wcm)        
    22        1066         17076.1         6.96584      0.00390625      Successful search (ES-wcm)        
    22        1067         17074.5          8.1644      0.00390625      Successful search (ES-wcm)        
    22        1068         17070.4         9.85072      0.00390625      Successful search (ES-wcm)        
    22        1069         17066.6         15.1574      0.00390625      Successful search (ES-wcm)        
    22        1106         17066.6         15.1574      0.00195312          Refine grid             
    23        1107         17085.7         5.50857      0.00195312      Successful search (ES-wcm)        
    23        1108         17085.4         5.63554      0.00195312      Successful search (ES-wcm)        
    23        1109         17083.7         5.72754      0.00195312      Successful search (ES-wcm)        
    23        1110         17082.7         5.93732      0.00195312      Successful search (ES-wcm)        
    23        1111         17081.6         6.07532      0.00195312      Successful search (ES-wcm)        
    23        1114         17076.9           6.219      0.00195312      Successful search (ES-ell)        
    23        1115         17069.9         6.63997      0.00195312      Successful search (ES-ell)        
    23        1116         17065.4         7.84611      0.00195312      Successful search (ES-ell)        
    23        1117         17057.3         9.45896      0.00195312      Successful search (ES-ell)        
    23        1150         17057.3         9.45896     0.000976562          Refine grid             Train
Optimization terminated: change in the function value less than options['tol_mesh']
Estimated function value at minimum: 17071.883335918086 ± 4.191935248646734 (mean ± SEM from 100 samples)
BADS minimum at: x_min = [3.0885 3.3269 3.7432 1.0978 0.4807 5.0489 0.5353 0.6642 0.     1.302
 0.2209], training NLL = 17071.8833
total f-count: 1250, time: 53.84 min

 ------- Finish Optimization for Subject 6 ---------- 

 ------- Start Optimization for Subject 11 ---------- 

 Cross Validation fold 0/1

 -- Start Optimization: method BADS --

 Optimization Run 1/1
Initial params: [0.6857, 7.7173, 12.8693, 13.026, -1.3761, 17.0473, 0.4723, 0.1205, 0.6513, 0.7236, 0.6997]
bads:TooCloseBounds: For each variable, hard and plausible bounds should not be too close. Moving plausible bounds.
Variables (index) internally transformed to log coordinates: [[ 0  0]
 [ 0  3]
 [ 0  8]
 [ 0  9]
 [ 0 10]]
Beginning optimization of a STOCHASTIC objective function

 Iteration    f-count      E[f(x)]        SD[f(x)]           MeshScale          Method              Actions
     0           1         30099.4             nan               1                                  
     0          27           29902             nan               1          Initial mesh            Initial points
     0          30         28676.6        0.995334               1        Successful poll           Train
     1          31         25527.9         0.99534               1      Successful search (ES-wcm)        
     1          32           25459        0.995339               1      Successful search (ES-wcm)        
     1          33         25208.5        0.995324               1      Successful search (ES-ell)        
     1          43         25091.4        0.995088               1      Successful search (ES-wcm)        
     1          45         24829.1        0.995279               1      Successful search (ES-wcm)        
     1          57         24599.9          1.0228               1      Successful search (ES-wcm)        
     1          60         24510.3         1.02273               1      Successful search (ES-wcm)        
     1          61         24096.3          1.0228               1      Successful search (ES-wcm)        
     1          62         23240.6         1.02288               1      Successful search (ES-wcm)        
     1          63         22509.4         1.02295               1      Successful search (ES-wcm)        
     1          68           22254         1.02284               1      Successful search (ES-wcm)        
     1          69         22237.8         1.02284               1      Successful search (ES-wcm)        
     1          70         21659.5         1.02282               1      Successful search (ES-wcm)        
     1          72         21054.5         1.02283               1      Successful search (ES-wcm)        
     1          75           20504        0.956377               1      Successful search (ES-wcm)        
     1          85           20417        0.956161               1      Successful search (ES-wcm)        
     1          87         20154.3        0.956366               1      Successful search (ES-wcm)        
     1          96         20060.7        0.956102               1      Successful search (ES-wcm)        
     1         103         19980.4         1.05702               1      Successful search (ES-ell)        
     1         104         19816.6         1.05702               1      Successful search (ES-ell)        
     1         107         19741.1         1.05652               1      Successful search (ES-ell)        
     1         111         19693.7         1.05692               1      Successful search (ES-ell)        
     1         143         19674.6        0.997833               1        Successful poll           Train
     2         172         19675.5         11.5125             0.5          Refine grid             Train
     3         173         19656.3         40.3018             0.5      Successful search (ES-ell)        
     3         186         19647.3         40.2145             0.5      Successful search (ES-wcm)        
     3         187         19531.1         65.9279             0.5      Successful search (ES-wcm)        
     3         188         19452.5         63.1005             0.5      Successful search (ES-ell)        
     3         193           19445         38.4822             0.5      Successful search (ES-ell)        
     3         194         19356.3         39.5021             0.5      Successful search (ES-ell)        
     3         198         19352.7         34.1697             0.5      Successful search (ES-ell)        
     3         199         19349.1         39.9041             0.5      Successful search (ES-ell)        
     3         200         19294.2         38.1934             0.5      Successful search (ES-ell)        
     3         202           19253         41.5558             0.5      Successful search (ES-wcm)        
     3         207         19252.5         26.1386             0.5      Successful search (ES-wcm)        
     3         247         19252.5         26.1386            0.25          Refine grid             Train
     4         248         19299.7         36.8665            0.25      Successful search (ES-wcm)        
     4         251         19289.9         27.2611            0.25      Successful search (ES-wcm)        
     4         253         19253.8         29.5201            0.25      Successful search (ES-wcm)        
     4         256         19242.9         19.8366            0.25      Successful search (ES-wcm)        
     4         258         19242.5          24.238            0.25      Successful search (ES-wcm)        
     4         289         19242.5          24.238           0.125          Refine grid             
     5         290         19258.2         15.5287           0.125      Successful search (ES-ell)        
     5         291         19247.2         26.0337           0.125      Successful search (ES-ell)        
     5         301         19234.3         15.0721           0.125      Successful search (ES-ell)        
     5         302         19218.2         26.4652           0.125      Successful search (ES-ell)        
     5         304         19208.7         28.2731           0.125      Successful search (ES-ell)        
     5         306         19205.5          30.537           0.125      Successful search (ES-ell)        
     5         342         19197.2         37.9661            0.25        Successful poll           
     6         343         19121.8          37.254            0.25      Successful search (ES-ell)        
     6         344         19067.1         45.0214            0.25      Successful search (ES-ell)        
     6         346         19059.6         46.8045            0.25      Successful search (ES-ell)        
     6         348         18917.7         46.5106            0.25      Successful search (ES-ell)        
     6         350         18813.7         46.4002            0.25      Successful search (ES-ell)        
     6         384         18813.7         46.4002           0.125          Refine grid             
     7         385         18801.6         24.1142           0.125      Successful search (ES-ell)        
     7         386         18790.6         35.7188           0.125      Successful search (ES-ell)        
     7         389         18767.5         31.8222           0.125      Successful search (ES-ell)        
     7         391         18729.9         42.5237           0.125      Successful search (ES-wcm)        
     7         393         18661.8         46.0404           0.125      Successful search (ES-wcm)        
     7         394         18569.9         42.6487           0.125      Successful search (ES-ell)        
     7         395         18564.9         44.3071           0.125      Successful search (ES-ell)        
     7         396         18522.9         40.8852           0.125      Successful search (ES-ell)        
     7         397         18516.9         42.2345           0.125      Successful search (ES-ell)        
     7         437         18503.4         46.2763            0.25        Successful poll           
     8         438         18490.2         43.7554            0.25      Successful search (ES-ell)        
     8         439         18458.4         46.6201            0.25      Successful search (ES-ell)        
     8         443         18430.6         38.8299            0.25      Successful search (ES-ell)        
     8         445         18424.6         41.1783            0.25      Successful search (ES-ell)        
     8         448         18397.1         43.9375            0.25      Successful search (ES-wcm)        
     8         449           18396         49.4078            0.25      Successful search (ES-wcm)        
     8         450           18331         48.3799            0.25      Successful search (ES-wcm)        
     8         487           18331         48.3799           0.125          Refine grid             
     9         488         18390.6         18.6875           0.125      Successful search (ES-ell)        
     9         489         18365.8         23.4972           0.125      Successful search (ES-ell)        
     9         490         18335.6          34.886           0.125      Successful search (ES-ell)        
     9         528         18335.6          34.886          0.0625          Refine grid             Train
    10         529         18390.3         10.1544          0.0625      Successful search (ES-ell)        
    10         530         18369.7          12.947          0.0625      Successful search (ES-ell)        
    10         531         18353.6         23.3786          0.0625      Successful search (ES-wcm)        
    10         532           18342         27.6576          0.0625      Successful search (ES-ell)        
    10         534         18338.5         27.0513          0.0625      Successful search (ES-ell)        
    10         537         18334.3         21.1478          0.0625      Successful search (ES-ell)        
    10         539         18310.5         23.3433          0.0625      Successful search (ES-wcm)        
    10         570         18310.5         23.3433         0.03125          Refine grid             
    11         571         18342.4         8.58473         0.03125      Successful search (ES-wcm)        
    11         572         18341.5         10.0434         0.03125      Successful search (ES-wcm)        
    11         573         18338.8         13.3923         0.03125      Successful search (ES-wcm)        
    11         574         18336.3         17.9071         0.03125      Successful search (ES-wcm)        
    11         611         18323.1         12.9272          0.0625        Successful poll           
    12         612         18311.9         15.8934          0.0625      Successful search (ES-wcm)        
    12         613         18306.6         21.1054          0.0625      Successful search (ES-wcm)        
    12         614         18289.2         27.7142          0.0625      Successful search (ES-wcm)        
    12         616         18260.2         22.4338          0.0625      Successful search (ES-ell)        
    12         617           18211         28.3246          0.0625      Successful search (ES-ell)        
    12         618         18200.4         34.5206          0.0625      Successful search (ES-ell)        
    12         620         18190.8         29.9857          0.0625      Successful search (ES-ell)        
    12         655         18190.8         29.9857         0.03125          Refine grid             Train
    13         656         18219.5         8.36845         0.03125      Successful search (ES-ell)        
    13         657         18214.2         9.43891         0.03125      Successful search (ES-ell)        
    13         658         18210.7         11.8454         0.03125      Successful search (ES-ell)        
    13         660         18210.2          13.968         0.03125      Successful search (ES-ell)        
    13         699         18210.2          13.968        0.015625          Refine grid             Train
    14         700         18232.9         7.43657        0.015625      Successful search (ES-ell)        
    14         701         18229.5         8.01605        0.015625      Successful search (ES-ell)        
    14         702         18229.4         9.37806        0.015625      Successful search (ES-ell)        
    14         706         18228.9         9.14634        0.015625      Successful search (ES-wcm)        
    14         707         18228.2         9.53797        0.015625      Successful search (ES-ell)        
    14         708         18224.2         10.3335        0.015625      Successful search (ES-ell)        
    14         709         18221.3         12.4521        0.015625      Successful search (ES-ell)        
    14         743         18221.3         12.4521       0.0078125          Refine grid             
    15         744           18238         6.73438       0.0078125      Successful search (ES-ell)        
    15         745         18236.1         6.90858       0.0078125      Successful search (ES-ell)        
    15         746         18231.4         7.54448       0.0078125      Successful search (ES-ell)        
    15         747         18229.3         9.25907       0.0078125      Successful search (ES-ell)        
    15         787         18229.3         9.25907      0.00390625          Refine grid             
    16         788         18233.1         5.67306      0.00390625      Successful search (ES-ell)        
    16         789         18231.6         5.78888      0.00390625      Successful search (ES-ell)        
    16         790         18227.6         5.87776      0.00390625      Successful search (ES-ell)        
    16         791         18223.8         6.13966      0.00390625      Successful search (ES-ell)        
    16         792         18219.2         6.87399      0.00390625      Successful search (ES-ell)        
    16         793         18212.1         7.64413      0.00390625      Successful search (ES-ell)        
    16         794         18198.3         9.73869      0.00390625      Successful search (ES-ell)        
    16         795         18185.5         11.9315      0.00390625      Successful search (ES-ell)        
    16         831         18185.5         11.9315      0.00195312          Refine grid             
    17         832         18236.6         6.02416      0.00195312      Successful search (ES-ell)        
    17         833         18235.7         6.08903      0.00195312      Successful search (ES-ell)        
    17         834         18235.6         6.31055      0.00195312      Successful search (ES-ell)        
    17         875         18235.6         6.31055     0.000976562          Refine grid             Train
Optimization terminated: change in the function value less than options['tol_mesh']
Estimated function value at minimum: 18241.324757521474 ± 4.8013578523818765 (mean ± SEM from 100 samples)
BADS minimum at: x_min = [ 2.4723  5.8713  5.8909  0.0513 -0.0587  7.5577  0.4759  0.5238  0.0079
  1.3137  0.2589], training NLL = 18241.3248
total f-count: 975, time: 42.0 min

 ------- Finish Optimization for Subject 11 ---------- 

 ------- Start Optimization for Subject 15 ---------- 

 Cross Validation fold 0/1

 -- Start Optimization: method BADS --

 Optimization Run 1/1
Initial params: [1.2497, 9.738, 12.2528, 10.9954, 1.1545, 27.8149, 0.4593, 0.231, 0.4442, 0.3398, 0.2803]
bads:TooCloseBounds: For each variable, hard and plausible bounds should not be too close. Moving plausible bounds.
Variables (index) internally transformed to log coordinates: [[ 0  0]
 [ 0  3]
 [ 0  8]
 [ 0  9]
 [ 0 10]]
Beginning optimization of a STOCHASTIC objective function

 Iteration    f-count      E[f(x)]        SD[f(x)]           MeshScale          Method              Actions
     0           1         28530.6             nan               1                                  
     0          27         28427.6             nan               1          Initial mesh            Initial points
     0          46         28121.9        0.999935               1        Successful poll           Train
     1          47         27610.2        0.999924               1      Successful search (ES-wcm)        
     1          48         25799.1        0.999917               1      Successful search (ES-wcm)        
     1          50         24872.1        0.999928               1      Successful search (ES-ell)        
     1          51         24699.5          1.0096               1      Successful search (ES-ell)        
     1          54         24337.9          1.0096               1      Successful search (ES-ell)        
     1          57         24318.8         1.00959               1      Successful search (ES-ell)        
     1          61         24308.3         1.00947               1      Successful search (ES-ell)        
     1          65         24277.3         1.00814               1      Successful search (ES-ell)        
     1          66           24203         1.00877               1      Successful search (ES-ell)        
     1          78         24192.9        0.967763               1      Successful search (ES-ell)        
     1          85           24174         0.95846               1      Successful search (ES-wcm)        
     1         111         23474.7         16.8815               1        Successful poll           
     2         112         19909.1         16.9465               1      Successful search (ES-wcm)        
     2         115           19539         16.4388               1      Successful search (ES-wcm)        
     2         116         19305.9         16.6533               1      Successful search (ES-wcm)        
     2         118         19235.1         16.6707               1      Successful search (ES-wcm)        
     2         119         18529.9         16.8194               1      Successful search (ES-wcm)        
     2         122         18329.6         19.8694               1      Successful search (ES-wcm)        
     2         123         18315.6          19.769               1      Successful search (ES-wcm)        
     2         124         18249.5         19.3511               1      Successful search (ES-wcm)        
     2         129         18005.4         19.1813               1      Successful search (ES-wcm)        
     2         130         17963.4         19.6262               1      Successful search (ES-wcm)        
     2         131         17729.6         19.9244               1      Successful search (ES-wcm)        
     2         132         17590.3         19.6237               1      Successful search (ES-ell)        
     2         135         17532.1         18.9522               1      Successful search (ES-wcm)        
     2         137         17529.7         16.7521               1      Successful search (ES-wcm)        
     2         140         17518.1         13.1331               1      Successful search (ES-wcm)        
     2         141         17509.8         13.2487               1      Successful search (ES-wcm)        
     2         147         17507.1          11.629               1      Successful search (ES-wcm)        
     2         149         17489.6         16.1395               1      Successful search (ES-ell)        
     2         150         17438.6         16.8448               1      Successful search (ES-wcm)        
     2         153         17436.7         13.5335               1      Successful search (ES-wcm)        
     2         154         17425.7         16.6038               1      Successful search (ES-wcm)        
     2         155         17422.4          16.268               1      Successful search (ES-wcm)        
     2         157         17421.8         15.9758               1      Incremental search (ES-wcm)        
     2         159         17413.3         17.6992               1      Successful search (ES-ell)        
     2         160         17393.7         18.3687               1      Successful search (ES-wcm)        
     2         162           17376         16.4134               1      Successful search (ES-wcm)        
     2         190           17376         16.4134             0.5          Refine grid             Train
     3         192         17406.1         15.1919             0.5      Successful search (ES-ell)        
     3         193         17396.9         22.4952             0.5      Successful search (ES-ell)        
     3         194         17381.8         25.2186             0.5      Successful search (ES-ell)        
     3         197         17376.6         20.1167             0.5      Successful search (ES-ell)        
     3         198         17375.3         21.0662             0.5      Successful search (ES-ell)        
     3         203         17371.7         12.4582             0.5      Successful search (ES-ell)        
     3         239         17371.7         12.4582            0.25          Refine grid             
     4         240           17359         7.74589            0.25      Successful search (ES-ell)        
     4         241         17344.3         13.0899            0.25      Successful search (ES-ell)        
     4         277         17344.3         13.0899           0.125          Refine grid             
     5         279         17359.2          5.9031           0.125      Successful search (ES-ell)        
     5         280         17355.6          7.0354           0.125      Successful search (ES-ell)        
     5         281         17354.7         7.85352           0.125      Successful search (ES-ell)        
     5         282         17353.3         10.2543           0.125      Successful search (ES-ell)        
     5         283         17346.4         14.1743           0.125      Successful search (ES-ell)        
     5         284           17326         20.7953           0.125      Successful search (ES-ell)        
     5         286         17319.4         18.6368           0.125      Successful search (ES-ell)        
     5         301         17269.2         33.5338            0.25        Successful poll           Train
     6         327         17269.1         33.5361           0.125          Refine grid             Train
     7         328           17279          9.3151           0.125      Successful search (ES-wcm)        
     7         329         17273.4         9.11949           0.125      Successful search (ES-wcm)        
     7         330         17262.4         11.7698           0.125      Successful search (ES-ell)        
     7         331         17259.1         15.7297           0.125      Successful search (ES-ell)        
     7         365         17259.1         15.7297          0.0625          Refine grid             Train
     8         366           17247         11.2585          0.0625      Successful search (ES-wcm)        
     8         405         17228.4         9.70411           0.125        Successful poll           
     9         406         17249.3         7.43265           0.125      Successful search (ES-ell)        
     9         408         17240.1         7.37542           0.125      Successful search (ES-ell)        
     9         410         17237.3         7.48489           0.125      Successful search (ES-ell)        
     9         411         17228.7         8.88439           0.125      Successful search (ES-ell)        
     9         443         17228.7         8.88439          0.0625          Refine grid             
    10         472           17269         4.48986        0.015625          Refine grid             Train
    11         473         17265.2         4.42364        0.015625      Successful search (ES-wcm)        
    11         474         17261.5         4.71006        0.015625      Successful search (ES-wcm)        
    11         475         17260.4         5.48351        0.015625      Successful search (ES-wcm)        
    11         476         17258.1         7.10281        0.015625      Successful search (ES-wcm)        
    11         479         17257.2         8.26836        0.015625      Successful search (ES-wcm)        
    11         512         17257.2         8.26836       0.0078125          Refine grid             
    12         513           17266          5.4467       0.0078125      Successful search (ES-wcm)        
    12         514         17265.4         5.66505       0.0078125      Successful search (ES-wcm)        
    12         515         17263.3         5.63992       0.0078125      Successful search (ES-wcm)        
    12         516         17261.9         5.84549       0.0078125      Successful search (ES-ell)        
    12         517         17260.4         6.83329       0.0078125      Successful search (ES-ell)        
    12         518         17258.1         9.72111       0.0078125      Successful search (ES-ell)        
    12         534           17258          7.1375       0.0078125      Successful search (ES-wcm)        
    12         539         17256.7         6.64834       0.0078125      Successful search (ES-ell)        
    12         540         17254.7         6.72649       0.0078125      Successful search (ES-ell)        
    12         541         17253.7         6.81827       0.0078125      Successful search (ES-ell)        
    12         542         17252.8         6.96697       0.0078125      Successful search (ES-ell)        
    12         546         17251.3         6.81489       0.0078125      Successful search (ES-ell)        
    12         586         17251.3         6.81489      0.00390625          Refine grid             Train
    13         587         17262.1         4.60288      0.00390625      Successful search (ES-ell)        
    13         588         17260.9         4.69564      0.00390625      Successful search (ES-ell)        
    13         589         17260.7         4.81425      0.00390625      Successful search (ES-ell)        
    13         590         17260.1         5.00188      0.00390625      Successful search (ES-ell)        
    13         591         17259.2         5.36661      0.00390625      Successful search (ES-ell)        
    13         592           17259         6.07595      0.00390625      Successful search (ES-ell)        
    13         593         17257.5         8.05433      0.00390625      Successful search (ES-ell)        
    13         594         17256.8         11.0679      0.00390625      Successful search (ES-ell)        
    13         596         17255.2         11.9788      0.00390625      Successful search (ES-ell)        
    13         597         17243.9         14.7214      0.00390625      Successful search (ES-ell)        
    13         628         17243.9         14.7214      0.00195312          Refine grid             
    14         660         17259.3         6.29214     0.000976562          Refine grid             
Optimization terminated: change in the function value less than options['tol_mesh']
Estimated function value at minimum: 17268.425525654566 ± 3.5889489171428495 (mean ± SEM from 100 samples)
BADS minimum at: x_min = [ 3.69760e+00  1.31710e+01  1.19300e+01  1.47303e+01 -9.61760e+00
  1.32059e+01  4.96300e-01  4.52900e-01  3.00000e-04  2.00000e+00
  3.97700e-01], training NLL = 17268.4255
total f-count: 760, time: 33.34 min

 ------- Finish Optimization for Subject 15 ---------- 

 ------- Start Optimization for Subject 20 ---------- 

 Cross Validation fold 0/1

 -- Start Optimization: method BADS --

 Optimization Run 1/1
Initial params: [1.7925, 9.8705, 4.0635, 12.4055, 0.6961, 22.9071, 0.6229, 0.2982, 0.7352, 0.2434, 0.1779]
bads:TooCloseBounds: For each variable, hard and plausible bounds should not be too close. Moving plausible bounds.
Variables (index) internally transformed to log coordinates: [[ 0  0]
 [ 0  3]
 [ 0  8]
 [ 0  9]
 [ 0 10]]
Beginning optimization of a STOCHASTIC objective function

 Iteration    f-count      E[f(x)]        SD[f(x)]           MeshScale          Method              Actions
     0           1         30626.4             nan               1                                  
     0          27         29509.2             nan               1          Initial mesh            Initial points
     0          31         28665.7        0.990713               1        Successful poll           Train
     1          32         27190.6        0.990712               1      Successful search (ES-wcm)        
     1          40         27170.4        0.986111               1      Successful search (ES-wcm)        
     1          41         27089.9        0.986085               1      Successful search (ES-wcm)        
     1          51         27017.7         1.01895               1      Successful search (ES-wcm)        
     1          53           26981         1.01894               1      Successful search (ES-wcm)        
     1          56         26978.7         1.01895               1      Successful search (ES-wcm)        
     1          57         26897.4         1.01895               1      Successful search (ES-wcm)        
     1          60           26851         1.01894               1      Successful search (ES-wcm)        
     1          61         26847.8         1.01895               1      Successful search (ES-wcm)        
     1          63         26828.5         1.01895               1      Successful search (ES-ell)        
     1          65         26475.3         1.01895               1      Successful search (ES-ell)        
     1          66         26124.2         1.01894               1      Successful search (ES-ell)        
     1          73         25788.8         1.01875               1      Successful search (ES-ell)        
     1          75         25715.4         1.01169               1      Successful search (ES-ell)        
     1          80         25645.1         1.01157               1      Successful search (ES-ell)        
     1          81         25627.1         1.01156               1      Successful search (ES-ell)        
     1          85         25580.3         1.01169               1      Successful search (ES-wcm)        
     1          89           25482         1.01171               1      Successful search (ES-ell)        
     1          93         25383.2         1.01036               1      Successful search (ES-ell)        
     1          94         25357.5         1.01063               1      Successful search (ES-ell)        
     1          97           25336         1.11606               1      Successful search (ES-ell)        
     1          98           24824         1.11615               1      Successful search (ES-ell)        
     1          99         24523.3         1.11614               1      Successful search (ES-ell)        
     1         101         24220.4         1.11614               1      Successful search (ES-ell)        
     1         102         24202.9         1.11615               1      Successful search (ES-ell)        
     1         104         24066.7         1.11614               1      Successful search (ES-ell)        
     1         106           24027         1.11612               1      Successful search (ES-wcm)        
     1         108         23770.6         1.11614               1      Successful search (ES-ell)        
     1         117         23734.1         1.11535               1      Successful search (ES-wcm)        
     1         120         23664.9          1.1975               1      Successful search (ES-wcm)        
     1         125         23351.5         1.19749               1      Successful search (ES-wcm)        
     1         140         23325.6         1.19181               1      Successful search (ES-wcm)        
     1         146         23253.8        0.962208               1      Successful search (ES-wcm)        
     1         152         23239.9         0.96214               1      Successful search (ES-wcm)        
     1         156         23202.2        0.962201               1      Successful search (ES-wcm)        
     1         161         23065.1         0.96216               1      Successful search (ES-wcm)        
     1         162         22882.8        0.962167               1      Successful search (ES-wcm)        
     1         166         22733.2        0.922047               1      Successful search (ES-wcm)        
     1         180         22669.1         0.92204               1      Successful search (ES-wcm)        
     1         190         22596.7        0.982091               1      Successful search (ES-wcm)        
     1         192           22551         0.98208               1      Successful search (ES-wcm)        
     1         193           22453        0.982091               1      Successful search (ES-wcm)        
     1         225           22453        0.982091             0.5          Refine grid             
     2         230         22341.2        0.982083             0.5      Successful search (ES-wcm)        
     2         232         22283.6        0.982063             0.5      Successful search (ES-wcm)        
     2         240         22249.8        0.982096             0.5      Successful search (ES-wcm)        
     2         241         22086.5        0.982108             0.5      Successful search (ES-wcm)        
     2         243         21885.8        0.982107             0.5      Successful search (ES-wcm)        
     2         245           21479         1.04714             0.5      Successful search (ES-wcm)        
     2         247         21449.6         1.04714             0.5      Successful search (ES-wcm)        
     2         248         20727.4         1.04714             0.5      Successful search (ES-wcm)        
     2         249         19947.6         1.04714             0.5      Successful search (ES-wcm)        
     2         250         19884.2         1.04714             0.5      Successful search (ES-wcm)        
     2         253         19795.9         1.04714             0.5      Successful search (ES-wcm)        
     2         257         19784.1         1.04713             0.5      Successful search (ES-wcm)        
     2         259         19720.3         1.04713             0.5      Successful search (ES-wcm)        
     2         260         19690.6         1.04712             0.5      Successful search (ES-wcm)        
     2         263         19663.1         1.04711             0.5      Successful search (ES-wcm)        
     2         272         19559.4         1.04712             0.5      Successful search (ES-wcm)        
     2         278         19421.4         1.04698             0.5      Successful search (ES-wcm)        
     2         310         19421.4         1.04698            0.25          Refine grid             
     3         340         19427.3         1.22883           0.125          Refine grid             
     4         371         19222.6          1.0399            0.25        Successful poll           Train
     5         377         19220.6          1.0399            0.25      Successful search (ES-wcm)        
     5         380         19146.7          1.0399            0.25      Successful search (ES-wcm)        
     5         412         19047.4         1.03989             0.5        Successful poll           
     6         413         19008.1          1.0399             0.5      Successful search (ES-wcm)        
     6         415         18893.9          1.0399             0.5      Successful search (ES-wcm)        
     6         418         18770.4           1.056             0.5      Successful search (ES-wcm)        
     6         424         18709.6           1.056             0.5      Successful search (ES-ell)        
     6         429           18607           1.056             0.5      Successful search (ES-ell)        
     6         430         18601.3           1.056             0.5      Successful search (ES-ell)        
     6         432         18584.2           1.056             0.5      Successful search (ES-ell)        
     6         435         18399.3           1.056             0.5      Successful search (ES-ell)        
     6         443         18358.8         1.05598             0.5      Successful search (ES-ell)        
     6         472         18358.8         1.05598            0.25          Refine grid             Train
     7         500         18358.8         1.08774           0.125          Refine grid             Train
     8         506         18344.7         1.19246           0.125      Successful search (ES-ell)        
     8         542         18344.7         1.19246          0.0625          Refine grid             Train
     9         573         18344.9         1.01395         0.03125          Refine grid             Train
    10         605         18356.7         1.00044        0.015625          Refine grid             Train
    11         637         18361.1         1.18666       0.0078125          Refine grid             Train
    12         669         18361.1         1.18627      0.00390625          Refine grid             Train
    13         670           18487          1.0072      0.00390625      Successful search (ES-ell)        
    13         672         18454.1         1.00514      0.00390625      Successful search (ES-ell)        
    13         673         18394.3         1.03641      0.00390625      Successful search (ES-ell)        
    13         712         18394.3         1.03641      0.00195312          Refine grid             Train
    14         713         18504.8         4.94264      0.00195312      Successful search (ES-ell)        
    14         714         18499.7         5.24567      0.00195312      Successful search (ES-ell)        
    14         715         18495.7         6.15587      0.00195312      Successful search (ES-ell)        
    14         716         18487.1         7.47912      0.00195312      Successful search (ES-ell)        
    14         718         18478.3         8.66933      0.00195312      Successful search (ES-ell)        
    14         719           18478         10.2453      0.00195312      Successful search (ES-ell)        
    14         720         18446.2         12.9462      0.00195312      Successful search (ES-ell)        
    14         722         18436.1         14.6441      0.00195312      Successful search (ES-ell)        
    14         755         18436.1         14.6441     0.000976562          Refine grid             Train
Optimization terminated: change in the function value less than options['tol_mesh']
Estimated function value at minimum: 18452.33992310117 ± 5.783667760945149 (mean ± SEM from 100 samples)
BADS minimum at: x_min = [ 4.9963  8.7443  8.1855  0.6011 -0.1988  9.2273  0.4798  0.4618  0.6903
  1.2756  0.2182], training NLL = 18452.3399
total f-count: 855, time: 37.79 min

 ------- Finish Optimization for Subject 20 ---------- 

 ------- Start Optimization for Subject 25 ---------- 

 Cross Validation fold 0/1

 -- Start Optimization: method BADS --

 Optimization Run 1/1
Initial params: [1.1713, 9.5978, 7.2817, 12.8029, 2.2139, 23.394, 0.5528, 0.2379, 0.8719, 0.8986, 0.2592]
bads:TooCloseBounds: For each variable, hard and plausible bounds should not be too close. Moving plausible bounds.
Variables (index) internally transformed to log coordinates: [[ 0  0]
 [ 0  3]
 [ 0  8]
 [ 0  9]
 [ 0 10]]
Beginning optimization of a STOCHASTIC objective function

 Iteration    f-count      E[f(x)]        SD[f(x)]           MeshScale          Method              Actions
     0           1         29295.1             nan               1                                  
     0          27         29295.1             nan               1          Initial mesh            Initial points
     0          40         28597.1        0.998632               1        Successful poll           Train
     1          41         24351.3        0.998632               1      Successful search (ES-ell)        
     1          43         23719.1        0.998579               1      Successful search (ES-ell)        
     1          53         23453.6        0.923889               1      Successful search (ES-wcm)        
     1          54         21955.1        0.924093               1      Successful search (ES-ell)        
     1          62         21914.3        0.901381               1      Successful search (ES-ell)        
     1          83         21754.2        0.910978               1        Successful poll           Train
     2          90         21593.4        0.910804               1      Successful search (ES-ell)        
     2         122         21593.4        0.910804             0.5          Refine grid             Train
     3         150         21550.4         0.82016               1        Successful poll           Train
     4         154           21546        0.820159               1      Successful search (ES-ell)        
     4         164         21482.8         0.82016               1      Successful search (ES-ell)        
     4         168         21477.8        0.950846               1      Successful search (ES-ell)        
     4         170         21439.9        0.950846               1      Successful search (ES-ell)        
     4         171         21393.6        0.950847               1      Successful search (ES-ell)        
     4         172         21054.7        0.950847               1      Successful search (ES-ell)        
     4         179         21006.9        0.950842               1      Successful search (ES-ell)        
     4         208         21006.9        0.950842             0.5          Refine grid             
     5         215         20986.8         1.00826             0.5      Successful search (ES-ell)        
     5         218           20919         1.00822             0.5      Successful search (ES-ell)        
     5         246           20919         1.00822            0.25          Refine grid             
     6         274         20922.4         1.09504           0.125          Refine grid             Train
     7         276         20952.4         1.00823           0.125      Successful search (ES-ell)        
     7         282         20927.7         1.00838           0.125      Successful search (ES-wcm)        
     7         295         20909.9         1.00296           0.125      Successful search (ES-wcm)        
     7         325         20909.9         1.00296          0.0625          Refine grid             
     8         351         20844.6        0.801902           0.125        Successful poll           
     9         380         20844.6        0.801902          0.0625          Refine grid             
    10         410         20844.9        0.800239         0.03125          Refine grid             
    11         440           20846        0.936012        0.015625          Refine grid             
    12         447         20862.7        0.797402        0.015625      Successful search (ES-wcm)        
    12         482         20862.7        0.797402       0.0078125          Refine grid             Train
    13         514         20915.1        0.521629      0.00390625          Refine grid             Train
    14         518         20931.2        0.787363      0.00390625      Successful search (ES-wcm)        
    14         522         20930.6        0.425254      0.00390625      Successful search (ES-wcm)        
    14         557         20930.6        0.425254      0.00195312          Refine grid             Train
    15         558         20920.5        0.805724      0.00195312      Successful search (ES-wcm)        
    15         559         20853.1        0.895784      0.00195312      Successful search (ES-wcm)        
    15         600         20853.1        0.895784     0.000976562          Refine grid             Train
Optimization terminated: change in the function value less than options['tol_mesh']
Estimated function value at minimum: 21016.45381140875 ± 6.479383356512798 (mean ± SEM from 100 samples)
BADS minimum at: x_min = [ 4.97   13.1402 11.7751  3.4583  0.7986 13.4454  0.4702  0.4448  0.2655
  1.9381  0.4804], training NLL = 21016.4538
total f-count: 700, time: 30.81 min

 ------- Finish Optimization for Subject 25 ---------- 
