----------------------------------------
Start task prologue Tue Jul 28 19:37:00 CEST 2026
----------------------------------------
Step ID:         54408690.
Username:        wenlou
Group:           mpla
Asked resources: walltime=1-00:00:00,nodes=1,cpus=8,mem=2G
Queue:           gpu
Compute nodes:   dccn-c087
----------------------------------------
End task prologue Tue Jul 28 19:37:00 CEST 2026
----------------------------------------
CUDA version:
nvcc: NVIDIA (R) Cuda compiler driver
Copyright (c) 2005-2024 NVIDIA Corporation
Built on Thu_Mar_28_02:18:24_PDT_2024
Cuda compilation tools, release 12.4, V12.4.131
Build cuda_12.4.r12.4/compiler.34097967_0

[WARNING] Please note the interface change for (de-)activating conda environment:

  - DO NOT use `conda activate` to enter the conda environment as it requires extra step to modify your ~/.bashrc file, which will force you to use this Anaconda version (2024.06).  Therefore keep using `source activate` instead.

  - DO use `conda deactivate` to leave your conda environment as `source deactivate` will be deprecated in future release.

Running model for expriment=with_dn, m_id=8, method=bads
device is : cuda
['with_dn', '8', 'all', 'bads', '2']

 ------- Start Optimization for Subject 2 ---------- 

 Cross Validation fold 0/1

 -- Start Optimization: method BADS --

 Optimization Run 1/2
Initial params: [1.7441, 5.37, 3.7672, 29.0757, 28.321, 12.1328, 0.4361, 0.4353, 26.4906, 25.0266, 0.413, 0.8928, 0.664]
bads:TooCloseBounds: For each variable, hard and plausible bounds should not be too close. Moving plausible bounds.
Variables (index) internally transformed to log coordinates: [[0 0]
 [0 3]
 [0 4]
 [0 6]]
Beginning optimization of a STOCHASTIC objective function

 Iteration    f-count      E[f(x)]        SD[f(x)]           MeshScale          Method              Actions
     0           1         26151.5             nan               1                                  
     0          33         25780.8             nan               1          Initial mesh            Initial points
     0          34           25766        0.995075               1        Successful poll           Train
     1          37         25445.8        0.994718               1      Successful search (ES-wcm)        
     1          38         25274.3        0.994614               1      Successful search (ES-wcm)        
     1          42         25191.4        0.993695               1      Successful search (ES-wcm)        
     1          47         25179.7        0.980533               1      Successful search (ES-wcm)        
     1          61         25177.9         4.65562               1        Successful poll           Train
     2          65         25142.1         4.60311               1      Successful search (ES-wcm)        
     2          77         25127.7         4.63355               1      Successful search (ES-wcm)        
     2          82         25109.1         4.38103               1      Successful search (ES-wcm)        
     2          84           24928         4.61099               1      Successful search (ES-wcm)        
     2          85         24904.6          4.6479               1      Successful search (ES-wcm)        
     2          86         24903.1         4.63071               1      Successful search (ES-wcm)        
     2          91         24893.7         6.26497               1      Successful search (ES-wcm)        
     2          92           24885         6.43725               1      Successful search (ES-ell)        
     2         105         24884.5         4.44734               1      Incremental search (ES-ell)        
     2         106         24881.7         6.25693               1      Successful search (ES-ell)        
     2         116         24876.7         4.74082               1      Successful search (ES-ell)        
     2         117           24869         4.53926               1      Successful search (ES-ell)        
     2         161           24869         4.53926             0.5          Refine grid             Train
     3         162         24794.8         2.56866             0.5      Successful search (ES-ell)        
     3         163         24709.4          4.0276             0.5      Successful search (ES-ell)        
     3         164         24709.1         4.18813             0.5      Incremental search (ES-ell)        
     3         212         24709.1         4.18813            0.25          Refine grid             Train
     4         213         24878.8         2.19198            0.25      Successful search (ES-ell)        
     4         214         24863.7         2.60897            0.25      Successful search (ES-ell)        
     4         215           24852         3.70222            0.25      Successful search (ES-ell)        
     4         263           24852         3.70222           0.125          Refine grid             Train
     5         264         24854.9         1.24125           0.125      Successful search (ES-ell)        
     5         265         24845.1         1.84701           0.125      Successful search (ES-ell)        
     5         266         24837.4         2.91735           0.125      Successful search (ES-ell)        
     5         267         24826.3         3.40074           0.125      Successful search (ES-ell)        
     5         268         24816.6         4.28218           0.125      Successful search (ES-ell)        
     5         314         24816.6         4.28218          0.0625          Refine grid             
     6         315         24848.5          1.0046          0.0625      Successful search (ES-ell)        
     6         316         24845.7         1.16008          0.0625      Successful search (ES-ell)        
     6         317         24840.6         1.62067          0.0625      Successful search (ES-ell)        
     6         318         24834.7         2.27571          0.0625      Successful search (ES-ell)        
     6         319           24832         2.79842          0.0625      Successful search (ES-ell)        
     6         320         24831.6         3.09836          0.0625      Successful search (ES-ell)        
     6         365         24831.6         3.09836         0.03125          Refine grid             
     7         366         24851.5         1.03062         0.03125      Successful search (ES-ell)        
     7         367         24849.9         1.05225         0.03125      Successful search (ES-wcm)        
     7         368         24847.6         1.09863         0.03125      Successful search (ES-ell)        
     7         369         24842.1         1.21875         0.03125      Successful search (ES-ell)        
     7         370         24837.3         1.51666         0.03125      Successful search (ES-ell)        
     7         371         24831.5         1.98142         0.03125      Successful search (ES-ell)        
     7         372         24825.1         2.50521         0.03125      Successful search (ES-ell)        
     7         373         24823.6          3.1385         0.03125      Successful search (ES-ell)        
     7         374         24813.4         3.15875         0.03125      Successful search (ES-ell)        
     7         416         24813.4         3.15875        0.015625          Refine grid             Train
     8         417         24850.9        0.975058        0.015625      Successful search (ES-ell)        
     8         418         24850.3        0.979367        0.015625      Successful search (ES-ell)        
     8         419         24849.6         1.00158        0.015625      Successful search (ES-ell)        
     8         420         24847.9         1.09241        0.015625      Successful search (ES-ell)        
     8         421         24846.8         1.24232        0.015625      Successful search (ES-ell)        
     8         422           24845         1.51279        0.015625      Successful search (ES-ell)        
     8         423         24841.9         1.92301        0.015625      Successful search (ES-ell)        
     8         424         24840.2         2.38018        0.015625      Successful search (ES-ell)        
     8         468         24840.2         2.38018       0.0078125          Refine grid             Train
     9         469         24853.1        0.912519       0.0078125      Successful search (ES-ell)        
     9         470         24852.6        0.947136       0.0078125      Successful search (ES-ell)        
     9         471         24851.8        0.979581       0.0078125      Successful search (ES-ell)        
     9         472         24850.9         1.07096       0.0078125      Successful search (ES-ell)        
     9         473         24849.8         1.18059       0.0078125      Successful search (ES-ell)        
     9         474         24849.8         1.37321       0.0078125      Successful search (ES-wcm)        
     9         475         24848.6         1.65825       0.0078125      Successful search (ES-wcm)        
     9         519         24848.6         1.65825      0.00390625          Refine grid             
    10         521         24852.1        0.798528      0.00390625      Successful search (ES-ell)        
    10         522           24852        0.802599      0.00390625      Successful search (ES-ell)        
    10         523         24851.9        0.805775      0.00390625      Successful search (ES-ell)        
    10         524         24851.5        0.822363      0.00390625      Successful search (ES-ell)        
    10         525         24851.1        0.853585      0.00390625      Successful search (ES-ell)        
    10         570         24851.1        0.853585      0.00195312          Refine grid             
    11         571           24852        0.618953      0.00195312      Successful search (ES-ell)        
    11         578         24851.9        0.619713      0.00195312      Successful search (ES-ell)        
    11         581         24851.9        0.615631      0.00195312      Successful search (ES-ell)        
    11         583         24851.9        0.611474      0.00195312      Successful search (ES-ell)        
    11         584         24851.9        0.611949      0.00195312      Successful search (ES-wcm)        
    11         586         24851.9        0.615293      0.00195312      Incremental search (ES-wcm)        
    11         588         24851.8        0.619294      0.00195312      Successful search (ES-wcm)        
    11         589         24851.8        0.626053      0.00195312      Successful search (ES-wcm)        
    11         590         24851.7        0.629986      0.00195312      Successful search (ES-wcm)        
    11         591         24851.5        0.656714      0.00195312      Successful search (ES-wcm)        
    11         634         24850.4         1.15533      0.00390625        Successful poll           
    12         635         24850.4         1.48339      0.00390625      Successful search (ES-wcm)        
    12         636         24849.6         1.72182      0.00390625      Successful search (ES-wcm)        
    12         685         24849.6         1.72182      0.00195312          Refine grid             
    13         686         24851.4        0.969658      0.00195312      Successful search (ES-wcm)        
    13         687         24850.9         1.14724      0.00195312      Successful search (ES-wcm)        
    13         688         24850.9         1.18481      0.00195312      Successful search (ES-ell)        
    13         689         24850.6         1.21974      0.00195312      Successful search (ES-ell)        
    13         690         24850.5         1.30233      0.00195312      Successful search (ES-ell)        
    13         693         24850.5         1.62252      0.00195312      Successful search (ES-wcm)        
    13         695         24849.8          1.6071      0.00195312      Successful search (ES-ell)        
    13         697         24849.7         1.85959      0.00195312      Successful search (ES-wcm)        
    13         698         24848.4         2.25078      0.00195312      Successful search (ES-wcm)        
    13         699         24848.3         2.15971      0.00195312      Successful search (ES-ell)        
    13         701         24848.2           1.989      0.00195312      Successful search (ES-ell)        
    13         702         24847.7          1.9372      0.00195312      Successful search (ES-ell)        
    13         703         24847.6         1.90296      0.00195312      Successful search (ES-ell)        
    13         704         24846.9         2.10536      0.00195312      Successful search (ES-wcm)        
    13         705         24846.5         2.35035      0.00195312      Successful search (ES-wcm)        
    13         706           24846         2.66522      0.00195312      Successful search (ES-wcm)        
    13         707         24845.5         3.03533      0.00195312      Successful search (ES-wcm)        
    13         710         24845.1         2.37787      0.00195312      Successful search (ES-ell)        
    13         750         24845.1         2.37787     0.000976562          Refine grid             Train
Optimization terminated: change in the function value less than options['tol_mesh']
Estimated function value at minimum: 24851.21667190997 ± 0.7898942507573378 (mean ± SEM from 100 samples)
BADS minimum at: x_min = [ 9.08200e-01  7.91760e+00  4.67080e+00  2.00000e-04  1.54810e+00
 -9.93352e+01  8.72600e-01  3.44300e-01  1.84596e+01  1.79787e+01
  3.37600e-01  4.90800e-01  1.73970e+00], training NLL = 24851.2167
total f-count: 850, time: 36.47 min

 Optimization Run 2/2
Initial params: [1.2083, 8.1458, 7.7396, 41.9646, 26.6186, -40.3739, 3.5086, 0.3086, 28.3805, 20.9804, 0.3163, 0.4555, -0.0797]
bads:TooCloseBounds: For each variable, hard and plausible bounds should not be too close. Moving plausible bounds.
Variables (index) internally transformed to log coordinates: [[0 0]
 [0 3]
 [0 4]
 [0 6]]
Beginning optimization of a STOCHASTIC objective function

 Iteration    f-count      E[f(x)]        SD[f(x)]           MeshScale          Method              Actions
     0           1         26151.5             nan               1                                  
     0          33           25768             nan               1          Initial mesh            Initial points
     0          52         25738.8        0.998272               1        Successful poll           Train
     1          54         25393.9        0.998158               1      Successful search (ES-wcm)        
     1          55         25391.1        0.998287               1      Successful search (ES-ell)        
     1          57         24927.2        0.997614               1      Successful search (ES-wcm)        
     1          61         24889.3         1.09172               1      Successful search (ES-wcm)        
     1          72         24860.7         1.09013               1      Successful search (ES-wcm)        
     1          73         24847.3           1.087               1      Successful search (ES-wcm)        
     1          77         24842.2         1.05408               1      Successful search (ES-wcm)        
     1          86         24839.6        0.863742               1      Successful search (ES-wcm)        
     1          89         24838.6         1.19727               1      Incremental search (ES-wcm)        
     1          98           24834         1.19738               1      Successful search (ES-wcm)        
     1         115         24833.3         2.61132               1      Incremental search (ES-wcm)        
     1         117         24825.4         2.64165               1      Successful search (ES-wcm)        
     1         149         24825.4         2.56449             0.5          Refine grid             Train
     2         152         24824.8         7.53246             0.5      Successful search (ES-wcm)        
     2         196           24822         8.92972               1        Successful poll           Train
     3         202         24821.9         5.06117               1      Incremental search (ES-ell)        
     3         205         24821.3         4.94123               1      Incremental search (ES-ell)        
     3         226         24818.6         4.38884               1        Successful poll           
     4         257         24818.6         4.19126             0.5          Refine grid             
     5         258         24822.3         5.34142             0.5      Successful search (ES-ell)        
     5         259         24817.2         6.89707             0.5      Successful search (ES-ell)        
     5         272         24816.6          5.1765             0.5      Successful search (ES-ell)        
     5         286           24816         3.75885             0.5      Successful search (ES-ell)        
     5         287         24810.2          5.4027             0.5      Successful search (ES-ell)        
     5         288         24804.7         6.36674             0.5      Successful search (ES-ell)        
     5         298         24803.7         5.71472             0.5      Successful search (ES-ell)        
     5         299         24795.5         6.46941             0.5      Successful search (ES-ell)        
     5         346         24795.5         6.46941            0.25          Refine grid             Train
     6         347           24798         4.44832            0.25      Successful search (ES-ell)        
     6         348         24795.9         6.05263            0.25      Successful search (ES-ell)        
     6         397         24795.9         6.05263           0.125          Refine grid             Train
     7         398         24804.4         2.20396           0.125      Successful search (ES-ell)        
     7         399         24804.4         4.17207           0.125      Incremental search (ES-wcm)        
     7         401         24803.3         3.74178           0.125      Successful search (ES-ell)        
     7         404         24802.8         2.79945           0.125      Successful search (ES-ell)        
     7         406         24798.9         2.16521           0.125      Successful search (ES-wcm)        
     7         407         24797.3         4.58137           0.125      Successful search (ES-wcm)        
     7         408         24790.6         6.87343           0.125      Successful search (ES-wcm)        
     7         448         24790.6         6.87343          0.0625          Refine grid             
     8         449         24794.6          1.6716          0.0625      Successful search (ES-wcm)        
     8         451         24790.5         2.38889          0.0625      Successful search (ES-wcm)        
     8         452         24788.2         3.02692          0.0625      Successful search (ES-wcm)        
     8         500         24785.7         1.59365           0.125        Successful poll           
     9         501         24775.7         2.12324           0.125      Successful search (ES-wcm)        
     9         502         24765.7         3.78485           0.125      Successful search (ES-wcm)        
     9         503         24752.1         4.46097           0.125      Successful search (ES-wcm)        
     9         551         24752.1         4.46097          0.0625          Refine grid             Train
    10         552         24797.7         1.71247          0.0625      Successful search (ES-wcm)        
    10         553         24797.5         2.77393          0.0625      Successful search (ES-wcm)        
    10         554         24791.5         4.05474          0.0625      Successful search (ES-wcm)        
    10         555         24787.1           5.664          0.0625      Successful search (ES-wcm)        
    10         557         24786.1         4.90144          0.0625      Successful search (ES-wcm)        
    10         603         24786.1         4.90144         0.03125          Refine grid             Train
    11         604           24794         1.28728         0.03125      Successful search (ES-wcm)        
    11         605         24792.3         2.25542         0.03125      Successful search (ES-wcm)        
    11         607         24790.4         2.85098         0.03125      Successful search (ES-wcm)        
    11         608         24789.9         2.84174         0.03125      Successful search (ES-ell)        
    11         655         24789.9         2.84174        0.015625          Refine grid             
    12         656         24793.3        0.948093        0.015625      Successful search (ES-wcm)        
    12         657         24792.5         1.04771        0.015625      Successful search (ES-ell)        
    12         658         24791.7          1.5539        0.015625      Successful search (ES-ell)        
    12         659         24789.9          2.1985        0.015625      Successful search (ES-ell)        
    12         707         24789.9          2.1985       0.0078125          Refine grid             
    13         708         24793.7        0.897065       0.0078125      Successful search (ES-ell)        
    13         709         24793.4        0.954621       0.0078125      Successful search (ES-ell)        
    13         710         24792.8         1.10164       0.0078125      Successful search (ES-ell)        
    13         711         24791.7         1.44569       0.0078125      Successful search (ES-ell)        
    13         712         24791.3         1.94296       0.0078125      Successful search (ES-ell)        
    13         713         24790.6         2.52369       0.0078125      Successful search (ES-ell)        
    13         759         24790.6         2.52369      0.00390625          Refine grid             
    14         760         24794.4        0.938231      0.00390625      Successful search (ES-ell)        
    14         761         24794.3        0.955459      0.00390625      Successful search (ES-ell)        
    14         762         24794.1        0.999931      0.00390625      Successful search (ES-ell)        
    14         763         24793.5         1.10342      0.00390625      Successful search (ES-ell)        
    14         764         24792.4         1.25821      0.00390625      Successful search (ES-ell)        
    14         765         24791.5         1.56322      0.00390625      Successful search (ES-ell)        
    14         811         24791.5         1.56322      0.00195312          Refine grid             Train
    15         812         24794.9        0.905813      0.00195312      Successful search (ES-ell)        
    15         824         24794.8        0.825309      0.00195312      Successful search (ES-ell)        
    15         856         24793.9         2.50932      0.00390625        Successful poll           Train
    16         857         24793.3         2.06118      0.00390625      Successful search (ES-ell)        
    16         908         24792.5         2.96036       0.0078125        Successful poll           
    17         909         24793.8         1.00195       0.0078125      Successful search (ES-ell)        
    17         910         24792.8         1.37975       0.0078125      Successful search (ES-ell)        
    17         912         24792.1         1.68376       0.0078125      Successful search (ES-ell)        
    17         913         24792.1          2.3397       0.0078125      Successful search (ES-ell)        
    17         914         24790.7          3.1184       0.0078125      Successful search (ES-ell)        
    17         960         24790.7          3.1184      0.00390625          Refine grid             
    18         999         24792.4         2.20065      0.00195312          Refine grid             Train
    19        1000           24794         1.17855      0.00195312      Successful search (ES-ell)        
    19        1002         24793.7         1.26525      0.00195312      Successful search (ES-ell)        
    19        1003         24793.5         1.58311      0.00195312      Successful search (ES-ell)        
    19        1004         24793.2         1.85248      0.00195312      Successful search (ES-ell)        
    19        1005           24792          2.1564      0.00195312      Successful search (ES-ell)        
    19        1006         24790.6         2.71157      0.00195312      Successful search (ES-ell)        
    19        1007         24790.3         3.22584      0.00195312      Successful search (ES-ell)        
    19        1051         24790.3         3.22584     0.000976562          Refine grid             
Optimization terminated: change in the function value less than options['tol_mesh']
Estimated function value at minimum: 24794.365431191854 ± 0.686394241831195 (mean ± SEM from 100 samples)
BADS minimum at: x_min = [ 3.55000e-01  2.71420e+00  4.05610e+00  8.90000e-03  1.19290e+00
 -9.90309e+01  3.06250e+00  3.27000e-01  3.17863e+01  1.30140e+01
  2.98600e-01  3.82100e-01  2.22810e+00], training NLL = 24794.3654
total f-count: 1151, time: 49.17 min

 ------- Finish Optimization for Subject 2 ---------- 

 ------- Start Optimization for Subject 3 ---------- 

 Cross Validation fold 0/1

 -- Start Optimization: method BADS --

 Optimization Run 1/2
Initial params: [0.8814, 3.663, 12.9347, 10.3234, 33.8731, 45.0748, 0.3071, 0.3059, 16.6092, 23.9366, 0.3562, 0.5165, 0.5069]
bads:TooCloseBounds: For each variable, hard and plausible bounds should not be too close. Moving plausible bounds.
Variables (index) internally transformed to log coordinates: [[0 0]
 [0 3]
 [0 4]
 [0 6]]
Beginning optimization of a STOCHASTIC objective function

 Iteration    f-count      E[f(x)]        SD[f(x)]           MeshScale          Method              Actions
     0           1         25411.3             nan               1                                  
     0          33         24982.8             nan               1          Initial mesh            Initial points
     0          34         24972.7        0.999541               1        Successful poll           Train
     1          35         24711.7        0.999356               1      Successful search (ES-wcm)        
     1          36         24524.4        0.999497               1      Successful search (ES-wcm)        
     1          43         24095.2          0.9948               1      Successful search (ES-wcm)        
     1          47         24026.4        0.952607               1      Successful search (ES-wcm)        
     1          77           23895        0.743656               1        Successful poll           Train
     2          78         23577.2        0.743668               1      Successful search (ES-wcm)        
     2          84         23576.5        0.743631               1      Incremental search (ES-wcm)        
     2          86         23561.1        0.743561               1      Successful search (ES-wcm)        
     2          89         23552.1         2.22427               1      Successful search (ES-ell)        
     2          90         23542.4         2.32088               1      Successful search (ES-ell)        
     2         115           23541         1.95641               1        Successful poll           Train
     3         122         23540.7          5.1167               1      Successful search (ES-wcm)        
     3         124         23527.9         4.51231               1      Successful search (ES-wcm)        
     3         125         23523.4         4.10608               1      Successful search (ES-ell)        
     3         132         23523.4         4.30446               1      Incremental search (ES-wcm)        
     3         134         23512.5         5.30353               1      Successful search (ES-wcm)        
     3         135           23471         6.80575               1      Successful search (ES-wcm)        
     3         138         23455.8         5.60722               1      Successful search (ES-ell)        
     3         139         23448.6         6.04647               1      Successful search (ES-ell)        
     3         142         23444.8         6.21698               1      Successful search (ES-ell)        
     3         143         23432.9         6.46744               1      Successful search (ES-ell)        
     3         147         23431.4         5.75538               1      Successful search (ES-ell)        
     3         169         23369.2         8.56724               1        Successful poll           Train
     4         170         23292.2         8.57716               1      Successful search (ES-wcm)        
     4         179         23282.1         7.84257               1      Successful search (ES-wcm)        
     4         181         23280.2          6.4563               1      Successful search (ES-wcm)        
     4         182         23275.5         5.46055               1      Successful search (ES-ell)        
     4         183         23272.5         7.55525               1      Successful search (ES-ell)        
     4         184         23254.1         8.21393               1      Successful search (ES-ell)        
     4         185         23249.8         8.37743               1      Successful search (ES-ell)        
     4         187         23247.6         8.12274               1      Successful search (ES-ell)        
     4         190         23100.6         7.25052               1      Successful search (ES-ell)        
     4         191           23023         7.54471               1      Successful search (ES-ell)        
     4         226           23023         7.54471             0.5          Refine grid             
     5         227         23304.8         4.73322             0.5      Successful search (ES-ell)        
     5         228         23275.3         6.77525             0.5      Successful search (ES-ell)        
     5         229         23263.7          8.0363             0.5      Successful search (ES-ell)        
     5         230         23249.3         7.69276             0.5      Successful search (ES-ell)        
     5         273         23249.3         7.69276            0.25          Refine grid             Train
     6         274         23259.3         2.57395            0.25      Successful search (ES-ell)        
     6         275         23252.7         4.07263            0.25      Successful search (ES-ell)        
     6         276         23239.9         6.08743            0.25      Successful search (ES-ell)        
     6         323         23239.9         6.08743           0.125          Refine grid             
     7         325         23245.3         2.99279           0.125      Successful search (ES-wcm)        
     7         326         23241.7         5.24705           0.125      Successful search (ES-wcm)        
     7         373         23241.7         5.24705          0.0625          Refine grid             
     8         374         23245.3         1.79495          0.0625      Successful search (ES-wcm)        
     8         375         23242.9         3.23503          0.0625      Successful search (ES-wcm)        
     8         376         23241.6         3.74569          0.0625      Successful search (ES-ell)        
     8         377         23238.1         4.51919          0.0625      Successful search (ES-ell)        
     8         425         23232.9         1.90706           0.125        Successful poll           
     9         427         23227.8         2.04284           0.125      Successful search (ES-ell)        
     9         463         23226.2         1.10742            0.25        Successful poll           Train
    10         464         23054.8         2.25783            0.25      Successful search (ES-ell)        
    10         465         22927.1         3.84791            0.25      Successful search (ES-ell)        
    10         512         22927.1         3.84791           0.125          Refine grid             
    11         513           23224         7.78174           0.125      Successful search (ES-wcm)        
    11         515         23215.5         7.15231           0.125      Successful search (ES-wcm)        
    11         562         23215.5         7.15231          0.0625          Refine grid             
    12         563         23230.5         1.68836          0.0625      Successful search (ES-ell)        
    12         564         23228.8         3.76394          0.0625      Successful search (ES-wcm)        
    12         565         23225.1         4.89851          0.0625      Successful search (ES-wcm)        
    12         613         23225.1         4.89851         0.03125          Refine grid             
    13         614         23231.2         1.51082         0.03125      Successful search (ES-ell)        
    13         617           23231         1.59847         0.03125      Successful search (ES-wcm)        
    13         618         23230.4         1.94987         0.03125      Successful search (ES-wcm)        
    13         619         23228.3         2.10969         0.03125      Successful search (ES-ell)        
    13         620         23226.3         2.60516         0.03125      Successful search (ES-ell)        
    13         621         23219.5         3.32355         0.03125      Successful search (ES-ell)        
    13         622         23217.9         4.52106         0.03125      Successful search (ES-ell)        
    13         647           23216         6.98753          0.0625        Successful poll           Train
    14         648         23222.2          3.8344          0.0625      Successful search (ES-ell)        
    14         650         23219.3         5.07241          0.0625      Successful search (ES-wcm)        
    14         652         23217.6         2.59596          0.0625      Successful search (ES-wcm)        
    14         653         23214.7         6.06065          0.0625      Successful search (ES-wcm)        
    14         654         23212.5         5.45512          0.0625      Successful search (ES-ell)        
    14         656         23211.7         4.06706          0.0625      Successful search (ES-ell)        
    14         657         23210.7         5.41397          0.0625      Successful search (ES-ell)        
    14         697         23210.7         5.41397         0.03125          Refine grid             
    15         698         23220.8         1.57263         0.03125      Successful search (ES-ell)        
    15         699         23219.2         1.88281         0.03125      Successful search (ES-ell)        
    15         701         23218.6         2.12039         0.03125      Successful search (ES-ell)        
    15         702         23217.6           2.816         0.03125      Successful search (ES-ell)        
    15         703         23215.8         3.77896         0.03125      Successful search (ES-ell)        
    15         704         23214.7         4.88082         0.03125      Successful search (ES-ell)        
    15         705         23211.3         5.33489         0.03125      Successful search (ES-wcm)        
    15         713         23197.9         2.84729         0.03125      Successful search (ES-wcm)        
    15         714         23194.4         2.84258         0.03125      Successful search (ES-wcm)        
    15         715         23192.2         2.77271         0.03125      Successful search (ES-wcm)        
    15         716         23188.7             2.8         0.03125      Successful search (ES-wcm)        
    15         717         23186.3         2.98546         0.03125      Successful search (ES-wcm)        
    15         718           23177           3.546         0.03125      Successful search (ES-ell)        
    15         762           23177           3.546        0.015625          Refine grid             Train
    16         763         23218.4         1.45007        0.015625      Successful search (ES-ell)        
    16         764         23216.4         1.44555        0.015625      Successful search (ES-wcm)        
    16         765         23213.7          1.8127        0.015625      Successful search (ES-wcm)        
    16         766           23213         2.25654        0.015625      Successful search (ES-wcm)        
    16         767         23212.8         2.67476        0.015625      Successful search (ES-wcm)        
    16         769         23211.6         2.67848        0.015625      Successful search (ES-wcm)        
    16         770         23210.1         2.61385        0.015625      Successful search (ES-wcm)        
    16         771         23208.5         3.56454        0.015625      Successful search (ES-wcm)        
    16         806         23208.2         2.03589         0.03125        Successful poll           Train
    17         807         23209.5         2.61278         0.03125      Successful search (ES-wcm)        
    17         808         23207.3         2.82541         0.03125      Successful search (ES-wcm)        
    17         809         23201.1         3.25925         0.03125      Successful search (ES-wcm)        
    17         810         23192.5         3.62747         0.03125      Successful search (ES-ell)        
    17         811         23188.5         4.53977         0.03125      Successful search (ES-ell)        
    17         812         23186.4         5.58206         0.03125      Successful search (ES-ell)        
    17         857         23186.4         5.58206        0.015625          Refine grid             
    18         858         23218.6         2.47642        0.015625      Successful search (ES-ell)        
    18         859         23215.8         2.56351        0.015625      Successful search (ES-ell)        
    18         860         23213.9         2.72721        0.015625      Successful search (ES-ell)        
    18         861         23210.4          2.9784        0.015625      Successful search (ES-ell)        
    18         862         23202.4         3.06253        0.015625      Successful search (ES-ell)        
    18         863         23199.2         3.21889        0.015625      Successful search (ES-ell)        
    18         864         23192.9         4.73496        0.015625      Successful search (ES-wcm)        
    18         907         23192.9         4.73496       0.0078125          Refine grid             
    19         908           23217         1.85732       0.0078125      Successful search (ES-ell)        
    19         909         23214.6         1.87361       0.0078125      Successful search (ES-ell)        
    19         910         23212.3         1.95248       0.0078125      Successful search (ES-ell)        
    19         911         23211.4         2.01567       0.0078125      Successful search (ES-ell)        
    19         912         23209.8         2.14906       0.0078125      Successful search (ES-ell)        
    19         913         23208.1         2.57654       0.0078125      Successful search (ES-ell)        
    19         914         23207.1         3.36177       0.0078125      Successful search (ES-ell)        
    19         915         23206.3         4.36466       0.0078125      Successful search (ES-ell)        
    19         916         23205.5         5.38125       0.0078125      Successful search (ES-ell)        
    19         959         23205.5         5.38125      0.00390625          Refine grid             
    20         960         23217.4         1.37142      0.00390625      Successful search (ES-wcm)        
    20         961         23216.2         1.40271      0.00390625      Successful search (ES-wcm)        
    20         962         23214.6         1.49265      0.00390625      Successful search (ES-wcm)        
    20         963         23213.5         1.56504      0.00390625      Successful search (ES-ell)        
    20         964         23211.7         1.73092      0.00390625      Successful search (ES-ell)        
    20         965         23209.8         1.92029      0.00390625      Successful search (ES-ell)        
    20         966         23207.5         2.35775      0.00390625      Successful search (ES-ell)        
    20         967         23203.2         2.63335      0.00390625      Successful search (ES-wcm)        
    20         968         23200.5         3.24743      0.00390625      Successful search (ES-wcm)        
    20         970         23200.5          3.3089      0.00390625      Successful search (ES-ell)        
    20        1010         23200.5          3.3089      0.00195312          Refine grid             Train
    21        1011         23218.6         1.35335      0.00195312      Successful search (ES-wcm)        
    21        1012         23218.5          1.3433      0.00195312      Successful search (ES-wcm)        
    21        1015         23218.4         1.30583      0.00195312      Successful search (ES-wcm)        
    21        1016         23217.9         1.29583      0.00195312      Successful search (ES-wcm)        
    21        1017         23217.2         1.27656      0.00195312      Successful search (ES-wcm)        
    21        1018         23216.6         1.25911      0.00195312      Successful search (ES-wcm)        
    21        1019         23215.7         1.25835      0.00195312      Successful search (ES-wcm)        
    21        1020         23215.2         1.27315      0.00195312      Successful search (ES-wcm)        
    21        1021         23214.3         1.31782      0.00195312      Successful search (ES-wcm)        
    21        1022         23213.6          1.4135      0.00195312      Successful search (ES-wcm)        
    21        1023         23213.4         1.59935      0.00195312      Successful search (ES-wcm)        
    21        1024           23213         1.59655      0.00195312      Successful search (ES-wcm)        
    21        1060         23210.5         3.01249      0.00390625        Successful poll           Train
    22        1061         23212.6         1.66848      0.00390625      Successful search (ES-ell)        
    22        1062         23212.4         1.72199      0.00390625      Successful search (ES-ell)        
    22        1063         23211.8         1.79039      0.00390625      Successful search (ES-ell)        
    22        1064           23211         1.93782      0.00390625      Successful search (ES-ell)        
    22        1065         23210.3         2.17535      0.00390625      Successful search (ES-ell)        
    22        1112         23210.3         2.17535      0.00195312          Refine grid             
    23        1151         23217.6         1.30875     0.000976562          Refine grid             Train
Optimization terminated: change in the function value less than options['tol_mesh']
Estimated function value at minimum: 23214.480190628623 ± 1.0002957541831632 (mean ± SEM from 100 samples)
BADS minimum at: x_min = [ 1.52760e+00  5.65060e+00  2.50450e+00  1.70000e-03  3.51480e+00
 -9.95917e+01  3.26000e-02  1.59200e-01  6.00000e+01  4.36715e+01
  9.88200e-01  6.15300e-01 -1.30100e+00], training NLL = 23214.4802
total f-count: 1251, time: 55.41 min

 Optimization Run 2/2
Initial params: [1.9859, 7.9116, 7.8764, 25.2726, 23.3365, 19.7051, 3.4541, 0.1473, 21.4861, 18.3571, 0.6106, 0.6465, 0.6139]
bads:TooCloseBounds: For each variable, hard and plausible bounds should not be too close. Moving plausible bounds.
Variables (index) internally transformed to log coordinates: [[0 0]
 [0 3]
 [0 4]
 [0 6]]
Beginning optimization of a STOCHASTIC objective function

 Iteration    f-count      E[f(x)]        SD[f(x)]           MeshScale          Method              Actions
     0           1         25411.3             nan               1                                  
     0          33         24972.1             nan               1          Initial mesh            Initial points
     0          54         24938.4        0.998702               1        Successful poll           Train
     1          57         24814.7        0.997481               1      Successful search (ES-wcm)        
     1          72         24809.4        0.676949               1      Successful search (ES-wcm)        
     1          76         24805.7        0.671942               1      Successful search (ES-wcm)        
     1          77         24784.3        0.665154               1      Successful search (ES-ell)        
     1          80         24774.9        0.649311               1      Successful search (ES-ell)        
     1         110           24772         5.51139               1        Successful poll           
     2         111         24707.9         5.07566               1      Successful search (ES-ell)        
     2         157         24707.9         5.07566             0.5          Refine grid             Train
     3         158         24748.2         3.00925             0.5      Successful search (ES-ell)        
     3         159         24721.4         4.15743             0.5      Successful search (ES-ell)        
     3         160         24715.9          5.0578             0.5      Successful search (ES-ell)        
     3         206         24715.9          5.0578            0.25          Refine grid             Train
     4         207         24754.9         2.36895            0.25      Successful search (ES-ell)        
     4         208         24746.8         3.81723            0.25      Successful search (ES-ell)        
     4         220         24745.5         2.38529            0.25      Successful search (ES-ell)        
     4         221         24739.8         3.88035            0.25      Successful search (ES-ell)        
     4         222         24728.4         4.74945            0.25      Successful search (ES-ell)        
     4         223           24716         5.14534            0.25      Successful search (ES-ell)        
     4         224         24714.1         5.90365            0.25      Successful search (ES-ell)        
     4         269         24714.1         5.90365           0.125          Refine grid             Train
     5         270         24733.6         1.74362           0.125      Successful search (ES-wcm)        
     5         271         24732.8         3.11119           0.125      Successful search (ES-wcm)        
     5         274         24731.4          2.4144           0.125      Successful search (ES-wcm)        
     5         275         24727.1         2.83139           0.125      Successful search (ES-wcm)        
     5         276         24726.1         3.27291           0.125      Successful search (ES-ell)        
     5         277         24719.4         3.94161           0.125      Successful search (ES-ell)        
     5         278         24718.5         4.60236           0.125      Successful search (ES-ell)        
     5         279         24653.4         5.33207           0.125      Successful search (ES-ell)        
     5         280           24630         5.71316           0.125      Successful search (ES-ell)        
     5         282         24627.7         5.12259           0.125      Successful search (ES-ell)        
     5         283         24588.2         4.48668           0.125      Successful search (ES-ell)        
     5         284         24567.5         4.13105           0.125      Successful search (ES-ell)        
     5         285         24543.3         3.90703           0.125      Successful search (ES-ell)        
     5         290           24543         2.69068           0.125      Successful search (ES-ell)        
     5         291         24538.8         2.67684           0.125      Successful search (ES-ell)        
     5         292         24530.6         2.68517           0.125      Successful search (ES-ell)        
     5         293           24521         2.98973           0.125      Successful search (ES-ell)        
     5         294         24487.6         3.20103           0.125      Successful search (ES-ell)        
     5         295         24449.8         3.81661           0.125      Successful search (ES-ell)        
     5         304         24447.8         2.23088           0.125      Successful search (ES-ell)        
     5         305         24441.3         2.16608           0.125      Successful search (ES-ell)        
     5         306         24436.3         2.11491           0.125      Successful search (ES-ell)        
     5         307         24431.9         2.08402           0.125      Successful search (ES-ell)        
     5         308         24426.9          2.0609           0.125      Successful search (ES-ell)        
     5         309         24425.2         2.23438           0.125      Successful search (ES-ell)        
     5         310         24413.2         2.53259           0.125      Successful search (ES-ell)        
     5         324         24389.3         3.29711           0.125      Successful search (ES-ell)        
     5         325           24387         3.19475           0.125      Successful search (ES-ell)        
     5         326         24384.8         3.61979           0.125      Successful search (ES-ell)        
     5         335         24384.5         2.70239           0.125      Successful search (ES-ell)        
     5         336         24383.2          3.4175           0.125      Successful search (ES-ell)        
     5         337         24378.5         4.60323           0.125      Successful search (ES-ell)        
     5         338         24369.9         6.00227           0.125      Successful search (ES-ell)        
     5         339         24369.8         6.81836           0.125      Successful search (ES-ell)        
     5         383         24369.8         6.81836          0.0625          Refine grid             
     6         384         24376.1         1.56618          0.0625      Successful search (ES-ell)        
     6         385         24375.4         2.08961          0.0625      Successful search (ES-ell)        
     6         386         24373.9         3.24482          0.0625      Successful search (ES-ell)        
     6         387         24372.9         4.35838          0.0625      Successful search (ES-ell)        
     6         388         24369.8         5.34129          0.0625      Successful search (ES-ell)        
     6         434         24369.8         5.34129         0.03125          Refine grid             
     7         435         24374.1         1.49191         0.03125      Successful search (ES-ell)        
     7         436         24373.7         1.62294         0.03125      Successful search (ES-ell)        
     7         437         24372.3         2.84976         0.03125      Successful search (ES-wcm)        
     7         438         24371.3          3.2233         0.03125      Successful search (ES-ell)        
     7         439         24368.2         3.78717         0.03125      Successful search (ES-ell)        
     7         440         24365.2         4.46634         0.03125      Successful search (ES-ell)        
     7         485         24365.2         4.46634        0.015625          Refine grid             
     8         486         24370.6         1.29369        0.015625      Successful search (ES-wcm)        
     8         487         24370.4         1.33358        0.015625      Successful search (ES-wcm)        
     8         488         24370.1         1.40155        0.015625      Successful search (ES-wcm)        
     8         489         24369.9         1.51233        0.015625      Successful search (ES-wcm)        
     8         490         24369.2         1.67536        0.015625      Successful search (ES-wcm)        
     8         491         24369.1         1.95018        0.015625      Successful search (ES-wcm)        
     8         492           24369         2.46653        0.015625      Successful search (ES-wcm)        
     8         493         24368.6         3.07929        0.015625      Successful search (ES-wcm)        
     8         522         24368.4         3.60662         0.03125        Successful poll           Train
     9         523         24372.9         1.06526         0.03125      Successful search (ES-wcm)        
     9         524         24372.4         1.15297         0.03125      Successful search (ES-wcm)        
     9         525         24372.1         1.30069         0.03125      Successful search (ES-ell)        
     9         526         24371.9         1.64996         0.03125      Successful search (ES-wcm)        
     9         529         24371.7         2.14178         0.03125      Successful search (ES-wcm)        
     9         534           24371         1.96401         0.03125      Successful search (ES-ell)        
     9         543         24370.6         1.70746         0.03125      Successful search (ES-wcm)        
     9         586         24365.9         4.22171          0.0625        Successful poll           
    10         587         24370.9         1.34395          0.0625      Successful search (ES-ell)        
    10         600         24367.1         3.17687          0.0625      Successful search (ES-wcm)        
    10         602         24366.5         4.22059          0.0625      Successful search (ES-wcm)        
    10         603         24366.1          5.8216          0.0625      Successful search (ES-wcm)        
    10         649         24366.1          5.8216         0.03125          Refine grid             
    11         650         24371.3         1.11984         0.03125      Successful search (ES-ell)        
    11         651           24371         1.25497         0.03125      Successful search (ES-ell)        
    11         652         24370.9         1.78496         0.03125      Successful search (ES-wcm)        
    11         655         24370.9         2.95325         0.03125      Incremental search (ES-wcm)        
    11         656         24369.2         4.15077         0.03125      Successful search (ES-wcm)        
    11         679         24337.9         5.72605          0.0625        Successful poll           
    12         681         24371.4         6.72263          0.0625      Successful search (ES-wcm)        
    12         682         24365.7         6.64676          0.0625      Successful search (ES-wcm)        
    12         683         24358.4         5.77896          0.0625      Successful search (ES-wcm)        
    12         685         24354.1         5.36056          0.0625      Successful search (ES-wcm)        
    12         686           24353         4.80047          0.0625      Successful search (ES-ell)        
    12         688         24349.3         4.20951          0.0625      Successful search (ES-wcm)        
    12         690         24346.5         4.13966          0.0625      Successful search (ES-wcm)        
    12         691           24344         4.87517          0.0625      Successful search (ES-wcm)        
    12         693         24338.8          5.0306          0.0625      Successful search (ES-wcm)        
    12         694         24330.8         4.84931          0.0625      Successful search (ES-wcm)        
    12         696         24326.4         4.86723          0.0625      Successful search (ES-wcm)        
    12         697         24321.9         5.85005          0.0625      Successful search (ES-wcm)        
    12         698           24316         8.84128          0.0625      Successful search (ES-wcm)        
    12         699         24275.1         9.24052          0.0625      Successful search (ES-wcm)        
    12         700         24211.5         9.32325          0.0625      Successful search (ES-wcm)        
    12         701         24089.1         9.32536          0.0625      Successful search (ES-wcm)        
    12         702         24088.4         9.32296          0.0625      Successful search (ES-wcm)        
    12         704         24050.9         9.12336          0.0625      Successful search (ES-wcm)        
    12         707         24050.6         7.52013          0.0625      Successful search (ES-wcm)        
    12         709         24048.3          4.7442          0.0625      Successful search (ES-wcm)        
    12         712         24048.3         4.10555          0.0625      Successful search (ES-wcm)        
    12         713         24047.1         3.82294          0.0625      Successful search (ES-ell)        
    12         714         24046.3         4.66792          0.0625      Successful search (ES-wcm)        
    12         715         24039.4         4.66732          0.0625      Successful search (ES-wcm)        
    12         716         24038.3            5.67          0.0625      Successful search (ES-wcm)        
    12         717         24026.7         5.41986          0.0625      Successful search (ES-ell)        
    12         718         24012.9         5.75867          0.0625      Successful search (ES-ell)        
    12         719         24009.2         5.10705          0.0625      Successful search (ES-ell)        
    12         720         23994.2         4.96756          0.0625      Successful search (ES-ell)        
    12         755         23932.3         8.75757           0.125        Successful poll           Train
    13         757         23901.5         8.28949           0.125      Successful search (ES-wcm)        
    13         760         23875.6         7.56116           0.125      Successful search (ES-wcm)        
    13         761         23867.4         7.98209           0.125      Successful search (ES-wcm)        
    13         762         23818.1         8.04223           0.125      Successful search (ES-wcm)        
    13         763           23814         8.37223           0.125      Successful search (ES-wcm)        
    13         770         23812.7         4.73803           0.125      Successful search (ES-wcm)        
    13         771         23805.9         5.66377           0.125      Successful search (ES-wcm)        
    13         772         23805.2         5.59882           0.125      Successful search (ES-ell)        
    13         806         23793.4         5.58817            0.25        Successful poll           Train
    14         807         23792.2         7.75787            0.25      Successful search (ES-wcm)        
    14         808         23703.6         7.76883            0.25      Successful search (ES-wcm)        
    14         809         23673.8         7.77654            0.25      Successful search (ES-wcm)        
    14         815         23662.7         7.70052            0.25      Successful search (ES-wcm)        
    14         822         23637.8         7.18877            0.25      Successful search (ES-wcm)        
    14         823         23625.5         7.76411            0.25      Successful search (ES-wcm)        
    14         824         23607.6         7.76309            0.25      Successful search (ES-wcm)        
    14         866         23600.3         7.76267             0.5        Successful poll           
    15         867         23597.7         6.75682             0.5      Successful search (ES-ell)        
    15         878         23584.6         6.62778             0.5      Successful search (ES-wcm)        
    15         884         23562.2         7.22254             0.5      Successful search (ES-wcm)        
    15         887         23557.8         5.39242             0.5      Successful search (ES-ell)        
    15         923         23557.8         5.39242            0.25          Refine grid             
    16         924         23560.6          4.3141            0.25      Successful search (ES-ell)        
    16         925         23557.1         5.54572            0.25      Successful search (ES-ell)        
    16         928         23554.9         4.39347            0.25      Successful search (ES-ell)        
    16         929         23543.4         7.29866            0.25      Successful search (ES-wcm)        
    16         930         23518.3         7.31777            0.25      Successful search (ES-wcm)        
    16         931           23449         7.25886            0.25      Successful search (ES-ell)        
    16         932         23419.1         7.28378            0.25      Successful search (ES-ell)        
    16         933         23365.9         7.29278            0.25      Successful search (ES-ell)        
    16         936         23352.1          7.2504            0.25      Successful search (ES-ell)        
    16         938         23335.1         5.22206            0.25      Successful search (ES-ell)        
    16         939         23266.4         5.82726            0.25      Successful search (ES-ell)        
    16         940         23173.1         6.42821            0.25      Successful search (ES-ell)        
    16         950         23168.3         3.50645            0.25      Successful search (ES-ell)        
    16         952         23160.9         4.01288            0.25      Successful search (ES-ell)        
    16         953         23119.7         5.24758            0.25      Successful search (ES-ell)        
    16         954           23119         6.02211            0.25      Successful search (ES-ell)        
    16         978         23109.9         7.55515             0.5        Successful poll           
    17         979         23064.2         6.10342             0.5      Successful search (ES-ell)        
    17        1026         23064.2         6.10342            0.25          Refine grid             Train
    18        1027         23091.4         4.45865            0.25      Successful search (ES-ell)        
    18        1029         23083.5         5.49052            0.25      Successful search (ES-ell)        
    18        1031         23080.3         5.84674            0.25      Successful search (ES-ell)        
    18        1032         23076.2         5.91391            0.25      Successful search (ES-ell)        
    18        1033           23051         5.68857            0.25      Successful search (ES-ell)        
    18        1076           23051         5.68857           0.125          Refine grid             Train
    19        1077         23053.2          4.9686           0.125      Successful search (ES-wcm)        
    19        1082         23051.8         2.45983           0.125      Successful search (ES-wcm)        
    19        1083         23051.5          3.4452           0.125      Successful search (ES-wcm)        
    19        1084           23049         5.10975           0.125      Successful search (ES-wcm)        
    19        1127         23044.8         3.67096            0.25        Successful poll           
    20        1164         23045.2         3.42596           0.125          Refine grid             Train
    21        1165         23042.5         1.87154           0.125      Successful search (ES-ell)        
    21        1166         23033.1          3.2279           0.125      Successful search (ES-ell)        
    21        1215         23033.1          3.2279          0.0625          Refine grid             Train
    22        1216         23055.4         1.67619          0.0625      Successful search (ES-ell)        
    22        1217         23053.3         2.03969          0.0625      Successful search (ES-ell)        
    22        1218         23049.3         2.64013          0.0625      Successful search (ES-ell)        
    22        1219         23043.9         3.68698          0.0625      Successful search (ES-ell)        
    22        1220         23042.6         4.98403          0.0625      Successful search (ES-ell)        
    22        1221         23040.2          6.2057          0.0625      Successful search (ES-ell)        
    22        1222         23028.5         6.48097          0.0625      Successful search (ES-ell)        
    22        1223         23025.6         5.78817          0.0625      Successful search (ES-wcm)        
    22        1267         23006.9         7.54868           0.125        Successful poll           
    23        1306         23002.5         6.32229          0.0625          Refine grid             Train
    24        1307         23029.7         1.34634          0.0625      Successful search (ES-wcm)        
    24        1308         23024.2         1.90574          0.0625      Successful search (ES-wcm)        
    24        1309         23019.7         2.35432          0.0625      Successful search (ES-wcm)        
    24        1310         23016.1         3.16684          0.0625      Successful search (ES-wcm)        
    24        1311         23012.5         2.52292          0.0625      Successful search (ES-wcm)        
    24        1358         23012.5         2.52292         0.03125          Refine grid             Train
    25        1359         23036.9         1.15217         0.03125      Successful search (ES-wcm)        
    25        1360         23035.8         1.24761         0.03125      Successful search (ES-wcm)        
    25        1361         23034.5         1.53606         0.03125      Successful search (ES-wcm)        
    25        1362           23032         2.04894         0.03125      Successful search (ES-wcm)        
    25        1363         23030.6         3.12194         0.03125      Successful search (ES-wcm)        
    25        1410         23030.6         3.12194        0.015625          Refine grid             
    26        1411         23038.4         1.23333        0.015625      Successful search (ES-wcm)        
    26        1412         23037.9         1.21127        0.015625      Successful search (ES-wcm)        
    26        1413         23034.6         1.07742        0.015625      Successful search (ES-wcm)        
    26        1414         23033.6         1.17195        0.015625      Successful search (ES-wcm)        
    26        1415         23032.1          1.4304        0.015625      Successful search (ES-wcm)        
    26        1416           23026         2.04309        0.015625      Successful search (ES-ell)        
    26        1417         23024.6         3.99195        0.015625      Successful search (ES-ell)        
    26        1418         23012.8         4.76873        0.015625      Successful search (ES-ell)        
    26        1462         23012.8         4.76873       0.0078125          Refine grid             
    27        1463         23020.6         1.40831       0.0078125      Successful search (ES-ell)        
    27        1464         23019.6         1.49701       0.0078125      Successful search (ES-ell)        
    27        1465         23019.2         1.64193       0.0078125      Successful search (ES-ell)        
    27        1466         23017.2          1.9369       0.0078125      Successful search (ES-ell)        
    27        1467         23014.3         2.28912       0.0078125      Successful search (ES-ell)        
    27        1468         23011.4         2.86272       0.0078125      Successful search (ES-ell)        
    27        1469         23006.9          3.7014       0.0078125      Successful search (ES-ell)        
    27        1470         22999.4         4.68983       0.0078125      Successful search (ES-ell)        
    27        1495         22984.8          2.0017        0.015625        Successful poll           
    28        1496         23019.5         1.29049        0.015625      Successful search (ES-ell)        
    28        1497         23018.2         1.40387        0.015625      Successful search (ES-ell)        
    28        1498         23016.3         1.49724        0.015625      Successful search (ES-wcm)        
    28        1499         23013.1          1.6091        0.015625      Successful search (ES-wcm)        
    28        1500         23009.3         1.95801        0.015625      Successful search (ES-wcm)        
    28        1501         23003.5         2.55202        0.015625      Successful search (ES-wcm)        
    28        1502         22999.5         3.13966        0.015625      Successful search (ES-wcm)        
    28        1503         22987.1         3.88542        0.015625      Successful search (ES-wcm)        
    28        1541         22981.5           5.067         0.03125        Successful poll           
    29        1542         22980.3         3.81829         0.03125      Successful search (ES-wcm)        
    29        1543         22976.2         3.82808         0.03125      Successful search (ES-wcm)        
    29        1544         22975.5         4.08554         0.03125      Successful search (ES-wcm)        
    29        1545           22970         3.84519         0.03125      Successful search (ES-wcm)        
    29        1546         22966.8         3.98541         0.03125      Successful search (ES-wcm)        
    29        1547         22966.3         4.74115         0.03125      Successful search (ES-wcm)        
    29        1577         22956.4         6.47128          0.0625        Successful poll           
    30        1579         22955.5         4.78469          0.0625      Successful search (ES-ell)        
    30        1580         22944.7         5.31782          0.0625      Successful search (ES-ell)        
    30        1627         22933.9          7.5321           0.125        Successful poll           
    31        1666         22928.3         6.09688          0.0625          Refine grid             Train
    32        1667         22937.2         2.90537          0.0625      Successful search (ES-ell)        
    32        1668         22931.1         4.61783          0.0625      Successful search (ES-ell)        
    32        1669           22926         6.12514          0.0625      Successful search (ES-ell)        
    32        1718           22926         6.12514         0.03125          Refine grid             
    33        1719         22935.8         1.60072         0.03125      Successful search (ES-ell)        
    33        1720         22934.9         2.71496         0.03125      Successful search (ES-ell)        
    33        1745         22887.8         1.79856          0.0625        Successful poll           
    34        1746           22885          2.6324          0.0625      Successful search (ES-wcm)        
    34        1797           22885          2.6324         0.03125          Refine grid             Train
    35        1798         22936.7         1.86476         0.03125      Successful search (ES-wcm)        
    35        1849         22936.7         1.86476        0.015625          Refine grid             
    36        1850           22938         1.13152        0.015625      Successful search (ES-ell)        
    36        1851         22936.3          1.4208        0.015625      Successful search (ES-wcm)        
    36        1852         22933.7         2.09167        0.015625      Successful search (ES-wcm)        
    36        1853         22931.1         3.41846        0.015625      Successful search (ES-wcm)        
    36        1854         22925.3          5.1444        0.015625      Successful search (ES-wcm)        
    36        1855           22917         6.09448        0.015625      Successful search (ES-wcm)        
    36        1857         22914.8         4.37523        0.015625      Successful search (ES-ell)        
    36        1901         22914.8         4.37523       0.0078125          Refine grid             
    37        1902           22927         1.29064       0.0078125      Successful search (ES-ell)        
    37        1903         22926.5         1.32321       0.0078125      Successful search (ES-ell)        
    37        1904         22926.3         1.43747       0.0078125      Successful search (ES-ell)        
    37        1905         22925.7         1.77026       0.0078125      Successful search (ES-ell)        
    37        1906         22925.5         2.21003       0.0078125      Successful search (ES-ell)        
    37        1953         22925.5         2.21003      0.00390625          Refine grid             
    38        1954         22929.8         1.19258      0.00390625      Successful search (ES-ell)        
    38        1955         22929.3         1.23477      0.00390625      Successful search (ES-ell)        
    38        1956         22927.4         1.33593      0.00390625      Successful search (ES-ell)        
    38        1957           22926         1.43263      0.00390625      Successful search (ES-ell)        
    38        1958         22924.7          1.5804      0.00390625      Successful search (ES-ell)        
    38        1959           22922         2.08716      0.00390625      Successful search (ES-ell)        
    38        1960           22920         2.64414      0.00390625      Successful search (ES-ell)        
    38        1961         22915.2         3.36234      0.00390625      Successful search (ES-ell)        
    38        2005         22915.2         3.36234      0.00195312          Refine grid             Train
    39        2008         22927.5         1.16966      0.00195312      Successful search (ES-wcm)        
    39        2009         22927.3         1.17959      0.00195312      Successful search (ES-wcm)        
    39        2010         22927.1         1.19097      0.00195312      Successful search (ES-wcm)        
    39        2011         22926.9         1.20925      0.00195312      Successful search (ES-wcm)        
    39        2012         22926.6          1.2516      0.00195312      Successful search (ES-wcm)        
    39        2013         22926.6         1.29881      0.00195312      Successful search (ES-wcm)        
    39        2015         22926.5         1.30948      0.00195312      Successful search (ES-ell)        
    39        2016         22926.3         1.37757      0.00195312      Successful search (ES-ell)        
    39        2017         22926.2         1.48958      0.00195312      Successful search (ES-ell)        
    39        2018         22925.8          1.5807      0.00195312      Successful search (ES-ell)        
    39        2057         22925.8          1.5807     0.000976562          Refine grid             Train
Optimization terminated: change in the function value less than options['tol_mesh']
Estimated function value at minimum: 22926.175772793522 ± 0.8408373130970285 (mean ± SEM from 100 samples)
BADS minimum at: x_min = [ 7.34400e-01  1.86780e+00  4.01830e+00  5.50000e-03  7.16100e-01
 -9.01815e+01  5.33770e+00  2.23000e-01  5.38388e+01  2.92796e+01
  5.90700e-01  1.19100e-01 -2.12100e-01], training NLL = 22926.1758
total f-count: 2157, time: 96.04 min

 ------- Finish Optimization for Subject 3 ---------- 

 ------- Start Optimization for Subject 5 ---------- 

 Cross Validation fold 0/1

 -- Start Optimization: method BADS --

 Optimization Run 1/2
Initial params: [0.7902, 7.5423, 13.7758, 22.4136, 5.2405, -27.8362, 2.108, 0.6721, 15.9103, 22.6428, 0.3048, 0.3869, 1.4684]
bads:TooCloseBounds: For each variable, hard and plausible bounds should not be too close. Moving plausible bounds.
Variables (index) internally transformed to log coordinates: [[0 0]
 [0 3]
 [0 4]
 [0 6]]
Beginning optimization of a STOCHASTIC objective function

 Iteration    f-count      E[f(x)]        SD[f(x)]           MeshScale          Method              Actions
     0           1         25615.7             nan               1                                  
     0          33         25195.2             nan               1          Initial mesh            Initial points
     0          43         25043.6        0.996853               1        Successful poll           Train
     1          44         24493.4        0.997144               1      Successful search (ES-wcm)        
     1          51         24436.1        0.968812               1      Successful search (ES-wcm)        
     1          54         24384.9        0.939645               1      Successful search (ES-wcm)        
     1          60         24379.1         0.98735               1      Successful search (ES-ell)        
     1          63         24339.4        0.949159               1      Successful search (ES-wcm)        
     1          65         24319.5        0.948735               1      Successful search (ES-wcm)        
     1          66         24296.9        0.947921               1      Successful search (ES-wcm)        
     1          69         24280.3        0.948653               1      Successful search (ES-wcm)        
     1          72         24280.1        0.939339               1      Incremental search (ES-wcm)        
     1          73           24254         0.94847               1      Successful search (ES-wcm)        
     1          78         24232.3        0.946606               1      Successful search (ES-wcm)        
     1          81         24210.6         0.94305               1      Successful search (ES-wcm)        
     1          83         24174.6          0.9467               1      Successful search (ES-wcm)        
     1          90         24165.1         1.01911               1      Successful search (ES-wcm)        
     1         115           24153         1.03059               1        Successful poll           Train
     2         116         24149.8         2.80259               1      Successful search (ES-ell)        
     2         117         24077.1         2.80203               1      Successful search (ES-ell)        
     2         132         24063.6         2.46856               1      Successful search (ES-ell)        
     2         134         24059.6         2.54924               1      Successful search (ES-ell)        
     2         173         24059.6         2.54924             0.5          Refine grid             Train
     3         174         24051.6         6.88725             0.5      Successful search (ES-ell)        
     3         175         24041.9         10.2904             0.5      Successful search (ES-ell)        
     3         221         24041.9         10.2904            0.25          Refine grid             
     4         222         24066.6         3.86993            0.25      Successful search (ES-ell)        
     4         223         24060.8         6.30107            0.25      Successful search (ES-ell)        
     4         271         24060.8         6.30107           0.125          Refine grid             Train
     5         272         24068.8         2.69345           0.125      Successful search (ES-wcm)        
     5         273         24059.3         5.35107           0.125      Successful search (ES-wcm)        
     5         274         24053.3         8.95367           0.125      Successful search (ES-wcm)        
     5         275         24049.9         14.1014           0.125      Successful search (ES-wcm)        
     5         277           24039         9.07426           0.125      Successful search (ES-ell)        
     5         280         24037.1         7.79295           0.125      Successful search (ES-wcm)        
     5         281         24037.1          9.1365           0.125      Incremental search (ES-wcm)        
     5         283         24036.1         9.40549           0.125      Successful search (ES-wcm)        
     5         322         24036.1         9.40549          0.0625          Refine grid             
     6         323         24044.2         2.54513          0.0625      Successful search (ES-wcm)        
     6         324         24043.6         2.89419          0.0625      Successful search (ES-wcm)        
     6         325         24041.8         3.38038          0.0625      Successful search (ES-wcm)        
     6         326         24039.8           5.053          0.0625      Successful search (ES-wcm)        
     6         328           24039         4.85441          0.0625      Successful search (ES-ell)        
     6         329         24032.5         6.84854          0.0625      Successful search (ES-ell)        
     6         330         24028.9         7.69978          0.0625      Successful search (ES-ell)        
     6         331         24018.7         8.20935          0.0625      Successful search (ES-ell)        
     6         334         24017.1         7.08202          0.0625      Successful search (ES-ell)        
     6         373         24016.7         4.57136           0.125        Successful poll           
     7         376         24015.7         3.67954           0.125      Successful search (ES-ell)        
     7         422           24013         1.56926            0.25        Successful poll           
     8         423         23992.5         2.65024            0.25      Successful search (ES-ell)        
     8         473         23992.5         2.65024           0.125          Refine grid             Train
     9         474         24018.3         2.09227           0.125      Successful search (ES-ell)        
     9         475         24011.2          2.1717           0.125      Successful search (ES-wcm)        
     9         476         24004.8         3.37905           0.125      Successful search (ES-wcm)        
     9         477         24003.3         5.51222           0.125      Successful search (ES-wcm)        
     9         525         24003.3         5.51222          0.0625          Refine grid             Train
    10         526         24018.1         3.42088          0.0625      Successful search (ES-wcm)        
    10         527         24014.8         4.95523          0.0625      Successful search (ES-wcm)        
    10         528         24011.9         6.59666          0.0625      Successful search (ES-wcm)        
    10         577         24011.9         6.59666         0.03125          Refine grid             
    11         578         24019.2         1.85652         0.03125      Successful search (ES-wcm)        
    11         579         24016.9         2.61132         0.03125      Successful search (ES-wcm)        
    11         580         24014.4         3.64144         0.03125      Successful search (ES-wcm)        
    11         581         24012.3         4.10228         0.03125      Successful search (ES-wcm)        
    11         604           23999         1.71212          0.0625        Successful poll           
    12         605         24001.6         1.69824          0.0625      Successful search (ES-wcm)        
    12         655           23953         2.25784           0.125        Successful poll           
    13         657         24016.1         2.14573           0.125      Successful search (ES-wcm)        
    13         660         24013.1         3.00454           0.125      Successful search (ES-wcm)        
    13         661         24008.7           3.033           0.125      Successful search (ES-ell)        
    13         662         24007.4         3.31173           0.125      Successful search (ES-ell)        
    13         663         24003.2         3.64371           0.125      Successful search (ES-ell)        
    13         665         24001.9         5.25667           0.125      Successful search (ES-wcm)        
    13         666           23998         8.20343           0.125      Successful search (ES-wcm)        
    13         668         23982.2         5.80218           0.125      Successful search (ES-wcm)        
    13         705         23963.6         5.41886            0.25        Successful poll           
    14         742         23960.6         4.73957           0.125          Refine grid             Train
    15         743         23976.5         4.64501           0.125      Successful search (ES-wcm)        
    15         744         23964.7         6.70133           0.125      Successful search (ES-wcm)        
    15         745         23961.1         5.77354           0.125      Successful search (ES-ell)        
    15         748         23960.7         4.25275           0.125      Successful search (ES-ell)        
    15         749         23956.8         5.27859           0.125      Successful search (ES-ell)        
    15         789         23948.4          5.3906            0.25        Successful poll           Train
    16         790         23931.7         7.75421            0.25      Successful search (ES-wcm)        
    16         794         23927.7         6.62336            0.25      Successful search (ES-wcm)        
    16         837         23926.8         6.17402             0.5        Successful poll           
    17         869         23924.3          5.2919               1        Successful poll           Train
    18         877           23924         5.54148               1      Successful search (ES-wcm)        
    18         878         23921.6         4.95573               1      Successful search (ES-ell)        
    18         879           23918         5.07538               1      Successful search (ES-ell)        
    18         885         23317.8         5.55758               1      Successful search (ES-ell)        
    18         888         22962.8         8.35501               1      Successful search (ES-wcm)        
    18         891         22961.9         8.15745               1      Incremental search (ES-wcm)        
    18         893         22669.2         8.00072               1      Successful search (ES-wcm)        
    18         910         22428.4         5.87197               1        Successful poll           
    19         914         22238.5         7.07942               1      Successful search (ES-wcm)        
    19         925         22133.5         6.99292               1      Successful search (ES-wcm)        
    19         964         22133.5         6.99292             0.5          Refine grid             Train
    20         965         21862.1         8.92049             0.5      Successful search (ES-wcm)        
    20         966         21329.2         8.92045             0.5      Successful search (ES-wcm)        
    20         970         21241.1         8.90768             0.5      Successful search (ES-wcm)        
    20         972         21130.7         8.91635             0.5      Successful search (ES-wcm)        
    20         974         21097.6         8.90952             0.5      Successful search (ES-wcm)        
    20         976         21023.4         8.91567             0.5      Successful search (ES-wcm)        
    20         980         20941.7         8.88624             0.5      Successful search (ES-wcm)        
    20         987           20902         11.7187             0.5      Successful search (ES-wcm)        
    20         990           20893         10.2377             0.5      Successful search (ES-wcm)        
    20         993         20852.8         12.4906             0.5      Successful search (ES-wcm)        
    20         994           20795         12.7813             0.5      Successful search (ES-wcm)        
    20         995           20707         12.8743             0.5      Successful search (ES-wcm)        
    20        1001         20698.7         12.5722             0.5      Successful search (ES-ell)        
    20        1006         20684.9         12.7987             0.5      Successful search (ES-wcm)        
    20        1012         20678.7         11.0068             0.5      Successful search (ES-wcm)        
    20        1014           20666         9.91932             0.5      Successful search (ES-wcm)        
    20        1015         20631.8         9.91651             0.5      Successful search (ES-wcm)        
    20        1053         20631.8         9.91651            0.25          Refine grid             Train
    21        1055         20620.5         14.9728            0.25      Successful search (ES-ell)        
    21        1057           20593         16.4617            0.25      Successful search (ES-ell)        
    21        1067           20593         18.3146            0.25      Incremental search (ES-ell)        
    21        1072         20590.2         16.9133            0.25      Successful search (ES-ell)        
    21        1117         20590.2         16.9133           0.125          Refine grid             
    22        1118         20614.7         18.9762           0.125      Successful search (ES-wcm)        
    22        1121         20584.3         14.5495           0.125      Successful search (ES-ell)        
    22        1168         20584.3         14.5495          0.0625          Refine grid             
    23        1169         20604.4          7.4161          0.0625      Successful search (ES-ell)        
    23        1170         20598.5         13.1206          0.0625      Successful search (ES-ell)        
    23        1174         20595.7         9.63034          0.0625      Successful search (ES-ell)        
    23        1175         20593.7         11.2915          0.0625      Successful search (ES-ell)        
    23        1176           20580         20.6233          0.0625      Successful search (ES-wcm)        
    23        1220           20580         20.6233         0.03125          Refine grid             
    24        1221         20597.7         6.14544         0.03125      Successful search (ES-ell)        
    24        1222         20580.6         8.66198         0.03125      Successful search (ES-ell)        
    24        1223         20567.7         16.6623         0.03125      Successful search (ES-wcm)        
    24        1225         20557.6         13.2141         0.03125      Successful search (ES-ell)        
    24        1227         20554.1         13.3707         0.03125      Successful search (ES-ell)        
    24        1229         20551.2         13.4039         0.03125      Successful search (ES-ell)        
    24        1230         20519.7         17.9002         0.03125      Successful search (ES-ell)        
    24        1272         20519.7         17.9002        0.015625          Refine grid             Train
    25        1273         20543.1         4.39581        0.015625      Successful search (ES-ell)        
    25        1274         20538.4         5.26106        0.015625      Successful search (ES-ell)        
    25        1275         20533.5         6.84446        0.015625      Successful search (ES-ell)        
    25        1316         20513.9         14.6311         0.03125        Successful poll           Train
    26        1317           20501         11.0858         0.03125      Successful search (ES-ell)        
    26        1319         20499.3         12.9436         0.03125      Successful search (ES-wcm)        
    26        1321         20493.9         11.2084         0.03125      Successful search (ES-wcm)        
    26        1322         20486.8         10.9956         0.03125      Successful search (ES-ell)        
    26        1323         20479.6         11.8238         0.03125      Successful search (ES-ell)        
    26        1324         20472.9         13.8866         0.03125      Successful search (ES-ell)        
    26        1368         20472.9         13.8866        0.015625          Refine grid             
    27        1369         20500.4          3.8058        0.015625      Successful search (ES-ell)        
    27        1370         20496.6           4.297        0.015625      Successful search (ES-ell)        
    27        1371         20495.6         5.36863        0.015625      Successful search (ES-ell)        
    27        1372         20492.6         7.35652        0.015625      Successful search (ES-ell)        
    27        1420         20492.6         7.35652       0.0078125          Refine grid             
    28        1421         20505.6         3.61232       0.0078125      Successful search (ES-wcm)        
    28        1422         20505.3          4.0418       0.0078125      Successful search (ES-wcm)        
    28        1423         20502.8         4.72498       0.0078125      Successful search (ES-wcm)        
    28        1424         20498.2         5.23654       0.0078125      Successful search (ES-ell)        
    28        1425         20492.4         6.18131       0.0078125      Successful search (ES-ell)        
    28        1426           20484         7.44759       0.0078125      Successful search (ES-ell)        
    28        1444         20483.8         4.42823       0.0078125      Successful search (ES-ell)        
    28        1445         20482.3         4.36507       0.0078125      Successful search (ES-ell)        
    28        1446         20481.3         4.30369       0.0078125      Successful search (ES-ell)        
    28        1447         20479.9          4.4374       0.0078125      Successful search (ES-ell)        
    28        1448         20468.5         5.50292       0.0078125      Successful search (ES-ell)        
    28        1449         20463.1         7.14303       0.0078125      Successful search (ES-ell)        
    28        1490           20458         5.33633        0.015625        Successful poll           
    29        1491         20455.3         7.00833        0.015625      Successful search (ES-ell)        
    29        1542         20455.3         7.00833       0.0078125          Refine grid             
    30        1543         20501.5         2.92633       0.0078125      Successful search (ES-ell)        
    30        1544         20499.9          3.2385       0.0078125      Successful search (ES-ell)        
    30        1545         20497.4          4.0791       0.0078125      Successful search (ES-ell)        
    30        1546         20494.1         4.61364       0.0078125      Successful search (ES-ell)        
    30        1547         20485.3         5.52952       0.0078125      Successful search (ES-wcm)        
    30        1548         20473.5         8.88627       0.0078125      Successful search (ES-wcm)        
    30        1549           20444         16.5083       0.0078125      Successful search (ES-wcm)        
    30        1594           20444         16.5083      0.00390625          Refine grid             Train
    31        1595           20471          3.3966      0.00390625      Successful search (ES-wcm)        
    31        1596         20470.1         3.45964      0.00390625      Successful search (ES-wcm)        
    31        1597         20467.7         3.47291      0.00390625      Successful search (ES-wcm)        
    31        1598         20466.1         3.56586      0.00390625      Successful search (ES-wcm)        
    31        1599         20462.8         3.86432      0.00390625      Successful search (ES-wcm)        
    31        1600           20462         5.37653      0.00390625      Successful search (ES-wcm)        
    31        1603         20460.9         4.78577      0.00390625      Successful search (ES-wcm)        
    31        1605         20460.9         5.40666      0.00390625      Successful search (ES-wcm)        
    31        1607         20458.9         5.86337      0.00390625      Successful search (ES-wcm)        
    31        1646         20458.9         5.86337      0.00195312          Refine grid             Train
    32        1685         20474.7          3.2785     0.000976562          Refine grid             Train
Optimization terminated: change in the function value less than options['tol_mesh']
Estimated function value at minimum: 20464.44311012878 ± 2.406251966822459 (mean ± SEM from 100 samples)
BADS minimum at: x_min = [1.34000e-02 4.13290e+00 4.21770e+00 1.76711e+01 1.98740e+00 1.23194e+01
 5.49000e-02 4.31000e-02 9.65090e+00 1.13869e+01 1.85500e-01 3.71100e-01
 7.45100e-01], training NLL = 20464.4431
total f-count: 1785, time: 79.89 min

 Optimization Run 2/2
Initial params: [1.8214, 4.8385, 5.5964, 29.9596, 17.3645, -47.6532, 1.3362, 0.348, 21.519, 25.6284, 0.1598, 0.3439, 1.4752]
bads:TooCloseBounds: For each variable, hard and plausible bounds should not be too close. Moving plausible bounds.
Variables (index) internally transformed to log coordinates: [[0 0]
 [0 3]
 [0 4]
 [0 6]]
Beginning optimization of a STOCHASTIC objective function

 Iteration    f-count      E[f(x)]        SD[f(x)]           MeshScale          Method              Actions
     0           1         25625.7             nan               1                                  
     0          33         25197.1             nan               1          Initial mesh            Initial points
     0          43         25038.5        0.997755               1        Successful poll           Train
     1          44         25006.6        0.998213               1      Successful search (ES-wcm)        
     1          47         24710.8          0.9969               1      Successful search (ES-wcm)        
     1          50         24602.8        0.994307               1      Successful search (ES-wcm)        
     1          53         24569.4        0.992421               1      Successful search (ES-ell)        
     1          54         24528.1        0.985938               1      Successful search (ES-wcm)        
     1          57           24414        0.978361               1      Successful search (ES-wcm)        
     1          58           24297         0.99757               1      Successful search (ES-wcm)        
     1          61           24254        0.971343               1      Successful search (ES-wcm)        
     1          62         24147.9        0.971338               1      Successful search (ES-wcm)        
     1          65         24037.6        0.971228               1      Successful search (ES-ell)        
     1          75         24020.8        0.971196               1      Successful search (ES-wcm)        
     1          78         24020.5        0.926806               1      Incremental search (ES-ell)        
     1          82         24015.6        0.880426               1      Successful search (ES-ell)        
     1          85         23997.9        0.962533               1      Successful search (ES-ell)        
     1          88         23990.1          2.1912               1      Successful search (ES-ell)        
     1          89         23984.8         2.21523               1      Successful search (ES-ell)        
     1          92         23973.4         2.08968               1      Successful search (ES-ell)        
     1          93           23961         2.14908               1      Successful search (ES-ell)        
     1          95           23955         2.14595               1      Successful search (ES-ell)        
     1          97         23931.8         2.19633               1      Successful search (ES-ell)        
     1         100         23922.5         2.14478               1      Successful search (ES-ell)        
     1         103         23921.1         1.90695               1      Successful search (ES-ell)        
     1         105         23917.6         1.84592               1      Successful search (ES-ell)        
     1         142         23917.6         1.84592             0.5          Refine grid             Train
     2         143         23949.2         4.10542             0.5      Successful search (ES-ell)        
     2         157         23938.5         6.47808             0.5      Successful search (ES-wcm)        
     2         159         23934.2         6.50921             0.5      Successful search (ES-wcm)        
     2         161         23917.7         5.81585             0.5      Successful search (ES-wcm)        
     2         162           23913         5.56619             0.5      Successful search (ES-ell)        
     2         202         23910.1         13.1785               1        Successful poll           Train
     3         233           23898         18.3934               1        Successful poll           Train
     4         245         23895.4         7.37737               1      Successful search (ES-wcm)        
     4         246           23893         9.05725               1      Successful search (ES-wcm)        
     4         248         23880.4         13.9888               1      Successful search (ES-ell)        
     4         250         23879.9         13.5361               1      Incremental search (ES-ell)        
     4         264         23869.8         9.39591               1      Successful search (ES-wcm)        
     4         265         23857.9         15.5324               1      Successful search (ES-wcm)        
     4         274         23838.6         11.5355               1      Successful search (ES-ell)        
     4         314         23838.6         11.5355             0.5          Refine grid             
     5         315         23885.4         8.47615             0.5      Successful search (ES-ell)        
     5         328         23875.2         4.47213             0.5      Successful search (ES-ell)        
     5         329         23870.7         6.74634             0.5      Successful search (ES-ell)        
     5         374         23870.7         6.74634            0.25          Refine grid             Train
     6         375         23898.4         5.09196            0.25      Successful search (ES-ell)        
     6         377         23898.1         5.31919            0.25      Successful search (ES-ell)        
     6         390         23879.7         2.52827            0.25      Successful search (ES-ell)        
     6         391         23847.7          2.5931            0.25      Successful search (ES-ell)        
     6         392         23815.5         2.75366            0.25      Successful search (ES-ell)        
     6         393         23770.5          2.8727            0.25      Successful search (ES-ell)        
     6         394         23728.2          4.1089            0.25      Successful search (ES-ell)        
     6         395         23678.1          4.7865            0.25      Successful search (ES-ell)        
     6         436         23678.1          4.7865           0.125          Refine grid             
     7         437           23863         1.52418           0.125      Successful search (ES-ell)        
     7         438         23844.8         1.84803           0.125      Successful search (ES-ell)        
     7         439         23823.9           2.893           0.125      Successful search (ES-ell)        
     7         440         23787.1         4.36689           0.125      Successful search (ES-wcm)        
     7         442         23776.9         5.66615           0.125      Successful search (ES-wcm)        
     7         486         23776.9         5.66615          0.0625          Refine grid             Train
     8         487         23863.8         1.43386          0.0625      Successful search (ES-wcm)        
     8         488         23834.8         1.63958          0.0625      Successful search (ES-wcm)        
     8         489         23806.3         2.28325          0.0625      Successful search (ES-wcm)        
     8         490         23805.4         3.55503          0.0625      Successful search (ES-wcm)        
     8         538         23805.4         3.55503         0.03125          Refine grid             
     9         539         23870.1         1.21675         0.03125      Successful search (ES-wcm)        
     9         590         23870.1         1.21675        0.015625          Refine grid             
    10         591         23889.1        0.982831        0.015625      Successful search (ES-wcm)        
    10         592         23886.9         1.16861        0.015625      Successful search (ES-wcm)        
    10         593         23885.4         1.26335        0.015625      Successful search (ES-ell)        
    10         594         23883.9         1.63088        0.015625      Successful search (ES-ell)        
    10         595         23882.6         2.19876        0.015625      Successful search (ES-ell)        
    10         596         23880.4         2.77267        0.015625      Successful search (ES-ell)        
    10         642         23880.4         2.77267       0.0078125          Refine grid             Train
    11         681         23889.3          5.7987        0.015625        Successful poll           Train
    12         682           23889         4.23108        0.015625      Successful search (ES-wcm)        
    12         733           23889         4.23108       0.0078125          Refine grid             
    13         734         23890.1         1.22229       0.0078125      Successful search (ES-wcm)        
    13         735         23889.9         1.24809       0.0078125      Successful search (ES-wcm)        
    13         736         23889.2         1.28459       0.0078125      Successful search (ES-ell)        
    13         737         23888.8         1.49449       0.0078125      Successful search (ES-ell)        
    13         738         23888.3         2.05776       0.0078125      Successful search (ES-ell)        
    13         784         23888.1         1.73531        0.015625        Successful poll           
    14         785           23885         2.11804        0.015625      Successful search (ES-ell)        
    14         786         23880.1         3.07323        0.015625      Successful search (ES-ell)        
    14         787         23879.6         4.44554        0.015625      Successful search (ES-ell)        
    14         836         23879.6         4.44554       0.0078125          Refine grid             Train
    15         837           23890         1.91181       0.0078125      Successful search (ES-ell)        
    15         838         23887.1         2.28064       0.0078125      Successful search (ES-ell)        
    15         839           23885         3.11333       0.0078125      Successful search (ES-ell)        
    15         840         23882.6         3.87674       0.0078125      Successful search (ES-ell)        
    15         888         23882.6         3.87674      0.00390625          Refine grid             Train
    16         889         23890.3        0.984772      0.00390625      Successful search (ES-ell)        
    16         890         23890.2         1.01552      0.00390625      Successful search (ES-ell)        
    16         891         23889.8         1.06501      0.00390625      Successful search (ES-ell)        
    16         892         23889.3         1.19252      0.00390625      Successful search (ES-ell)        
    16         893         23889.1         1.40556      0.00390625      Successful search (ES-ell)        
    16         894         23888.7         1.71698      0.00390625      Successful search (ES-ell)        
    16         895         23887.6         2.17809      0.00390625      Successful search (ES-ell)        
    16         896           23886         2.70838      0.00390625      Successful search (ES-ell)        
    16         897         23883.6          3.6265      0.00390625      Successful search (ES-ell)        
    16         898           23883         4.45892      0.00390625      Successful search (ES-ell)        
    16         899           23877         4.93496      0.00390625      Successful search (ES-ell)        
    16         900         23870.9         5.89901      0.00390625      Successful search (ES-ell)        
    16         940         23870.9         5.89901      0.00195312          Refine grid             
    17         941         23883.5         1.37242      0.00195312      Successful search (ES-ell)        
    17         942         23883.5         1.36745      0.00195312      Successful search (ES-ell)        
    17         943         23883.1         1.36275      0.00195312      Successful search (ES-ell)        
    17         944         23882.7         1.37266      0.00195312      Successful search (ES-ell)        
    17         945         23882.4         1.40773      0.00195312      Successful search (ES-ell)        
    17         946         23881.7         1.47695      0.00195312      Successful search (ES-ell)        
    17         947         23881.2         1.56059      0.00195312      Successful search (ES-ell)        
    17         949         23869.3         1.37353      0.00195312      Successful search (ES-ell)        
    17         950         23852.3         1.54019      0.00195312      Successful search (ES-ell)        
    17         951         23821.9         2.07248      0.00195312      Successful search (ES-ell)        
    17         952         23791.6         2.70931      0.00195312      Successful search (ES-ell)        
    17         953         23768.4         3.59972      0.00195312      Successful search (ES-ell)        
    17         992         23768.4         3.59972     0.000976562          Refine grid             
Optimization terminated: change in the function value less than options['tol_mesh']
Estimated function value at minimum: 23883.01748005094 ± 0.9057835903774419 (mean ± SEM from 100 samples)
BADS minimum at: x_min = [ 1.15060e+00  1.84870e+00  3.34920e+00  3.00000e-03  2.59050e+00
 -6.50829e+01  2.00000e-04  2.67400e-01  4.95760e+00  7.74180e+00
  2.23000e-01  4.54700e-01 -5.59500e-01], training NLL = 23883.0175
total f-count: 1092, time: 48.63 min

 ------- Finish Optimization for Subject 5 ---------- 

 ------- Start Optimization for Subject 6 ---------- 

 Cross Validation fold 0/1

 -- Start Optimization: method BADS --

 Optimization Run 1/2
Initial params: [1.1026, 8.8434, 6.1104, 47.1183, 34.749, -13.4789, 0.7872, 0.4476, 28.181, 17.7826, 0.5093, 0.8234, 0.6229]
bads:TooCloseBounds: For each variable, hard and plausible bounds should not be too close. Moving plausible bounds.
Variables (index) internally transformed to log coordinates: [[0 0]
 [0 3]
 [0 4]
 [0 6]]
Beginning optimization of a STOCHASTIC objective function

 Iteration    f-count      E[f(x)]        SD[f(x)]           MeshScale          Method              Actions
     0           1         25329.2             nan               1                                  
     0          33         24893.5             nan               1          Initial mesh            Initial points
     0          34         24889.2        0.979847               1        Successful poll           Train
     1          35         24863.8        0.979824               1      Successful search (ES-wcm)        
     1          40         24543.9        0.979262               1      Successful search (ES-ell)        
     1          44         24534.5        0.975311               1      Successful search (ES-wcm)        
     1          45         24449.7        0.977003               1      Successful search (ES-ell)        
     1          53         24420.5        0.956724               1      Successful search (ES-ell)        
     1          57         24415.6         0.86422               1      Successful search (ES-ell)        
     1          61         24393.8        0.944438               1      Successful search (ES-ell)        
     1          67         24386.8        0.943555               1      Successful search (ES-ell)        
     1          69         24375.7        0.943638               1      Successful search (ES-ell)        
     1          76         24361.9        0.943674               1      Successful search (ES-ell)        
     1          81         24357.2        0.940344               1      Successful search (ES-ell)        
     1          84         24337.8        0.931821               1      Successful search (ES-ell)        
     1          85           24301        0.937978               1      Successful search (ES-ell)        
     1          86           24278        0.942746               1      Successful search (ES-ell)        
     1          92         24276.8         1.16284               1      Successful search (ES-ell)        
     1          94         24256.2         1.15345               1      Successful search (ES-ell)        
     1         105         24254.8         1.09636               1      Successful search (ES-ell)        
     1         106         24253.1         1.12792               1      Successful search (ES-ell)        
     1         110         24231.8         1.08225               1      Successful search (ES-ell)        
     1         115         24228.3         6.71101               1      Successful search (ES-wcm)        
     1         123         24217.2         6.35726               1      Successful search (ES-wcm)        
     1         131         24217.2         5.61284               1      Incremental search (ES-wcm)        
     1         134         24212.3         5.14728               1      Successful search (ES-wcm)        
     1         138         24211.7         3.77604               1      Incremental search (ES-wcm)        
     1         170         24211.7         3.77604             0.5          Refine grid             Train
     2         173         24210.3         4.74088             0.5      Successful search (ES-wcm)        
     2         175         24208.3         3.97414             0.5      Successful search (ES-ell)        
     2         217         24208.3         3.97414            0.25          Refine grid             Train
     3         218         24208.9          1.6269            0.25      Successful search (ES-ell)        
     3         219         24207.3         2.58904            0.25      Successful search (ES-ell)        
     3         220         24206.9         3.78462            0.25      Successful search (ES-ell)        
     3         221         24206.7         4.56501            0.25      Successful search (ES-ell)        
     3         224         24204.4         3.25521            0.25      Successful search (ES-ell)        
     3         227         24203.1         3.14013            0.25      Successful search (ES-ell)        
     3         228         24202.6           3.773            0.25      Successful search (ES-ell)        
     3         267         24202.6           3.773           0.125          Refine grid             Train
     4         268         24207.8         1.12274           0.125      Successful search (ES-wcm)        
     4         269         24205.6         1.67267           0.125      Successful search (ES-wcm)        
     4         270           24202          3.0445           0.125      Successful search (ES-wcm)        
     4         317           24202          3.0445          0.0625          Refine grid             
     5         318         24208.6        0.823244          0.0625      Successful search (ES-wcm)        
     5         319         24207.8        0.897707          0.0625      Successful search (ES-ell)        
     5         320         24207.1         1.14444          0.0625      Successful search (ES-ell)        
     5         322         24206.6         1.44602          0.0625      Successful search (ES-ell)        
     5         323         24206.1         1.82297          0.0625      Successful search (ES-wcm)        
     5         324         24205.5         2.72838          0.0625      Successful search (ES-wcm)        
     5         367         24205.5         2.72838         0.03125          Refine grid             
     6         368         24206.7        0.798388         0.03125      Successful search (ES-ell)        
     6         369         24206.5        0.825957         0.03125      Successful search (ES-ell)        
     6         370         24206.2        0.917519         0.03125      Successful search (ES-ell)        
     6         371         24205.9         1.04163         0.03125      Successful search (ES-ell)        
     6         372         24205.4         1.58832         0.03125      Successful search (ES-wcm)        
     6         417         24205.4         1.58832        0.015625          Refine grid             Train
     7         418         24207.6        0.651334        0.015625      Successful search (ES-wcm)        
     7         419         24207.2        0.656331        0.015625      Successful search (ES-ell)        
     7         420           24207         0.68254        0.015625      Successful search (ES-ell)        
     7         421         24206.8        0.724282        0.015625      Successful search (ES-ell)        
     7         422         24206.6        0.846515        0.015625      Successful search (ES-ell)        
     7         423           24206         1.04434        0.015625      Successful search (ES-ell)        
     7         424         24205.1         1.44157        0.015625      Successful search (ES-ell)        
     7         425         24204.3         1.83978        0.015625      Successful search (ES-ell)        
     7         426         24202.6         2.37702        0.015625      Successful search (ES-ell)        
     7         427         24201.4          2.9706        0.015625      Successful search (ES-ell)        
     7         446         24195.3         2.99534         0.03125        Successful poll           
     8         447         24202.4         2.17129         0.03125      Successful search (ES-ell)        
     8         448         24201.2         2.15764         0.03125      Successful search (ES-wcm)        
     8         496         24201.2         2.15764        0.015625          Refine grid             
     9         497         24205.4        0.693465        0.015625      Successful search (ES-wcm)        
     9         498         24205.1        0.685541        0.015625      Successful search (ES-wcm)        
     9         499         24204.2        0.731186        0.015625      Successful search (ES-wcm)        
     9         527         24200.8        0.906309         0.03125        Successful poll           Train
    10         528         24202.4        0.985298         0.03125      Successful search (ES-ell)        
    10         529         24199.8         1.29781         0.03125      Successful search (ES-ell)        
    10         530         24199.1         1.66546         0.03125      Successful search (ES-ell)        
    10         577         24199.1         1.66546        0.015625          Refine grid             
    11         578         24205.2         0.78862        0.015625      Successful search (ES-ell)        
    11         579         24205.1        0.889716        0.015625      Successful search (ES-ell)        
    11         580           24205         1.02295        0.015625      Successful search (ES-ell)        
    11         581         24204.9         1.35824        0.015625      Successful search (ES-ell)        
    11         582         24204.1         1.75193        0.015625      Successful search (ES-ell)        
    11         583           24203         1.98066        0.015625      Successful search (ES-ell)        
    11         584           24202         2.37681        0.015625      Successful search (ES-ell)        
    11         604           24192         3.10629         0.03125        Successful poll           
    12         606         24204.1         1.50204         0.03125      Successful search (ES-wcm)        
    12         608         24204.1         1.54668         0.03125      Successful search (ES-wcm)        
    12         609         24203.8         1.72516         0.03125      Successful search (ES-wcm)        
    12         612         24203.6         1.50772         0.03125      Successful search (ES-ell)        
    12         613         24202.6         1.49188         0.03125      Successful search (ES-ell)        
    12         614         24202.4          1.6334         0.03125      Successful search (ES-ell)        
    12         615         24201.7         1.78659         0.03125      Successful search (ES-ell)        
    12         616         24200.8         2.03259         0.03125      Successful search (ES-ell)        
    12         655         24200.8         2.03259        0.015625          Refine grid             
    13         656         24203.4         1.33489        0.015625      Successful search (ES-ell)        
    13         657           24203         1.32065        0.015625      Successful search (ES-ell)        
    13         704         24202.7         1.26852         0.03125        Successful poll           
    14         705           24202         1.25001         0.03125      Successful search (ES-ell)        
    14         706         24201.9         1.30262         0.03125      Successful search (ES-ell)        
    14         733           24196         1.13081          0.0625        Successful poll           
    15         736           24194           1.096          0.0625      Successful search (ES-ell)        
    15         763         24181.9         1.36952           0.125        Successful poll           
    16         764         24202.2         1.42629           0.125      Successful search (ES-ell)        
    16         765         24201.5         2.32314           0.125      Successful search (ES-ell)        
    16         812         24201.5         2.32314          0.0625          Refine grid             Train
    17         813         24196.9        0.900307          0.0625      Successful search (ES-ell)        
    17         814         24190.3         1.19094          0.0625      Successful search (ES-ell)        
    17         815         24184.5         1.76182          0.0625      Successful search (ES-ell)        
    17         862         24184.5         1.76182         0.03125          Refine grid             
    18         863           24204         0.90901         0.03125      Successful search (ES-wcm)        
    18         864         24203.5         1.37342         0.03125      Successful search (ES-wcm)        
    18         865         24203.1         1.96861         0.03125      Successful search (ES-ell)        
    18         912         24203.1         1.96861        0.015625          Refine grid             
    19         949         24183.9         1.36501       0.0078125          Refine grid             
    20         950         24205.2        0.676091       0.0078125      Successful search (ES-ell)        
    20         951         24204.5        0.685514       0.0078125      Successful search (ES-ell)        
    20         952         24204.2        0.756106       0.0078125      Successful search (ES-ell)        
    20         953           24204        0.876493       0.0078125      Successful search (ES-ell)        
    20         954         24203.1         1.20542       0.0078125      Successful search (ES-wcm)        
    20         980         24202.2         1.00757        0.015625        Successful poll           Train
    21         981         24198.2         1.31297        0.015625      Successful search (ES-ell)        
    21         982         24191.5         1.45661        0.015625      Successful search (ES-ell)        
    21         983         24185.6         1.69148        0.015625      Successful search (ES-ell)        
    21        1030         24185.6         1.69148       0.0078125          Refine grid             
    22        1067         24204.8        0.532181      0.00390625          Refine grid             Train
    23        1068           24204        0.662632      0.00390625      Successful search (ES-ell)        
    23        1069         24203.7        0.670184      0.00390625      Successful search (ES-ell)        
    23        1070         24203.5        0.698693      0.00390625      Successful search (ES-ell)        
    23        1071         24203.2        0.821085      0.00390625      Successful search (ES-ell)        
    23        1072         24202.8        0.989041      0.00390625      Successful search (ES-ell)        
    23        1073         24202.5          1.0994      0.00390625      Successful search (ES-wcm)        
    23        1074         24202.2         1.23852      0.00390625      Successful search (ES-wcm)        
    23        1075         24201.6         1.47793      0.00390625      Successful search (ES-wcm)        
    23        1077         24201.3         1.75995      0.00390625      Successful search (ES-wcm)        
    23        1079         24200.9          1.9145      0.00390625      Successful search (ES-wcm)        
    23        1119         24200.9          1.9145      0.00195312          Refine grid             Train
    24        1120         24204.4        0.698228      0.00195312      Successful search (ES-ell)        
    24        1121         24204.2        0.698963      0.00195312      Successful search (ES-ell)        
    24        1123           24204        0.691286      0.00195312      Successful search (ES-ell)        
    24        1171           24204        0.614654      0.00390625        Successful poll           
    25        1172         24204.1        0.557507      0.00390625      Successful search (ES-wcm)        
    25        1173           24204        0.567687      0.00390625      Successful search (ES-wcm)        
    25        1174           24204        0.580111      0.00390625      Successful search (ES-wcm)        
    25        1175         24203.8        0.606554      0.00390625      Successful search (ES-wcm)        
    25        1176         24203.5        0.740957      0.00390625      Successful search (ES-ell)        
    25        1177         24203.1        0.966086      0.00390625      Successful search (ES-ell)        
    25        1222         24203.1        0.966086      0.00195312          Refine grid             
    26        1244         24203.6         2.58962      0.00390625        Successful poll           Train
    27        1282         24203.5         2.19275       0.0078125        Successful poll           Train
    28        1283         24203.4         1.99694       0.0078125      Successful search (ES-ell)        
    28        1284         24202.8         1.99271       0.0078125      Successful search (ES-ell)        
    28        1294         24202.6         1.26881       0.0078125      Successful search (ES-ell)        
    28        1295         24202.5         1.23702       0.0078125      Successful search (ES-ell)        
    28        1296         24201.6         1.29887       0.0078125      Successful search (ES-ell)        
    28        1297         24200.9         1.45579       0.0078125      Successful search (ES-ell)        
    28        1298         24200.8         1.81581       0.0078125      Successful search (ES-ell)        
    28        1301         24200.2         1.69855       0.0078125      Successful search (ES-ell)        
    28        1303         24200.2         1.74198       0.0078125      Successful search (ES-ell)        
    28        1347         24200.2         1.74198      0.00390625          Refine grid             
    29        1376         24202.9          1.1368       0.0078125        Successful poll           Train
    30        1377         24200.1         1.66751       0.0078125      Successful search (ES-ell)        
    30        1378         24199.6         2.41023       0.0078125      Successful search (ES-ell)        
    30        1428         24199.6         2.41023      0.00390625          Refine grid             
    31        1429         24202.7          1.1547      0.00390625      Successful search (ES-ell)        
    31        1430           24202         1.47567      0.00390625      Successful search (ES-ell)        
    31        1431         24201.9         2.44261      0.00390625      Successful search (ES-wcm)        
    31        1480         24201.9         2.44261      0.00195312          Refine grid             
    32        1481           24204        0.541444      0.00195312      Successful search (ES-wcm)        
    32        1482           24204        0.626796      0.00195312      Successful search (ES-wcm)        
    32        1483         24203.9        0.787286      0.00195312      Successful search (ES-wcm)        
    32        1485         24203.6        0.987285      0.00195312      Successful search (ES-wcm)        
    32        1486         24203.5         1.03722      0.00195312      Successful search (ES-ell)        
    32        1487         24203.2         1.18282      0.00195312      Successful search (ES-ell)        
    32        1492         24203.1         1.07403      0.00195312      Successful search (ES-wcm)        
    32        1532         24203.1         1.07403     0.000976562          Refine grid             Train
Optimization terminated: change in the function value less than options['tol_mesh']
Estimated function value at minimum: 24203.992877432822 ± 0.47819906386565947 (mean ± SEM from 100 samples)
BADS minimum at: x_min = [  0.5864   0.7198   2.5314  86.6208   1.5483 -97.0558   2.1042   0.3567
  47.0385   9.2168   0.4266   0.3713  -0.4565], training NLL = 24203.9929
total f-count: 1632, time: 71.18 min

 Optimization Run 2/2
Initial params: [0.6287, 4.3362, 8.9031, 11.4306, 44.6754, -3.7433, 3.1105, 0.1003, 29.8345, 27.7803, 0.7616, 0.7701, -0.426]
bads:TooCloseBounds: For each variable, hard and plausible bounds should not be too close. Moving plausible bounds.
Variables (index) internally transformed to log coordinates: [[0 0]
 [0 3]
 [0 4]
 [0 6]]
Beginning optimization of a STOCHASTIC objective function

 Iteration    f-count      E[f(x)]        SD[f(x)]           MeshScale          Method              Actions
     0           1         25329.2             nan               1                                  
     0          33         24887.6             nan               1          Initial mesh            Initial points
     0          52         24874.5        0.975626               1        Successful poll           Train
     1          55         24828.7        0.974934               1      Successful search (ES-wcm)        
     1          56         24666.7         0.97541               1      Successful search (ES-wcm)        
     1          60         24577.5        0.973183               1      Successful search (ES-wcm)        
     1          67         24456.3        0.993903               1      Successful search (ES-wcm)        
     1          74         24447.1        0.990633               1      Successful search (ES-wcm)        
     1          76         24446.6        0.985626               1      Incremental search (ES-wcm)        
     1          78         24434.6        0.980829               1      Successful search (ES-wcm)        
     1          85         24433.1        0.940845               1      Successful search (ES-wcm)        
     1          86         24426.2        0.958181               1      Successful search (ES-wcm)        
     1          88         24419.6         2.79814               1      Successful search (ES-wcm)        
     1          96         24375.7         2.67696               1      Successful search (ES-ell)        
     1          98         24366.9          2.6287               1      Successful search (ES-ell)        
     1         102         24363.8         2.25995               1      Successful search (ES-ell)        
     1         103         24361.2         2.41809               1      Successful search (ES-ell)        
     1         104         24345.2         2.52429               1      Successful search (ES-ell)        
     1         139           24344            6.21               1        Successful poll           
     2         141         24342.3         5.76022               1      Successful search (ES-ell)        
     2         143           24340         7.58458               1      Successful search (ES-ell)        
     2         144         24319.8         8.30208               1      Successful search (ES-ell)        
     2         146         24302.1         8.02891               1      Successful search (ES-ell)        
     2         156         24295.9         8.81201               1      Successful search (ES-wcm)        
     2         157         24291.2          8.7545               1      Successful search (ES-wcm)        
     2         158         24283.5         8.85646               1      Successful search (ES-wcm)        
     2         159         24268.7         8.83131               1      Successful search (ES-wcm)        
     2         162         24265.4         6.67172               1      Successful search (ES-wcm)        
     2         164         24262.7         9.00651               1      Successful search (ES-wcm)        
     2         165         24248.6         9.28263               1      Successful search (ES-wcm)        
     2         167         24248.2         9.02079               1      Incremental search (ES-wcm)        
     2         168         24240.2           9.296               1      Successful search (ES-wcm)        
     2         174         24221.1         8.14982               1      Successful search (ES-wcm)        
     2         211         24221.1         8.14982             0.5          Refine grid             Train
     3         212         24232.3         6.94828             0.5      Successful search (ES-wcm)        
     3         215         24229.9         5.14987             0.5      Successful search (ES-wcm)        
     3         217         24227.7         4.86744             0.5      Successful search (ES-wcm)        
     3         259         23911.1         9.58934               1        Successful poll           
     4         264         23881.4         5.95477               1      Successful search (ES-ell)        
     4         265         23799.8          6.2732               1      Successful search (ES-ell)        
     4         266         23319.7         6.76443               1      Successful search (ES-ell)        
     4         289         23271.2         43.3518               1        Successful poll           Train
     5         322           23269         45.9896               1        Successful poll           Train
     6         356         23265.3         7.20821               1        Successful poll           Train
     7         358         23167.2         7.06768               1      Successful search (ES-ell)        
     7         364         23162.1         5.09626               1      Successful search (ES-ell)        
     7         365         23159.1          6.0292               1      Successful search (ES-ell)        
     7         370         23151.1         6.62694               1      Successful search (ES-ell)        
     7         374         23148.8          6.4966               1      Successful search (ES-ell)        
     7         378         23142.8          4.0905               1      Successful search (ES-wcm)        
     7         411         23131.3          7.1654               1        Successful poll           
     8         413         23108.7         7.16378               1      Successful search (ES-wcm)        
     8         416         23088.5         6.72944               1      Successful search (ES-ell)        
     8         417         23087.1         6.97914               1      Successful search (ES-ell)        
     8         421         23069.7         7.83377               1      Successful search (ES-ell)        
     8         424         23065.5         6.77588               1      Successful search (ES-ell)        
     8         457         23065.5         6.77588             0.5          Refine grid             
     9         459           23071         6.35925             0.5      Successful search (ES-ell)        
     9         506           23071         6.35925            0.25          Refine grid             
    10         507           23058         3.92739            0.25      Successful search (ES-ell)        
    10         508           23054          6.3987            0.25      Successful search (ES-ell)        
    10         511         23050.6         4.77024            0.25      Successful search (ES-ell)        
    10         512         23049.7         6.12006            0.25      Successful search (ES-ell)        
    10         556         23049.7         6.12006           0.125          Refine grid             
    11         558           23055         3.51828           0.125      Successful search (ES-ell)        
    11         562         23054.6         2.80588           0.125      Successful search (ES-ell)        
    11         563         23052.2         3.45242           0.125      Successful search (ES-ell)        
    11         570         23052.1         3.87401           0.125      Successful search (ES-ell)        
    11         572         23051.2         4.31581           0.125      Successful search (ES-ell)        
    11         573         23051.1         6.04119           0.125      Successful search (ES-ell)        
    11         619         23041.5         3.17531            0.25        Successful poll           
    12         620         23041.6          5.0428            0.25      Successful search (ES-ell)        
    12         669         23041.6          5.0428           0.125          Refine grid             Train
    13         670         23049.1         2.67122           0.125      Successful search (ES-ell)        
    13         671         23042.4         4.34552           0.125      Successful search (ES-ell)        
    13         672         23041.1         5.78031           0.125      Successful search (ES-ell)        
    13         676           23041         4.43882           0.125      Successful search (ES-ell)        
    13         677         23036.9         5.27173           0.125      Successful search (ES-ell)        
    13         719         23036.1         4.73084            0.25        Successful poll           
    14         756         23036.3         4.71351           0.125          Refine grid             Train
    15         757         23030.3          1.9339           0.125      Successful search (ES-ell)        
    15         806         23030.3          1.9339          0.0625          Refine grid             
    16         807         23055.8         2.36133          0.0625      Successful search (ES-ell)        
    16         840           23030         1.97483           0.125        Successful poll           Train
    17         841         23038.4         1.57519           0.125      Successful search (ES-ell)        
    17         842         23023.3         1.95247           0.125      Successful search (ES-ell)        
    17         890         23023.3         1.95247          0.0625          Refine grid             Train
    18         897         23052.3         5.16058          0.0625      Successful search (ES-wcm)        
    18         898         23052.1         4.40962          0.0625      Successful search (ES-wcm)        
    18         900           23052         3.65851          0.0625      Successful search (ES-wcm)        
    18         901           23051         3.37358          0.0625      Successful search (ES-wcm)        
    18         903         23049.3         3.16193          0.0625      Successful search (ES-wcm)        
    18         908         23048.5         3.13527          0.0625      Successful search (ES-wcm)        
    18         909         23047.8         3.11213          0.0625      Successful search (ES-ell)        
    18         911           23044         1.85559          0.0625      Successful search (ES-wcm)        
    18         912           23040         1.77583          0.0625      Successful search (ES-wcm)        
    18         913         23036.6          1.8156          0.0625      Successful search (ES-wcm)        
    18         914         23031.9         1.82331          0.0625      Successful search (ES-wcm)        
    18         915         23016.6         2.12638          0.0625      Successful search (ES-ell)        
    18         916         23006.9         2.55033          0.0625      Successful search (ES-ell)        
    18         953         23006.9         2.55033         0.03125          Refine grid             
    19         954         23056.6          1.4126         0.03125      Successful search (ES-ell)        
    19         955         23055.3         1.55778         0.03125      Successful search (ES-ell)        
    19         956         23053.9         2.18199         0.03125      Successful search (ES-ell)        
    19         958         23051.3         2.83142         0.03125      Successful search (ES-ell)        
    19         959         23050.1         3.62968         0.03125      Successful search (ES-ell)        
    19        1003         23050.1         3.62968        0.015625          Refine grid             Train
    20        1004         23050.3         1.16873        0.015625      Successful search (ES-ell)        
    20        1005         23045.3         1.19238        0.015625      Successful search (ES-ell)        
    20        1006         23038.9         1.37952        0.015625      Successful search (ES-ell)        
    20        1008         23035.1         1.52681        0.015625      Successful search (ES-ell)        
    20        1009         23033.1         1.78865        0.015625      Successful search (ES-ell)        
    20        1053         23033.1         1.78865       0.0078125          Refine grid             
    21        1054         23056.2         1.31983       0.0078125      Successful search (ES-ell)        
    21        1055         23055.9         1.37617       0.0078125      Successful search (ES-ell)        
    21        1057         23055.8         1.41055       0.0078125      Successful search (ES-ell)        
    21        1058         23055.8         1.49246       0.0078125      Incremental search (ES-ell)        
    21        1061         23055.1         2.93223       0.0078125      Successful search (ES-wcm)        
    21        1066         23054.7         2.65719       0.0078125      Successful search (ES-wcm)        
    21        1067         23054.1          2.6123       0.0078125      Successful search (ES-wcm)        
    21        1116         23049.4         1.05299        0.015625        Successful poll           
    22        1117         23045.2         1.48265        0.015625      Successful search (ES-wcm)        
    22        1121         23044.3          1.0921        0.015625      Successful search (ES-wcm)        
    22        1124           23044         1.02395        0.015625      Successful search (ES-wcm)        
    22        1126         23043.6         1.03306        0.015625      Successful search (ES-wcm)        
    22        1128         23043.6         1.03621        0.015625      Successful search (ES-ell)        
    22        1131         23042.7         1.05209        0.015625      Successful search (ES-ell)        
    22        1133         23041.6         1.07922        0.015625      Successful search (ES-ell)        
    22        1179         23041.6         1.07922       0.0078125          Refine grid             
    23        1180         23056.4         1.14633       0.0078125      Successful search (ES-ell)        
    23        1181         23055.6         1.19237       0.0078125      Successful search (ES-ell)        
    23        1182         23054.3         1.22947       0.0078125      Successful search (ES-ell)        
    23        1183         23053.4         1.57582       0.0078125      Successful search (ES-ell)        
    23        1184         23052.4         1.89364       0.0078125      Successful search (ES-ell)        
    23        1185         23050.4         2.53048       0.0078125      Successful search (ES-ell)        
    23        1209         23048.2         3.77607        0.015625        Successful poll           
    24        1210         23056.2          1.2621        0.015625      Successful search (ES-ell)        
    24        1211         23055.5          1.3889        0.015625      Successful search (ES-ell)        
    24        1212         23054.9         1.84648        0.015625      Successful search (ES-ell)        
    24        1213         23053.9         2.61951        0.015625      Successful search (ES-ell)        
    24        1215         23053.6         2.24438        0.015625      Successful search (ES-ell)        
    24        1217         23052.2          2.3437        0.015625      Successful search (ES-ell)        
    24        1259         23051.7          2.3775         0.03125        Successful poll           
    25        1260           23051         3.03231         0.03125      Successful search (ES-ell)        
    25        1298         23050.3         3.05339          0.0625        Successful poll           
    26        1299         23047.8         4.08831          0.0625      Successful search (ES-ell)        
    26        1348         23047.8         4.08831         0.03125          Refine grid             Train
    27        1349         23052.1         1.43055         0.03125      Successful search (ES-ell)        
    27        1350         23050.6         2.88263         0.03125      Successful search (ES-ell)        
    27        1351         23049.7         4.13793         0.03125      Successful search (ES-ell)        
    27        1354         23049.4         4.06758         0.03125      Successful search (ES-ell)        
    27        1398         23049.4         4.06758        0.015625          Refine grid             Train
    28        1399         23052.2         1.25333        0.015625      Successful search (ES-ell)        
    28        1401         23051.8         1.37058        0.015625      Successful search (ES-ell)        
    28        1402         23051.7         1.65823        0.015625      Successful search (ES-ell)        
    28        1403         23050.2         2.36116        0.015625      Successful search (ES-ell)        
    28        1448         23050.2         2.36116       0.0078125          Refine grid             
    29        1449           23045         1.77349       0.0078125      Successful search (ES-wcm)        
    29        1498           23045         1.77349      0.00390625          Refine grid             
    30        1535         23053.6         1.06363      0.00195312          Refine grid             Train
    31        1536         23053.5        0.869696      0.00195312      Successful search (ES-ell)        
    31        1537         23053.2         0.90205      0.00195312      Successful search (ES-ell)        
    31        1538         23052.8         0.95613      0.00195312      Successful search (ES-ell)        
    31        1539         23052.6         1.02721      0.00195312      Successful search (ES-ell)        
    31        1540         23051.8         1.23096      0.00195312      Successful search (ES-ell)        
    31        1541         23051.3          1.4975      0.00195312      Successful search (ES-ell)        
    31        1542         23050.5         1.84688      0.00195312      Successful search (ES-ell)        
    31        1543         23049.9         2.56568      0.00195312      Successful search (ES-ell)        
    31        1544         23049.7         2.81375      0.00195312      Successful search (ES-ell)        
    31        1546         23048.7         3.02704      0.00195312      Successful search (ES-ell)        
    31        1548         23047.2         2.84687      0.00195312      Successful search (ES-ell)        
    31        1585         23047.2         2.84687     0.000976562          Refine grid             
Optimization terminated: change in the function value less than options['tol_mesh']
Estimated function value at minimum: 23052.824831613925 ± 0.8757010939817222 (mean ± SEM from 100 samples)
BADS minimum at: x_min = [ 6.45100e-01  6.45400e-01  2.55460e+00  4.10000e-03  2.27750e+00
 -1.41390e+00  0.00000e+00  7.41000e-01  3.63607e+01  2.52514e+01
  3.62500e-01  2.95900e-01  2.55170e+00], training NLL = 23052.8248
total f-count: 1685, time: 74.29 min

 ------- Finish Optimization for Subject 6 ---------- 

 ------- Start Optimization for Subject 11 ---------- 

 Cross Validation fold 0/1

 -- Start Optimization: method BADS --

 Optimization Run 1/2
Initial params: [0.571, 8.8157, 14.6255, 36.3209, 18.4222, -43.668, 1.277, 0.5033, 24.0917, 17.2005, 0.8847, 0.3285, 0.5265]
bads:TooCloseBounds: For each variable, hard and plausible bounds should not be too close. Moving plausible bounds.
Variables (index) internally transformed to log coordinates: [[0 0]
 [0 3]
 [0 4]
 [0 6]]
Beginning optimization of a STOCHASTIC objective function

 Iteration    f-count      E[f(x)]        SD[f(x)]           MeshScale          Method              Actions
     0           1         25766.6             nan               1                                  
     0          33         25243.9             nan               1          Initial mesh            Initial points
     0          52         25229.6         1.01174               1        Successful poll           Train
     1          54         24561.4         1.01163               1      Successful search (ES-wcm)        
     1          60           24559         0.99897               1      Successful search (ES-wcm)        
     1          61         24551.9        0.599919               1      Successful search (ES-wcm)        
     1          65         24528.9        0.591289               1      Successful search (ES-ell)        
     1          66           24460         0.59984               1      Successful search (ES-ell)        
     1          68         24397.5         0.59985               1      Successful search (ES-ell)        
     1          74         24376.5        0.596547               1      Successful search (ES-ell)        
     1          76         24327.4        0.596497               1      Successful search (ES-ell)        
     1          77         24289.3        0.593684               1      Successful search (ES-ell)        
     1          80         24288.5        0.598324               1      Incremental search (ES-ell)        
     1          81           24277        0.597399               1      Successful search (ES-ell)        
     1          84         24270.7        0.597822               1      Successful search (ES-wcm)        
     1          97         24266.6         1.40309               1      Successful search (ES-wcm)        
     1          99         24266.4         1.28456               1      Incremental search (ES-ell)        
     1         102           24265         1.14129               1      Successful search (ES-ell)        
     1         105         24251.8          1.4126               1      Successful search (ES-wcm)        
     1         106           24236         1.40973               1      Successful search (ES-wcm)        
     1         114         24230.2         1.40598               1      Successful search (ES-wcm)        
     1         116         24229.7         1.26713               1      Incremental search (ES-wcm)        
     1         118         24203.2         1.26811               1      Successful search (ES-wcm)        
     1         121           24202         1.26805               1      Successful search (ES-wcm)        
     1         122         24181.9         1.26832               1      Successful search (ES-wcm)        
     1         128         24167.9         1.26052               1      Successful search (ES-ell)        
     1         135         24153.3         1.23543               1      Successful search (ES-ell)        
     1         151         24151.5         4.57807               1      Successful search (ES-wcm)        
     1         153         24149.4         3.92684               1      Successful search (ES-ell)        
     1         188         24149.4         3.92684             0.5          Refine grid             Train
     2         192         24153.3         4.74784             0.5      Successful search (ES-wcm)        
     2         194           24152         4.96684             0.5      Successful search (ES-wcm)        
     2         198         24151.5         3.66264             0.5      Successful search (ES-wcm)        
     2         200         24144.9          2.8372             0.5      Successful search (ES-ell)        
     2         204         24141.1         3.38251             0.5      Successful search (ES-ell)        
     2         249         24009.7         4.47246               1        Successful poll           
     3         251         23829.5         4.44217               1      Successful search (ES-ell)        
     3         252         23789.2         4.43901               1      Successful search (ES-ell)        
     3         265         23758.6         13.0447               1      Successful search (ES-ell)        
     3         305         23691.7         17.1138               1        Successful poll           
     4         337         23691.6         17.1137             0.5          Refine grid             Train
     5         339         23671.3         4.04072             0.5      Successful search (ES-ell)        
     5         343         23655.6         3.84199             0.5      Successful search (ES-ell)        
     5         347         23651.6         3.19785             0.5      Successful search (ES-ell)        
     5         348         23631.9         3.75938             0.5      Successful search (ES-ell)        
     5         385         23631.9         3.75938            0.25          Refine grid             
     6         386         23642.4         3.23598            0.25      Successful search (ES-ell)        
     6         437         23642.4         3.23598           0.125          Refine grid             
     7         439         23649.2         1.18892           0.125      Successful search (ES-ell)        
     7         440         23633.3          2.0225           0.125      Successful search (ES-ell)        
     7         489         23633.3          2.0225          0.0625          Refine grid             
     8         490         23647.9         7.76567          0.0625      Successful search (ES-ell)        
     8         491           23643         8.66841          0.0625      Successful search (ES-ell)        
     8         492         23641.1         10.8966          0.0625      Successful search (ES-ell)        
     8         541         23641.1         10.8966         0.03125          Refine grid             Train
     9         542         23650.1         0.73602         0.03125      Successful search (ES-wcm)        
     9         543         23645.1        0.788222         0.03125      Successful search (ES-ell)        
     9         544         23640.5         1.34551         0.03125      Successful search (ES-wcm)        
     9         545           23633         1.89138         0.03125      Successful search (ES-wcm)        
     9         546         23629.1         2.55706         0.03125      Successful search (ES-ell)        
     9         593           23561         7.54285          0.0625        Successful poll           
    10         623           23546         6.42277           0.125        Successful poll           
    11         624         23534.1         6.70026           0.125      Successful search (ES-ell)        
    11         625         23527.5         7.05678           0.125      Successful search (ES-ell)        
    11         675         23527.5         7.05678          0.0625          Refine grid             
    12         677         23533.8         1.89361          0.0625      Successful search (ES-ell)        
    12         678         23525.6         3.71814          0.0625      Successful search (ES-ell)        
    12         679         23522.6         4.99229          0.0625      Successful search (ES-ell)        
    12         727         23522.6         4.99229         0.03125          Refine grid             
    13         728         23518.3         1.49491         0.03125      Successful search (ES-ell)        
    13         729         23507.8         2.20802         0.03125      Successful search (ES-ell)        
    13         730         23497.7         3.29119         0.03125      Successful search (ES-ell)        
    13         779         23497.7         3.29119        0.015625          Refine grid             Train
    14         780         23532.4         1.26944        0.015625      Successful search (ES-ell)        
    14         781         23529.5         1.50909        0.015625      Successful search (ES-ell)        
    14         782         23526.2         1.94828        0.015625      Successful search (ES-ell)        
    14         783         23523.3         3.11719        0.015625      Successful search (ES-wcm)        
    14         784         23522.6         4.08209        0.015625      Successful search (ES-ell)        
    14         785         23518.4         4.70194        0.015625      Successful search (ES-ell)        
    14         787         23516.9          4.1547        0.015625      Successful search (ES-ell)        
    14         788         23508.2         5.05482        0.015625      Successful search (ES-ell)        
    14         789           23502         5.82692        0.015625      Successful search (ES-ell)        
    14         790         23493.6         6.03323        0.015625      Successful search (ES-ell)        
    14         823         23492.8         1.65415         0.03125        Successful poll           Train
    15         824         23489.2         2.04441         0.03125      Successful search (ES-ell)        
    15         825           23486         3.55355         0.03125      Successful search (ES-ell)        
    15         826         23483.2         4.44881         0.03125      Successful search (ES-ell)        
    15         828           23483         4.45156         0.03125      Successful search (ES-ell)        
    15         829         23481.3         5.38923         0.03125      Successful search (ES-ell)        
    15         830         23472.7         6.19398         0.03125      Successful search (ES-ell)        
    15         835         23471.4         4.44333         0.03125      Successful search (ES-ell)        
    15         837         23471.2         3.79522         0.03125      Successful search (ES-ell)        
    15         886         23471.2         3.79522        0.015625          Refine grid             
    16         887         23477.2         1.29396        0.015625      Successful search (ES-ell)        
    16         888         23476.1         1.92551        0.015625      Successful search (ES-ell)        
    16         890         23473.4         2.28841        0.015625      Successful search (ES-ell)        
    16         936         23473.4         2.28841       0.0078125          Refine grid             
    17         937         23473.7         1.30253       0.0078125      Successful search (ES-wcm)        
    17         938           23473         1.41966       0.0078125      Successful search (ES-ell)        
    17         939         23472.5         1.84287       0.0078125      Successful search (ES-wcm)        
    17         940         23469.8         2.37396       0.0078125      Successful search (ES-wcm)        
    17         941         23468.1         3.80618       0.0078125      Successful search (ES-wcm)        
    17         988         23468.1         3.80618      0.00390625          Refine grid             
    18         989         23473.4         1.91265      0.00390625      Successful search (ES-wcm)        
    18         990           23472         1.89734      0.00390625      Successful search (ES-ell)        
    18         991         23471.3         1.93477      0.00390625      Successful search (ES-ell)        
    18         994         23471.2         2.47797      0.00390625      Successful search (ES-wcm)        
    18         996         23470.5          2.2332      0.00390625      Successful search (ES-ell)        
    18         997         23469.2         2.27645      0.00390625      Successful search (ES-ell)        
    18         998         23466.8         2.40231      0.00390625      Successful search (ES-ell)        
    18         999         23463.9         2.65343      0.00390625      Successful search (ES-ell)        
    18        1000         23463.8         3.05724      0.00390625      Successful search (ES-ell)        
    18        1040         23463.8         3.05724      0.00195312          Refine grid             Train
    19        1041         23467.8         1.25745      0.00195312      Successful search (ES-wcm)        
    19        1042         23467.3         1.34127      0.00195312      Successful search (ES-wcm)        
    19        1043         23466.8         1.49499      0.00195312      Successful search (ES-wcm)        
    19        1044         23465.6         1.69222      0.00195312      Successful search (ES-wcm)        
    19        1045         23464.9         2.21261      0.00195312      Successful search (ES-wcm)        
    19        1092         23464.9         2.21261     0.000976562          Refine grid             Train
Optimization terminated: change in the function value less than options['tol_mesh']
Estimated function value at minimum: 23467.609678907404 ± 0.6920954889368833 (mean ± SEM from 100 samples)
BADS minimum at: x_min = [9.04800e-01 2.53970e+00 3.52620e+00 6.90000e-03 1.51570e+00 3.88900e-01
 1.77970e+00 1.23600e-01 3.85580e+00 2.22331e+01 7.06900e-01 1.90000e-01
 9.60000e-02], training NLL = 23467.6097
total f-count: 1192, time: 52.73 min

 Optimization Run 2/2
Initial params: [1.8655, 5.2343, 11.3074, 29.3962, 45.628, -29.4438, 1.6709, 0.1555, 26.5578, 27.9299, 0.4493, 0.1166, -0.1334]
bads:TooCloseBounds: For each variable, hard and plausible bounds should not be too close. Moving plausible bounds.
Variables (index) internally transformed to log coordinates: [[0 0]
 [0 3]
 [0 4]
 [0 6]]
Beginning optimization of a STOCHASTIC objective function

 Iteration    f-count      E[f(x)]        SD[f(x)]           MeshScale          Method              Actions
     0           1         25766.6             nan               1                                  
     0          33         25254.5             nan               1          Initial mesh            Initial points
     0          52         25227.8         1.01725               1        Successful poll           Train
     1          54         24987.2         1.01715               1      Successful search (ES-wcm)        
     1          56         24841.8         1.01714               1      Successful search (ES-wcm)        
     1          57           24671         1.01723               1      Successful search (ES-wcm)        
     1          62         24384.4         1.10822               1      Successful search (ES-wcm)        
     1          65         24361.1         1.10716               1      Successful search (ES-wcm)        
     1          67         24337.9         1.10742               1      Successful search (ES-wcm)        
     1          73         24309.8         1.10191               1      Successful search (ES-ell)        
     1          74         24303.4         1.07852               1      Successful search (ES-wcm)        
     1          80         24298.4         1.09448               1      Successful search (ES-wcm)        
     1          81         24273.1         1.09555               1      Successful search (ES-wcm)        
     1          91         24269.6         3.79133               1      Successful search (ES-wcm)        
     1          92         24257.2         3.97444               1      Successful search (ES-ell)        
     1          95           24247         3.85712               1      Successful search (ES-ell)        
     1         106         24245.2         3.26004               1      Successful search (ES-ell)        
     1         118         24244.4         6.63452               1      Incremental search (ES-ell)        
     1         123         24241.3         5.35535               1      Successful search (ES-ell)        
     1         131         24234.8         5.93852               1      Successful search (ES-ell)        
     1         132         24214.5         7.01891               1      Successful search (ES-ell)        
     1         175         24214.5         7.01891             0.5          Refine grid             Train
     2         176         24226.7         4.05994             0.5      Successful search (ES-ell)        
     2         177         24215.8         4.52102             0.5      Successful search (ES-ell)        
     2         179         24214.4         4.79848             0.5      Successful search (ES-ell)        
     2         180         24212.7         5.10864             0.5      Successful search (ES-ell)        
     2         181         24192.2         5.15815             0.5      Successful search (ES-ell)        
     2         226         24186.8         7.05666               1        Successful poll           
     3         230         24184.7         6.09615               1      Successful search (ES-ell)        
     3         232         24171.4         6.01225               1      Successful search (ES-ell)        
     3         247         24163.6         5.00772               1      Successful search (ES-wcm)        
     3         249           24162         4.79228               1      Successful search (ES-wcm)        
     3         250         24160.9         5.01791               1      Successful search (ES-wcm)        
     3         252         24159.9         4.82849               1      Incremental search (ES-wcm)        
     3         254         24073.5         7.11865               1      Successful search (ES-wcm)        
     3         261         23868.6         5.89283               1      Successful search (ES-wcm)        
     3         264         23844.3          5.8475               1      Successful search (ES-wcm)        
     3         265         23790.9         5.80227               1      Successful search (ES-wcm)        
     3         272         23766.6          5.8322               1      Successful search (ES-wcm)        
     3         274         23656.2         5.66499               1      Successful search (ES-wcm)        
     3         278         23631.6         4.78264               1      Successful search (ES-wcm)        
     3         284         23621.1          5.2088               1      Successful search (ES-ell)        
     3         286         23568.5         4.65015               1      Successful search (ES-ell)        
     3         287         23549.9         5.06576               1      Successful search (ES-ell)        
     3         289           23414         3.83648               1      Successful search (ES-ell)        
     3         300         23148.8         3.91419               1      Successful search (ES-wcm)        
     3         301         23141.1         3.85724               1      Successful search (ES-wcm)        
     3         303         23046.8         3.73506               1      Successful search (ES-wcm)        
     3         307         22750.8         3.91894               1      Successful search (ES-wcm)        
     3         310         22495.6         3.91804               1      Successful search (ES-wcm)        
     3         320         22468.9         3.90756               1      Successful search (ES-wcm)        
     3         335         22304.2         3.90731               1      Successful search (ES-wcm)        
     3         341         22180.2         1.02317               1      Successful search (ES-ell)        
     3         342         22105.7         1.02254               1      Successful search (ES-ell)        
     3         343         21991.5         1.02401               1      Successful search (ES-ell)        
     3         344         21566.8         1.02435               1      Successful search (ES-ell)        
     3         346         21511.5         1.02435               1      Successful search (ES-ell)        
     3         349           21354         1.02435               1      Successful search (ES-ell)        
     3         351         21276.4         1.02432               1      Successful search (ES-ell)        
     3         355         21234.3         1.02429               1      Successful search (ES-ell)        
     3         357         20980.1         1.02433               1      Successful search (ES-ell)        
     3         358         20830.3         1.02432               1      Successful search (ES-ell)        
     3         360           20812         1.02431               1      Successful search (ES-ell)        
     3         367         20609.1         1.02413               1      Successful search (ES-ell)        
     3         371         20593.1         1.02421               1      Successful search (ES-ell)        
     3         375         20396.1         1.02363               1      Successful search (ES-ell)        
     3         381         20378.3         1.01973               1      Successful search (ES-wcm)        
     3         385         20355.2         1.02245               1      Successful search (ES-ell)        
     3         387         20337.1         1.02298               1      Successful search (ES-ell)        
     3         390         20260.6         1.02199               1      Successful search (ES-ell)        
     3         391         20218.6         1.02336               1      Successful search (ES-ell)        
     3         392         20185.3         1.02369               1      Successful search (ES-ell)        
     3         397         20139.2         1.02327               1      Successful search (ES-wcm)        
     3         402         20123.3         1.02324               1      Successful search (ES-wcm)        
     3         405         20097.9         1.01706               1      Successful search (ES-wcm)        
     3         407         19998.5         1.14183               1      Successful search (ES-wcm)        
     3         416         19880.3         1.14155               1      Successful search (ES-wcm)        
     3         417         19792.1          1.1415               1      Successful search (ES-ell)        
     3         418         19694.2         1.14176               1      Successful search (ES-ell)        
     3         430         19596.3         1.14167               1      Successful search (ES-wcm)        
     3         433         19574.9         1.13928               1      Successful search (ES-wcm)        
     3         443         19520.6         1.14093               1      Successful search (ES-wcm)        
     3         444           19519         1.14095               1      Successful search (ES-wcm)        
     3         451         19383.1         1.14156               1      Successful search (ES-wcm)        
     3         452         19244.8         1.14181               1      Successful search (ES-wcm)        
     3         453         18932.7          1.1418               1      Successful search (ES-wcm)        
     3         456         18838.4         1.14179               1      Successful search (ES-wcm)        
     3         458         18779.1         1.14169               1      Successful search (ES-wcm)        
     3         465         18771.8         1.14161               1      Successful search (ES-wcm)        
     3         467         18658.2         1.14129               1      Successful search (ES-wcm)        
     3         473         18494.1         0.95767               1      Successful search (ES-wcm)        
     3         477         18305.6        0.957689               1      Successful search (ES-wcm)        
     3         489         18273.9        0.957654               1      Successful search (ES-wcm)        
     3         498           18262        0.954201               1      Successful search (ES-ell)        
     3         510         18254.6        0.956826               1      Successful search (ES-wcm)        
     3         515         18220.7        0.957668               1      Successful search (ES-wcm)        
     3         519         18216.5        0.957686               1      Successful search (ES-wcm)        
     3         531         18177.4         1.54194               1      Successful search (ES-wcm)        
     3         545         18132.5         1.54183               1      Successful search (ES-ell)        
     3         549         18102.7         1.54041               1      Successful search (ES-ell)        
     3         551         18068.5         1.54036               1      Successful search (ES-ell)        
     3         564           18066         1.43707               1      Successful search (ES-ell)        
     3         594           17848         29.3928               1        Successful poll           
     4         600         17800.9         25.4933               1      Successful search (ES-ell)        
     4         603         17783.7         23.9035               1      Successful search (ES-ell)        
     4         604         17758.5         23.6478               1      Successful search (ES-ell)        
     4         636         17758.5         23.6478             0.5          Refine grid             
     5         639           17905         22.9465             0.5      Successful search (ES-ell)        
     5         685           17905         22.9465            0.25          Refine grid             Train
     6         686           17922         25.6072            0.25      Successful search (ES-ell)        
     6         734         17890.1         25.0551             0.5        Successful poll           Train
     7         739         17879.9         24.6519             0.5      Successful search (ES-ell)        
     7         741         17852.3         24.2396             0.5      Successful search (ES-ell)        
     7         744         17797.6         19.5211             0.5      Successful search (ES-ell)        
     7         754         17771.3         25.3153             0.5      Successful search (ES-wcm)        
     7         795         17771.3         25.3153            0.25          Refine grid             Train
     8         799         17759.9         16.4227            0.25      Successful search (ES-wcm)        
     8         801         17723.7         21.8452            0.25      Successful search (ES-wcm)        
     8         844         17723.7         21.8452           0.125          Refine grid             
     9         848         17752.2         8.66439           0.125      Successful search (ES-wcm)        
     9         850         17746.1         10.2782           0.125      Successful search (ES-wcm)        
     9         853         17736.3          13.971           0.125      Successful search (ES-wcm)        
     9         894         17736.3          13.971          0.0625          Refine grid             
    10         897         17748.4         6.63262          0.0625      Successful search (ES-wcm)        
    10         898         17742.7         10.0059          0.0625      Successful search (ES-wcm)        
    10         944         17742.7         10.0059         0.03125          Refine grid             
    11         945         17740.7         5.30228         0.03125      Successful search (ES-ell)        
    11         946           17738         7.75332         0.03125      Successful search (ES-ell)        
    11         947         17731.3         10.9774         0.03125      Successful search (ES-ell)        
    11         949         17730.5         13.1761         0.03125      Successful search (ES-ell)        
    11         996         17730.5         13.1761        0.015625          Refine grid             Train
    12         997         17733.1         5.11538        0.015625      Successful search (ES-wcm)        
    12         998         17731.9         9.52413        0.015625      Successful search (ES-wcm)        
    12         999         17727.1         13.3866        0.015625      Successful search (ES-ell)        
    12        1000         17725.6         16.1411        0.015625      Successful search (ES-ell)        
    12        1010         17720.2         7.44102        0.015625      Successful search (ES-wcm)        
    12        1011         17719.5          9.5603        0.015625      Successful search (ES-wcm)        
    12        1017         17718.7         7.25877        0.015625      Successful search (ES-wcm)        
    12        1018         17717.1         7.05199        0.015625      Successful search (ES-wcm)        
    12        1019         17716.8         6.95332        0.015625      Successful search (ES-wcm)        
    12        1020         17712.3         7.89422        0.015625      Successful search (ES-wcm)        
    12        1021         17710.1         10.5125        0.015625      Successful search (ES-wcm)        
    12        1057         17703.3         5.52966         0.03125        Successful poll           Train
    13        1059         17513.5         6.20769         0.03125      Successful search (ES-ell)        
    13        1109         17513.5         6.20769        0.015625          Refine grid             Train
    14        1110         17710.9         7.12176        0.015625      Successful search (ES-ell)        
    14        1161         17710.9         7.12176       0.0078125          Refine grid             Train
    15        1162           17732         4.25823       0.0078125      Successful search (ES-wcm)        
    15        1163         17726.7         4.40347       0.0078125      Successful search (ES-wcm)        
    15        1164         17719.5         6.55489       0.0078125      Successful search (ES-ell)        
    15        1165         17716.7         9.82112       0.0078125      Successful search (ES-ell)        
    15        1166         17710.2         13.4385       0.0078125      Successful search (ES-ell)        
    15        1213         17710.2         13.4385      0.00390625          Refine grid             
    16        1214         17730.6         4.08633      0.00390625      Successful search (ES-wcm)        
    16        1215         17726.1         3.80276      0.00390625      Successful search (ES-wcm)        
    16        1216         17719.8         3.84321      0.00390625      Successful search (ES-wcm)        
    16        1217         17716.3         4.72704      0.00390625      Successful search (ES-wcm)        
    16        1219         17708.9          6.0054      0.00390625      Successful search (ES-ell)        
    16        1220         17703.6         9.13747      0.00390625      Successful search (ES-ell)        
    16        1241         17700.3         15.8611       0.0078125        Successful poll           
    17        1280         17715.1         10.2665      0.00390625          Refine grid             Train
    18        1281         17726.7         4.61441      0.00390625      Successful search (ES-ell)        
    18        1282         17723.1         5.04904      0.00390625      Successful search (ES-ell)        
    18        1283         17719.6         5.95269      0.00390625      Successful search (ES-ell)        
    18        1284         17713.8         7.36888      0.00390625      Successful search (ES-ell)        
    18        1285         17711.7         10.1076      0.00390625      Successful search (ES-ell)        
    18        1286         17706.5         13.2067      0.00390625      Successful search (ES-ell)        
    18        1332         17706.5         13.2067      0.00195312          Refine grid             
    19        1333         17729.9         4.40542      0.00195312      Successful search (ES-ell)        
    19        1334         17728.9         4.76101      0.00195312      Successful search (ES-ell)        
    19        1359         17699.2         21.0557      0.00390625        Successful poll           
    20        1360         17705.3         11.8767      0.00390625      Successful search (ES-wcm)        
    20        1411         17705.3         11.8767      0.00195312          Refine grid             Train
    21        1412           17715         3.41672      0.00195312      Successful search (ES-ell)        
    21        1413         17709.2         3.47968      0.00195312      Successful search (ES-ell)        
    21        1414         17701.9         3.65831      0.00195312      Successful search (ES-ell)        
    21        1416         17697.7         3.92141      0.00195312      Successful search (ES-ell)        
    21        1417         17690.4         4.58772      0.00195312      Successful search (ES-ell)        
    21        1418         17683.3         4.82803      0.00195312      Successful search (ES-ell)        
    21        1419         17676.2         6.52013      0.00195312      Successful search (ES-ell)        
    21        1420         17657.6         7.05886      0.00195312      Successful search (ES-ell)        
    21        1421         17631.2         8.79999      0.00195312      Successful search (ES-ell)        
    21        1463         17631.2         8.79999     0.000976562          Refine grid             
Optimization terminated: change in the function value less than options['tol_mesh']
Estimated function value at minimum: 17717.818685054182 ± 2.5455710201920954 (mean ± SEM from 100 samples)
BADS minimum at: x_min = [ 2.0725  4.7797  5.185   8.64    1.2185  6.3085  1.204   0.06    5.5971
 23.8422  0.5945  0.2833  0.7695], training NLL = 17717.8187
total f-count: 1563, time: 69.73 min

 ------- Finish Optimization for Subject 11 ---------- 

 ------- Start Optimization for Subject 15 ---------- 

 Cross Validation fold 0/1

 -- Start Optimization: method BADS --

 Optimization Run 1/2
Initial params: [1.2383, 8.1174, 3.2675, 31.7045, 14.8573, -24.5206, 4.1784, 0.2298, 17.8672, 25.6248, 0.5455, 0.2489, 0.7451]
bads:TooCloseBounds: For each variable, hard and plausible bounds should not be too close. Moving plausible bounds.
Variables (index) internally transformed to log coordinates: [[0 0]
 [0 3]
 [0 4]
 [0 6]]
Beginning optimization of a STOCHASTIC objective function

 Iteration    f-count      E[f(x)]        SD[f(x)]           MeshScale          Method              Actions
     0           1         24745.3             nan               1                                  
     0          33           22845             nan               1          Initial mesh            Initial points
     0          49         22415.8         0.99993               1        Successful poll           Train
     1          50         21804.6        0.999899               1      Successful search (ES-ell)        
     1          52         21688.7        0.999908               1      Successful search (ES-ell)        
     1          57         21650.5        0.999809               1      Successful search (ES-ell)        
     1          60         21560.1         0.99939               1      Successful search (ES-ell)        
     1          61         21361.5        0.933929               1      Successful search (ES-wcm)        
     1          67         21330.5        0.933767               1      Successful search (ES-ell)        
     1          70           21222        0.933309               1      Successful search (ES-ell)        
     1          71         21152.2        0.933641               1      Successful search (ES-ell)        
     1          74           21150        0.933005               1      Successful search (ES-ell)        
     1          76           21061        0.933745               1      Successful search (ES-ell)        
     1          83         21044.8        0.930301               1      Successful search (ES-ell)        
     1          88         21029.6        0.956571               1      Successful search (ES-ell)        
     1         115         20886.6        0.961758               1        Successful poll           Train
     2         116           20602         10.4917               1      Successful search (ES-ell)        
     2         156         20301.2         12.4284               1        Successful poll           Train
     3         157         20102.4         12.4131               1      Successful search (ES-ell)        
     3         160         20099.9          12.387               1      Successful search (ES-ell)        
     3         164         20061.1         12.2325               1      Successful search (ES-ell)        
     3         166         20002.7         12.2258               1      Successful search (ES-ell)        
     3         171           19863         11.0164               1      Successful search (ES-ell)        
     3         175         19854.8         10.8439               1      Successful search (ES-ell)        
     3         177         19821.8          10.561               1      Successful search (ES-ell)        
     3         179         19811.9         10.9142               1      Successful search (ES-wcm)        
     3         180         19777.7         10.9357               1      Successful search (ES-ell)        
     3         187         19768.6         10.4818               1      Successful search (ES-ell)        
     3         189         19747.3         10.2145               1      Successful search (ES-ell)        
     3         198           19722         10.2882               1      Successful search (ES-ell)        
     3         200         19721.5         10.7564               1      Incremental search (ES-ell)        
     3         205           19717         9.68192               1      Successful search (ES-ell)        
     3         206         19713.1         10.1497               1      Successful search (ES-ell)        
     3         212         19703.7         9.32198               1      Successful search (ES-ell)        
     3         254         19703.7         9.32198             0.5          Refine grid             
     4         258         19729.3          4.6499             0.5      Successful search (ES-ell)        
     4         259         19717.5         8.43356             0.5      Successful search (ES-ell)        
     4         263         19710.9         7.02308             0.5      Successful search (ES-ell)        
     4         301         19710.9         7.02308            0.25          Refine grid             
     5         302         19712.4         5.33739            0.25      Successful search (ES-ell)        
     5         303         19709.2         10.1283            0.25      Successful search (ES-ell)        
     5         349         19709.2         10.1283           0.125          Refine grid             Train
     6         350         19719.4         7.83931           0.125      Successful search (ES-wcm)        
     6         363         19716.4         6.53012           0.125      Successful search (ES-wcm)        
     6         364         19704.3         12.0493           0.125      Successful search (ES-wcm)        
     6         401         19687.6         9.52896            0.25        Successful poll           Train
     7         402         19717.5         3.92825            0.25      Successful search (ES-ell)        
     7         406         19712.5         6.74565            0.25      Successful search (ES-wcm)        
     7         407         19699.9         13.1168            0.25      Successful search (ES-wcm)        
     7         410         19699.5         11.1356            0.25      Successful search (ES-wcm)        
     7         414           19689         7.73385            0.25      Successful search (ES-wcm)        
     7         449         19687.7         11.2572             0.5        Successful poll           
     8         460         19661.4         3.32431             0.5      Successful search (ES-ell)        
     8         461         19643.7         3.32893             0.5      Successful search (ES-ell)        
     8         462         19614.2         3.32245             0.5      Successful search (ES-ell)        
     8         464         19411.5          6.7865             0.5      Successful search (ES-ell)        
     8         466         19346.1         8.94513             0.5      Successful search (ES-ell)        
     8         509         19346.1         8.94513            0.25          Refine grid             
     9         510         19607.4         3.40429            0.25      Successful search (ES-ell)        
     9         511         19552.1          5.4511            0.25      Successful search (ES-ell)        
     9         512         19490.9         8.12784            0.25      Successful search (ES-ell)        
     9         557         19490.9         8.12784           0.125          Refine grid             
    10         592         19701.5         2.83296          0.0625          Refine grid             Train
    11         593         19670.9         6.30732          0.0625      Successful search (ES-wcm)        
    11         594         19662.2         6.75471          0.0625      Successful search (ES-wcm)        
    11         595         19661.5         6.63186          0.0625      Successful search (ES-wcm)        
    11         642         19661.5         6.63186         0.03125          Refine grid             
    12         643         19704.6          3.4534         0.03125      Successful search (ES-wcm)        
    12         669           19617         4.33326          0.0625        Successful poll           
    13         670         19614.4         5.10002          0.0625      Successful search (ES-wcm)        
    13         719         19614.4         5.10002         0.03125          Refine grid             Train
    14         720         19700.8         2.33822         0.03125      Successful search (ES-wcm)        
    14         721           19693         2.58736         0.03125      Successful search (ES-wcm)        
    14         722         19684.7         4.45388         0.03125      Successful search (ES-wcm)        
    14         723         19674.8         8.48929         0.03125      Successful search (ES-wcm)        
    14         724           19674         12.9047         0.03125      Successful search (ES-wcm)        
    14         726         19649.4          12.973         0.03125      Successful search (ES-wcm)        
    14         769         19649.4          12.973        0.015625          Refine grid             
    15         770         19685.4         2.59805        0.015625      Successful search (ES-wcm)        
    15         771         19680.3          4.5755        0.015625      Successful search (ES-wcm)        
    15         772         19671.3         6.73627        0.015625      Successful search (ES-wcm)        
    15         819         19671.3         6.73627       0.0078125          Refine grid             
    16         820         19685.7         1.81272       0.0078125      Successful search (ES-wcm)        
    16         821         19684.6         1.96412       0.0078125      Successful search (ES-ell)        
    16         822           19683         2.30953       0.0078125      Successful search (ES-ell)        
    16         823         19682.1         2.42369       0.0078125      Successful search (ES-ell)        
    16         824         19680.6         2.67375       0.0078125      Successful search (ES-ell)        
    16         825         19677.3         3.46878       0.0078125      Successful search (ES-wcm)        
    16         826         19673.1          4.0281       0.0078125      Successful search (ES-ell)        
    16         827         19671.2         4.84595       0.0078125      Successful search (ES-ell)        
    16         869         19671.2         4.84595      0.00390625          Refine grid             Train
    17         870         19680.3         2.28221      0.00390625      Successful search (ES-ell)        
    17         871         19675.2         2.28753      0.00390625      Successful search (ES-ell)        
    17         872         19670.9         2.31466      0.00390625      Successful search (ES-ell)        
    17         873         19662.3         2.42314      0.00390625      Successful search (ES-ell)        
    17         874         19650.5         2.64996      0.00390625      Successful search (ES-ell)        
    17         875         19645.1         2.69088      0.00390625      Successful search (ES-wcm)        
    17         876         19640.2         3.03426      0.00390625      Successful search (ES-wcm)        
    17         877           19614          4.1497      0.00390625      Successful search (ES-ell)        
    17         878         19591.7         5.18942      0.00390625      Successful search (ES-ell)        
    17         879         19577.1         5.97123      0.00390625      Successful search (ES-ell)        
    17         921         19577.1         5.97123      0.00195312          Refine grid             Train
    18         960           19685         1.65988     0.000488281          Refine grid             Train
Optimization terminated: change in the function value less than options['tol_mesh']
Estimated function value at minimum: 19685.79588533063 ± 1.571457673721164 (mean ± SEM from 100 samples)
BADS minimum at: x_min = [ 4.01450e+00  8.42590e+00  9.25360e+00  3.22983e+01  1.36810e+00
 -2.05334e+01  9.00000e-04  5.17000e-02  9.32140e+00  3.68423e+01
  4.90000e-01  2.93800e-01 -3.51600e-01], training NLL = 19685.7959
total f-count: 1060, time: 47.01 min

 Optimization Run 2/2
Initial params: [0.5787, 3.5631, 8.5101, 15.0333, 5.5074, -15.5489, 2.6623, 0.2872, 15.7815, 20.7171, 0.2961, 0.8168, 1.3294]
bads:TooCloseBounds: For each variable, hard and plausible bounds should not be too close. Moving plausible bounds.
Variables (index) internally transformed to log coordinates: [[0 0]
 [0 3]
 [0 4]
 [0 6]]
Beginning optimization of a STOCHASTIC objective function

 Iteration    f-count      E[f(x)]        SD[f(x)]           MeshScale          Method              Actions
     0           1         24557.1             nan               1                                  
     0          33         22845.8             nan               1          Initial mesh            Initial points
     0          47         22427.5        0.999943               1        Successful poll           Train
     1          49         22325.9        0.999886               1      Successful search (ES-wcm)        
     1          50         22149.8        0.999913               1      Successful search (ES-wcm)        
     1          51         21585.1        0.999939               1      Successful search (ES-ell)        
     1          54         21414.5        0.999912               1      Successful search (ES-ell)        
     1          60           21339        0.999562               1      Successful search (ES-ell)        
     1          61         21293.7         1.00514               1      Successful search (ES-ell)        
     1          68         21244.2         1.00458               1      Successful search (ES-ell)        
     1          73         21232.9        0.996573               1      Successful search (ES-ell)        
     1          80         21224.5        0.995333               1      Successful search (ES-ell)        
     1          83         21189.7        0.981679               1      Successful search (ES-ell)        
     1          85           21187        0.964851               1      Successful search (ES-ell)        
     1          90         21132.2         1.00669               1      Successful search (ES-ell)        
     1          92         21106.8          1.0067               1      Successful search (ES-ell)        
     1          96         21085.6         1.00525               1      Successful search (ES-ell)        
     1          98         21076.2         1.00661               1      Successful search (ES-wcm)        
     1         100         21071.3         1.00684               1      Successful search (ES-ell)        
     1         105         21064.8         1.00662               1      Successful search (ES-ell)        
     1         107         21063.8         1.00636               1      Incremental search (ES-ell)        
     1         109         21028.9         1.00672               1      Successful search (ES-wcm)        
     1         121         21027.5         1.00728               1      Successful search (ES-wcm)        
     1         134         21013.6        0.989793               1      Successful search (ES-ell)        
     1         136         21011.9        0.985368               1      Successful search (ES-ell)        
     1         138         21010.1         0.96678               1      Successful search (ES-ell)        
     1         141         20993.4         1.00899               1      Successful search (ES-wcm)        
     1         147         20961.3         8.38764               1      Successful search (ES-wcm)        
     1         148         20959.2         8.47125               1      Successful search (ES-wcm)        
     1         155         20948.5         8.45867               1      Successful search (ES-wcm)        
     1         157         20927.1         8.45306               1      Successful search (ES-wcm)        
     1         158         20922.8         8.46807               1      Successful search (ES-wcm)        
     1         159           20915         8.46626               1      Successful search (ES-ell)        
     1         160         20904.1         8.48209               1      Successful search (ES-wcm)        
     1         170         20735.2         8.84518               1      Successful search (ES-wcm)        
     1         171         20602.6         8.85988               1      Successful search (ES-wcm)        
     1         174         20569.3         8.85079               1      Successful search (ES-wcm)        
     1         180         20437.9         8.80938               1      Successful search (ES-wcm)        
     1         181         20373.1         8.85521               1      Successful search (ES-wcm)        
     1         184         20252.9         8.85806               1      Successful search (ES-wcm)        
     1         186         20179.4         8.84298               1      Successful search (ES-wcm)        
     1         197         20171.7         6.73621               1      Successful search (ES-wcm)        
     1         199         20152.3         7.86861               1      Successful search (ES-wcm)        
     1         200         20146.5         8.74439               1      Successful search (ES-wcm)        
     1         208           20116         9.40525               1      Successful search (ES-wcm)        
     1         209         20075.1         9.53904               1      Successful search (ES-ell)        
     1         214         20060.4         8.10874               1      Successful search (ES-ell)        
     1         215         20033.8         8.20797               1      Successful search (ES-ell)        
     1         216         20021.1         8.33635               1      Successful search (ES-ell)        
     1         219           19923         9.27731               1      Successful search (ES-ell)        
     1         223         19897.6         8.30419               1      Successful search (ES-ell)        
     1         259         19889.4         9.67759               1        Successful poll           
     2         262         19874.6         12.8836               1      Successful search (ES-ell)        
     2         264         19872.7         12.7501               1      Successful search (ES-ell)        
     2         265         19838.8         12.9418               1      Successful search (ES-ell)        
     2         269         19835.6         11.9054               1      Successful search (ES-ell)        
     2         272         19825.8         9.83737               1      Successful search (ES-ell)        
     2         304         19825.8         9.83737             0.5          Refine grid             Train
     3         307         19816.6         11.2385             0.5      Successful search (ES-ell)        
     3         308         19804.7         11.9236             0.5      Successful search (ES-ell)        
     3         351         19804.7         11.9236            0.25          Refine grid             
     4         352         19794.2         7.46727            0.25      Successful search (ES-ell)        
     4         400         19794.2         7.46727           0.125          Refine grid             
     5         401         19784.1         4.72026           0.125      Successful search (ES-ell)        
     5         402           19756         7.42771           0.125      Successful search (ES-ell)        
     5         449           19756         7.42771          0.0625          Refine grid             
     6         450         19814.7         2.98184          0.0625      Successful search (ES-ell)        
     6         451         19775.7         4.00737          0.0625      Successful search (ES-ell)        
     6         452         19734.2         5.30259          0.0625      Successful search (ES-ell)        
     6         453         19694.7         6.19436          0.0625      Successful search (ES-ell)        
     6         499         19694.7         6.19436         0.03125          Refine grid             Train
     7         500         19827.7         2.89138         0.03125      Successful search (ES-ell)        
     7         501         19820.7         4.43866         0.03125      Successful search (ES-ell)        
     7         502         19818.1         7.16172         0.03125      Successful search (ES-ell)        
     7         549         19818.1         7.16172        0.015625          Refine grid             
     8         550         19826.2         1.99588        0.015625      Successful search (ES-ell)        
     8         551         19824.3         3.52323        0.015625      Successful search (ES-wcm)        
     8         583         19820.9         1.49136         0.03125        Successful poll           
     9         605         19815.3         5.20496          0.0625        Successful poll           
    10         606         19826.3         6.03632          0.0625      Successful search (ES-wcm)        
    10         608         19816.7         4.77927          0.0625      Successful search (ES-ell)        
    10         609         19809.7         6.93894          0.0625      Successful search (ES-wcm)        
    10         611         19804.8         5.76498          0.0625      Successful search (ES-wcm)        
    10         612         19803.2         8.95665          0.0625      Successful search (ES-wcm)        
    10         616           19801         4.99766          0.0625      Successful search (ES-wcm)        
    10         655           19801         4.99766         0.03125          Refine grid             Train
    11         656         19806.4         2.60021         0.03125      Successful search (ES-wcm)        
    11         657         19803.5         3.15294         0.03125      Successful search (ES-wcm)        
    11         658         19797.7          4.9857         0.03125      Successful search (ES-ell)        
    11         659         19790.8         6.73545         0.03125      Successful search (ES-ell)        
    11         705         19790.8         6.73545        0.015625          Refine grid             
    12         706         19805.4         2.00648        0.015625      Successful search (ES-ell)        
    12         707         19804.2         2.34332        0.015625      Successful search (ES-wcm)        
    12         708         19802.3          3.1663        0.015625      Successful search (ES-wcm)        
    12         732         19799.6         2.63266         0.03125        Successful poll           
    13         748         19789.5         4.20799          0.0625        Successful poll           
    14         785         19790.5         4.16985         0.03125          Refine grid             Train
    15         786         19806.9         2.51074         0.03125      Successful search (ES-ell)        
    15         787         19802.9         4.54458         0.03125      Successful search (ES-ell)        
    15         788           19796         6.08176         0.03125      Successful search (ES-ell)        
    15         789         19782.9          8.1604         0.03125      Successful search (ES-ell)        
    15         835         19782.9          8.1604        0.015625          Refine grid             
    16         836         19807.2          1.6615        0.015625      Successful search (ES-ell)        
    16         837         19805.7         2.25973        0.015625      Successful search (ES-ell)        
    16         838         19804.2         3.42323        0.015625      Successful search (ES-ell)        
    16         839         19801.7         4.62321        0.015625      Successful search (ES-wcm)        
    16         841         19800.7         5.08997        0.015625      Successful search (ES-ell)        
    16         842         19799.8         6.23213        0.015625      Successful search (ES-ell)        
    16         843         19795.1         7.49331        0.015625      Successful search (ES-ell)        
    16         844         19782.6         11.2201        0.015625      Successful search (ES-wcm)        
    16         885         19782.6         11.2201       0.0078125          Refine grid             
    17         886         19805.2         2.00299       0.0078125      Successful search (ES-wcm)        
    17         887         19804.2         2.31415       0.0078125      Successful search (ES-wcm)        
    17         888           19804         2.95987       0.0078125      Successful search (ES-wcm)        
    17         889         19803.7         3.68186       0.0078125      Successful search (ES-wcm)        
    17         937         19803.7         3.68186      0.00390625          Refine grid             
    18         938         19807.7         2.13301      0.00390625      Successful search (ES-wcm)        
    18         949         19807.7         1.92424      0.00390625      Successful search (ES-ell)        
    18         951         19807.2         1.88822      0.00390625      Successful search (ES-ell)        
    18         952           19807         1.96823      0.00390625      Successful search (ES-wcm)        
    18        1002           19807         1.96823      0.00195312          Refine grid             Train
    19        1003         19806.2         1.62756      0.00195312      Successful search (ES-ell)        
    19        1011           19806         1.57806      0.00195312      Successful search (ES-ell)        
    19        1012         19805.9         1.57284      0.00195312      Successful search (ES-ell)        
    19        1013         19805.8         1.57635      0.00195312      Successful search (ES-ell)        
    19        1014         19805.5         1.59752      0.00195312      Successful search (ES-wcm)        
    19        1042         19800.5         6.04941      0.00390625        Successful poll           Train
    20        1081         19802.1         5.44001       0.0078125        Successful poll           Train
    21        1082         19802.1         5.43064       0.0078125      Successful search (ES-wcm)        
    21        1133         19799.8         5.20558        0.015625        Successful poll           Train
    22        1136         19801.5         5.05866        0.015625      Successful search (ES-wcm)        
    22        1174         19800.9         6.44859         0.03125        Successful poll           Train
    23        1181         19803.4         4.22365         0.03125      Successful search (ES-wcm)        
    23        1184         19801.2         3.76287         0.03125      Successful search (ES-wcm)        
    23        1224         19796.3         5.04198          0.0625        Successful poll           
    24        1230         19796.7         5.74108          0.0625      Successful search (ES-wcm)        
    24        1231         19791.6         7.40384          0.0625      Successful search (ES-wcm)        
    24        1274         19779.6         12.9953           0.125        Successful poll           
    25        1278         19792.1          8.1613           0.125      Successful search (ES-wcm)        
    25        1279         19729.7         12.4935           0.125      Successful search (ES-wcm)        
    25        1289         19710.2         8.71086           0.125      Successful search (ES-wcm)        
    25        1337         19710.2         8.71086          0.0625          Refine grid             Train
    26        1338         19710.7         7.48473          0.0625      Successful search (ES-wcm)        
    26        1340         19692.5          10.559          0.0625      Successful search (ES-wcm)        
    26        1341         19690.6         12.5873          0.0625      Successful search (ES-wcm)        
    26        1387         19690.6         12.5873         0.03125          Refine grid             
    27        1388           19706          4.0835         0.03125      Successful search (ES-wcm)        
    27        1389         19693.3         6.31208         0.03125      Successful search (ES-wcm)        
    27        1391         19687.7         6.62281         0.03125      Successful search (ES-wcm)        
    27        1392         19677.5         12.9341         0.03125      Successful search (ES-wcm)        
    27        1394         19671.4         10.9338         0.03125      Successful search (ES-wcm)        
    27        1398         19667.5         7.14805         0.03125      Successful search (ES-wcm)        
    27        1399         19665.9         9.86996         0.03125      Successful search (ES-wcm)        
    27        1400         19654.7         8.81417         0.03125      Successful search (ES-ell)        
    27        1437         19654.7         8.81417        0.015625          Refine grid             
    28        1438         19665.8         2.72698        0.015625      Successful search (ES-ell)        
    28        1439           19664         3.41791        0.015625      Successful search (ES-ell)        
    28        1440         19662.5         5.13963        0.015625      Successful search (ES-ell)        
    28        1487         19662.5         5.13963       0.0078125          Refine grid             Train
    29        1488         19667.6         2.27702       0.0078125      Successful search (ES-ell)        
    29        1489         19666.2         2.67454       0.0078125      Successful search (ES-ell)        
    29        1490         19664.4         3.21251       0.0078125      Successful search (ES-ell)        
    29        1491         19663.3         4.26792       0.0078125      Successful search (ES-ell)        
    29        1492         19662.8         5.60272       0.0078125      Successful search (ES-ell)        
    29        1493         19656.7         6.57704       0.0078125      Successful search (ES-ell)        
    29        1494         19654.5         8.01459       0.0078125      Successful search (ES-ell)        
    29        1495         19651.7         8.92181       0.0078125      Successful search (ES-ell)        
    29        1537         19651.7         8.92181      0.00390625          Refine grid             Train
    30        1538         19669.4         1.94888      0.00390625      Successful search (ES-ell)        
    30        1539         19668.5         2.09386      0.00390625      Successful search (ES-ell)        
    30        1540         19668.1         2.28507      0.00390625      Successful search (ES-ell)        
    30        1541         19666.7         2.62583      0.00390625      Successful search (ES-ell)        
    30        1542         19665.5         3.17617      0.00390625      Successful search (ES-ell)        
    30        1543         19662.6         3.97533      0.00390625      Successful search (ES-wcm)        
    30        1587         19662.6         3.97533      0.00195312          Refine grid             
    31        1588           19672         1.48535      0.00195312      Successful search (ES-wcm)        
    31        1589         19671.9         1.52472      0.00195312      Successful search (ES-wcm)        
    31        1590         19671.6         1.69696      0.00195312      Successful search (ES-ell)        
    31        1591         19671.4         2.05098      0.00195312      Successful search (ES-ell)        
    31        1592         19670.6         2.53035      0.00195312      Successful search (ES-ell)        
    31        1593         19670.5         2.84548      0.00195312      Successful search (ES-wcm)        
    31        1594         19668.2         3.45802      0.00195312      Successful search (ES-wcm)        
    31        1595           19666         4.51198      0.00195312      Successful search (ES-wcm)        
    31        1596         19663.4         6.02553      0.00195312      Successful search (ES-wcm)        
    31        1639         19663.4         6.02553     0.000976562          Refine grid             
Optimization terminated: change in the function value less than options['tol_mesh']
Estimated function value at minimum: 19669.634162013655 ± 1.2339003016231498 (mean ± SEM from 100 samples)
BADS minimum at: x_min = [ 2.61720e+00  7.21030e+00  8.99400e+00  2.20000e-03  1.37380e+00
 -8.13682e+01  4.98700e-01  1.12800e-01  9.02310e+00  2.78250e+01
  5.04800e-01  3.44300e-01  7.45200e-01], training NLL = 19669.6342
total f-count: 1739, time: 77.09 min

 ------- Finish Optimization for Subject 15 ---------- 

 ------- Start Optimization for Subject 20 ---------- 

 Cross Validation fold 0/1

 -- Start Optimization: method BADS --

 Optimization Run 1/2
Initial params: [1.1101, 8.3685, 12.645, 23.6949, 39.7813, 1.5822, 0.6237, 0.3516, 27.2761, 20.048, 0.5656, 0.2036, 1.4914]
bads:TooCloseBounds: For each variable, hard and plausible bounds should not be too close. Moving plausible bounds.
Variables (index) internally transformed to log coordinates: [[0 0]
 [0 3]
 [0 4]
 [0 6]]
Beginning optimization of a STOCHASTIC objective function

 Iteration    f-count      E[f(x)]        SD[f(x)]           MeshScale          Method              Actions
     0           1         25256.5             nan               1                                  
     0          33         25055.3             nan               1          Initial mesh            Initial points
     0          34         25048.6        0.998841               1        Successful poll           Train
     1          39         24927.9        0.990635               1      Successful search (ES-wcm)        
     1          51           24911         0.98918               1      Successful search (ES-ell)        
     1          63         24903.6        0.879747               1      Successful search (ES-ell)        
     1          75         24900.8        0.879889               1      Successful search (ES-ell)        
     1          76           24887        0.879799               1      Successful search (ES-ell)        
     1          80         24876.2        0.879718               1      Successful search (ES-ell)        
     1          83         24875.4        0.879218               1      Incremental search (ES-ell)        
     1          85         24866.1        0.879426               1      Successful search (ES-ell)        
     1          88         24859.3         1.06856               1      Successful search (ES-ell)        
     1          91         24858.4         1.05365               1      Incremental search (ES-ell)        
     1         134         24858.4         1.05365             0.5          Refine grid             Train
     2         135         24856.8         1.90251             0.5      Successful search (ES-wcm)        
     2         137         24838.7         1.89689             0.5      Successful search (ES-wcm)        
     2         142         24837.3         1.46264             0.5      Successful search (ES-ell)        
     2         143           24800         1.99285             0.5      Successful search (ES-wcm)        
     2         145         24765.8         1.99966             0.5      Successful search (ES-wcm)        
     2         146           24753         1.99795             0.5      Successful search (ES-wcm)        
     2         149         24748.4         1.98284             0.5      Successful search (ES-wcm)        
     2         151         24741.2         1.98856             0.5      Successful search (ES-wcm)        
     2         152         24739.4         1.76055             0.5      Successful search (ES-ell)        
     2         154         24737.7          1.9978             0.5      Successful search (ES-wcm)        
     2         155         24726.3         1.98897             0.5      Successful search (ES-wcm)        
     2         159         24709.8          1.9357             0.5      Successful search (ES-wcm)        
     2         167           24705         1.37398             0.5      Successful search (ES-wcm)        
     2         169         24683.3         2.42753             0.5      Successful search (ES-wcm)        
     2         170         24678.9          1.8473             0.5      Successful search (ES-ell)        
     2         172         24669.1         1.92531             0.5      Successful search (ES-wcm)        
     2         173         24661.6         2.57733             0.5      Successful search (ES-wcm)        
     2         175         24654.5         2.66001             0.5      Successful search (ES-wcm)        
     2         177         24627.3         2.67227             0.5      Successful search (ES-wcm)        
     2         221         24627.3         2.67227            0.25          Refine grid             
     3         222         24633.3         3.68853            0.25      Successful search (ES-wcm)        
     3         228         24633.2         1.73788            0.25      Incremental search (ES-ell)        
     3         229         24631.5         1.71373            0.25      Successful search (ES-ell)        
     3         230         24629.7         1.92715            0.25      Successful search (ES-ell)        
     3         231         24628.5          2.5606            0.25      Successful search (ES-ell)        
     3         232         24626.1         2.64732            0.25      Successful search (ES-ell)        
     3         234         24621.9         2.55931            0.25      Successful search (ES-ell)        
     3         236           24621         3.11708            0.25      Successful search (ES-wcm)        
     3         237         24613.3         3.64294            0.25      Successful search (ES-wcm)        
     3         239         24605.7         3.48879            0.25      Successful search (ES-wcm)        
     3         241         24599.9         3.41495            0.25      Successful search (ES-wcm)        
     3         243         24596.7         3.50748            0.25      Successful search (ES-wcm)        
     3         244         24515.3         3.78662            0.25      Successful search (ES-wcm)        
     3         245         24507.6         3.21509            0.25      Successful search (ES-ell)        
     3         246         24302.4         3.80488            0.25      Successful search (ES-wcm)        
     3         247         24064.2         3.79942            0.25      Successful search (ES-wcm)        
     3         249           24047         3.43058            0.25      Successful search (ES-wcm)        
     3         250         24022.2         3.48921            0.25      Successful search (ES-wcm)        
     3         252         23991.2         3.39353            0.25      Successful search (ES-wcm)        
     3         253         23961.6         3.46022            0.25      Successful search (ES-wcm)        
     3         256         23947.1         3.44667            0.25      Successful search (ES-wcm)        
     3         257         23945.5         3.22801            0.25      Successful search (ES-ell)        
     3         261         23945.1         2.12108            0.25      Successful search (ES-wcm)        
     3         262           23935         3.76336            0.25      Successful search (ES-wcm)        
     3         274         23922.8         3.02007            0.25      Successful search (ES-ell)        
     3         275         23901.6         3.82939            0.25      Successful search (ES-ell)        
     3         277         23892.4         3.56051            0.25      Successful search (ES-ell)        
     3         278         23864.9         3.89441            0.25      Successful search (ES-ell)        
     3         279         23862.7         4.26724            0.25      Successful search (ES-wcm)        
     3         280         23825.9         4.32162            0.25      Successful search (ES-ell)        
     3         283         23818.9         3.75504            0.25      Successful search (ES-ell)        
     3         320         23806.6         4.97897             0.5        Successful poll           
     4         322         23799.6         3.96099             0.5      Successful search (ES-ell)        
     4         323         23792.7         3.93623             0.5      Successful search (ES-ell)        
     4         324         21684.4         4.30336             0.5      Successful search (ES-ell)        
     4         331         21122.6         5.14204             0.5      Successful search (ES-ell)        
     4         332         20329.4         5.31932             0.5      Successful search (ES-ell)        
     4         334         19839.4           5.804             0.5      Successful search (ES-ell)        
     4         361         19754.5         6.18175               1        Successful poll           
     5         384         18415.4         5.98857               1        Successful poll           
     6         391         18498.8         28.8268               1      Successful search (ES-ell)        
     6         400         18485.9         32.5361               1      Successful search (ES-ell)        
     6         411         18407.1         33.8397               1      Successful search (ES-ell)        
     6         425         18390.8         20.8018               1      Successful search (ES-ell)        
     6         428         18381.8         16.1965               1      Successful search (ES-ell)        
     6         429         18318.6         20.8383               1      Successful search (ES-ell)        
     6         430         18261.7         32.8694               1      Successful search (ES-ell)        
     6         434         18255.2         22.0373               1      Successful search (ES-ell)        
     6         435         18229.1         21.9265               1      Successful search (ES-ell)        
     6         465         18229.1         21.9265             0.5          Refine grid             Train
     7         468         18243.4         28.0185             0.5      Successful search (ES-ell)        
     7         469         18225.2         28.5092             0.5      Successful search (ES-ell)        
     7         473         18196.9         26.0633             0.5      Successful search (ES-ell)        
     7         477         18195.3         23.0177             0.5      Successful search (ES-ell)        
     7         478         18131.1          23.389             0.5      Successful search (ES-ell)        
     7         482         18097.4         25.2011             0.5      Successful search (ES-ell)        
     7         483         18096.3         27.0043             0.5      Successful search (ES-ell)        
     7         489           18092         19.3243             0.5      Successful search (ES-ell)        
     7         490         18072.4         22.1568             0.5      Successful search (ES-ell)        
     7         494         18062.1         26.8279             0.5      Successful search (ES-ell)        
     7         501         18059.6         17.7239             0.5      Successful search (ES-ell)        
     7         502         18043.5         19.7396             0.5      Successful search (ES-ell)        
     7         508         18037.4         19.9497             0.5      Successful search (ES-ell)        
     7         511         18034.8         21.0492             0.5      Successful search (ES-ell)        
     7         513           18027         21.1311             0.5      Successful search (ES-ell)        
     7         516           18019         20.0376             0.5      Successful search (ES-ell)        
     7         521         18016.8         17.2575             0.5      Successful search (ES-ell)        
     7         523         17984.7         17.9093             0.5      Successful search (ES-ell)        
     7         564         17984.7         17.9093            0.25          Refine grid             
     8         566         18002.5         10.3707            0.25      Successful search (ES-ell)        
     8         567         17987.4         20.5929            0.25      Successful search (ES-ell)        
     8         611         17987.4         20.5929           0.125          Refine grid             
     9         613         18006.9         9.52056           0.125      Successful search (ES-ell)        
     9         614         18003.9         12.8058           0.125      Successful search (ES-ell)        
     9         618         17999.2         19.1654           0.125      Successful search (ES-wcm)        
     9         660         17999.2         19.1654          0.0625          Refine grid             Train
    10         661         18003.5         6.28109          0.0625      Successful search (ES-ell)        
    10         662           18001         8.08913          0.0625      Successful search (ES-ell)        
    10         668         17999.4         7.05322          0.0625      Successful search (ES-wcm)        
    10         670         17996.5         7.35119          0.0625      Successful search (ES-wcm)        
    10         673         17995.1         6.79471          0.0625      Successful search (ES-wcm)        
    10         678         17993.6          5.4175          0.0625      Successful search (ES-wcm)        
    10         723         17993.6          5.4175         0.03125          Refine grid             Train
    11         724         17998.1         9.89814         0.03125      Successful search (ES-wcm)        
    11         740         17996.4         4.75196         0.03125      Successful search (ES-wcm)        
    11         742         17996.3         4.73618         0.03125      Successful search (ES-ell)        
    11         743         17994.2         6.12381         0.03125      Successful search (ES-wcm)        
    11         744         17992.2         8.96254         0.03125      Successful search (ES-wcm)        
    11         747         17991.7         9.23116         0.03125      Successful search (ES-wcm)        
    11         750         17990.3          10.284         0.03125      Successful search (ES-wcm)        
    11         752         17988.8          9.4442         0.03125      Successful search (ES-ell)        
    11         753           17975         10.5056         0.03125      Successful search (ES-ell)        
    11         757         17961.9         6.94191         0.03125      Successful search (ES-ell)        
    11         758         17924.5         8.10994         0.03125      Successful search (ES-ell)        
    11         759         17917.5         9.13299         0.03125      Successful search (ES-ell)        
    11         801         17917.5         9.13299        0.015625          Refine grid             Train
    12         802         18004.4         5.27517        0.015625      Successful search (ES-ell)        
    12         803           18004         5.99356        0.015625      Successful search (ES-ell)        
    12         806         18003.4         5.91618        0.015625      Successful search (ES-ell)        
    12         807         18003.1          6.4644        0.015625      Successful search (ES-ell)        
    12         808         18000.9          7.5797        0.015625      Successful search (ES-ell)        
    12         828         17949.1         5.64542         0.03125        Successful poll           
    13         829         17880.6         6.74266         0.03125      Successful search (ES-ell)        
    13         830         17825.9         7.94995         0.03125      Successful search (ES-ell)        
    13         878         17825.9         7.94995        0.015625          Refine grid             Train
    14         879         18007.5         4.85769        0.015625      Successful search (ES-ell)        
    14         881         18006.7         4.80285        0.015625      Successful search (ES-ell)        
    14         882         18004.2         5.36268        0.015625      Successful search (ES-ell)        
    14         883           18003           6.789        0.015625      Successful search (ES-ell)        
    14         909         17924.7         13.8263         0.03125        Successful poll           Train
    15         910         17901.9         9.05966         0.03125      Successful search (ES-ell)        
    15         959         17901.9         9.05966        0.015625          Refine grid             Train
    16         996         18009.3         4.61964       0.0078125          Refine grid             Train
    17         997         18009.4          5.0432       0.0078125      Successful search (ES-ell)        
    17         998         18008.1         5.23626       0.0078125      Successful search (ES-ell)        
    17         999         18007.9         6.08585       0.0078125      Successful search (ES-ell)        
    17        1000         18003.4         7.61343       0.0078125      Successful search (ES-ell)        
    17        1002         18002.1         8.86866       0.0078125      Successful search (ES-ell)        
    17        1046         18002.1         8.86866      0.00390625          Refine grid             Train
    18        1047         18013.9         4.73532      0.00390625      Successful search (ES-wcm)        
    18        1048         18013.6         5.38734      0.00390625      Successful search (ES-wcm)        
    18        1049         18013.3         6.14215      0.00390625      Successful search (ES-wcm)        
    18        1050         18009.5         5.96153      0.00390625      Successful search (ES-wcm)        
    18        1051         18006.3         6.08662      0.00390625      Successful search (ES-ell)        
    18        1053         18001.9         6.59818      0.00390625      Successful search (ES-ell)        
    18        1096         18001.9         6.59818      0.00195312          Refine grid             
    19        1133         18012.4         4.57804     0.000976562          Refine grid             
Optimization terminated: change in the function value less than options['tol_mesh']
Estimated function value at minimum: 18013.62587031843 ± 2.278277373391842 (mean ± SEM from 100 samples)
BADS minimum at: x_min = [ 0.2846 19.3102  5.938   6.1948  0.3967  4.1845  4.7165  0.6824  5.9426
 19.8728  0.748   0.5318  0.5588], training NLL = 18013.6259
total f-count: 1233, time: 54.35 min

 Optimization Run 2/2
Initial params: [0.2778, 2.6337, 8.9503, 48.9834, 16.2247, 42.9836, 3.6769, 0.3878, 29.4166, 17.5683, 0.6399, 0.8315, 1.0969]
bads:TooCloseBounds: For each variable, hard and plausible bounds should not be too close. Moving plausible bounds.
Variables (index) internally transformed to log coordinates: [[0 0]
 [0 3]
 [0 4]
 [0 6]]
Beginning optimization of a STOCHASTIC objective function

 Iteration    f-count      E[f(x)]        SD[f(x)]           MeshScale          Method              Actions
     0           1         25167.2             nan               1                                  
     0          33         25048.9             nan               1          Initial mesh            Initial points
     0          47         25000.7         1.04687               1        Successful poll           Train
     1          49         24857.7         1.04644               1      Successful search (ES-wcm)        
     1          50         24807.2         1.04711               1      Successful search (ES-wcm)        
     1          53         24717.9         1.04132               1      Successful search (ES-wcm)        
     1          63         24713.4        0.749375               1      Successful search (ES-wcm)        
     1          65         24703.8        0.744908               1      Successful search (ES-ell)        
     1          73           24697        0.741826               1      Successful search (ES-wcm)        
     1         108           24697        0.741826             0.5          Refine grid             Train
     2         110           24695         3.36767             0.5      Successful search (ES-wcm)        
     2         142         24689.7         2.49264               1        Successful poll           Train
     3         144         24683.6         2.53391               1      Successful search (ES-ell)        
     3         145         24680.5         2.69155               1      Successful search (ES-ell)        
     3         156           24658         2.05491               1      Successful search (ES-ell)        
     3         202           24658         2.05491             0.5          Refine grid             Train
     4         203           24685          1.5822             0.5      Successful search (ES-ell)        
     4         204         24680.9          2.2755             0.5      Successful search (ES-ell)        
     4         205         24677.5         2.88262             0.5      Successful search (ES-ell)        
     4         250         24677.5         2.88262            0.25          Refine grid             
     5         251         24681.8        0.957897            0.25      Successful search (ES-ell)        
     5         254         24681.3         1.57858            0.25      Successful search (ES-wcm)        
     5         265         24680.8          1.6099            0.25      Successful search (ES-wcm)        
     5         267         24680.1         1.76742            0.25      Successful search (ES-wcm)        
     5         269         24679.3         2.01938            0.25      Successful search (ES-wcm)        
     5         271         24678.9         1.84715            0.25      Successful search (ES-wcm)        
     5         273           24678         1.36231            0.25      Successful search (ES-wcm)        
     5         312           24678         1.36231           0.125          Refine grid             
     6         313         24682.4        0.990656           0.125      Successful search (ES-wcm)        
     6         329         24679.3        0.531661           0.125      Successful search (ES-ell)        
     6         330         24673.6        0.549049           0.125      Successful search (ES-ell)        
     6         331         24668.3        0.593202           0.125      Successful search (ES-ell)        
     6         332         24663.3         0.64372           0.125      Successful search (ES-ell)        
     6         333         24657.8        0.859898           0.125      Successful search (ES-wcm)        
     6         334         24652.7         1.11396           0.125      Successful search (ES-wcm)        
     6         376         24652.7         1.11396          0.0625          Refine grid             Train
     7         377         24682.7        0.632297          0.0625      Successful search (ES-wcm)        
     7         378         24682.2           0.926          0.0625      Successful search (ES-wcm)        
     7         382           24682         1.00261          0.0625      Successful search (ES-wcm)        
     7         428           24682         1.00261         0.03125          Refine grid             Train
     8         429         24682.8        0.487397         0.03125      Successful search (ES-wcm)        
     8         430         24682.4        0.522061         0.03125      Successful search (ES-wcm)        
     8         431         24681.9        0.564943         0.03125      Successful search (ES-wcm)        
     8         432         24681.8        0.752009         0.03125      Successful search (ES-wcm)        
     8         434         24681.5        0.819493         0.03125      Successful search (ES-wcm)        
     8         435           24681        0.914437         0.03125      Successful search (ES-ell)        
     8         437         24680.9         0.97664         0.03125      Successful search (ES-ell)        
     8         480         24680.9         0.97664        0.015625          Refine grid             
     9         481           24683        0.458538        0.015625      Successful search (ES-wcm)        
     9         482         24682.9        0.449897        0.015625      Successful search (ES-wcm)        
     9         483         24682.5        0.486369        0.015625      Successful search (ES-wcm)        
     9         484         24682.2        0.578749        0.015625      Successful search (ES-wcm)        
     9         485         24681.8        0.867976        0.015625      Successful search (ES-wcm)        
     9         487         24677.8        0.745372        0.015625      Successful search (ES-ell)        
     9         488         24675.3        0.898803        0.015625      Successful search (ES-ell)        
     9         532         24675.3        0.898803       0.0078125          Refine grid             
    10         571         24683.2        0.527889      0.00390625          Refine grid             Train
    11         610         24683.3        0.480186     0.000976562          Refine grid             Train
Optimization terminated: change in the function value less than options['tol_mesh']
Estimated function value at minimum: 24682.5467009766 ± 0.317617036208107 (mean ± SEM from 100 samples)
BADS minimum at: x_min = [ 1.02200e-01  1.00570e+01  7.68060e+00  7.36127e+01  4.49368e+01
 -1.21471e+01  1.04000e-02  7.30000e-02  4.97378e+01  1.42378e+01
  9.71900e-01  6.23300e-01 -8.37900e-01], training NLL = 24682.5467
total f-count: 710, time: 31.34 min

 ------- Finish Optimization for Subject 20 ---------- 

 ------- Start Optimization for Subject 25 ---------- 

 Cross Validation fold 0/1

 -- Start Optimization: method BADS --

 Optimization Run 1/2
Initial params: [0.0016, 8.9891, 2.7985, 38.3699, 21.2029, 38.3689, 4.2536, 0.4344, 22.2739, 27.8707, 0.6147, 0.8587, -0.1606]
bads:InitialPointsTooClosePB: The starting points X0 are on or numerically too close to the hard bounds lower_bounds and upper_bounds. Moving the initial points more inside...
bads:TooCloseBounds: For each variable, hard and plausible bounds should not be too close. Moving plausible bounds.
bads:InitialPointsOutsidePB. The starting points X0 are not inside the provided plausible bounds (plausible_lower_bounds and plausible_upper_bounds). Expanding the plausible bounds...
Variables (index) internally transformed to log coordinates: [[0 0]
 [0 3]
 [0 4]
 [0 6]]
Beginning optimization of a STOCHASTIC objective function

 Iteration    f-count      E[f(x)]        SD[f(x)]           MeshScale          Method              Actions
     0           1         25018.4             nan               1                                  
     0          33         24171.9             nan               1          Initial mesh            Initial points
     0          34         24170.7         1.00003               1        Successful poll           Train
     1          38         24109.5        0.999912               1      Successful search (ES-ell)        
     1          43         24099.8        0.998186               1      Successful search (ES-ell)        
     1          47           24066        0.986827               1      Successful search (ES-ell)        
     1          54         24060.1         0.99144               1      Successful search (ES-ell)        
     1          62         24057.1         1.02314               1      Successful search (ES-ell)        
     1          63           24030         1.02338               1      Successful search (ES-ell)        
     1          67         23863.1          1.0229               1      Successful search (ES-ell)        
     1          68         23731.4         1.02306               1      Successful search (ES-ell)        
     1          71         23658.7         1.02258               1      Successful search (ES-ell)        
     1          73         23532.1         1.02231               1      Successful search (ES-ell)        
     1          80         23481.3        0.978017               1      Successful search (ES-ell)        
     1          81         23479.6          1.0033               1      Successful search (ES-ell)        
     1          82         23349.4         1.01573               1      Successful search (ES-ell)        
     1          86         23342.4        0.981797               1      Successful search (ES-ell)        
     1          89           23328         1.06273               1      Successful search (ES-wcm)        
     1          94         23302.4         1.05962               1      Successful search (ES-ell)        
     1          99         23291.4         1.04976               1      Successful search (ES-ell)        
     1         103         23277.4         1.05867               1      Successful search (ES-ell)        
     1         108         23272.1         1.02825               1      Successful search (ES-ell)        
     1         117         23246.5         6.50168               1      Successful search (ES-ell)        
     1         142         22742.9          5.8338               1        Successful poll           Train
     2         147           22292          8.5045               1      Successful search (ES-ell)        
     2         149         22165.9         8.55124               1      Successful search (ES-ell)        
     2         157           22079         8.69698               1      Successful search (ES-ell)        
     2         160         21597.9         8.62868               1      Successful search (ES-ell)        
     2         164         21594.2         8.40654               1      Successful search (ES-ell)        
     2         188         20338.7         9.52769               1        Successful poll           
     3         195         20262.4         8.70481               1      Successful search (ES-ell)        
     3         231         20211.1         13.4538               1        Successful poll           
     4         256           20189         11.9009               1        Successful poll           
     5         262         20043.6         25.0403               1      Successful search (ES-ell)        
     5         280         20038.8         12.3686               1      Successful search (ES-wcm)        
     5         286         19982.2         22.9067               1      Successful search (ES-ell)        
     5         288         19943.1         25.8498               1      Successful search (ES-wcm)        
     5         291         19896.1         23.6789               1      Successful search (ES-ell)        
     5         323         19896.1         23.6789             0.5          Refine grid             
     6         324         19943.8         26.4142             0.5      Successful search (ES-ell)        
     6         326         19940.1         18.9959             0.5      Successful search (ES-ell)        
     6         327         19905.7         26.1209             0.5      Successful search (ES-ell)        
     6         339         19884.5         25.0117             0.5      Successful search (ES-ell)        
     6         342         19851.7         24.4676             0.5      Successful search (ES-ell)        
     6         352         19830.3         22.2321             0.5      Successful search (ES-ell)        
     6         397         19830.3         22.2321            0.25          Refine grid             Train
     7         402         19819.4         12.3223            0.25      Successful search (ES-ell)        
     7         404         19817.2         13.5318            0.25      Successful search (ES-ell)        
     7         447         19817.2         13.5318           0.125          Refine grid             Train
     8         450         19825.7         9.35651           0.125      Successful search (ES-ell)        
     8         462         19824.4         20.2106           0.125      Successful search (ES-wcm)        
     8         511         19824.4         20.2106          0.0625          Refine grid             Train
     9         512         19830.1         8.21196          0.0625      Successful search (ES-ell)        
     9         513         19829.8         13.3294          0.0625      Successful search (ES-ell)        
     9         516         19823.3         14.1046          0.0625      Successful search (ES-wcm)        
     9         519           19821         14.7125          0.0625      Successful search (ES-wcm)        
     9         528         19814.5         8.59019          0.0625      Successful search (ES-wcm)        
     9         531         19813.6         7.21802          0.0625      Successful search (ES-ell)        
     9         532         19806.8         8.38761          0.0625      Successful search (ES-ell)        
     9         538         19804.4         11.6875          0.0625      Successful search (ES-ell)        
     9         577         19800.1         10.6001           0.125        Successful poll           Train
    10         582         19785.8         13.0696           0.125      Successful search (ES-wcm)        
    10         628         19785.8         13.0696          0.0625          Refine grid             
    11         629         19788.5         7.41716          0.0625      Successful search (ES-ell)        
    11         679         19788.5         7.41716         0.03125          Refine grid             
    12         680         19802.5         4.51454         0.03125      Successful search (ES-ell)        
    12         681         19798.6         7.33381         0.03125      Successful search (ES-ell)        
    12         683         19788.9         8.48966         0.03125      Successful search (ES-ell)        
    12         730         19788.9         8.48966        0.015625          Refine grid             Train
    13         731         19798.9          3.1014        0.015625      Successful search (ES-wcm)        
    13         732         19796.7         5.26375        0.015625      Successful search (ES-wcm)        
    13         733         19794.9         11.4121        0.015625      Successful search (ES-wcm)        
    13         735         19793.5          6.8989        0.015625      Successful search (ES-wcm)        
    13         739         19791.1         5.41219        0.015625      Successful search (ES-wcm)        
    13         753           19791         4.00292        0.015625      Successful search (ES-ell)        
    13         757         19790.7         4.11926        0.015625      Successful search (ES-wcm)        
    13         758         19783.4          5.5651        0.015625      Successful search (ES-ell)        
    13         759         19775.7          7.8931        0.015625      Successful search (ES-ell)        
    13         760         19774.8         12.2378        0.015625      Successful search (ES-ell)        
    13         761         19772.2         14.8101        0.015625      Successful search (ES-ell)        
    13         764         19772.2         9.69487        0.015625      Successful search (ES-wcm)        
    13         785         19750.9         10.8259         0.03125        Successful poll           
    14         786         19746.6         9.89576         0.03125      Successful search (ES-wcm)        
    14         787         19746.2          10.018         0.03125      Successful search (ES-wcm)        
    14         813         19598.4         10.8532          0.0625        Successful poll           Train
    15         830         19799.4         22.4049           0.125        Successful poll           Train
    16         832         19798.8          20.663           0.125      Successful search (ES-wcm)        
    16         833         19781.8         19.6344           0.125      Successful search (ES-wcm)        
    16         837         19776.1         19.7699           0.125      Successful search (ES-ell)        
    16         838         19775.1          19.928           0.125      Successful search (ES-ell)        
    16         840         19764.9         20.2984           0.125      Successful search (ES-ell)        
    16         842         19735.5         20.1432           0.125      Successful search (ES-ell)        
    16         882         19735.5         20.1432          0.0625          Refine grid             Train
    17         883         19764.5         12.2158          0.0625      Successful search (ES-ell)        
    17         886         19760.3         9.35441          0.0625      Successful search (ES-ell)        
    17         888         19759.9         9.87984          0.0625      Successful search (ES-ell)        
    17         934         19759.9         9.87984         0.03125          Refine grid             
    18         935         19776.7         15.8575         0.03125      Successful search (ES-wcm)        
    18         936         19746.9         20.8946         0.03125      Successful search (ES-wcm)        
    18         986         19746.9         20.8946        0.015625          Refine grid             
    19         987         19775.8          6.5173        0.015625      Successful search (ES-wcm)        
    19         989         19770.3          9.4884        0.015625      Successful search (ES-wcm)        
    19         990         19764.4          9.2494        0.015625      Successful search (ES-ell)        
    19        1038         19764.4          9.2494       0.0078125          Refine grid             
    20        1039         19775.2         3.31074       0.0078125      Successful search (ES-ell)        
    20        1040         19772.8          3.7575       0.0078125      Successful search (ES-ell)        
    20        1041         19769.6         5.24093       0.0078125      Successful search (ES-ell)        
    20        1042         19764.1         6.43131       0.0078125      Successful search (ES-ell)        
    20        1043         19756.4         8.70558       0.0078125      Successful search (ES-ell)        
    20        1090         19756.4         8.70558      0.00390625          Refine grid             Train
    21        1091         19778.9         3.91549      0.00390625      Successful search (ES-ell)        
    21        1092         19776.8         3.98964      0.00390625      Successful search (ES-ell)        
    21        1093         19774.5         4.06698      0.00390625      Successful search (ES-ell)        
    21        1095         19774.2         4.48547      0.00390625      Successful search (ES-wcm)        
    21        1096         19774.1         5.42624      0.00390625      Successful search (ES-wcm)        
    21        1098         19773.9         5.29137      0.00390625      Successful search (ES-ell)        
    21        1142         19773.9         5.29137      0.00195312          Refine grid             
    22        1144         19775.5         2.89865      0.00195312      Successful search (ES-ell)        
    22        1145         19774.1         2.76485      0.00195312      Successful search (ES-wcm)        
    22        1146         19772.3          2.7134      0.00195312      Successful search (ES-wcm)        
    22        1147         19770.2         2.85676      0.00195312      Successful search (ES-wcm)        
    22        1148         19767.3         3.51101      0.00195312      Successful search (ES-wcm)        
    22        1149         19761.7         4.61205      0.00195312      Successful search (ES-wcm)        
    22        1152         19760.4         4.66955      0.00195312      Successful search (ES-wcm)        
    22        1174         19757.5         3.71411      0.00390625        Successful poll           
    23        1175         19752.6         3.66842      0.00390625      Successful search (ES-wcm)        
    23        1176         19745.7          3.6394      0.00390625      Successful search (ES-wcm)        
    23        1178         19742.4         3.97894      0.00390625      Successful search (ES-wcm)        
    23        1180         19739.9            4.17      0.00390625      Successful search (ES-wcm)        
    23        1201         19725.4         4.18691       0.0078125        Successful poll           
    24        1203         19773.7         3.18316       0.0078125      Successful search (ES-wcm)        
    24        1204         19770.5         3.33374       0.0078125      Successful search (ES-ell)        
    24        1206         19769.7         3.50082       0.0078125      Successful search (ES-ell)        
    24        1253         19769.7         3.50082      0.00390625          Refine grid             
    25        1254         19771.4         3.17811      0.00390625      Successful search (ES-ell)        
    25        1255         19765.7         3.56636      0.00390625      Successful search (ES-ell)        
    25        1256         19760.2         4.44071      0.00390625      Successful search (ES-ell)        
    25        1257         19754.3         5.98382      0.00390625      Successful search (ES-ell)        
    25        1258           19752         8.23687      0.00390625      Successful search (ES-ell)        
    25        1259         19751.7         10.5752      0.00390625      Successful search (ES-ell)        
    25        1305         19751.7         10.5752      0.00195312          Refine grid             
    26        1306         19774.7         4.07942      0.00195312      Successful search (ES-ell)        
    26        1307           19774         4.21343      0.00195312      Successful search (ES-ell)        
    26        1310         19773.8         4.05628      0.00195312      Successful search (ES-ell)        
    26        1311         19773.6         4.32928      0.00195312      Successful search (ES-ell)        
    26        1312         19771.3         4.98098      0.00195312      Successful search (ES-ell)        
    26        1313         19768.6         5.65005      0.00195312      Successful search (ES-ell)        
    26        1341         19768.5         8.01511      0.00390625        Successful poll           Train
    27        1342         19764.6         3.93904      0.00390625      Successful search (ES-wcm)        
    27        1343         19760.8          4.7856      0.00390625      Successful search (ES-wcm)        
    27        1344         19756.4         6.27871      0.00390625      Successful search (ES-wcm)        
    27        1393         19756.4         6.27871      0.00195312          Refine grid             
    28        1394         19775.6         3.45925      0.00195312      Successful search (ES-wcm)        
    28        1395         19774.6         3.51037      0.00195312      Successful search (ES-wcm)        
    28        1396         19773.9         3.81546      0.00195312      Successful search (ES-wcm)        
    28        1397         19772.7         4.38845      0.00195312      Successful search (ES-wcm)        
    28        1399         19771.2          4.8924      0.00195312      Successful search (ES-wcm)        
    28        1445         19770.2         6.02898      0.00390625        Successful poll           
    29        1446         19776.2         2.57015      0.00390625      Successful search (ES-wcm)        
    29        1448         19775.2         2.94095      0.00390625      Successful search (ES-wcm)        
    29        1497         19775.2         2.94095      0.00195312          Refine grid             Train
    30        1498         19775.5         3.14451      0.00195312      Successful search (ES-wcm)        
    30        1499         19773.8         3.41729      0.00195312      Successful search (ES-ell)        
    30        1500         19772.2         4.06205      0.00195312      Successful search (ES-ell)        
    30        1501         19771.5          5.2669      0.00195312      Successful search (ES-ell)        
    30        1502         19764.8         6.41838      0.00195312      Successful search (ES-ell)        
    30        1503         19761.8         8.15527      0.00195312      Successful search (ES-wcm)        
    30        1549         19761.8         8.15527     0.000976562          Refine grid             Train
Optimization terminated: change in the function value less than options['tol_mesh']
Estimated function value at minimum: 19778.78130976056 ± 2.110902337168442 (mean ± SEM from 100 samples)
BADS minimum at: x_min = [ 1.0221  3.2557  5.1725 14.2716  2.3507  9.547   1.9148  0.1618 57.3507
  6.6449  0.3851  0.549   0.6372], training NLL = 19778.7813
total f-count: 1649, time: 75.67 min

 Optimization Run 2/2
Initial params: [1.0111, 3.7618, 8.1475, 41.0129, 30.8533, -11.722, 1.7193, 0.1181, 19.3431, 16.2301, 0.2267, 0.5327, 1.317]
bads:TooCloseBounds: For each variable, hard and plausible bounds should not be too close. Moving plausible bounds.
Variables (index) internally transformed to log coordinates: [[0 0]
 [0 3]
 [0 4]
 [0 6]]
Beginning optimization of a STOCHASTIC objective function

 Iteration    f-count      E[f(x)]        SD[f(x)]           MeshScale          Method              Actions
     0           1           25262             nan               1                                  
     0          33         24158.4             nan               1          Initial mesh            Initial points
     0          44           23403        0.999884               1        Successful poll           Train
     1          53         23382.6        0.971727               1      Successful search (ES-wcm)        
     1          55         23381.1        0.974645               1      Successful search (ES-wcm)        
     1          61         23374.3        0.952778               1      Successful search (ES-ell)        
     1          62         23347.9        0.952976               1      Successful search (ES-ell)        
     1          67         23337.3        0.946797               1      Successful search (ES-ell)        
     1          69         23331.6        0.932813               1      Successful search (ES-ell)        
     1          74         23324.3        0.934512               1      Successful search (ES-ell)        
     1          75         23319.6        0.950082               1      Successful search (ES-ell)        
     1          78         23299.6        0.940391               1      Successful search (ES-ell)        
     1          82           23298        0.866751               1      Successful search (ES-ell)        
     1          84         23297.4        0.952554               1      Incremental search (ES-ell)        
     1          86         23092.4        0.953199               1      Successful search (ES-ell)        
     1          95         23034.9         1.03617               1      Successful search (ES-ell)        
     1         115         23020.4         1.05725               1        Successful poll           Train
     2         118         22923.6         3.63445               1      Successful search (ES-ell)        
     2         157         22923.6         3.63445             0.5          Refine grid             Train
     3         160         22922.2         6.67816             0.5      Successful search (ES-ell)        
     3         161         22898.9          7.9863             0.5      Successful search (ES-ell)        
     3         205         22898.9          7.9863            0.25          Refine grid             Train
     4         206         22915.9         4.50261            0.25      Successful search (ES-ell)        
     4         207         22908.6         5.82889            0.25      Successful search (ES-ell)        
     4         209           22908         6.10291            0.25      Successful search (ES-ell)        
     4         210         22907.9         8.56281            0.25      Successful search (ES-ell)        
     4         212         22895.8         8.54659            0.25      Successful search (ES-ell)        
     4         213         22894.7         9.01224            0.25      Successful search (ES-ell)        
     4         253         22894.7         9.01224           0.125          Refine grid             
     5         254         22897.5         2.19612           0.125      Successful search (ES-ell)        
     5         255         22894.4         3.64797           0.125      Successful search (ES-ell)        
     5         256         22886.5          5.1195           0.125      Successful search (ES-ell)        
     5         257         22882.6         6.74473           0.125      Successful search (ES-ell)        
     5         258         22879.8         7.52744           0.125      Successful search (ES-ell)        
     5         259         22879.4         8.21198           0.125      Successful search (ES-ell)        
     5         261         22876.3         9.35379           0.125      Successful search (ES-ell)        
     5         264           22861         7.97235           0.125      Successful search (ES-ell)        
     5         267         22853.4         6.09067           0.125      Successful search (ES-ell)        
     5         313         22853.4         6.09067          0.0625          Refine grid             
     6         314         22855.5         1.73964          0.0625      Successful search (ES-ell)        
     6         315         22853.7         2.73078          0.0625      Successful search (ES-ell)        
     6         362         22852.6         2.77625           0.125        Successful poll           
     7         364           22851         3.81974           0.125      Successful search (ES-ell)        
     7         365           22851         5.24809           0.125      Successful search (ES-ell)        
     7         367         22850.2         5.33762           0.125      Successful search (ES-ell)        
     7         395         22726.3         1.97197            0.25        Successful poll           Train
     8         404         22816.3         3.06228            0.25      Successful search (ES-wcm)        
     8         405         22808.2         3.77969            0.25      Successful search (ES-wcm)        
     8         442         22808.2         3.77969           0.125          Refine grid             
     9         476         22854.5         1.79404         0.03125          Refine grid             
    10         477         22855.1         1.30904         0.03125      Successful search (ES-wcm)        
    10         478         22851.9         1.51073         0.03125      Successful search (ES-wcm)        
    10         479           22848         2.45269         0.03125      Successful search (ES-wcm)        
    10         525           22848         2.45269        0.015625          Refine grid             Train
    11         526         22854.6         1.07339        0.015625      Successful search (ES-wcm)        
    11         527         22852.1         1.16502        0.015625      Successful search (ES-wcm)        
    11         528         22850.1         1.60334        0.015625      Successful search (ES-wcm)        
    11         530         22845.8         1.62276        0.015625      Successful search (ES-ell)        
    11         531         22838.1         1.73451        0.015625      Successful search (ES-ell)        
    11         532           22830         2.05177        0.015625      Successful search (ES-ell)        
    11         533           22827         3.32523        0.015625      Successful search (ES-ell)        
    11         534         22825.5         4.00849        0.015625      Successful search (ES-ell)        
    11         574         22825.5         4.00849       0.0078125          Refine grid             
    12         611         22856.9         1.33633      0.00390625          Refine grid             
    13         612         22857.1         1.56183      0.00390625      Successful search (ES-ell)        
    13         613         22856.3         1.55776      0.00390625      Successful search (ES-ell)        
    13         614         22855.5         1.57893      0.00390625      Successful search (ES-ell)        
    13         615         22855.1         1.62998      0.00390625      Successful search (ES-ell)        
    13         616           22854         1.84511      0.00390625      Successful search (ES-wcm)        
    13         617         22853.9           2.211      0.00390625      Successful search (ES-wcm)        
    13         618         22853.8         2.29904      0.00390625      Successful search (ES-ell)        
    13         619         22852.9         2.59271      0.00390625      Successful search (ES-ell)        
    13         620         22852.2         3.39152      0.00390625      Successful search (ES-ell)        
    13         621           22850         3.96529      0.00390625      Successful search (ES-ell)        
    13         622         22848.4         4.70164      0.00390625      Successful search (ES-ell)        
    13         623         22846.1         5.47281      0.00390625      Successful search (ES-ell)        
    13         661         22846.1         5.47281      0.00195312          Refine grid             Train
    14         662         22854.8          1.3605      0.00195312      Successful search (ES-ell)        
    14         663         22854.3         1.34866      0.00195312      Successful search (ES-ell)        
    14         664         22853.8         1.34449      0.00195312      Successful search (ES-ell)        
    14         665           22853         1.35592      0.00195312      Successful search (ES-ell)        
    14         666         22852.7         1.35048      0.00195312      Successful search (ES-wcm)        
    14         713         22852.7         1.35048     0.000976562          Refine grid             Train
Optimization terminated: change in the function value less than options['tol_mesh']
Estimated function value at minimum: 22856.80505549871 ± 0.9655564448584251 (mean ± SEM from 100 samples)
BADS minimum at: x_min = [ 1.80000e-03  4.10880e+00  4.13480e+00  9.44900e-01  3.04530e+00
 -9.00845e+01  4.10300e-01  3.38000e-02  4.15340e+00  9.13910e+00
  6.49900e-01  4.77700e-01  5.65700e-01], training NLL = 22856.8051
total f-count: 813, time: 36.67 min

 ------- Finish Optimization for Subject 25 ---------- 
Wed Jul 29 11:33:07 2026       
+---------------------------------------------------------------------------------------+
| NVIDIA-SMI 535.113.01             Driver Version: 535.113.01   CUDA Version: 12.2     |
|-----------------------------------------+----------------------+----------------------+
| GPU  Name                 Persistence-M | Bus-Id        Disp.A | Volatile Uncorr. ECC |
| Fan  Temp   Perf          Pwr:Usage/Cap |         Memory-Usage | GPU-Util  Compute M. |
|                                         |                      |               MIG M. |
|=========================================+======================+======================|
|   0  NVIDIA L40S                    On  | 00000000:21:00.0 Off |                    0 |
| N/A   43C    P0              86W / 350W |      3MiB / 46068MiB |      7%      Default |
|                                         |                      |                  N/A |
+-----------------------------------------+----------------------+----------------------+
                                                                                         
+---------------------------------------------------------------------------------------+
| Processes:                                                                            |
|  GPU   GI   CI        PID   Type   Process name                            GPU Memory |
|        ID   ID                                                             Usage      |
|=======================================================================================|
|  No running processes found                                                           |
+---------------------------------------------------------------------------------------+
----------------------------------------
Start job epilogue Wed Jul 29 11:33:07 CEST 2026
----------------------------------------
Job ID:          54408690
Job Exit Code:   0:0
Username:        wenlou
Group:           mpla
Queue:           gpu
Compute nodes:   dccn-c087
Asked resources: walltime=1-00:00:00,nodes=1,cpus=8,mem=2G
Used resources:  cputime=5-07:28:56,walltime=15:56:07,memory=0
----------------------------------------
End job epilogue Wed Jul 29 11:33:07 CEST 2026
----------------------------------------
