0.958671105964916,0.0413288940350838
0.884773149562902,0.115226850437098
0.86971102046713,0.13028897953287
0.93141804978053,0.0685819502194704
0.96165099139964,0.0383490086003597
0.958476148263943,0.0415238517360574
0.960741504064634,0.0392584959353665
0.878128288438443,0.121871711561557
0.939630142285749,0.0603698577142509
0.897937255796146,0.102062744203854
0.959307947707584,0.0406920522924159
0.622370802770064,0.377629197229936
0.634485235809315,0.365514764190685
0.950446035211786,0.0495539647882142
0.961570205595192,0.0384297944048084
0.96019504429399,0.0398049557060098
0.946106236836382,0.0538937631636182
0.948543908177675,0.0514560918223249
0.960016825797372,0.0399831742026282
0.933185166296555,0.0668148337034445
0.956765066549598,0.0432349334504017
0.960844557605135,0.039155442394865
0.954403715601985,0.0455962843980151
0.94870637489737,0.0512936251026301
0.865985534040634,0.134014465959366
0.961048943103088,0.0389510568969118
0.943213946483968,0.0567860535160325
0.934907090457664,0.0650929095423359
0.943499289785731,0.0565007102142689
0.927386366174286,0.0726136338257135
0.961607706315733,0.0383922936842668
0.955253202951204,0.044746797048796
0.302083555102705,0.697916444897295
0.74044416406228,0.25955583593772
0.889754087370601,0.110245912629399
0.951420302522919,0.048579697477081
0.961320282770732,0.0386797172292682
0.927742723070438,0.0722572769295615
0.953053511540315,0.046946488459685
0.960620321664542,0.0393796783354575
0.947331247722972,0.0526687522770278
0.961405684114937,0.0385943158850633
0.847744487902002,0.152255512097998
0.95764259364859,0.0423574063514103
0.907079160625065,0.0929208393749349
0.958566809502616,0.0414331904973845
0.945149359248618,0.054850640751382
0.940585542039035,0.059414457960965
0.955149407362723,0.0448505926372772
0.47438686402899,0.52561313597101
0.892887974659722,0.107112025340278
0.83072996034339,0.16927003965661
0.499481708746155,0.500518291253845
0.928408715140731,0.0715912848592694
0.85876332556196,0.14123667443804
0.960161745893204,0.0398382541067958
0.961607557580596,0.038392442419404
0.911137944865949,0.0888620551340514
0.96105641239391,0.0389435876060898
0.957442511552178,0.042557488447822
0.960637153848828,0.0393628461511719
0.846635123041451,0.153364876958549
0.961302111382601,0.0386978886173989
0.960790387894005,0.0392096121059949
0.942968397583957,0.0570316024160427
0.961286241359974,0.0387137586400265
0.916136831402887,0.0838631685971126
0.955663237644808,0.0443367623551925
0.789882964605372,0.210117035394628
0.89944878486404,0.10055121513596
0.960459047632732,0.0395409523672684
0.892387920203357,0.107612079796643
0.869464886151236,0.130535113848764
0.875028089348163,0.124971910651837
0.937895564100976,0.0621044358990237
0.958349003769106,0.0416509962308939
0.948540752996007,0.0514592470039927
0.691245519030468,0.308754480969532
0.930171951337838,0.069828048662162
0.953712246052431,0.0462877539475693
0.961477645186421,0.0385223548135794
0.960363200461856,0.0396367995381441
0.959869803881428,0.0401301961185719
0.8949981909287,0.1050018090713
0.932648182758269,0.0673518172417309
0.813660874228058,0.186339125771942
0.949004431001147,0.0509955689988528
0.93589177646657,0.06410822353343
0.86826359860234,0.13173640139766
0.86231717723121,0.13768282276879
0.941591463907335,0.0584085360926646
0.91269908113934,0.0873009188606598
0.946829405410037,0.053170594589963
0.943362021098571,0.0566379789014287
0.950195572727719,0.049804427272281
0.960250351700459,0.0397496482995413
0.96096578349143,0.0390342165085703
0.934161399446723,0.0658386005532768
0.927140995160738,0.0728590048392621
0.959548267702171,0.0404517322978292
0.888956191239182,0.111043808760818
0.751173946375747,0.248826053624253
0.948732227971901,0.0512677720280992
0.919938804996128,0.0800611950038722
0.804273200732917,0.195726799267083
0.960403418502466,0.0395965814975339
0.960005014008619,0.0399949859913808
0.946626338667132,0.0533736613328681
0.96133869077768,0.0386613092223196
0.385102799809873,0.614897200190127
0.743243818605765,0.256756181394235
0.864505951991959,0.135494048008041
0.602959790591384,0.397040209408616
0.773715617419969,0.226284382580031
0.949022057321017,0.0509779426789835
0.195433488152303,0.804566511847697
0.880701702700822,0.119298297299178
0.805678783906359,0.194321216093641
0.630385058455659,0.369614941544341
0.950593641180613,0.0494063588193866
0.949477456522862,0.0505225434771377
0.952070893023411,0.0479291069765887
0.89638522222189,0.10361477777811
0.6942718001961,0.3057281998039
0.950223944862229,0.0497760551377712
0.888765963988861,0.111234036011139
0.916971823890501,0.0830281761094993
0.953849502177042,0.0461504978229584
0.948628001223981,0.0513719987760186
0.924571522796095,0.0754284772039046
0.708822200656746,0.291177799343254
0.925592586339868,0.0744074136601321
0.885378724047545,0.114621275952455
0.792893930696552,0.207106069303448
0.910765500945076,0.0892344990549239
0.619959022678668,0.380040977321332
0.635187205901427,0.364812794098573
0.951166928402954,0.0488330715970462
0.894067964026715,0.105932035973285
0.924431508774996,0.0755684912250043
0.961494039924014,0.0385059600759855
0.95366357562107,0.04633642437893
0.755615535611455,0.244384464388545
0.891974941894962,0.108025058105038
0.931082727166252,0.0689172728337477
0.93681296479384,0.0631870352061599
0.415100907240618,0.584899092759382
0.95194477434208,0.0480552256579204
0.955357038083255,0.0446429619167452
0.896292861010273,0.103707138989727
0.348288933089506,0.651711066910494
0.949152113908096,0.0508478860919044
0.859268185859209,0.140731814140791
0.756326931119666,0.243673068880334
0.936992575220218,0.0630074247797823
0.645886706582006,0.354113293417994
0.927207919346884,0.0727920806531162
0.700091484014429,0.299908515985571
0.836772609605354,0.163227390394646
0.872192937446675,0.127807062553325
0.961703623951128,0.038296376048872
0.782233523027276,0.217766476972724
0.936514136683132,0.0634858633168685
0.956631416973358,0.0433685830266419
0.960482100670676,0.0395178993293243
0.861885685331144,0.138114314668856
0.835758378308511,0.164241621691489
0.961713914113041,0.0382860858869589
0.88646737616228,0.11353262383772
0.942910489603765,0.057089510396235
0.863127930690584,0.136872069309416
0.961721016911849,0.0382789830881508
0.802572250504752,0.197427749495248
0.924704489425643,0.0752955105743568
0.170513411766629,0.829486588233371
0.958876709235853,0.0411232907641469
0.940164829759475,0.0598351702405245
0.946203818571003,0.0537961814289974
0.461821546670519,0.538178453329481
0.422702470331649,0.577297529668351
0.934172252703168,0.0658277472968321
0.848678678045453,0.151321321954547
0.149615885094536,0.850384114905464
0.869969892630036,0.130030107369964
0.884776054760081,0.115223945239919
0.961298097817587,0.0387019021824133
0.957171744278217,0.0428282557217827
0.496453680531662,0.503546319468338
0.185642618737396,0.814357381262604
0.856023611573848,0.143976388426152
0.92578904563418,0.0742109543658203
0.937559115984107,0.0624408840158931
0.624367212942328,0.375632787057672
0.220060901120152,0.779939098879848
0.612860374155388,0.387139625844612
0.457391222069739,0.542608777930261
0.765660114301651,0.234339885698349
0.959507042589225,0.0404929574107749
0.959855540718807,0.0401444592811926
0.403964800501977,0.596035199498023
0.568082269017685,0.431917730982315
0.933316778759422,0.0666832212405777
0.95928703610987,0.0407129638901303
0.240157463350161,0.759842536649839
0.924321464887298,0.0756785351127024
0.894701561109312,0.105298438890688
0.662591750570765,0.337408249429235
0.467537915972726,0.532462084027274
0.197591247810423,0.802408752189577
0.853532961031579,0.146467038968421
0.65193084057582,0.34806915942418
0.893146248478961,0.106853751521039
0.814840042318927,0.185159957681073
0.420773927822131,0.579226072177869
0.442393037572366,0.557606962427634
0.112292505949295,0.887707494050705
0.557463571715044,0.442536428284956
0.631838547581772,0.368161452418228
0.931512101511866,0.0684878984881341
0.843779410364185,0.156220589635815
0.852192916247347,0.147807083752653
0.900657824719736,0.0993421752802643
0.000763871324780045,0.99923612867522
0.812746196373938,0.187253803626062
0.0215681530395047,0.978431846960495
0.55996398171561,0.44003601828439
0.362940455105024,0.637059544894976
0.71553342428798,0.28446657571202
0.602510413983549,0.397489586016451
0.731102823504575,0.268897176495425
0.872560063021723,0.127439936978277
0.400374498225868,0.599625501774132
0.884321879750827,0.115678120249173
0.95623901818539,0.0437609818146097
0.655385293830414,0.344614706169586
0.960948748175291,0.0390512518247088
0.128930524028943,0.871069475971057
0.222991541836839,0.777008458163161
0.0189548880546698,0.98104511194533
0.853562157370988,0.146437842629012
0.961710025419308,0.0382899745806919
0.215065796862264,0.784934203137736
0.790614655672204,0.209385344327796
0.0711966794692578,0.928803320530742
0.000949950668023136,0.999050049331977
0.504027270171783,0.495972729828217
0.848043466350404,0.151956533649596
0.788125355204187,0.211874644795813
0.341918162856076,0.658081837143924
0.858452609822797,0.141547390177203
0.900779051294529,0.0992209487054708
0.659731306103015,0.340268693896985
0.0202829338474845,0.979717066152516
0.221843641425951,0.778156358574049
0.683870394274157,0.316129605725843
0.895183912810575,0.104816087189425
0.534154550517189,0.465845449482811
0.141994551458734,0.858005448541266
0.892732625915712,0.107267374084288
0.703274000496562,0.296725999503438
0.275891587504364,0.724108412495636
0.196729421689834,0.803270578310166
0.578323862801976,0.421676137198024
0.347734447262371,0.652265552737629
0.841215798049147,0.158784201950853
0.846827983373126,0.153172016626874
0.306192606988695,0.693807393011305
0.397243076459941,0.602756923540059
0.139206769577117,0.860793230422883
0.455238448690464,0.544761551309536
0.716611631212916,0.283388368787084
0.717010728763495,0.282989271236505
0.450104329335384,0.549895670664616
0.639565104001823,0.360434895998177
0.47065961477902,0.52934038522098
0.573872158585139,0.426127841414861
0.0271920684429251,0.972807931557075
0.769517486372219,0.230482513627781
0.83327445074481,0.16672554925519
0.925330178426622,0.0746698215733779
0.5995675000637,0.4004324999363
0.924747581206262,0.0752524187937385
0.739932947616827,0.260067052383173
0.607176492298047,0.392823507701953
0.910161710567221,0.0898382894327786
0.533739901605151,0.466260098394849
0.915822176818475,0.0841778231815249
0.84718350966138,0.15281649033862
0.353807301902785,0.646192698097215
0.839270962027664,0.160729037972336
0.905890826627813,0.0941091733721866
0.681944775374645,0.318055224625355
0.435939773547108,0.564060226452892
0.949630856445685,0.0503691435543152
0.566640707437922,0.433359292562078
0.954712609523326,0.0452873904766735
0.902016280518616,0.0979837194813844
0.686777719738272,0.313222280261728
0.659153744101281,0.340846255898719
0.624163005532973,0.375836994467027
0.170283930538512,0.829716069461488
4.72710544398425e-05,0.99995272894556
0.307143538222408,0.692856461777593
0.440521640691896,0.559478359308104
0.0619429401405525,0.938057059859447
0.661690337072178,0.338309662927822
0.467740055731803,0.532259944268197
0.761067732724891,0.238932267275109
0.758300779878041,0.241699220121959
0.0928236278140195,0.90717637218598
0.0420618899457411,0.957938110054259
0.0733010266941668,0.926698973305833
0.397185446810151,0.602814553189849
0.902707470584135,0.097292529415865
0.77842881783008,0.22157118216992
0.613456874402618,0.386543125597382
0.302072345625412,0.697927654374588
0.159447967933392,0.840552032066608
0.0528592985784407,0.947140701421559
0.714447512001422,0.285552487998578
0.0101003458723281,0.989899654127672
0.0523100575678228,0.947689942432177
0.2633460791474,0.7366539208526
0.149594061194852,0.850405938805148
0.387560340224464,0.612439659775536
0.730195986635871,0.269804013364129
0.476128658188144,0.523871341811856
0.157065989939788,0.842934010060212
0.835450474132317,0.164549525867683
0.625212897493224,0.374787102506776
0.673381883925043,0.326618116074957
0.809857259157321,0.190142740842679
0.000606327628538386,0.999393672371462
0.16918311136268,0.83081688863732
0.349691074380977,0.650308925619023
0.899380524729167,0.100619475270833
0.357630174180817,0.642369825819183
0.373729571032631,0.626270428967369
0.77093148425858,0.22906851574142
0.46456759319235,0.53543240680765
0.40052087608124,0.59947912391876
0.0932024041699778,0.906797595830022
0.0901996841313271,0.909800315868673
0.785737327983877,0.214262672016123
0.387594243736546,0.612405756263454
0.086970541150119,0.913029458849881
0.333997820654158,0.666002179345842
0.02383138006721,0.97616861993279
0.104661188949198,0.895338811050802
0.824527711938984,0.175472288061016
0.945695712823953,0.0543042871760469
0.0654465816767069,0.934553418323293
0.94108075366624,0.0589192463337597
0.198732010330378,0.801267989669622
0.00201587308048718,0.997984126919513
0.208229607529981,0.791770392470019
0.533091911953067,0.466908088046933
0.226136164968022,0.773863835031978
0.434348869739694,0.565651130260306
0.241865177478142,0.758134822521858
0.00654634703229254,0.993453652967707
0.598037980409715,0.401962019590285
0.00451175478572229,0.995488245214278
0.0599439130015398,0.94005608699846
0.680508184095036,0.319491815904964
0.746910248712515,0.253089751287485
0.796946028019746,0.203053971980254
0.599947586637744,0.400052413362256
0.143629785886188,0.856370214113812
0.888303167197738,0.111696832802262
0.588169421607857,0.411830578392143
0.0152839268675597,0.98471607313244
0.830871863668759,0.169128136331241
0.0809736672237998,0.9190263327762
0.66804377096907,0.33195622903093
0.873650370398667,0.126349629601333
0.130569964050362,0.869430035949638
0.0821034980668978,0.917896501933102
0.15887963082003,0.84112036917997
0.0911867047341912,0.908813295265809
0.00285623563062315,0.997143764369377
0.684472748751959,0.315527251248041
0.754291554731661,0.245708445268339
0.058058292277111,0.941941707722889
0.033886333543884,0.966113666456116
0.00172720652235502,0.998272793477645
0.414851380161231,0.585148619838769
0.486746628276793,0.513253371723207
0.0445934315038848,0.955406568496115
0.701647163924714,0.298352836075286
0.010426252157464,0.989573747842536
0.067426637466146,0.932573362533854
0.478533202967517,0.521466797032483
0.0358811440016501,0.96411885599835
0.118342139550455,0.881657860449545
0.795357156685169,0.204642843314831
0.0157529017410194,0.984247098258981
0.330732332810057,0.669267667189943
0.0510548580511267,0.948945141948873
0.560686783809223,0.439313216190777
0.952423257800074,0.0475767421999265
0.961263599269867,0.0387364007301328
0.718322136053483,0.281677863946517
0.857545131068837,0.142454868931163
0.951550322499863,0.0484496775001365
0.952041007338295,0.0479589926617047
0.88395514200105,0.11604485799895
0.916906852244528,0.0830931477554725
0.958968296568048,0.0410317034319524
0.959359352166977,0.0406406478330229
0.961118170380867,0.038881829619133
0.958064051353151,0.0419359486468488
0.959784376297765,0.0402156237022349
0.957253677038359,0.0427463229616414
0.912855509732776,0.0871444902672244
0.926018199941228,0.073981800058772
0.955354085792614,0.0446459142073864
0.871173254926498,0.128826745073502
0.960960973340509,0.0390390266594908
0.546039355155842,0.453960644844158
0.960433562877902,0.039566437122098
0.961323583865641,0.0386764161343592
0.924576104490419,0.0754238955095814
0.959639410456449,0.040360589543551
0.857054724006051,0.142945275993949
0.941562103218237,0.0584378967817635
0.928812853948119,0.0711871460518811
0.953408377082632,0.046591622917368
0.913825829368123,0.0861741706318767
0.947984645515316,0.052015354484684
0.956199509559416,0.0438004904405844
0.948410873863623,0.0515891261363771
0.89469022391165,0.10530977608835
0.957105290242844,0.0428947097571559
0.943351330566564,0.0566486694334358
0.955276969851186,0.0447230301488141
0.889796636929093,0.110203363070907
0.95947991401359,0.0405200859864101
0.959101961574965,0.0408980384250351
0.950618666547614,0.049381333452386
0.76236432587443,0.23763567412557
0.887514012916009,0.112485987083991
0.951234011423146,0.0487659885768537
0.960414739253918,0.0395852607460817
0.945292036771363,0.054707963228637
0.948771311593984,0.0512286884060158
0.958960428825415,0.0410395711745848
0.961310628082468,0.0386893719175324
0.938244274202805,0.0617557257971948
0.949970041346134,0.0500299586538658
0.96087882410684,0.0391211758931597
0.94195973685909,0.0580402631409098
0.961200670379533,0.0387993296204666
0.916388221921979,0.0836117780780213
0.930190498431382,0.0698095015686184
0.922428638559699,0.0775713614403013
0.952418997948047,0.0475810020519535
0.942104205024238,0.0578957949757618
0.959450622310279,0.0405493776897212
0.923907797087847,0.0760922029121527
0.960982935305367,0.0390170646946327
0.961213662112876,0.0387863378871236
0.929792026142038,0.0702079738579617
0.956950391310477,0.0430496086895227
0.830660952689582,0.169339047310418
0.622587157532927,0.377412842467073
0.900521772300017,0.0994782276999834
0.949528596469643,0.0504714035303573
0.955760640577141,0.0442393594228592
0.959764992696506,0.0402350073034938
0.657763144585442,0.342236855414558
0.954155897060156,0.0458441029398436
0.959173228551049,0.0408267714489512
0.951315398911203,0.0486846010887972
0.960552549252137,0.0394474507478632
0.958452949826538,0.0415470501734621
0.955401409591995,0.0445985904080053
0.961140702446319,0.0388592975536812
0.954929197977167,0.0450708020228333
0.958950357827722,0.0410496421722784
0.893651447525259,0.106348552474741
0.84411174677734,0.15588825322266
0.944878389522181,0.0551216104778187
0.953492619553215,0.0465073804467855
0.936087447586186,0.0639125524138142
0.961096061007253,0.0389039389927466
0.958021626505676,0.0419783734943239
0.960789870193739,0.0392101298062606
0.949485792117079,0.0505142078829213
0.961183214773301,0.0388167852266988
0.961201958441707,0.0387980415582931
0.959344072389564,0.0406559276104357
0.95030976347251,0.0496902365274902
0.935886450711521,0.0641135492884789
0.911802570951297,0.088197429048703
0.959215350819083,0.0407846491809173
0.960276724007066,0.0397232759929336
0.960045036693262,0.0399549633067382
0.9347999725386,0.0652000274614002
0.956163151172411,0.0438368488275889
0.958979713472805,0.0410202865271946
0.916276384258048,0.0837236157419521
0.661496247710689,0.338503752289311
0.820130608576623,0.179869391423377
0.898302184074995,0.101697815925005
0.914073629224681,0.0859263707753187
0.950255768572968,0.0497442314270315
0.510270374191418,0.489729625808582
0.832821490785424,0.167178509214576
0.961020194463671,0.0389798055363292
0.960210826616704,0.039789173383296
0.958292276278525,0.0417077237214751
0.877089244430472,0.122910755569528
0.0600690362996185,0.939930963700382
0.92912379036566,0.0708762096343405
0.955110190661942,0.0448898093380575
0.49714766551939,0.50285233448061
0.844291643292792,0.155708356707208
0.925565452710118,0.0744345472898817
0.9477568318521,0.0522431681479001
0.951044603850238,0.0489553961497619
0.951683595127441,0.0483164048725594
0.959345595984072,0.0406544040159278
0.78770325790152,0.21229674209848
0.867374073963498,0.132625926036502
0.939326617552318,0.0606733824476819
0.857582441245141,0.142417558754859
0.637923632834037,0.362076367165963
0.87769832116055,0.12230167883945
0.9586265724518,0.0413734275482001
0.949785570703661,0.0502144292963392
0.960907433083332,0.0390925669166676
0.860646166459077,0.139353833540923
0.937974515998471,0.0620254840015293
0.960256831706598,0.0397431682934017
0.904125675419636,0.0958743245803643
0.941460110805398,0.0585398891946016
0.955086193210676,0.0449138067893242
0.955409133125516,0.0445908668744839
0.919260284805188,0.0807397151948119
0.944515235737785,0.0554847642622152
0.826710572986613,0.173289427013387
0.944962328578173,0.055037671421827
0.739966331832905,0.260033668167095
0.933268668413813,0.0667313315861867
0.943463846379755,0.0565361536202452
0.720344725249819,0.279655274750181
0.955227827982206,0.0447721720177944
0.961266376546572,0.0387336234534279
0.960165042593668,0.0398349574063325
0.854520497395149,0.145479502604851
0.925991622535166,0.074008377464834
0.882962628170899,0.117037371829101
0.958890061708527,0.0411099382914727
0.960490085710451,0.0395099142895491
0.861714716978656,0.138285283021344
0.958263527726315,0.0417364722736846
0.932631641216151,0.0673683587838494
0.955689146376436,0.044310853623564
0.949559521967785,0.0504404780322154
0.725362068517068,0.274637931482932
0.95793548384634,0.04206451615366
0.9452470886302,0.0547529113697995
0.768415725716462,0.231584274283538
0.953511212642597,0.0464887873574032
0.928807985427587,0.0711920145724125
0.788481259131509,0.211518740868491
0.588265327967248,0.411734672032752
0.961354867961797,0.038645132038203
0.578392689394505,0.421607310605495
0.947741286610285,0.0522587133897146
0.954914803620684,0.0450851963793159
0.948174608235943,0.051825391764057
0.69266199410382,0.30733800589618
0.947291041747083,0.0527089582529172
0.955614387806312,0.0443856121936879
0.924838487304821,0.0751615126951791
0.959808314717983,0.0401916852820167
0.959829654281542,0.0401703457184582
0.961286008979243,0.0387139910207566
0.960616099493009,0.0393839005069911
0.961321147535046,0.0386788524649544
0.959644903354862,0.0403550966451384
0.935284714703953,0.0647152852960472
0.960840854663945,0.0391591453360546
0.956976723668734,0.043023276331266
0.60100619767639,0.39899380232361
0.94924136033683,0.0507586396631703
0.862039304154628,0.137960695845372
0.961186659954198,0.0388133400458018
0.959702356198915,0.0402976438010846
0.94595431967543,0.0540456803245699
0.961016894700401,0.0389831052995991
0.958835203782387,0.0411647962176132
0.955235688308436,0.0447643116915637
0.960036404131588,0.0399635958684119
0.960862941904153,0.0391370580958468
0.949826989017769,0.0501730109822306
0.958868352802918,0.0411316471970817
0.953061816135776,0.0469381838642239
0.892577245940629,0.107422754059371
0.816375636846765,0.183624363153235
0.94212995313571,0.0578700468642896
0.684426560989159,0.315573439010841
0.812828836670715,0.187171163329285
0.958054798028953,0.041945201971047
0.761152760759259,0.238847239240741
0.592482453060725,0.407517546939275
0.823536674992998,0.176463325007002
0.704879456507961,0.295120543492039
0.960417974492981,0.0395820255070186
0.950662994151809,0.0493370058481909
0.942240697536025,0.0577593024639753
0.897254054177977,0.102745945822023
0.812554161952214,0.187445838047786
0.929027364524108,0.0709726354758924
0.908614713013427,0.0913852869865729
0.848116629511632,0.151883370488368
0.9472233869396,0.0527766130604005
0.929286582518736,0.0707134174812645
0.720644872828453,0.279355127171547
0.241900911040504,0.758099088959496
0.887961200025559,0.112038799974441
0.889897781727967,0.110102218272033
0.961363393009517,0.0386366069904833
0.907533248408863,0.092466751591137
0.882722233036009,0.117277766963991
0.927716197421457,0.0722838025785431
0.950384090860557,0.0496159091394426
0.916245971618339,0.0837540283816609
0.960766407812261,0.0392335921877389
0.947063425162499,0.0529365748375007
0.92902743205214,0.0709725679478598
0.936439372917349,0.0635606270826509
0.94698367382576,0.0530163261742399
0.649622974299149,0.350377025700851
0.853959974311893,0.146040025688107
0.818219456004172,0.181780543995828
0.623432773370264,0.376567226629736
0.894086940017776,0.105913059982224
0.959195137726412,0.0408048622735884
0.874616796633005,0.125383203366995
0.853130459664889,0.146869540335111
0.710957327227092,0.289042672772908
0.915420334061356,0.0845796659386439
0.952134141758649,0.0478658582413508
0.936007953865962,0.0639920461340379
0.942468832643932,0.0575311673560681
0.807955884304059,0.192044115695941
0.87378559716128,0.12621440283872
0.930415823787589,0.069584176212411
0.546686840294175,0.453313159705825
0.791245700146218,0.208754299853782
0.90892033741479,0.0910796625852097
0.947835166128622,0.0521648338713778
0.949971874841957,0.0500281251580432
0.945578014483776,0.0544219855162237
0.960659884610119,0.0393401153898806
0.931164859282588,0.0688351407174118
0.950764481685158,0.0492355183148421
0.928062873876696,0.0719371261233043
0.243264498220855,0.756735501779145
0.933933212881523,0.066066787118477
0.891236031588285,0.108763968411715
0.924117299862263,0.0758827001377369
0.000128593392355905,0.999871406607644
0.0603690535161707,0.939630946483829
0.865545831351693,0.134454168648307
0.184964975180811,0.815035024819189
0.944377573056366,0.055622426943634
0.958002961635666,0.0419970383643344
0.739210514443062,0.260789485556938
0.306525510671397,0.693474489328603
0.869803937011501,0.130196062988499
0.86462869554416,0.13537130445584
0.952408659973674,0.0475913400263257
0.798250921246633,0.201749078753367
0.961371592347732,0.0386284076522679
0.94239520714786,0.0576047928521403
0.908848778052404,0.0911512219475962
0.890004605025444,0.109995394974556
0.947264803399191,0.0527351966008091
0.960114509701287,0.0398854902987129
0.818708636439795,0.181291363560205
0.921606122101331,0.0783938778986691
0.858722297770507,0.141277702229493
0.961384271032894,0.0386157289671057
0.898677304684083,0.101322695315917
0.879718847269699,0.120281152730301
0.956127700241277,0.0438722997587233
0.932454630430487,0.0675453695695125
0.956305314949098,0.0436946850509018
0.959446442805488,0.0405535571945119
0.652140993455096,0.347859006544904
0.941750661916292,0.0582493380837078
0.820737832905194,0.179262167094806
0.92934392046571,0.07065607953429
0.88409830547867,0.11590169452133
0.852898727717003,0.147101272282997
0.903999674633707,0.0960003253662925
0.826346355740394,0.173653644259606
0.79307728261265,0.20692271738735
0.0221626782834279,0.977837321716572
0.125300602906959,0.874699397093041
0.13989463030969,0.86010536969031
0.956757944236317,0.0432420557636833
0.0664243536008111,0.933575646399189
0.301148470589136,0.698851529410864
0.89893491060247,0.10106508939753
0.960234124938033,0.039765875061967
0.272568706748231,0.727431293251769
0.689854826371752,0.310145173628248
0.0962904833799019,0.903709516620098
0.946952140512729,0.0530478594872706
0.167263969550968,0.832736030449032
0.9328798121557,0.0671201878443004
0.943065988240723,0.0569340117592768
0.874354193679339,0.125645806320661
0.409201743617505,0.590798256382495
0.454512489454654,0.545487510545346
0.677989685723884,0.322010314276116
0.818881388969086,0.181118611030914
0.141579110454085,0.858420889545916
0.831728331811422,0.168271668188578
0.284534087211803,0.715465912788197
0.793135011690039,0.206864988309961
0.869449602529413,0.130550397470587
0.763956535117644,0.236043464882356
0.872657657190387,0.127342342809613
0.390829388296256,0.609170611703744
0.718466719850495,0.281533280149505
0.879569250584706,0.120430749415294
0.212835521420015,0.787164478579985
0.824766982891828,0.175233017108172
0.700973310865984,0.299026689134016
0.314051680497721,0.685948319502279
0.551559377302122,0.448440622697878
0.920199975972716,0.0798000240272841
0.204860271454762,0.795139728545238
0.496988023767028,0.503011976232972
0.870964781390844,0.129035218609156
0.876845398574393,0.123154601425607
0.102827002140592,0.897172997859408
0.567768369575047,0.432231630424953
0.671327686283148,0.328672313716852
0.131197222625954,0.868802777374046
0.00956834697489741,0.990431653025103
0.939435035717381,0.0605649642826186
0.884408605566395,0.115591394433605
0.917861573823472,0.082138426176528
0.538719380073192,0.461280619926808
0.90814113702074,0.0918588629792602
0.612451382458299,0.387548617541701
0.343205975418184,0.656794024581816
0.0759282483401246,0.924071751659875
0.794918362715659,0.205081637284341
0.234677090729202,0.765322909270798
0.915928407056745,0.0840715929432545
0.242514862544211,0.757485137455789
0.932785427936089,0.0672145720639109
0.812716693665892,0.187283306334108
0.267303045163095,0.732696954836905
0.918070234154657,0.0819297658453427
0.887153361319397,0.112846638680603
0.282136476705064,0.717863523294936
0.65879423693669,0.34120576306331
0.508983539025715,0.491016460974285
0.427309777639915,0.572690222360085
0.658021511601006,0.341978488398994
0.899132989477865,0.100867010522135
0.879658192707824,0.120341807292176
0.953419950072532,0.0465800499274679
0.232932385078051,0.767067614921949
0.654043111789804,0.345956888210196
0.803772749980934,0.196227250019066
0.750967695808974,0.249032304191026
0.0718218531053289,0.928178146894671
0.951935997050425,0.0480640029495755
0.665406938844411,0.334593061155589
0.718519825257678,0.281480174742322
0.623344094973009,0.376655905026991
0.954649106961759,0.0453508930382408
0.145323616564,0.854676383436
0.413696132536216,0.586303867463784
0.580720155070893,0.419279844929107
0.324435952304502,0.675564047695498
0.566496528796891,0.433503471203109
0.369049128943037,0.630950871056963
0.940760141662562,0.0592398583374382
0.643475278910325,0.356524721089675
0.668624501937251,0.331375498062749
0.75578034805338,0.24421965194662
0.568819776076512,0.431180223923488
0.022182710188793,0.977817289811207
0.0119678553117947,0.988032144688205
0.748531377165057,0.251468622834943
0.896768022328214,0.103231977671786
0.294833089747363,0.705166910252637
0.418505538597234,0.581494461402766
0.949901978744319,0.0500980212556811
0.958834115172967,0.0411658848270331
0.960321503161658,0.0396784968383423
0.957160515505374,0.0428394844946258
0.960277420313186,0.0397225796868144
0.950656880638241,0.0493431193617587
0.785981149199103,0.214018850800897
0.948821201242015,0.0511787987579846
0.955292429119838,0.0447075708801618
0.807978844743678,0.192021155256322
0.95070509410532,0.0492949058946801
0.950256494756855,0.0497435052431454
0.958984455858635,0.0410155441413652
0.914100275798547,0.0858997242014528
0.944745382145408,0.0552546178545918
0.944507567664846,0.0554924323351544
0.956141464776956,0.0438585352230442
0.953336056890713,0.0466639431092867
0.950351291791396,0.0496487082086045
0.951327418930587,0.0486725810694127
0.928816746126094,0.0711832538739056
0.906029926938429,0.0939700730615715
0.956467792029071,0.043532207970929
0.955016212205319,0.0449837877946815
0.959373846993953,0.0406261530060468
0.939734134812993,0.0602658651870069
0.959085782571274,0.0409142174287261
0.959957954079955,0.0400420459200453
0.913481444643182,0.0865185553568177
0.961227976412994,0.0387720235870062
0.728432321520631,0.271567678479369
0.95392383374868,0.0460761662513203
0.899206428968878,0.100793571031122
0.946636279497814,0.0533637205021862
0.878381304856387,0.121618695143613
0.959764273105679,0.0402357268943214
0.959550721535834,0.0404492784641665
0.896301387483913,0.103698612516087
0.961227927432544,0.0387720725674561
0.887895887053126,0.112104112946874
0.959226770072239,0.0407732299277607
0.923187902242761,0.0768120977572392
0.905431461320756,0.0945685386792436
0.890361833684221,0.109638166315779
0.954108139289369,0.0458918607106307
0.959440400203917,0.0405595997960829
0.911135323473208,0.0888646765267924
0.958625856750418,0.0413741432495819
0.95363844153451,0.0463615584654898
0.957724481335955,0.0422755186640448
0.952952077194724,0.0470479228052758
0.949667347149606,0.0503326528503943
0.95969427720099,0.0403057227990098
0.941745473368488,0.058254526631512
0.928228948440161,0.0717710515598391
0.961193300000178,0.0388066999998224
0.938890062784501,0.0611099372154987
0.95011888123369,0.0498811187663099
0.900053463420769,0.0999465365792309
0.961056872971795,0.038943127028205
0.946908050402607,0.0530919495973932
0.25603917911296,0.74396082088704
0.839389785240832,0.160610214759168
0.959194122234497,0.0408058777655035
0.960988884355816,0.0390111156441842
0.843083023771993,0.156916976228007
0.93814644088306,0.0618535591169399
0.941613652438943,0.0583863475610567
0.961274069624844,0.0387259303751564
0.822983016030888,0.177016983969112
0.913734780052514,0.0862652199474858
0.959467727979535,0.0405322720204646
0.835751831571565,0.164248168428435
0.961201257165771,0.0387987428342288
0.911132206383746,0.088867793616254
0.799169155560858,0.200830844439142
0.792262563921654,0.207737436078346
0.961040168561853,0.038959831438147
0.948890191634753,0.0511098083652469
0.932737528022536,0.0672624719774645
0.940226694604649,0.0597733053953514
0.96010375333086,0.0398962466691399
0.927099381923931,0.0729006180760694
0.942657016205798,0.0573429837942016
0.961331986661425,0.0386680133385747
0.800902489463043,0.199097510536957
0.819929437868381,0.180070562131619
0.874788085156175,0.125211914843825
0.929215347755433,0.070784652244567
0.844405023023212,0.155594976976788
0.960145467815864,0.039854532184136
0.949717458199065,0.0502825418009354
0.92807173818336,0.0719282618166404
0.958029451201548,0.0419705487984516
0.946814698639925,0.0531853013600747
0.906777843519357,0.0932221564806427
0.949429905691196,0.0505700943088042
0.957922008404645,0.0420779915953551
0.909814038672294,0.0901859613277055
0.960277338374542,0.0397226616254582
0.947377347308678,0.0526226526913218
0.959965702901479,0.0400342970985209
0.961179506351823,0.038820493648177
0.960635043378214,0.0393649566217863
0.578336288731226,0.421663711268774
0.934110867726749,0.0658891322732513
0.959455501592965,0.040544498407035
0.927828824026555,0.0721711759734448
0.961170129747797,0.0388298702522029
0.930470117880325,0.0695298821196754
0.953314481406417,0.0466855185935826
0.961306594580246,0.0386934054197544
0.934325547465603,0.0656744525343972
0.95410032893185,0.0458996710681495
0.959759044795106,0.0402409552048937
0.957263351897484,0.0427366481025163
0.960140043826645,0.0398599561733546
0.942981539048442,0.0570184609515583
0.942073281872169,0.0579267181278315
0.946562468145144,0.0534375318548562
0.960018012383492,0.0399819876165083
0.94521751859611,0.0547824814038895
0.955561524584972,0.0444384754150275
0.876290825495812,0.123709174504188
0.921113089290581,0.0788869107094186
0.922740723385846,0.0772592766141541
0.95899516758509,0.0410048324149102
0.961184307397288,0.0388156926027124
0.959849766579948,0.0401502334200516
0.955615487652021,0.0443845123479786
0.922770960276696,0.0772290397233041
0.960441409080959,0.0395585909190409
0.955754670559122,0.0442453294408784
0.956239701691769,0.043760298308231
0.94335607276481,0.0566439272351903
0.907046049843606,0.0929539501563941
0.95921202560313,0.0407879743968699
0.957387272968304,0.0426127270316965
0.954855908887051,0.0451440911129486
0.95035059763286,0.0496494023671396
0.856448202406153,0.143551797593847
0.961309158376985,0.0386908416230153
0.960248302499098,0.0397516975009022
0.960562613201279,0.0394373867987214
0.947861770463043,0.0521382295369567
0.901486286114805,0.0985137138851947
0.95567015661502,0.0443298433849797
0.959073623883357,0.0409263761166431
0.956243563963602,0.0437564360363983
0.961068131988915,0.0389318680110845
0.960125416287709,0.0398745837122914
0.959201440943923,0.0407985590560768
0.957366041226391,0.0426339587736085
0.945104738352421,0.0548952616475793
0.957963769731412,0.0420362302685884
0.957140710893705,0.0428592891062953
0.961116222910281,0.0388837770897195
0.942206845069493,0.0577931549305065
0.948860350501697,0.051139649498303
0.950161045744661,0.0498389542553389
0.958675653727384,0.0413243462726165
0.9333678029481,0.0666321970518999
0.960585786645345,0.0394142133546547
0.956162860345541,0.0438371396544592
0.886861227209572,0.113138772790428
0.96095032023785,0.0390496797621497
0.959617246539306,0.0403827534606935
0.959402693900998,0.0405973060990025
0.946837140567524,0.0531628594324762
0.952438268609038,0.0475617313909615
0.950198922654855,0.0498010773451454
0.951970581143245,0.0480294188567547
0.960935669208641,0.0390643307913591
0.951623599003613,0.048376400996387
0.96131984212123,0.0386801578787698
0.961022836088876,0.0389771639111236
0.956084676948325,0.0439153230516753
0.961270598520753,0.0387294014792474
0.959932922176709,0.0400670778232908
0.961060497727836,0.0389395022721644
0.915429405334037,0.084570594665963
0.711471152329138,0.288528847670862
0.931125156895177,0.0688748431048225
0.882794575835168,0.117205424164832
0.961313120726415,0.0386868792735849
0.960459221591948,0.0395407784080524
0.958909859522656,0.0410901404773445
0.902707761027538,0.0972922389724622
0.946082255884808,0.0539177441151916
0.925150342508137,0.0748496574918628
0.952152331292237,0.047847668707763
0.950510717010798,0.0494892829892021
0.774568884199567,0.225431115800433
0.944387045903662,0.0556129540963384
0.961021414427393,0.0389785855726066
0.9509288744867,0.0490711255133
0.959967200141103,0.0400327998588974
0.950286811306999,0.0497131886930008
0.292088965217362,0.707911034782638
0.951303566895741,0.0486964331042591
0.959335548746257,0.0406644512537426
0.867353429022486,0.132646570977514
0.96060313391218,0.0393968660878199
0.896804323330404,0.103195676669596
0.956679359076457,0.0433206409235429
0.907218716056303,0.0927812839436973
0.808053856248176,0.191946143751824
0.604859890658502,0.395140109341498
0.95021732901783,0.04978267098217
0.925776043383726,0.0742239566162745
0.868155130258796,0.131844869741204
0.959004624068053,0.0409953759319467
0.836574044331941,0.163425955668059
0.955118912146122,0.0448810878538782
0.93685910608833,0.0631408939116699
0.961159643148752,0.038840356851248
0.961032364144561,0.0389676358554393
0.944465307014469,0.0555346929855307
0.912427365675204,0.0875726343247962
0.957592753357115,0.0424072466428848
0.912971100409652,0.087028899590348
0.958703891785575,0.0412961082144253
0.960827218638937,0.0391727813610629
0.9424170701205,0.0575829298795004
0.858335974414385,0.141664025585615
0.960381072560479,0.0396189274395206
0.92892481473165,0.0710751852683499
0.854429840720223,0.145570159279777
0.917771497166683,0.0822285028333174
0.960515490641878,0.039484509358122
0.959220735642231,0.0407792643577694
0.27777340683545,0.72222659316455
0.944322416583885,0.0556775834161146
0.377389173203429,0.622610826796571
0.929045406509104,0.0709545934908957
0.929481391095804,0.0705186089041963
0.950215788998748,0.0497842110012521
0.948956171939213,0.0510438280607871
0.926940643354148,0.0730593566458523
0.889148601388799,0.110851398611201
0.808615911055189,0.191384088944811
0.928999422411343,0.0710005775886574
0.95286316190843,0.0471368380915697
0.953786115949045,0.0462138840509548
0.877117449722992,0.122882550277008
0.950452034671125,0.0495479653288745
0.955746888731162,0.0442531112688376
0.961302464220603,0.0386975357793974
0.960805062779415,0.0391949372205851
0.961196105618192,0.0388038943818076
0.961266865856002,0.0387331341439981
0.923244860896339,0.0767551391036608
0.918180586036892,0.0818194139631078
0.955132023996118,0.0448679760038816
0.934606516641898,0.0653934833581022
0.956396594235339,0.0436034057646609
0.589018118096596,0.410981881903404
0.911018244318913,0.0889817556810873
0.959329197895492,0.0406708021045076
0.958553168410442,0.0414468315895584
0.62904812793908,0.37095187206092
0.751269756173757,0.248730243826243
0.951836501280258,0.0481634987197423
0.897131418242942,0.102868581757058
0.959800101333282,0.0401998986667185
0.911469879448986,0.0885301205510139
0.55445952057598,0.44554047942402
0.933394494882717,0.0666055051172835
0.923240475134589,0.076759524865411
0.946357389695225,0.0536426103047748
0.955163157792472,0.0448368422075283
0.96109762968851,0.0389023703114896
0.954796122812008,0.0452038771879921
0.952162906675475,0.0478370933245252
0.823927681556173,0.176072318443827
0.959764540707608,0.0402354592923924
0.957031601166077,0.0429683988339229
0.87345769964715,0.12654230035285
0.833388123905971,0.166611876094029
0.770613063159035,0.229386936840965
0.738601026081368,0.261398973918632
0.960415346629325,0.039584653370675
0.955342058164028,0.0446579418359724
0.896739213390052,0.103260786609948
0.749445543799561,0.250554456200439
0.95419416237058,0.0458058376294203
0.878987670784541,0.121012329215459
0.961294992479962,0.0387050075200378
0.961118286439229,0.0388817135607709
0.945768516215798,0.054231483784202
0.924658343596368,0.0753416564036316
0.930132732657463,0.069867267342537
0.960793501783635,0.0392064982163652
0.865794407561135,0.134205592438865
0.958589398404217,0.0414106015957828
0.961136915759806,0.0388630842401939
0.926140787923652,0.0738592120763476
0.500859720239597,0.499140279760403
0.92971309938695,0.0702869006130502
0.898336913833205,0.101663086166795
0.891506358844779,0.108493641155221
0.868274036984252,0.131725963015748
0.951621479023863,0.0483785209761373
0.914386083565978,0.0856139164340224
0.90259273488457,0.0974072651154303
0.950526815017282,0.0494731849827178
0.859100718571956,0.140899281428044
0.896321873150601,0.103678126849399
0.955574240413139,0.0444257595868613
0.931164218058404,0.0688357819415956
0.687523137767087,0.312476862232913
0.94234166960962,0.0576583303903804
0.824576542589679,0.175423457410321
0.897470182676779,0.102529817323221
0.901383713393486,0.0986162866065137
0.818633187266478,0.181366812733522
0.614288013415296,0.385711986584704
0.937254402113538,0.0627455978864622
0.793484182712553,0.206515817287447
0.850568775396055,0.149431224603945
0.950758450820994,0.049241549179006
0.561976497836772,0.438023502163228
0.448185023841217,0.551814976158783
0.844399489024695,0.155600510975305
0.776810341804692,0.223189658195308
0.766225625227026,0.233774374772974
0.806874899841847,0.193125100158153
0.749937659915567,0.250062340084433
0.624904976534817,0.375095023465183
0.855627302238186,0.144372697761814
0.822546116003733,0.177453883996267
0.81329161818611,0.18670838181389
0.961045635782277,0.0389543642177227
0.102274893775691,0.897725106224309
0.605496492715129,0.394503507284871
0.958289251632062,0.0417107483679381
0.870782328687769,0.129217671312231
0.960989099341257,0.0390109006587434
0.925292826755135,0.0747071732448646
0.538324812533221,0.461675187466779
0.478637054458973,0.521362945541027
0.892966868443895,0.107033131556105
0.951994108485907,0.0480058915140926
0.922189605196068,0.0778103948039324
0.854299995304193,0.145700004695807
0.3604157969766,0.6395842030234
0.866947534674728,0.133052465325272
0.940808150044398,0.0591918499556019
0.884074412160822,0.115925587839178
0.872192194729218,0.127807805270782
0.819532297642209,0.180467702357791
0.950385778222661,0.0496142217773388
0.86675327658503,0.13324672341497
0.880503842219481,0.119496157780519
0.134954172100409,0.865045827899591
0.930250609239574,0.0697493907604255
0.860460939265028,0.139539060734972
0.273942467415959,0.726057532584041
0.961144736856295,0.0388552631437054
0.717418972910767,0.282581027089233
0.732371534288639,0.267628465711361
0.956397093491384,0.0436029065086158
0.926619560830657,0.0733804391693428
0.702643574845285,0.297356425154715
0.961107431140559,0.0388925688594411
0.861640592516667,0.138359407483333
0.913392562936017,0.0866074370639833
0.87371816343685,0.12628183656315
0.960077000285514,0.0399229997144858
0.0438211303946419,0.956178869605358
0.268123782079833,0.731876217920167
0.478825608897462,0.521174391102538
0.68956553091321,0.31043446908679
0.95762555436335,0.0423744456366496
0.761019550345207,0.238980449654793
0.939816682453418,0.060183317546582
0.959968508272705,0.0400314917272953
0.932402046935609,0.0675979530643914
0.900281266075024,0.0997187339249759
0.788033216436438,0.211966783563562
0.885481607767873,0.114518392232127
0.942186730271035,0.0578132697289654
0.0261080895895773,0.973891910410423
0.916330684754169,0.0836693152458313
0.95408628032926,0.0459137196707399
0.499455922944778,0.500544077055222
0.820875042954785,0.179124957045215
0.957780710241065,0.0422192897589354
0.961252855119118,0.0387471448808824
0.837305570851316,0.162694429148684
0.859146559116897,0.140853440883103
0.954393366783756,0.0456066332162438
0.0347418144591608,0.965258185540839
0.92572397199383,0.0742760280061702
0.919668984388214,0.0803310156117865
0.095935536453021,0.904064463546979
0.92700750264202,0.07299249735798
0.722116502463496,0.277883497536504
0.929801731951808,0.0701982680481916
0.941365033473791,0.0586349665262089
0.572283501376442,0.427716498623558
0.910809640319668,0.089190359680332
0.961503689892138,0.0384963101078623
0.756045101141649,0.243954898858351
0.869681746062988,0.130318253937012
0.230748390654519,0.769251609345482
0.952288374129796,0.0477116258702042
0.888785699871059,0.111214300128941
0.960257539255532,0.0397424607444677
0.921764293672776,0.0782357063272238
0.957484873161753,0.0425151268382465
0.860202198351906,0.139797801648094
0.951008796115707,0.0489912038842935
0.949731993002395,0.0502680069976046
0.956492960261521,0.0435070397384795
0.96035893410243,0.0396410658975698
0.939168964758121,0.0608310352418793
0.950950777176958,0.049049222823042
0.81395033012634,0.18604966987366
0.164729916101457,0.835270083898543
0.944623658268039,0.0553763417319607
0.939768247543487,0.0602317524565127
0.957824382311812,0.042175617688188
0.927121263879062,0.0728787361209381
0.683231705631758,0.316768294368242
0.946839807356252,0.0531601926437479
0.910364498404531,0.0896355015954686
0.861311581949939,0.138688418050061
0.926638267464587,0.073361732535413
0.557549083105882,0.442450916894118
0.938702885567334,0.0612971144326657
0.832581649550733,0.167418350449267
0.957386068765509,0.0426139312344913
0.711424805699331,0.288575194300669
0.922252514377745,0.0777474856222552
0.623793179843289,0.376206820156711
0.545501761618437,0.454498238381563
0.904343403054192,0.095656596945808
0.919015124577064,0.080984875422936
0.94635179534174,0.0536482046582604
0.837397403914052,0.162602596085948
0.956588722019222,0.0434112779807783
0.95694814117289,0.0430518588271103
0.961703500809266,0.0382964991907343
0.437512201827875,0.562487798172125
0.922316726777258,0.0776832732227417
0.849673662496345,0.150326337503655
0.893103044637783,0.106896955362217
0.961230260776974,0.0387697392230258
0.904404330912821,0.0955956690871785
0.92741510013047,0.0725848998695304
0.940410552123835,0.0595894478761654
0.950227035953334,0.0497729640466662
0.940797611729733,0.059202388270267
0.0869608610053645,0.913039138994636
0.909853143515981,0.0901468564840187
0.931061793629547,0.068938206370453
0.340835798945954,0.659164201054046
0.911718204511924,0.0882817954880756
0.2976605348889,0.7023394651111
0.755666361501004,0.244333638498996
0.908035825267156,0.0919641747328441
0.197933054132556,0.802066945867444
0.935389117364127,0.0646108826358734
0.955170259620041,0.0448297403799589
0.961606491617699,0.0383935083823015
0.900632144304967,0.0993678556950335
0.707814472111362,0.292185527888638
0.230774300317301,0.769225699682699
0.939703982434014,0.0602960175659861
0.959745237710886,0.0402547622891142
0.547574255167211,0.452425744832789
0.961586636629603,0.0384133633703971
0.568900062389547,0.431099937610453
0.93341323898279,0.0665867610172095
0.96063310772553,0.0393668922744698
0.956303167999845,0.0436968320001552
0.955872443031908,0.044127556968092
0.961427187890853,0.0385728121091469
0.872233079540405,0.127766920459595
0.958896116231471,0.0411038837685291
0.57601363529481,0.42398636470519
0.961472538872351,0.0385274611276487
0.936765526320501,0.0632344736794986
0.961616379449202,0.038383620550798
0.917456587751142,0.082543412248858
0.936513906637453,0.0634860933625472
0.930591217285997,0.0694087827140025
0.953979860511323,0.0460201394886774
0.523684267383677,0.476315732616323
0.597980353975785,0.402019646024215
0.80317574707362,0.19682425292638
0.775652141164089,0.224347858835911
0.961505954517659,0.0384940454823414
0.849277470804338,0.150722529195662
0.961702393892144,0.0382976061078563
0.856580722907945,0.143419277092055
0.585782821467816,0.414217178532184
0.95709129636448,0.0429087036355198
0.937611999898761,0.0623880001012395
0.927417525353117,0.0725824746468833
0.957379717670469,0.0426202823295313
0.96124082799201,0.0387591720079897
0.934572300905236,0.0654276990947643
0.948146614107443,0.0518533858925568
0.952305134643954,0.0476948653560458
0.959489194827858,0.0405108051721422
0.925987125503012,0.074012874496988
0.960867615397044,0.0391323846029563
0.893131842423675,0.106868157576325
0.917075544440759,0.0829244555592414
0.902967684546884,0.097032315453116
0.955293662784346,0.0447063372156541
0.921886078912828,0.0781139210871716
0.961619093713877,0.0383809062861235
0.958549793131742,0.0414502068682582
0.950782403794901,0.0492175962050986
0.937817791591223,0.0621822084087768
0.941453510354365,0.0585464896456346
0.950756458817311,0.0492435411826887
0.851576241890204,0.148423758109796
0.958124727294841,0.0418752727051594
0.960040280298179,0.0399597197018208
0.955503310329621,0.0444966896703789
0.96161922721998,0.0383807727800204
0.955762548657794,0.0442374513422058
0.955945116191886,0.0440548838081144
0.944268139190192,0.0557318608098083
0.950175107004076,0.0498248929959239
0.842103747869205,0.157896252130795
0.959530551591132,0.0404694484088679
0.959142272092027,0.040857727907973
0.92914906054437,0.0708509394556301
0.960794706912641,0.0392052930873585
0.961612663159145,0.0383873368408547
0.961436673134342,0.0385633268656581
0.841537257089712,0.158462742910288
0.961609568716945,0.0383904312830546
0.953285762409821,0.0467142375901791
0.899808948276479,0.100191051723521
0.933884942657853,0.0661150573421468
0.951756020077645,0.0482439799223546
0.92189271203558,0.0781072879644198
0.961327215502809,0.038672784497191
0.956203857640568,0.043796142359432
0.947307214190735,0.0526927858092647
0.95965928137112,0.0403407186288803
0.952773642614669,0.0472263573853313
0.957400988247934,0.0425990117520658
0.942174714784752,0.0578252852152475
0.958658312008472,0.0413416879915284
0.890507897391444,0.109492102608556
0.950775828516827,0.0492241714831728
0.955917027296113,0.0440829727038873
0.900550470623981,0.0994495293760191
0.958209437153652,0.0417905628463484
0.93889463053902,0.0611053694609801
0.960381519747737,0.0396184802522633
0.912502630890736,0.0874973691092638
0.959762455459683,0.0402375445403175
0.954718599445283,0.0452814005547172
0.881952851417443,0.118047148582557
0.889533013492546,0.110466986507454
0.926186450271103,0.0738135497288968
0.957515215167028,0.0424847848329719
0.93835266104685,0.0616473389531496
0.961598370534346,0.0384016294656541
0.952412311103134,0.0475876888968659
0.924230620173284,0.0757693798267165
0.96160883264903,0.0383911673509705
0.961279771732619,0.0387202282673811
0.923587449114164,0.0764125508858363
0.92179016726105,0.0782098327389503
0.829098903063223,0.170901096936777
0.961618831531197,0.0383811684688028
0.961498372766737,0.0385016272332627
0.954551582955981,0.0454484170440193
0.955088706378302,0.0449112936216979
0.960772954673079,0.0392270453269208
0.961029904277693,0.038970095722307
0.957235283435176,0.0427647165648239
0.917208688278006,0.0827913117219944
0.946746745380233,0.0532532546197673
0.84410327735133,0.15589672264867
0.931829716655431,0.0681702833445693
0.957653794190598,0.0423462058094015
0.961502595954593,0.0384974040454075
0.81919867114757,0.18080132885243
0.928029824520775,0.0719701754792246
0.954867257545982,0.0451327424540184
0.961619925424805,0.0383800745751954
0.950220438216474,0.049779561783526
0.956997752067297,0.0430022479327029
0.798755069762527,0.201244930237473
0.91644852476421,0.0835514752357904
0.952056460898677,0.0479435391013231
0.942537338437907,0.0574626615620926
0.96094109912473,0.0390589008752704
0.956744440295477,0.0432555597045234
0.954690809572054,0.0453091904279465
0.957390893154163,0.0426091068458367
0.961265045275413,0.0387349547245865
0.954829744596412,0.045170255403588
0.959311267538702,0.040688732461298
0.956659189701092,0.0433408102989082
0.961248989943734,0.0387510100562665
0.934712329630342,0.0652876703696577
0.947053884324409,0.0529461156755915
0.958389669225697,0.0416103307743028
0.943700953898436,0.0562990461015643
0.926704541146574,0.0732954588534263
0.958490205117948,0.0415097948820523
0.961504164470275,0.0384958355297247
0.803352096697711,0.196647903302289
0.95785148613615,0.0421485138638502
0.950655181869079,0.049344818130921
0.810970021205164,0.189029978794836
0.931666497247262,0.0683335027527376
0.960197318970714,0.0398026810292864
0.961176474257994,0.0388235257420061
0.954895201680377,0.0451047983196228
0.880014331812792,0.119985668187208
0.958720309835844,0.0412796901641557
0.957439770936481,0.0425602290635192
0.865043628184364,0.134956371815636
0.940851189346973,0.0591488106530268
0.953236782878768,0.0467632171212317
0.930500573229483,0.0694994267705171
0.95059537162269,0.0494046283773101
0.960992502223835,0.0390074977761651
0.955357828326442,0.0446421716735584
0.952240701924084,0.0477592980759163
0.958788500678783,0.0412114993212174
0.88310698536904,0.11689301463096
0.777814313172364,0.222185686827636
0.958361364415003,0.0416386355849969
0.906843720049824,0.0931562799501756
0.956955408457326,0.0430445915426736
0.960138397583198,0.0398616024168021
0.957627216747037,0.0423727832529633
0.918395542194243,0.0816044578057569
0.960972330201241,0.0390276697987588
0.954447194777182,0.0455528052228177
0.955839428967018,0.0441605710329823
0.903221883179636,0.0967781168203635
0.926141840495803,0.0738581595041966
0.9500512089483,0.0499487910517001
0.961348949744858,0.0386510502551423
0.946473782854116,0.0535262171458836
0.954701902154035,0.0452980978459649
0.960097189676704,0.0399028103232963
0.94548424206983,0.0545157579301705
0.959067333005764,0.0409326669942364
0.960542561485864,0.0394574385141361
0.961218588839662,0.0387814111603375
0.955058706292858,0.0449412937071415
0.961137841546161,0.0388621584538393
0.9615464793814,0.0384535206186002
0.95567511567927,0.0443248843207301
0.961123119033705,0.0388768809662952
0.961539130069967,0.0384608699300327
0.936294068303968,0.0637059316960319
0.959803836255774,0.0401961637442261
0.953257103446998,0.0467428965530025
0.955652018468424,0.0443479815315763
0.961491532076321,0.0385084679236788
0.961016453960529,0.0389835460394705
0.8281485342113,0.1718514657887
0.960662387541507,0.039337612458493
0.961483401594641,0.0385165984053593
0.882389062130585,0.117610937869415
0.961488847884579,0.038511152115421
0.961532591319877,0.0384674086801233
0.961304129582478,0.0386958704175218
0.959981678492487,0.0400183215075132
0.960571689503341,0.0394283104966587
0.958727270357427,0.0412727296425732
0.945886108950658,0.0541138910493423
0.925926201589663,0.0740737984103369
0.946178199971423,0.0538218000285773
0.913369692120839,0.0866303078791614
0.874888362491164,0.125111637508836
0.955378882648349,0.0446211173516512
0.818364718579637,0.181635281420363
0.959753902703471,0.0402460972965294
0.77323853850151,0.22676146149849
0.953928976465967,0.0460710235340334
0.933606986394835,0.0663930136051651
0.955173661050015,0.0448263389499847
0.923452332489916,0.0765476675100842
0.961389769837266,0.0386102301627339
0.957524939478481,0.0424750605215185
0.96133891517987,0.0386610848201299
0.957102901664096,0.0428970983359042
0.956593677051514,0.0434063229484856
0.951819923853262,0.0481800761467385
0.941777824663903,0.0582221753360974
0.960342940966583,0.0396570590334165
0.9614383909628,0.0385616090371996
0.956713333139571,0.0432866668604293
0.953579203757452,0.0464207962425485
0.958935381876216,0.0410646181237844
0.956852713149341,0.0431472868506591
0.960941238168775,0.039058761831225
0.958843798116611,0.0411562018833891
0.891301394983869,0.108698605016131
0.959565191184015,0.0404348088159855
0.946113605475066,0.0538863945249342
0.923829894932713,0.0761701050672871
0.954928871770547,0.0450711282294526
0.943077102496299,0.0569228975037008
0.960522450220877,0.0394775497791227
0.815897006947,0.184102993053
0.948502501365418,0.0514974986345818
0.80580263019946,0.19419736980054
0.942997292677129,0.0570027073228712
0.958767053211499,0.041232946788501
0.939682388091875,0.0603176119081252
0.872190121191141,0.127809878808859
0.814771134211977,0.185228865788023
0.961065211751123,0.038934788248877
0.961440962259507,0.0385590377404932
0.939749874345574,0.0602501256544258
0.953942899496537,0.0460571005034631
0.690354114747117,0.309645885252883
0.710020433376926,0.289979566623074
0.958271440556437,0.0417285594435626
0.95949534044821,0.0405046595517897
0.909880677666068,0.0901193223339316
0.961390271286795,0.0386097287132049
0.767338488790923,0.232661511209077
0.955014505674299,0.0449854943257014
0.904066022661866,0.0959339773381342
0.955112225211679,0.0448877747883211
0.93924705978627,0.0607529402137299
0.951671386645414,0.048328613354586
0.942052132952327,0.057947867047673
0.960581192088333,0.0394188079116673
0.851195199284815,0.148804800715185
0.858610599828849,0.141389400171151
0.961415323313052,0.0385846766869484
0.960930757422692,0.0390692425773078
0.961120999863251,0.0388790001367489
0.935403493806707,0.0645965061932933
0.939442788316281,0.0605572116837189
0.941584809500055,0.0584151904999448
0.959605573679147,0.0403944263208534
0.956904266188831,0.043095733811169
0.94362778763051,0.0563722123694903
0.947929480925748,0.0520705190742523
0.852697884572743,0.147302115427257
0.9606406228029,0.0393593771971004
0.904422659231516,0.0955773407684839
0.954874601235544,0.0451253987644563
0.953419587267868,0.0465804127321324
0.890601066174909,0.109398933825091
0.942006304120531,0.0579936958794693
0.828799421089999,0.171200578910001
0.955752817621972,0.0442471823780278
0.959645829437508,0.0403541705624925
0.918716309296999,0.0812836907030006
0.930094371724781,0.069905628275219
0.961461271363186,0.038538728636814
0.961466760344109,0.0385332396558906
0.958099933196799,0.0419000668032008
0.805433728025668,0.194566271974332
0.961242598322583,0.0387574016774173
0.958018804484813,0.0419811955151866
0.960437107099164,0.0395628929008358
0.958608391926487,0.0413916080735128
0.960654929449221,0.0393450705507785
0.944794527414673,0.0552054725853275
0.956473501822815,0.0435264981771851
0.930075670664501,0.0699243293354989
0.961472533782065,0.0385274662179349
0.944588265506941,0.055411734493059
0.817954753496351,0.182045246503649
0.91859130862005,0.0814086913799497
0.945355618268761,0.0546443817312388
0.958693690019642,0.041306309980358
0.955856741529737,0.0441432584702631
0.940016990888913,0.0599830091110869
0.813974518026831,0.186025481973169
0.928629045945353,0.0713709540546469
0.928542837756216,0.0714571622437837
0.910216577059674,0.0897834229403259
0.950366032108437,0.0496339678915634
0.958348164538428,0.041651835461572
0.944620013278899,0.0553799867211011
0.225521717974483,0.774478282025517
0.961101040145346,0.0388989598546542
0.89964543941438,0.10035456058562
0.959235833273686,0.0407641667263142
0.944299539699491,0.0557004603005089
0.961194373457594,0.0388056265424059
0.953707134115792,0.0462928658842077
0.943869908608931,0.0561300913910687
0.862060488878506,0.137939511121494
0.88752975492184,0.11247024507816
0.84907496088171,0.15092503911829
0.957595139972859,0.0424048600271412
0.959624593758285,0.0403754062417149
0.954806473736705,0.0451935262632954
0.564579001175786,0.435420998824214
0.654190043708329,0.345809956291671
0.943403220881697,0.0565967791183029
0.815072791227311,0.184927208772689
0.945511953463555,0.054488046536445
0.934865913537136,0.0651340864628643
0.954793192797905,0.045206807202095
0.828273842061378,0.171726157938622
0.960795176893639,0.0392048231063612
0.864462626653338,0.135537373346662
0.919824489004978,0.0801755109950217
0.935105988830598,0.0648940111694022
0.960768147451359,0.0392318525486411
0.956892748205021,0.043107251794979
0.959401613515055,0.0405983864849445
0.956138975739728,0.0438610242602721
0.961652842040182,0.0383471579598181
0.874281330206801,0.125718669793199
0.940041820439757,0.0599581795602426
0.961366588970293,0.0386334110297065
0.953359585760589,0.0466404142394115
0.954544232054236,0.0454557679457637
0.922117562242138,0.077882437757862
0.945587108444096,0.0544128915559042
0.649650036762296,0.350349963237704
0.946942706150705,0.0530572938492955
0.70781907308134,0.29218092691866
0.873269591618713,0.126730408381287
0.961468456574522,0.0385315434254777
0.835651425525528,0.164348574474472
0.961112097026476,0.0388879029735237
0.845083907832365,0.154916092167635
0.957342084207077,0.0426579157929233
0.828464069746413,0.171535930253587
0.769507260784183,0.230492739215817
0.918221635510608,0.0817783644893925
0.913230547797288,0.0867694522027119
0.961345560043667,0.0386544399563334
0.96165999736027,0.03834000263973
0.949317694435037,0.0506823055649634
0.959271936330737,0.0407280636692626
0.927025117305302,0.0729748826946983
0.961442361173546,0.0385576388264542
0.724878175417939,0.275121824582061
0.897875130163977,0.102124869836023
0.852919366914789,0.147080633085211
0.961584396361364,0.0384156036386364
0.882874002571785,0.117125997428215
0.763745384581089,0.236254615418911
0.947349603906483,0.0526503960935168
0.918562056219655,0.0814379437803449
0.831967909828902,0.168032090171098
0.961023016576411,0.0389769834235887
0.946095089287629,0.0539049107123708
0.957473731506437,0.0425262684935626
0.96068490346906,0.0393150965309403
0.952901898318339,0.047098101681661
0.960745681110661,0.0392543188893389
0.959176969564729,0.0408230304352715
0.960911757849547,0.0390882421504531
0.908530930525077,0.0914690694749229
0.938210191662292,0.0617898083377083
0.896523806679932,0.103476193320068
0.953195586345457,0.046804413654543
0.961660362510148,0.0383396374898516
0.945558383211011,0.0544416167889888
0.950884911227229,0.0491150887727707
0.95309093982741,0.0469090601725901
0.944417774228697,0.0555822257713028
0.926843722440801,0.0731562775591993
0.92810021496039,0.0718997850396105
0.961558975624963,0.0384410243750367
0.959391328477424,0.040608671522576
0.916656775713932,0.0833432242860682
0.949248436756914,0.0507515632430864
0.960437303876238,0.0395626961237622
0.537167257939317,0.462832742060683
0.958128587378454,0.0418714126215459
0.923372177785793,0.0766278222142073
0.788855195672872,0.211144804327128
0.957999211550406,0.0420007884495942
0.958050657377279,0.0419493426227207
0.957401562357087,0.0425984376429132
0.957315589694457,0.0426844103055427
0.960804470841611,0.0391955291583886
0.900468254196984,0.0995317458030163
0.958346004983067,0.0416539950169335
0.945414244420128,0.0545857555798716
0.857764606768671,0.142235393231329
0.936614011043013,0.0633859889569872
0.956011993679451,0.0439880063205487
0.924244627887183,0.0757553721128171
0.941867222225238,0.0581327777747617
0.954541713864949,0.0454582861350507
0.957766240604518,0.0422337593954821
0.855847183692873,0.144152816307127
0.952028305988222,0.0479716940117779
0.960960746050968,0.0390392539490317
0.928790631871879,0.071209368128121
0.917664974321803,0.0823350256781966
0.774834676276922,0.225165323723078
0.773436165334835,0.226563834665165
0.350493652563976,0.649506347436024
0.95416733703229,0.0458326629677096
0.907749349392995,0.0922506506070053
0.898655670298833,0.101344329701167
0.961126007091015,0.0388739929089854
0.946995748401207,0.0530042515987934
0.65063879820838,0.34936120179162
0.943316365700423,0.056683634299577
0.877101522844961,0.122898477155039
0.942973323705591,0.0570266762944091
0.959975065369455,0.0400249346305449
0.950357100216551,0.0496428997834489
0.663366579738707,0.336633420261293
0.831778786913917,0.168221213086083
0.806215134563032,0.193784865436968
0.896462621498545,0.103537378501455
0.949329701963326,0.0506702980366744
0.869960918984525,0.130039081015475
0.907454963241147,0.0925450367588533
0.726203785221565,0.273796214778435
0.94357356771591,0.0564264322840904
0.895076853470156,0.104923146529844
0.961390590601125,0.0386094093988754
0.92644700366593,0.0735529963340701
0.69702270474518,0.30297729525482
0.90407590738491,0.0959240926150898
0.929694717587213,0.0703052824127869
0.933307906800911,0.066692093199089
0.90455342912882,0.0954465708711798
0.326013137241254,0.673986862758746
0.761678370561542,0.238321629438458
0.751607484027956,0.248392515972044
0.619065699616819,0.380934300383181
0.952962479383388,0.0470375206166117
0.710952031343441,0.289047968656559
0.902155221098067,0.0978447789019328
0.93695405964597,0.0630459403540297
0.232582201240029,0.767417798759971
0.952948792029093,0.0470512079709072
0.295627991940831,0.704372008059169
0.910395041063493,0.0896049589365068
0.825608300504476,0.174391699495524
0.8239110722535,0.1760889277465
0.572833315930049,0.427166684069951
0.851029201212678,0.148970798787322
0.792287307708987,0.207712692291013
0.957644664397322,0.0423553356026783
0.881784401508792,0.118215598491208
0.936007305150013,0.0639926948499867
0.352446532140061,0.647553467859939
0.888655783303818,0.111344216696182
0.864202446878272,0.135797553121728
0.932720450726425,0.0672795492735749
0.961491599776542,0.0385084002234584
0.72219161777638,0.27780838222362
0.961739621621069,0.0382603783789314
0.94131879734993,0.0586812026500702
0.770426599834466,0.229573400165534
0.92965137540409,0.07034862459591
0.959503528703615,0.0404964712963846
0.950090297109904,0.0499097028900964
0.383618881036445,0.616381118963555
0.757947265430769,0.242052734569231
0.946968474887088,0.0530315251129116
0.949926809805035,0.050073190194965
0.958286192651653,0.0417138073483467
0.745984114740171,0.254015885259829
0.839874803680253,0.160125196319747
0.941312057007922,0.0586879429920779
0.942225899755653,0.0577741002443471
0.958297930301459,0.0417020696985414
0.0725638039292581,0.927436196070742
0.948734076902766,0.051265923097234
0.789811648344422,0.210188351655578
0.730103020129874,0.269896979870126
0.929836598858441,0.0701634011415586
0.912621398703437,0.0873786012965633
0.947992338688347,0.0520076613116529
0.856585761097344,0.143414238902656
0.837222607810578,0.162777392189422
0.707569911289528,0.292430088710472
0.881564613843095,0.118435386156905
0.959122993356054,0.0408770066439457
0.570475603839722,0.429524396160278
0.807695489102653,0.192304510897347
0.939457629692073,0.0605423703079273
0.729113908301115,0.270886091698885
0.84752942716381,0.15247057283619
0.823246046196783,0.176753953803217
0.725587632628948,0.274412367371052
0.601376494007771,0.398623505992229
0.851823126852776,0.148176873147224
0.928992918662045,0.0710070813379549
0.917475759788653,0.0825242402113466
0.40800596460581,0.59199403539419
0.928410203593725,0.0715897964062753
0.81629288074971,0.18370711925029
0.786999894757988,0.213000105242012
0.771070225706103,0.228929774293897
0.637288299820282,0.362711700179718
0.236467060564005,0.763532939435995
0.937514580150866,0.0624854198491341
0.939309148864374,0.0606908511356261
0.905968315888177,0.0940316841118226
0.600138238946943,0.399861761053057
0.215709638936501,0.784290361063499
0.892054129869129,0.107945870130871
0.352930930900738,0.647069069099262
0.0418760320612068,0.958123967938793
0.352467529631252,0.647532470368748
0.116395623304257,0.883604376695743
0.901919142782311,0.0980808572176887
0.479969557085417,0.520030442914583
0.794275532593579,0.205724467406421
0.108417507808187,0.891582492191813
0.365999953600706,0.634000046399295
0.479978800688942,0.520021199311058
0.645815159315415,0.354184840684585
0.891641044701772,0.108358955298228
0.647718304472202,0.352281695527798
0.202495915127556,0.797504084872444
0.102528914413699,0.897471085586301
0.952768357428921,0.047231642571079
0.853318185982571,0.146681814017429
0.938081476534812,0.061918523465188
0.579905515904285,0.420094484095715
0.0281792208665351,0.971820779133465
0.900675314772029,0.0993246852279714
0.715210078697553,0.284789921302447
0.308153261020886,0.691846738979114
0.419857166430261,0.580142833569739
0.651839856398881,0.348160143601119
0.564909504193893,0.435090495806107
0.708507183419818,0.291492816580182
0.811103297394385,0.188896702605615
0.675412071735309,0.324587928264691
0.603521178323846,0.396478821676154
0.147734621222532,0.852265378777468
0.414012570933106,0.585987429066894
0.36762902569206,0.63237097430794
0.869546413707828,0.130453586292172
0.760056952776579,0.239943047223421
0.958922839503132,0.041077160496868
0.914232605686239,0.0857673943137611
0.202128675819116,0.797871324180884
0.187899299032623,0.812100700967377
0.891743729936463,0.108256270063537
0.844919190978707,0.155080809021293
0.202392339386151,0.797607660613849
0.882514737269455,0.117485262730545
0.630916883244198,0.369083116755802
0.232621211583281,0.767378788416719
0.544818454114112,0.455181545885888
0.926469604816993,0.0735303951830066
0.826108469228302,0.173891530771698
0.285162694300959,0.714837305699041
0.652608428103848,0.347391571896152
0.960388453261561,0.0396115467384387
0.16704912080257,0.83295087919743
0.958285266092631,0.0417147339073688
0.655410309770388,0.344589690229612
0.927961709511324,0.0720382904886758
0.0291146099796066,0.970885390020393
0.847840380583083,0.152159619416917
0.881295954935839,0.118704045064161
0.946811240151242,0.0531887598487584
0.862358161031305,0.137641838968695
0.178174681642103,0.821825318357897
0.330321703808508,0.669678296191492
0.777212270945155,0.222787729054845
0.273824507833664,0.726175492166336
0.339959201070074,0.660040798929926
0.657186546522596,0.342813453477404
0.82924926120414,0.17075073879586
0.731845996349631,0.268154003650369
0.801749771283918,0.198250228716082
0.343310681647211,0.656689318352789
0.921737375924799,0.0782626240752006
0.536079948102788,0.463920051897212
0.739019759029668,0.260980240970332
0.464680518904376,0.535319481095625
0.876357521640356,0.123642478359644
0.654131717652546,0.345868282347454
0.62477515273694,0.37522484726306
0.692188921252804,0.307811078747196
0.589249456114916,0.410750543885084
0.441021906173046,0.558978093826954
0.221439378983778,0.778560621016221
0.781780850296544,0.218219149703456
0.339216566132527,0.660783433867473
0.721083504149111,0.278916495850889
0.88729942792133,0.11270057207867
0.949465543826513,0.0505344561734871
0.875925458791346,0.124074541208654
0.0330947791208019,0.966905220879198
0.535705891780619,0.464294108219381
0.0155299007097339,0.984470099290266
0.311571755330012,0.688428244669988
0.421240772480143,0.578759227519857
0.631904750064651,0.368095249935349
0.675956242266118,0.324043757733882
0.412643386695431,0.587356613304568
0.803628528172969,0.196371471827031
0.527309479888002,0.472690520111998
0.155144877202404,0.844855122797596
0.039025353784896,0.960974646215104
0.213463160183744,0.786536839816256
0.486602744556317,0.513397255443683
0.157665400173074,0.842334599826926
0.118819442500097,0.881180557499903
0.871717259834892,0.128282740165108
0.649226126562147,0.350773873437853
0.0118703298117687,0.988129670188231
0.579093574184136,0.420906425815864
0.161894459428451,0.838105540571549
0.253810349377872,0.746189650622128
0.792599532473127,0.207400467526873
0.741321018721674,0.258678981278326
0.499503763847648,0.500496236152352
0.914395742200383,0.0856042577996171
0.893479881933935,0.106520118066065
0.0255536483812641,0.974446351618736
0.741341492552233,0.258658507447767
0.291245551417671,0.708754448582329
0.735905815765669,0.264094184234331
0.119119711364557,0.880880288635443
0.811373085721494,0.188626914278506
0.415882813513438,0.584117186486562
0.0377111912311041,0.962288808768896
0.0357421323786718,0.964257867621328
0.765991203404023,0.234008796595977
0.0532481370489335,0.946751862951067
0.457313147823145,0.542686852176855
0.372751034780169,0.627248965219831
0.84921111059953,0.15078888940047
0.590495267316269,0.409504732683731
0.0234809981736766,0.976519001826323
0.348125587623372,0.651874412376628
0.477979990241722,0.522020009758278
0.274441613487255,0.725558386512745
0.190361668453055,0.809638331546945
0.687758444951244,0.312241555048756
0.24928737464156,0.75071262535844
0.7804065405146,0.2195934594854
0.0140024745999775,0.985997525400023
0.141695845798252,0.858304154201748
0.18467135050947,0.81532864949053
0.596225434756247,0.403774565243753
0.45971077507689,0.54028922492311
0.616534859741005,0.383465140258995
0.631583373895716,0.368416626104284
0.00378497489995387,0.996215025100046
0.886009047526075,0.113990952473925
0.641028947439343,0.358971052560657
0.0749585126167485,0.925041487383252
0.459776822698593,0.540223177301407
0.0977785252838351,0.902221474716165
0.715325791590388,0.284674208409612
0.368643008843952,0.631356991156048
0.608519245013271,0.391480754986729
0.884690348167174,0.115309651832826
0.0134107258271879,0.986589274172812
0.7574987036714,0.2425012963286
0.299515000756847,0.700484999243153
0.531903703094721,0.468096296905279
0.454785909736139,0.545214090263861
0.0540791466929846,0.945920853307015
0.920939229161973,0.0790607708380274
0.122330725783932,0.877669274216068
0.0676920577167773,0.932307942283223
0.204308142269779,0.795691857730221
0.021493435384353,0.978506564615647
0.927745471636767,0.072254528363233
0.518979740334812,0.481020259665188
0.733930540923991,0.266069459076009
0.080503857037969,0.919496142962031
2.52317676720787e-05,0.999974768232328
0.561399785789355,0.438600214210645
0.102395017959437,0.897604982040563
0.636107766168812,0.363892233831188
0.259056198354621,0.740943801645379
0.384081402905795,0.615918597094204
0.000129968153734424,0.999870031846266
0.0932337926579041,0.906766207342096
0.490441300314943,0.509558699685057
0.515256811091013,0.484743188908987
0.860672088976453,0.139327911023547
0.707650030338879,0.292349969661121
0.527290457174463,0.472709542825537
0.0140475650964029,0.985952434903597
0.24397731997523,0.75602268002477
0.265359932977925,0.734640067022075
0.723874689975159,0.276125310024841
0.0376676226448547,0.962332377355145
0.0780762489229826,0.921923751077017
0.916577206219308,0.083422793780692
0.950517537386214,0.0494824626137855
0.959714353815787,0.0402856461842134
0.955395144946123,0.0446048550538772
0.961328707391669,0.0386712926083315
0.960998179081989,0.0390018209180112
0.959554922630578,0.0404450773694223
0.888663275918059,0.111336724081941
0.949110255895673,0.0508897441043266
0.958633303722091,0.0413666962779088
0.961320567019253,0.0386794329807471
0.961299423282065,0.0387005767179347
0.95217637575017,0.0478236242498302
0.960096742495716,0.039903257504284
0.90976304576466,0.0902369542353401
0.960690248038329,0.0393097519616705
0.946961336786058,0.0530386632139422
0.961302429665504,0.0386975703344955
0.903865146293342,0.0961348537066582
0.943885885579492,0.0561141144205076
0.957515307041065,0.0424846929589352
0.948605628670318,0.0513943713296824
0.950678902867653,0.0493210971323472
0.958271077926985,0.0417289220730155
0.936443151366392,0.0635568486336083
0.96071280575399,0.0392871942460099
0.960321336647161,0.0396786633528387
0.914995086201296,0.0850049137987036
0.949893720961416,0.0501062790385843
0.945916919349985,0.0540830806500154
0.936800609203845,0.0631993907961547
0.96130447053501,0.0386955294649903
0.837371691910017,0.162628308089983
0.943410152998958,0.0565898470010417
0.932359784380091,0.0676402156199092
0.95883712761819,0.0411628723818104
0.961165110298243,0.0388348897017574
0.940995691137085,0.0590043088629154
0.96011288073825,0.0398871192617504
0.960845641710706,0.0391543582892945
0.951800985715061,0.0481990142849392
0.955534210207517,0.0444657897924829
0.9439747602245,0.0560252397754998
0.961319804207225,0.0386801957927754
0.947027105357247,0.0529728946427533
0.942095175345873,0.0579048246541268
0.959638632405788,0.0403613675942117
0.960601391739964,0.0393986082600358
0.959858720432088,0.0401412795679122
0.928250287714241,0.0717497122857592
0.959459988586715,0.0405400114132851
0.957673175188543,0.0423268248114572
0.935325844897909,0.0646741551020914
0.961331874357104,0.0386681256428962
0.817124506411178,0.182875493588822
0.960118422284375,0.0398815777156253
0.953050688001007,0.046949311998993
0.95140765901835,0.0485923409816504
0.95374958727851,0.0462504127214903
0.958966224240204,0.0410337757597958
0.941911849619442,0.0580881503805585
0.826864753281085,0.173135246718915
0.960785203927791,0.0392147960722086
0.904739318544575,0.0952606814554253
0.9460852676318,0.0539147323682002
0.96121860013744,0.0387813998625597
0.956354734637798,0.0436452653622025
0.897615954697807,0.102384045302193
0.950217697471688,0.0497823025283115
0.955970398370522,0.0440296016294779
0.961301596600829,0.0386984033991712
0.950197191578604,0.0498028084213958
0.901299293471984,0.0987007065280159
0.951898502935246,0.0481014970647543
0.926909973276031,0.0730900267239688
0.960729856742895,0.0392701432571053
0.336501809658959,0.663498190341042
0.961310691299458,0.0386893087005418
0.94677466746585,0.0532253325341501
0.950878126096092,0.0491218739039078
0.957589235101641,0.0424107648983589
0.785814787184512,0.214185212815488
0.722328530521168,0.277671469478832
0.961292454756236,0.0387075452437644
0.95968077258477,0.0403192274152304
0.911592152106513,0.0884078478934869
0.960241358448311,0.0397586415516887
0.9606505670118,0.0393494329882005
0.939927799352632,0.0600722006473677
0.946866888182152,0.0531331118178475
0.949627845232746,0.0503721547672539
0.911221465559138,0.0887785344408617
0.956980379972709,0.0430196200272913
0.945059104122902,0.0549408958770982
0.886135020423649,0.113864979576351
0.960408923414933,0.039591076585067
0.944463400981709,0.0555365990182912
0.946123540681411,0.0538764593185886
0.961283258729939,0.038716741270061
0.930075813986831,0.0699241860131694
0.961186998202464,0.0388130017975362
0.954979600339033,0.0450203996609669
0.947512738901725,0.0524872610982746
0.725472245160246,0.274527754839754
0.958318849916679,0.0416811500833212
0.96024047572867,0.0397595242713299
0.931759293441574,0.0682407065584263
0.923167793354774,0.0768322066452258
0.957364957273351,0.0426350427266489
0.960377017379888,0.0396229826201124
0.952655336945902,0.0473446630540979
0.959347816376197,0.040652183623803
0.9497037868763,0.0502962131236998
0.885481521952825,0.114518478047175
0.925957455872707,0.0740425441272927
0.927673741956098,0.0723262580439024
0.959130373624769,0.0408696263752312
0.7596130565828,0.2403869434172
0.950658629265107,0.0493413707348932
0.856909738170879,0.143090261829121
0.941766029965969,0.0582339700340314
0.95830395594827,0.0416960440517296
0.93504279116357,0.0649572088364301
0.956940898233291,0.0430591017667089
0.943779955645588,0.0562200443544117
0.959272714631168,0.040727285368832
0.810514809356048,0.189485190643952
0.950867210973343,0.0491327890266569
0.924423705091772,0.075576294908228
0.954732991564112,0.0452670084358885
0.930288119593257,0.0697118804067434
0.878984828309357,0.121015171690643
0.945763135071309,0.0542368649286906
0.958115936216938,0.0418840637830616
0.956167399982882,0.0438326000171178
0.949617008550375,0.0503829914496253
0.958568043244575,0.0414319567554247
0.910905637206929,0.0890943627930714
0.44187411899854,0.55812588100146
0.894744602363768,0.105255397636232
0.839893193506008,0.160106806493992
0.930125281291082,0.0698747187089177
0.89043042697898,0.10956957302102
0.961119810717692,0.0388801892823076
0.577564274123807,0.422435725876193
0.944035653468375,0.0559643465316247
0.961345300982777,0.038654699017223
0.950930849958533,0.0490691500414672
0.949316215894884,0.0506837841051162
0.871363952624029,0.128636047375971
0.94386975901754,0.05613024098246
0.955290773302927,0.0447092266970734
0.520711627555675,0.479288372444325
0.961052827465022,0.0389471725349783
0.948696957890655,0.0513030421093451
0.960437764373572,0.0395622356264278
0.93768914879855,0.0623108512014497
0.301415472742532,0.698584527257468
0.955943587541446,0.044056412458554
0.787738050071406,0.212261949928594
0.960450971169092,0.0395490288309084
0.630208176926375,0.369791823073625
0.871030784834791,0.128969215165209
0.788351832742954,0.211648167257046
0.852977731011491,0.147022268988509
0.712392421770263,0.287607578229737
0.899665610479129,0.100334389520871
0.960087196372538,0.0399128036274616
0.858996097210842,0.141003902789158
0.960702324206751,0.0392976757932488
0.853512555944972,0.146487444055028
0.960825303785193,0.0391746962148065
0.932023807367103,0.0679761926328974
0.944771018100816,0.055228981899184
0.961234475059945,0.0387655249400551
0.95451363180087,0.0454863681991295
0.95655422802028,0.0434457719797199
0.948978688703444,0.0510213112965562
0.961179638079273,0.038820361920727
0.941578178152701,0.058421821847299
0.956940161893381,0.043059838106619
0.96077424845029,0.0392257515497095
0.889658611135212,0.110341388864788
0.959069726296972,0.0409302737030277
0.581519021511842,0.418480978488158
0.687040683947778,0.312959316052222
0.926833380672422,0.0731666193275782
0.937031856095376,0.062968143904624
0.204938704793837,0.795061295206163
0.961232982232662,0.0387670177673378
0.959967133323753,0.0400328666762474
0.960992524474275,0.0390074755257251
0.905433167408842,0.0945668325911583
0.960196654368632,0.0398033456313682
0.939305798951646,0.0606942010483542
0.495668749028361,0.504331250971639
0.834592139321574,0.165407860678426
0.943845232349648,0.0561547676503521
0.961335361782693,0.0386646382173066
0.905193171229675,0.0948068287703248
0.93369933979507,0.0663006602049295
0.960468344160655,0.0395316558393451
0.957841341938892,0.0421586580611079
0.827682134167004,0.172317865832996
0.720375834090135,0.279624165909865
0.825871636693461,0.174128363306539
0.116937536187395,0.883062463812605
0.885570617182552,0.114429382817448
0.885590439451445,0.114409560548555
0.904077585249052,0.0959224147509479
0.950887249810573,0.0491127501894271
0.912670344449712,0.087329655550288
0.815462469160979,0.184537530839021
0.857643305024583,0.142356694975417
0.746193704417792,0.253806295582208
0.904743026015102,0.0952569739848976
0.784532400201468,0.215467599798532
0.835640990287003,0.164359009712997
0.833422250989841,0.166577749010159
0.746894013225623,0.253105986774377
0.951968129600864,0.048031870399136
0.891134774032047,0.108865225967953
0.948058186645983,0.0519418133540168
0.933174848035969,0.0668251519640306
0.901617706304697,0.0983822936953029
0.842588620683941,0.157411379316059
0.633196463842813,0.366803536157187
0.850258946532807,0.149741053467193
0.360442209451892,0.639557790548108
0.891917638213617,0.108082361786383
0.837240172873605,0.162759827126395
0.960194025515139,0.0398059744848606
0.904712766390685,0.0952872336093151
0.903646246737559,0.0963537532624409
0.958172450943246,0.0418275490567542
0.94588071282874,0.0541192871712596
0.941502569881793,0.0584974301182065
0.464921390581042,0.535078609418958
0.933910203667889,0.0660897963321108
0.900442778974374,0.0995572210256257
0.94988521254846,0.0501147874515397
0.846666775401425,0.153333224598575
0.94114156128736,0.0588584387126401
0.952358647228629,0.0476413527713712
0.887241959525893,0.112758040474107
0.958404749305295,0.0415952506947047
0.937529232082072,0.0624707679179278
0.960161495548106,0.0398385044518936
0.950063686297278,0.0499363137027216
0.932327836786032,0.0676721632139684
0.69779546378652,0.30220453621348
0.874494474668625,0.125505525331375
0.889517453971313,0.110482546028687
0.916101835338028,0.0838981646619722
0.646279397173936,0.353720602826064
0.931210796583674,0.0687892034163259
0.951387466269662,0.0486125337303376
0.804967342039759,0.195032657960241
0.957055981202743,0.0429440187972566
0.944907922673078,0.0550920773269216
0.890670374646069,0.109329625353931
0.838334279322599,0.161665720677401
0.896248526077957,0.103751473922043
0.862336968195918,0.137663031804082
0.432344939862082,0.567655060137918
0.961146639466929,0.0388533605330709
0.928985433447192,0.0710145665528085
0.919954401179786,0.0800455988202143
0.921815295713771,0.0781847042862288
0.92982177830149,0.0701782216985103
0.391430215851513,0.608569784148487
0.814193711685079,0.185806288314921
0.830909860241624,0.169090139758376
0.93095070222989,0.0690492977701103
0.520040960503332,0.479959039496668
0.0380991225502896,0.96190087744971
0.522339117566207,0.477660882433793
0.961360394557863,0.038639605442137
0.95443340523906,0.0455665947609402
0.932800439229987,0.0671995607700129
0.809864280469285,0.190135719530715
0.828263448024454,0.171736551975546
0.959493432258679,0.040506567741321
0.933729496847235,0.0662705031527652
0.909868211156036,0.0901317888439637
0.912688859525546,0.0873111404744539
0.957981780110012,0.0420182198899879
0.918382894129005,0.0816171058709947
0.521836244780501,0.478163755219499
0.956153440995179,0.0438465590048215
0.953228081931708,0.0467719180682916
0.938133725859262,0.0618662741407384
0.53981866820096,0.46018133179904
0.781419932428925,0.218580067571075
0.771188637622633,0.228811362377367
0.942118678360071,0.0578813216399287
0.846507820016726,0.153492179983274
0.96026535121156,0.0397346487884405
0.861431566326869,0.138568433673131
0.765725266583407,0.234274733416593
0.866529398888136,0.133470601111864
0.396342907639463,0.603657092360537
0.343110717373447,0.656889282626553
0.943828540611056,0.0561714593889444
0.141344406503452,0.858655593496548
0.955607043846324,0.0443929561536761
0.629232888756987,0.370767111243013
0.946015091007884,0.0539849089921161
0.953762643661574,0.0462373563384256
0.796266155201926,0.203733844798074
0.865690505232079,0.134309494767921
0.728512733099666,0.271487266900334
0.639323416586339,0.360676583413661
0.960410454455014,0.0395895455449857
0.947980338261238,0.0520196617387623
0.676487665750108,0.323512334249892
0.843626892059014,0.156373107940986
0.241974673320186,0.758025326679814
0.643570220233405,0.356429779766595
0.279603770284382,0.720396229715617
0.297138262316428,0.702861737683572
0.781381169066454,0.218618830933546
0.62764873813998,0.37235126186002
0.884099705353101,0.115900294646899
0.905078081213273,0.0949219187867272
0.255228750325726,0.744771249674274
0.758289219944627,0.241710780055373
0.3443397379152,0.6556602620848
0.27651445607267,0.72348554392733
0.167125200568427,0.832874799431573
0.04838715188101,0.95161284811899
0.75596640316402,0.24403359683598
0.90309053744238,0.0969094625576202
0.699446944526165,0.300553055473835
0.817674345117099,0.182325654882901
0.685443663498279,0.314556336501721
0.471617041613255,0.528382958386745
0.45078107206635,0.54921892793365
0.828896761082444,0.171103238917556
0.869448927957713,0.130551072042287
0.796788922298592,0.203211077701408
0.832040357928878,0.167959642071122
0.0634618614445116,0.936538138555488
0.899962587405643,0.100037412594357
0.90101499680042,0.0989850031995804
0.942500523059548,0.0574994769404518
0.557041491047932,0.442958508952068
0.693176345288557,0.306823654711443
0.836447571450157,0.163552428549843
0.953083141204813,0.0469168587951867
0.810914222728698,0.189085777271302
0.805705622973914,0.194294377026086
0.337318660481915,0.662681339518085
0.582499006070354,0.417500993929646
0.869544629787332,0.130455370212668
0.908602854173719,0.0913971458262807
0.0641104836951698,0.93588951630483
0.745330298770563,0.254669701229437
0.576319165790969,0.423680834209031
0.959015989625355,0.0409840103746452
0.732068312734571,0.267931687265429
0.959847309225954,0.0401526907740462
0.715531841339392,0.284468158660608
0.348137594787027,0.651862405212973
0.776817687240311,0.223182312759689
0.907798799577158,0.092201200422842
0.96119165617739,0.0388083438226096
0.811693059237979,0.188306940762021
0.906448086338715,0.0935519136612849
0.925285535763278,0.0747144642367221
0.525526405510533,0.474473594489467
0.762232409278489,0.237767590721511
0.821538795058307,0.178461204941693
0.0370340801622871,0.962965919837713
0.913877008345385,0.0861229916546148
0.166416372865567,0.833583627134433
0.859718656969409,0.140281343030591
0.19787630851926,0.80212369148074
0.36895325645298,0.63104674354702
0.223330250649765,0.776669749350235
0.395101102115997,0.604898897884004
0.885282515061267,0.114717484938733
0.332972976520436,0.667027023479564
0.756815415492529,0.243184584507471
0.880124729807056,0.119875270192944
0.87670044316667,0.12329955683333
0.617505783596163,0.382494216403837
0.916328064598552,0.0836719354014478
0.656114170471745,0.343885829528255
0.693270629264215,0.306729370735785
0.462544001549561,0.537455998450439
0.080768387812426,0.919231612187574
0.770564066273434,0.229435933726566
0.902368009646234,0.0976319903537659
0.907083555870639,0.0929164441293606
0.863949026963164,0.136050973036836
0.937217510817006,0.0627824891829941
0.865027308025742,0.134972691974258
0.848895047462035,0.151104952537965
0.0158335063133782,0.984166493686622
0.649759039263749,0.350240960736251
0.950273908359938,0.0497260916400624
0.959922429051159,0.0400775709488415
0.336118318938517,0.663881681061483
0.954672476736629,0.0453275232633705
0.961314644043411,0.0386853559565892
0.956130704907391,0.0438692950926085
0.946171380938846,0.0538286190611538
0.930721423494596,0.0692785765054043
0.960253523804079,0.0397464761959212
0.960199360885826,0.0398006391141742
0.960124470927597,0.0398755290724033
0.960550330797554,0.0394496692024455
0.895208497989282,0.104791502010718
0.952801401699674,0.0471985983003259
0.67086569183677,0.32913430816323
0.954775457460636,0.045224542539364
0.959435295568445,0.0405647044315548
0.944577297316923,0.0554227026830766
0.94793319782481,0.0520668021751902
0.95273221961005,0.0472677803899502
0.961329058986084,0.0386709410139163
0.958004527507775,0.0419954724922246
0.960763306573093,0.0392366934269069
0.852807829210306,0.147192170789694
0.959944126293988,0.0400558737060118
0.944462510082446,0.0555374899175536
0.958204960132424,0.0417950398675756
0.93567101695193,0.0643289830480704
0.96071973597086,0.0392802640291404
0.856027409823449,0.143972590176551
0.736865070994411,0.263134929005589
0.954325532222276,0.045674467777724
0.961222477721913,0.0387775222780866
0.955302301164287,0.0446976988357132
0.958187399087232,0.0418126009127677
0.959365310969292,0.0406346890307078
0.947371641471634,0.0526283585283659
0.935110608816398,0.0648893911836025
0.915084695970513,0.0849153040294867
0.961097538089156,0.0389024619108441
0.9469256643542,0.0530743356457997
0.957448173591538,0.0425518264084619
0.956177437865121,0.0438225621348786
0.960190938174895,0.0398090618251051
0.939132643178923,0.0608673568210771
0.952760952090235,0.0472390479097649
0.950741222087826,0.0492587779121745
0.957874761213262,0.0421252387867378
0.960286537361468,0.0397134626385325
0.96030758777716,0.0396924122228399
0.953710951493029,0.0462890485069708
0.582088467826469,0.417911532173531
0.94327889647441,0.0567211035255898
0.958699029451067,0.0413009705489326
0.960764374882787,0.0392356251172129
0.960626734368073,0.0393732656319268
0.908236563831481,0.0917634361685189
0.960614261875418,0.0393857381245818
0.955630835009118,0.0443691649908822
0.957511610394824,0.0424883896051756
0.959855804488828,0.040144195511172
0.943891225659844,0.0561087743401557
0.728671233173123,0.271328766826877
0.954191282368448,0.0458087176315517
0.959051782490494,0.0409482175095061
0.958683436854329,0.0413165631456714
0.961346233465028,0.0386537665349724
0.881795598317174,0.118204401682826
0.932622141451234,0.0673778585487658
0.93760934503649,0.0623906549635096
0.96105507408244,0.0389449259175596
0.922731334636338,0.0772686653636615
0.919849618383012,0.080150381616988
0.931357578806934,0.0686424211930659
0.955182181121346,0.0448178188786544
0.961129811312997,0.0388701886870034
0.954901362447984,0.0450986375520163
0.961345696436412,0.0386543035635877
0.956941901957579,0.0430580980424209
0.960289831751001,0.0397101682489994
0.952337497587486,0.0476625024125145
0.953531444309416,0.0464685556905836
0.956884158932538,0.0431158410674624
0.961257380952144,0.038742619047856
0.955029518556909,0.0449704814430913
0.954466593809036,0.0455334061909642
0.958965891027926,0.0410341089720736
0.901910368921994,0.0980896310780061
0.955660477149744,0.0443395228502561
0.915546577611477,0.0844534223885229
0.948346496475285,0.0516535035247149
0.954946493189382,0.045053506810618
0.909571732462773,0.0904282675372271
0.943385183167023,0.0566148168329772
0.870133790067024,0.129866209932976
0.959087350383453,0.0409126496165465
0.943314265995902,0.056685734004098
0.958132103963167,0.0418678960368335
0.930865177482667,0.0691348225173333
0.935311282156917,0.0646887178430832
0.96084185098839,0.0391581490116095
0.951771308297294,0.0482286917027057
0.952253489375311,0.0477465106246895
0.956636086207723,0.0433639137922766
0.924659079852316,0.0753409201476841
0.960984076406151,0.0390159235938492
0.960681997455348,0.0393180025446519
0.944395741804837,0.055604258195163
0.959247842193512,0.040752157806488
0.949815206211139,0.050184793788861
0.94826725549641,0.0517327445035904
0.961314324782994,0.0386856752170059
0.957436132778788,0.0425638672212122
0.959208867312191,0.0407911326878091
0.961228757433486,0.0387712425665143
0.954890932708073,0.0451090672919268
0.958298577426336,0.0417014225736639
0.955180086858842,0.0448199131411583
0.960810730677414,0.0391892693225862
0.95260821571248,0.0473917842875202
0.957504560345146,0.0424954396548537
0.903372363146246,0.0966276368537539
0.960782639139983,0.0392173608600173
0.961294234049838,0.0387057659501615
0.957033035958338,0.0429669640416621
0.95662529500788,0.04337470499212
0.932033094891,0.0679669051089999
0.953286237255511,0.0467137627444888
0.957158993022042,0.0428410069779577
0.955718163588472,0.0442818364115279
0.948059670003298,0.051940329996702
0.949783152864801,0.050216847135199
0.959626409811248,0.0403735901887515
0.960683576734328,0.0393164232656718
0.909368176678539,0.0906318233214615
0.935577534392502,0.0644224656074982
0.958962870596186,0.0410371294038143
0.960884235384604,0.0391157646153956
0.951299142861597,0.0487008571384027
0.926365962534573,0.0736340374654274
0.954776508685487,0.045223491314513
0.952082137983301,0.0479178620166988
0.95066202012944,0.04933797987056
0.961224956448677,0.0387750435513229
0.916086822227148,0.0839131777728521
0.957142500409978,0.0428574995900216
0.937953714049532,0.0620462859504682
0.935146751268502,0.0648532487314979
0.939194897892548,0.0608051021074519
0.944758233676172,0.0552417663238277
0.939604609739089,0.060395390260911
0.957607604203859,0.0423923957961412
0.952838454848178,0.0471615451518222
0.915352254420397,0.0846477455796032
0.961297854917803,0.0387021450821975
0.957192904586426,0.0428070954135743
0.89307636809924,0.10692363190076
0.958996766332787,0.0410032336672134
0.908373512855954,0.0916264871440455
0.79808066236856,0.20191933763144
0.961319242987752,0.0386807570122478
0.935191049739917,0.0648089502600833
0.958506438945897,0.0414935610541032
0.879853718344145,0.120146281655855
0.958550472480771,0.041449527519229
0.959312222867066,0.0406877771329344
0.960948955611102,0.0390510443888982
0.959213092230046,0.0407869077699539
0.952545768722535,0.0474542312774645
0.948365492333438,0.0516345076665617
0.955543633101025,0.0444563668989754
0.938184617311528,0.0618153826884716
0.957937885044697,0.0420621149553027
0.935807975711917,0.0641920242880832
0.956050740477056,0.0439492595229445
0.885362940371106,0.114637059628894
0.933607058979918,0.0663929410200824
0.960454329860512,0.0395456701394877
0.947414955988317,0.0525850440116828
0.939186811179373,0.060813188820627
0.933116223571893,0.0668837764281074
0.958077052422837,0.0419229475771628
0.960628794364074,0.0393712056359262
0.927385074994227,0.0726149250057728
0.960846508386524,0.0391534916134757
0.961319236044087,0.038680763955913
0.961122313318463,0.0388776866815371
0.95151382363737,0.04848617636263
0.959754432666236,0.0402455673337643
0.961086117408849,0.0389138825911507
0.954557518592824,0.0454424814071756
0.961243550918611,0.0387564490813889
0.943660194093309,0.0563398059066906
0.91673750929956,0.0832624907004403
0.957165748859013,0.0428342511409869
0.94876987203336,0.0512301279666399
0.961234179524852,0.0387658204751484
0.91683596590006,0.0831640340999404
0.946083199850967,0.0539168001490334
0.949430068885146,0.0505699311148536
0.94291522867839,0.0570847713216101
0.958856758516249,0.0411432414837507
0.948481679504037,0.0515183204959633
0.936789213284129,0.0632107867158708
0.875954721376144,0.124045278623856
0.961059397808621,0.0389406021913787
0.940431892408828,0.059568107591172
0.956578921386709,0.043421078613291
0.911781472855284,0.0882185271447158
0.961300460648068,0.0386995393519323
0.917933085849458,0.0820669141505417
0.953639000017992,0.0463609999820083
0.957994636630256,0.0420053633697444
0.947953887808481,0.0520461121915187
0.955831905827929,0.0441680941720707
0.945284415533808,0.0547155844661923
0.955881399265169,0.0441186007348305
0.819275594113169,0.180724405886831
0.961268779082735,0.0387312209172653
0.959532349263503,0.0404676507364971
0.960479763963828,0.0395202360361725
0.950964112294137,0.0490358877058632
0.943326882798868,0.0566731172011324
0.949764297935976,0.0502357020640244
0.947973444336633,0.0520265556633666
0.953578051979412,0.0464219480205875
0.941183973105487,0.0588160268945126
0.938575976522511,0.0614240234774889
0.948968521505056,0.0510314784949443
0.952041409386455,0.0479585906135453
0.921485261248621,0.0785147387513795
0.945266993084776,0.0547330069152238
0.902319618969453,0.097680381030547
0.958771919976442,0.0412280800235583
0.912715847570894,0.0872841524291065
0.916947137182081,0.0830528628179189
0.945828255497677,0.0541717445023233
0.444651787509608,0.555348212490392
0.960481433371865,0.0395185666281351
0.9599233205062,0.0400766794937996
0.903516585039958,0.0964834149600421
0.894391844786,0.105608155214
0.960424767821166,0.0395752321788342
0.959964897926544,0.0400351020734562
0.960745328589908,0.0392546714100922
0.958453903139405,0.0415460968605947
0.853632879885873,0.146367120114127
0.945766156303561,0.054233843696439
0.958734401421635,0.041265598578365
0.95711737569243,0.0428826243075698
0.955595119474661,0.0444048805253388
0.923817941605727,0.0761820583942735
0.404838381775627,0.595161618224373
0.81447466232487,0.18552533767513
0.957382466991101,0.0426175330088986
0.655064811206713,0.344935188793287
0.872037203598411,0.127962796401589
0.909326180471506,0.0906738195284943
0.949696548409735,0.0503034515902646
0.952258509939756,0.0477414900602439
0.961302623971794,0.0386973760282062
0.955085815895998,0.0449141841040019
0.958438506474035,0.0415614935259652
0.961117881923213,0.0388821180767874
0.948567211627252,0.0514327883727476
0.93372978544526,0.0662702145547398
0.950024148542052,0.0499758514579476
0.95815390754453,0.0418460924554698
0.0760509175058119,0.923949082494188
0.875424387819785,0.124575612180215
0.882267275127702,0.117732724872298
0.658469959185154,0.341530040814846
0.941005713286598,0.0589942867134018
0.752596203328129,0.247403796671871
0.95307316043687,0.0469268395631304
0.954293723801044,0.0457062761989561
0.961211610381777,0.038788389618223
0.96124194687098,0.0387580531290205
0.952733239380928,0.047266760619072
0.917471773365429,0.0825282266345712
0.906937763101132,0.0930622368988684
0.940189707823824,0.0598102921761764
0.935251883076108,0.0647481169238916
0.871422239072974,0.128577760927026
0.906201861837542,0.0937981381624584
0.952825118966919,0.0471748810330813
0.912218743141728,0.0877812568582719
0.961266469851816,0.038733530148184
0.9610868825608,0.0389131174392
0.861145840279903,0.138854159720097
0.9609436087735,0.0390563912265004
0.950000141741841,0.0499998582581593
0.922615274489474,0.0773847255105263
0.896618523638504,0.103381476361496
0.955528021215188,0.0444719787848119
0.950167025789133,0.0498329742108669
0.957907361950024,0.0420926380499762
0.935592339027615,0.064407660972385
0.948924276590737,0.0510757234092634
0.961296389910203,0.0387036100897966
0.607900858286686,0.392099141713314
0.879893799321987,0.120106200678013
0.941923759960812,0.0580762400391878
0.894482792003808,0.105517207996192
0.626898516699555,0.373101483300445
0.960073834051075,0.0399261659489254
0.95657386528943,0.0434261347105702
0.528496131896924,0.471503868103076
0.908137027051607,0.0918629729483934
0.884120656341178,0.115879343658822
0.913987395093168,0.0860126049068323
0.960186870675538,0.0398131293244625
0.960709672009425,0.0392903279905746
0.911171050107644,0.0888289498923565
0.959769047455734,0.0402309525442658
0.961108089798348,0.0388919102016516
0.788859150506309,0.211140849493691
0.667516154461741,0.332483845538259
0.951229838986097,0.0487701610139026
0.752345277706931,0.247654722293069
0.954429197620206,0.0455708023797944
0.463962178041755,0.536037821958245
0.474151217620672,0.525848782379328
0.561141337890844,0.438858662109156
0.395254914975942,0.604745085024058
0.876724617408935,0.123275382591065
0.943583084136205,0.0564169158637955
0.923946776136921,0.0760532238630791
0.871963985904928,0.128036014095072
0.94935666081088,0.0506433391891203
0.883842792407047,0.116157207592953
0.84138080026649,0.15861919973351
0.576285222999527,0.423714777000473
0.628827532718717,0.371172467281283
0.303856734827651,0.696143265172349
0.532845919242576,0.467154080757424
0.879986797507387,0.120013202492613
0.0194939325425352,0.980506067457465
0.75971074588407,0.24028925411593
0.960659350597743,0.0393406494022571
0.904900498390425,0.0950995016095751
0.80522804519178,0.19477195480822
0.936232277810085,0.0637677221899152
0.831115956296205,0.168884043703795
0.757481479957391,0.242518520042609
0.961006539499242,0.0389934605007584
0.857871028358191,0.142128971641809
0.527684184481894,0.472315815518106
0.895286441385024,0.104713558614976
0.95921919360172,0.04078080639828
0.960346207254865,0.0396537927451347
0.927274073815595,0.0727259261844051
0.461570898963007,0.538429101036993
0.956318873926152,0.0436811260738484
0.875687188595674,0.124312811404326
0.956795643943035,0.0432043560569649
0.924700254826938,0.0752997451730618
0.61189165087057,0.38810834912943
0.651607988641076,0.348392011358924
0.949818274248064,0.0501817257519361
0.910373749361358,0.0896262506386425
0.958030292877668,0.0419697071223322
0.904808456047508,0.095191543952492
0.886605660272622,0.113394339727378
0.927329106021569,0.0726708939784314
0.94353702141975,0.05646297858025
0.0682721279862095,0.93172787201379
0.399897627989626,0.600102372010374
0.959507289117161,0.0404927108828395
0.730869065425229,0.269130934574771
0.931943580671114,0.0680564193288855
0.910671681107318,0.0893283188926818
0.85945877101068,0.14054122898932
0.808248871344591,0.191751128655409
0.508825115636249,0.491174884363751
0.87217713902233,0.12782286097767
0.934426543429981,0.0655734565700186
0.139295507206507,0.860704492793493
0.942065598979166,0.0579344010208338
0.866691880708527,0.133308119291473
0.928204259340237,0.0717957406597631
0.752717021334565,0.247282978665435
0.958160958517824,0.0418390414821758
0.960078732877856,0.0399212671221438
0.0418957923732338,0.958104207626766
0.927818268061894,0.0721817319381063
0.891766583750648,0.108233416249352
0.955505513439296,0.0444944865607035
0.952031783079687,0.0479682169203125
0.951302387359628,0.0486976126403724
0.937913777341296,0.0620862226587038
0.471513049914767,0.528486950085233
0.931907342860606,0.0680926571393939
0.518741254545945,0.481258745454055
0.848908717342953,0.151091282657047
0.914999836981254,0.0850001630187461
0.864678019305606,0.135321980694394
0.890080751917048,0.109919248082952
0.57055248095198,0.42944751904802
0.927294988486153,0.0727050115138473
0.890815237151614,0.109184762848386
0.957568460724866,0.0424315392751337
0.956636095525564,0.0433639044744364
0.960164212714177,0.0398357872858228
0.900303468277809,0.0996965317221907
0.961310769493987,0.0386892305060134
0.919571155067215,0.0804288449327847
0.927120941523144,0.0728790584768562
0.866379981363113,0.133620018636887
0.938673632700036,0.061326367299964
0.841282381416476,0.158717618583524
0.86962885591271,0.13037114408729
0.94525436891603,0.0547456310839696
0.769146372075921,0.230853627924079
0.746012766908067,0.253987233091933
0.776395849872108,0.223604150127892
0.954997163584415,0.0450028364155852
0.928895286415006,0.0711047135849943
0.918091760704737,0.0819082392952627
0.961687686953909,0.0383123130460913
0.946354560112741,0.0536454398872593
0.855423527250707,0.144576472749293
0.956815949811633,0.0431840501883672
0.954695384583217,0.0453046154167829
0.954561783935378,0.0454382160646218
0.754657387214215,0.245342612785785
0.960458339628208,0.0395416603717916
0.93034541661971,0.0696545833802895
0.878850799995197,0.121149200004803
0.892785609896659,0.107214390103341
0.700643343499183,0.299356656500817
0.718200974001085,0.281799025998915
0.957422626206102,0.0425773737938979
0.931176539181672,0.0688234608183285
0.468669234442218,0.531330765557782
0.958837795865221,0.0411622041347789
0.872890267289723,0.127109732710277
0.918419757888177,0.0815802421118234
0.872023491492596,0.127976508507404
0.679240487384131,0.320759512615869
0.960628945302282,0.0393710546977183
0.753651594935558,0.246348405064442
0.952139693940828,0.0478603060591721
0.954202738151913,0.0457972618480874
0.961703136706694,0.0382968632933059
0.906614584595384,0.093385415404616
0.786533214159146,0.213466785840854
0.835377000503055,0.164622999496945
0.948857825575335,0.0511421744246645
0.955196615141416,0.0448033848585837
0.876108065712076,0.123891934287924
0.901069523457959,0.098930476542041
0.904398204550666,0.0956017954493337
0.957342975469325,0.0426570245306748
0.959553481698846,0.0404465183011544
0.959939197919311,0.040060802080689
0.899083540794651,0.100916459205349
0.93671183334382,0.0632881666561798
0.947600327808654,0.052399672191346
0.728025257218815,0.271974742781185
0.937661530365108,0.0623384696348924
0.937760214615833,0.0622397853841674
0.839130416532583,0.160869583467417
0.957915760601017,0.0420842393989833
0.938077734074225,0.0619222659257749
0.961332766852895,0.0386672331471051
0.649858217733472,0.350141782266528
0.864344092265965,0.135655907734035
0.951628230227489,0.0483717697725106
0.845028763311058,0.154971236688942
0.945269573777182,0.0547304262228177
0.957490321504971,0.0425096784950291
0.512090845456733,0.487909154543267
0.930892369996664,0.0691076300033359
0.92867889379937,0.0713211062006303
0.831568518061601,0.168431481938399
0.961340587058093,0.0386594129419067
0.952373522438614,0.0476264775613865
0.945891586338212,0.054108413661788
0.943915151424596,0.0560848485754042
0.915692388865747,0.0843076111342531
0.954621587275356,0.0453784127246437
0.943869726102049,0.0561302738979514
0.960023164643347,0.0399768353566531
0.958474417159101,0.0415255828408986
0.911087702966578,0.0889122970334218
0.94552392922804,0.0544760707719596
0.87598801398829,0.12401198601171
0.901827427310231,0.0981725726897692
0.864876226090462,0.135123773909538
0.957769763926624,0.0422302360733761
0.951985180240303,0.0480148197596972
0.957140847707685,0.0428591522923146
0.957326072280426,0.0426739277195737
0.937475583383403,0.0625244166165969
0.961694729735136,0.038305270264864
0.927050179397834,0.0729498206021664
0.897323092561994,0.102676907438006
0.769525502079344,0.230474497920656
0.956128946478035,0.0438710535219647
0.957416578431269,0.0425834215687309
0.95481656043475,0.0451834395652501
0.717595906461127,0.282404093538873
0.961570318825416,0.0384296811745842
0.680554833621247,0.319445166378753
0.961524740540429,0.0384752594595706
0.920630972624284,0.0793690273757159
0.954838368680381,0.0451616313196189
0.922829171730555,0.0771708282694449
0.961619484268465,0.0383805157315351
0.956978891521056,0.0430211084789438
0.958771719921442,0.0412282800785583
0.950924602879842,0.0490753971201583
0.884704344326888,0.115295655673112
0.956786204289155,0.0432137957108449
0.961604671968204,0.0383953280317956
0.961607564858217,0.038392435141783
0.758527497733938,0.241472502266062
0.95783933247524,0.0421606675247597
0.960305857608672,0.039694142391328
0.951963313108072,0.0480366868919276
0.7856715360927,0.2143284639073
0.948137338562403,0.0518626614375965
0.88295678635899,0.11704321364101
0.934958372862455,0.0650416271375454
0.942301238001072,0.0576987619989275
0.946697969656987,0.0533020303430131
0.961520530493933,0.0384794695060668
0.961009562172084,0.038990437827916
0.938186703450588,0.0618132965494121
0.961586460883789,0.0384135391162108
0.960569695621368,0.039430304378632
0.920808755815044,0.0791912441849565
0.952669585319724,0.0473304146802759
0.906657053538608,0.0933429464613915
0.960481820038854,0.0395181799611457
0.92300018227271,0.0769998177272905
0.95729089659096,0.0427091034090396
0.939694294898213,0.0603057051017869
0.947216274803856,0.0527837251961443
0.946310541584371,0.0536894584156293
0.961606846758224,0.0383931532417756
0.94399327979126,0.0560067202087398
0.958461908314675,0.0415380916853254
0.948835714568325,0.0511642854316751
0.917314961931867,0.082685038068133
0.961469528592228,0.038530471407772
0.949588519332814,0.0504114806671861
0.953196230658827,0.0468037693411733
0.961559664904721,0.0384403350952792
0.951782312941022,0.0482176870589778
0.921065569785925,0.0789344302140748
0.948659503466754,0.0513404965332462
0.825844857923759,0.174155142076241
0.961613458580999,0.0383865414190012
0.961577742190039,0.0384222578099613
0.959510728909861,0.0404892710901387
0.884955421573827,0.115044578426173
0.948331547729179,0.0516684522708212
0.960918463168958,0.0390815368310415
0.367613888019889,0.632386111980111
0.940785757796298,0.0592142422037015
0.890354230408928,0.109645769591072
0.948168533044361,0.0518314669556394
0.960502604539152,0.0394973954608481
0.958378422106709,0.0416215778932906
0.943090216166231,0.0569097838337692
0.950234980566975,0.0497650194330246
0.532069888421846,0.467930111578154
0.949282418950848,0.0507175810491517
0.96131681647476,0.0386831835252396
0.961564582863816,0.0384354171361844
0.953477154921074,0.0465228450789263
0.943523557589037,0.0564764424109627
0.953886106518536,0.046113893481464
0.926601287518138,0.0733987124818616
0.918970839769932,0.081029160230068
0.955343725270307,0.0446562747296934
0.926215203041453,0.0737847969585469
0.934025995861442,0.0659740041385578
0.961610095243095,0.0383899047569053
0.961152255714912,0.0388477442850882
0.960729547097485,0.0392704529025152
0.927681522393076,0.0723184776069242
0.626872328574111,0.373127671425889
0.961611895357144,0.0383881046428558
0.939650984427228,0.0603490155727721
0.838304612193637,0.161695387806363
0.960249580824753,0.0397504191752471
0.959177609737153,0.0408223902628473
0.961385688213101,0.0386143117868987
0.925247910580542,0.0747520894194583
0.762328216981956,0.237671783018044
0.956890624932711,0.0431093750672888
0.926149661053827,0.0738503389461729
0.961469797783217,0.0385302022167835
0.961357786076822,0.0386422139231782
0.960839926758421,0.0391600732415791
0.938912315567417,0.0610876844325832
0.94281218228698,0.0571878177130203
0.960940576357395,0.0390594236426054
0.950373592643994,0.0496264073560058
0.948499826120722,0.0515001738792776
0.946563421840462,0.0534365781595375
0.943939726048025,0.0560602739519749
0.92427204060657,0.0757279593934297
0.959552088259991,0.0404479117400085
0.958505085851583,0.0414949141484173
0.95486344908426,0.04513655091574
0.95963927936979,0.0403607206302105
0.961287949990579,0.0387120500094209
0.942907257400313,0.0570927425996869
0.956412646710805,0.0435873532891948
0.956633181143087,0.0433668188569132
0.961442713669386,0.0385572863306136
0.942330598315665,0.0576694016843347
0.96095941452878,0.0390405854712196
0.930645453231427,0.0693545467685732
0.944795936661847,0.055204063338153
0.957902574725769,0.0420974252742314
0.877928317962549,0.122071682037451
0.945803986025064,0.0541960139749363
0.895065608724455,0.104934391275545
0.961543890364471,0.0384561096355289
0.892703343949152,0.107296656050848
0.957902504782313,0.0420974952176869
0.871615586503682,0.128384413496318
0.961337448300757,0.0386625516992429
0.950662714979964,0.0493372850200362
0.961538895151862,0.0384611048481385
0.952403547661101,0.0475964523388993
0.247205601956323,0.752794398043677
0.955275410388798,0.0447245896112017
0.952650900133893,0.0473490998661066
0.956683048217826,0.0433169517821738
0.934118262538552,0.0658817374614483
0.941651448569725,0.058348551430275
0.956540573443488,0.0434594265565122
0.928566730435386,0.0714332695646144
0.9604731293081,0.0395268706919004
0.961511634323275,0.038488365676725
0.96132140005502,0.0386785999449801
0.943006015199985,0.0569939848000151
0.948970284965247,0.0510297150347527
0.961496373579571,0.0385036264204291
0.955821939233706,0.0441780607662945
0.95774829753824,0.0422517024617598
0.953580408987972,0.0464195910120275
0.949554670596416,0.0504453294035843
0.934052274561154,0.0659477254388461
0.891596054826634,0.108403945173366
0.947335184462701,0.0526648155372991
0.940948733025105,0.059051266974895
0.940165961661079,0.0598340383389211
0.95985820892609,0.0401417910739097
0.956280750289961,0.0437192497100392
0.957748840428421,0.0422511595715794
0.954765761384418,0.0452342386155817
0.899787143055938,0.100212856944062
0.960893395512995,0.0391066044870054
0.913144838130722,0.0868551618692782
0.961126450688433,0.0388735493115667
0.946222953162272,0.0537770468377281
0.957761207032098,0.0422387929679018
0.960605686437787,0.0393943135622131
0.949915115675264,0.0500848843247359
0.958348425141196,0.0416515748588042
0.863331570181262,0.136668429818738
0.960025970314569,0.0399740296854311
0.928919624675876,0.0710803753241243
0.961512304461293,0.038487695538707
0.952815990217789,0.0471840097822106
0.954640551626492,0.0453594483735079
0.943363342592691,0.0566366574073088
0.961524519952085,0.0384754800479146
0.961546529830865,0.0384534701691349
0.95910143445381,0.0408985655461899
0.865749549121404,0.134250450878596
0.945829576680989,0.0541704233190106
0.94033339181954,0.0596666081804598
0.955124920728573,0.0448750792714272
0.961544678195303,0.0384553218046972
0.953383868386125,0.0466161316138749
0.958398889574306,0.0416011104256939
0.961116701523623,0.0388832984763766
0.942040250821667,0.0579597491783334
0.961187233328523,0.038812766671477
0.945530651520976,0.0544693484790243
0.954440301085189,0.0455596989148114
0.939117968856964,0.060882031143036
0.961372892791614,0.0386271072083861
0.956755617799054,0.0432443822009462
0.944337068317943,0.0556629316820567
0.959924629082879,0.0400753709171212
0.95070697324452,0.0492930267554804
0.910855706562621,0.0891442934373786
0.918197022503498,0.0818029774965022
0.951794218996221,0.0482057810037795
0.907864033170642,0.092135966829358
0.915987276120234,0.0840127238797658
0.920886723541862,0.0791132764581379
0.954722907080525,0.0452770929194752
0.951818933177434,0.0481810668225655
0.961477919475626,0.0385220805243741
0.960633852412339,0.0393661475876605
0.94610918358017,0.0538908164198297
0.945039211646585,0.0549607883534152
0.959418014354974,0.0405819856450265
0.953263900308311,0.0467360996916887
0.741708006877371,0.258291993122629
0.818170061375287,0.181829938624713
0.957069300170183,0.0429306998298167
0.653618833691878,0.346381166308122
0.604349550319009,0.395650449680991
0.959798386105702,0.0402016138942983
0.956853766340055,0.0431462336599445
0.947330675513432,0.0526693244865684
0.880181986763352,0.119818013236648
0.882616310328283,0.117383689671717
0.946211812944704,0.0537881870552956
0.951971183890392,0.048028816109608
0.938372995014726,0.0616270049852736
0.947488724073622,0.0525112759263778
0.961478650997314,0.0385213490026859
0.752776155790374,0.247223844209626
0.889821469109313,0.110178530890687
0.890298703017425,0.109701296982575
0.862928330190789,0.137071669809211
0.907970460466679,0.0920295395333212
0.949164109529258,0.0508358904707423
0.93734214228928,0.0626578577107202
0.961479756210454,0.038520243789546
0.9246942034938,0.0753057965061995
0.960535471417321,0.0394645285826795
0.922044271479003,0.0779557285209974
0.961169377658666,0.0388306223413345
0.96136117651207,0.0386388234879299
0.959852024749047,0.0401479752509535
0.872973579719112,0.127026420280888
0.946578441983406,0.0534215580165943
0.961338255608845,0.0386617443911547
0.961407970580876,0.0385920294191242
0.959876297454403,0.0401237025455968
0.959978118287233,0.0400218817127674
0.616466209028801,0.383533790971199
0.957506551219034,0.0424934487809656
0.958773864919391,0.0412261350806087
0.959953113828519,0.0400468861714813
0.95788453989955,0.0421154601004498
0.946436318021914,0.0535636819780861
0.937369142991283,0.062630857008717
0.958165663844943,0.0418343361550573
0.96147767255528,0.0385223274447196
0.954276870041881,0.045723129958119
0.960235270625219,0.0397647293747809
0.961192001125694,0.0388079988743064
0.754742449402659,0.245257550597341
0.900133073303583,0.0998669266964172
0.941946669071501,0.0580533309284991
0.956143489925988,0.0438565100740119
0.956101735826879,0.0438982641731208
0.942178220894227,0.0578217791057727
0.920218074948349,0.0797819250516509
0.894660781964702,0.105339218035298
0.96022019572306,0.0397798042769402
0.947739530334241,0.052260469665759
0.955055451622858,0.0449445483771417
0.829577038775091,0.170422961224909
0.94368836282662,0.0563116371733802
0.941071468437293,0.0589285315627068
0.958462138413841,0.0415378615861594
0.934232001339828,0.0657679986601725
0.944740786365482,0.0552592136345178
0.95809189941641,0.0419081005835902
0.936262454022225,0.0637375459777751
0.915957628665982,0.0840423713340178
0.958163313609446,0.041836686390554
0.957801743112948,0.0421982568870518
0.770578697446708,0.229421302553292
0.960712309223119,0.0392876907768807
0.94627905902162,0.05372094097838
0.956057554549588,0.0439424454504121
0.955136365320867,0.0448636346791329
0.800313555021058,0.199686444978942
0.956446370430918,0.0435536295690818
0.949911248357255,0.050088751642745
0.9356108412036,0.0643891587964001
0.937036676445547,0.0629633235544532
0.904034490155053,0.0959655098449473
0.960912468835202,0.0390875311647982
0.9482459648191,0.0517540351809
0.891053047432995,0.108946952567005
0.942498055230166,0.0575019447698337
0.872431516080344,0.127568483919656
0.752607192494773,0.247392807505227
0.907804799180565,0.0921952008194354
0.948533615899877,0.0514663841001232
0.95692588270633,0.0430741172936695
0.881416013535266,0.118583986464734
0.952071724150096,0.0479282758499039
0.959828813252443,0.0401711867475566
0.869752085476189,0.130247914523811
0.839198925259671,0.160801074740329
0.947446077535558,0.0525539224644423
0.961394627648372,0.0386053723516278
0.956703080002476,0.0432969199975238
0.937233250503572,0.0627667494964281
0.876691048318948,0.123308951681052
0.959450678991896,0.0405493210081045
0.957812771120368,0.0421872288796324
0.843184397843986,0.156815602156014
0.952766263345175,0.0472337366548254
0.93999678614592,0.0600032138540799
0.465229098247842,0.534770901752158
0.959881176648474,0.0401188233515262
0.872588011755052,0.127411988244948
0.961095500281365,0.0389044997186353
0.956423482121471,0.0435765178785289
0.500341030612522,0.499658969387478
0.950943665995166,0.0490563340048341
0.95840524710514,0.0415947528948597
0.956079699852068,0.0439203001479319
0.959313381196856,0.0406866188031442
0.957293810066864,0.0427061899331362
0.956365449244074,0.0436345507559263
0.955605972028056,0.0443940279719445
0.949587177407692,0.0504128225923076
0.935990979993131,0.0640090200068695
0.927561033012313,0.0724389669876868
0.847664159611692,0.152335840388308
0.960641169537234,0.0393588304627663
0.960924691404436,0.0390753085955635
0.899679741596219,0.100320258403781
0.947998517409116,0.0520014825908844
0.954539900032071,0.0454600999679288
0.923930838623606,0.0760691613763937
0.926287090556426,0.0737129094435738
0.944568420100561,0.0554315798994393
0.959305729481191,0.0406942705188093
0.898069802069738,0.101930197930262
0.935001005011791,0.0649989949882094
0.88196695694747,0.11803304305253
0.908943804527675,0.0910561954723251
0.843176763423785,0.156823236576215
0.943909132931035,0.0560908670689653
0.95407871108364,0.0459212889163603
0.930749221472531,0.0692507785274685
0.923061843155414,0.076938156844586
0.908470005953788,0.0915299940462124
0.961222031849703,0.0387779681502967
0.960905111059954,0.0390948889400462
0.856735355313988,0.143264644686012
0.924014336581392,0.0759856634186077
0.87872403477324,0.12127596522676
0.881515556823195,0.118484443176805
0.934784630913374,0.0652153690866257
0.908866519896309,0.0911334801036912
0.637967851691422,0.362032148308578
0.935933491568181,0.0640665084318193
0.917474355058681,0.0825256449413188
0.961183973772412,0.0388160262275876
0.948950196313208,0.0510498036867917
0.88795299262356,0.11204700737644
0.95955492196546,0.0404450780345399
0.961658118649689,0.0383418813503107
0.955922556129617,0.0440774438703826
0.96143227510575,0.0385677248942502
0.960419645040544,0.0395803549594562
0.955857476541959,0.0441425234580406
0.717059787048958,0.282940212951042
0.945599474372201,0.0544005256277986
0.96166077103544,0.0383392289645601
0.959620955758509,0.0403790442414912
0.931549124406399,0.0684508755936013
0.955477918897238,0.0445220811027617
0.875497085641836,0.124502914358164
0.877313764120369,0.122686235879631
0.887932282638637,0.112067717361363
0.960668735275089,0.0393312647249112
0.91163548177314,0.0883645182268603
0.961267982108193,0.0387320178918071
0.650807354860091,0.349192645139909
0.934234489552993,0.0657655104470067
0.958917634631087,0.0410823653689132
0.961660372653701,0.0383396273462993
0.961505072585644,0.0384949274143561
0.924390463764091,0.075609536235909
0.961660798758647,0.0383392012413526
0.926105617524396,0.0738943824756042
0.954812029827837,0.0451879701721626
0.905789306899572,0.0942106931004283
0.781930544635255,0.218069455364745
0.890592260935502,0.109407739064498
0.689682680117273,0.310317319882727
0.960532007173592,0.0394679928264079
0.955238818249674,0.0447611817503257
0.892236281801961,0.107763718198039
0.953288682211204,0.046711317788796
0.950895061905207,0.0491049380947925
0.96006351809274,0.0399364819072598
0.935685537497937,0.0643144625020632
0.958224878642607,0.0417751213573933
0.216683578168155,0.783316421831845
0.955704893149561,0.0442951068504395
0.865306507903037,0.134693492096963
0.960413664543797,0.0395863354562035
0.750792343430645,0.249207656569355
0.933540916632435,0.066459083367565
0.719901989593241,0.280098010406759
0.541685829397241,0.458314170602759
0.942830691378923,0.0571693086210766
0.574977582284725,0.425022417715275
0.230666503379418,0.769333496620582
0.810322974461907,0.189677025538093
0.446501095745802,0.553498904254198
0.954858576207237,0.0451414237927634
0.849871193941643,0.150128806058357
0.954268394090758,0.045731605909242
0.961745311874863,0.0382546881251371
0.607618792783874,0.392381207216126
0.576405930981374,0.423594069018626
0.86511849856081,0.13488150143919
0.40579849158849,0.59420150841151
0.948641914766023,0.0513580852339769
0.954777081996878,0.0452229180031218
0.914312707219531,0.0856872927804686
0.960284722569427,0.0397152774305735
0.958068543877053,0.0419314561229472
0.940602287777255,0.0593977122227446
0.726321382268898,0.273678617731102
0.886878182172964,0.113121817827036
0.917924754435131,0.0820752455648687
0.835054140960524,0.164945859039476
0.914420187212804,0.0855798127871955
0.812742537949439,0.187257462050561
0.771786502455357,0.228213497544643
0.94587719023257,0.0541228097674299
0.619647153355417,0.380352846644583
0.884508145058999,0.115491854941001
0.840440631983646,0.159559368016354
0.840238537108221,0.159761462891779
0.642515670502646,0.357484329497354
0.860407150974431,0.139592849025569
0.879420890072619,0.120579109927381
0.263453112535559,0.736546887464441
0.631890778781332,0.368109221218668
0.914165447181928,0.0858345528180721
0.838141977347976,0.161858022652024
0.925836563404077,0.0741634365959225
0.949795666925457,0.0502043330745428
0.816409978197939,0.183590021802061
0.576193688436141,0.423806311563859
0.580501207798568,0.419498792201432
0.936361533041902,0.0636384669580982
0.880531224192922,0.119468775807078
0.948531817096919,0.0514681829030809
0.429939146028745,0.570060853971255
0.407655232879682,0.592344767120318
0.751433013701749,0.248566986298251
0.683096231189951,0.316903768810049
0.560136311683057,0.439863688316943
0.851150546464753,0.148849453535247
0.955971662510622,0.0440283374893782
0.91320379895371,0.0867962010462904
0.817901482470531,0.182098517529469
0.704933386593295,0.295066613406705
0.912938415220832,0.0870615847791678
0.0771523330715774,0.922847666928423
0.956344150938167,0.0436558490618325
0.892789767095576,0.107210232904424
0.756500316633384,0.243499683366616
0.540269488870058,0.459730511129942
0.866438487031004,0.133561512968996
0.944325727254026,0.0556742727459741
0.959384727874834,0.0406152721251664
0.783041596064037,0.216958403935963
0.85343133213338,0.14656866786662
0.940752803041889,0.0592471969581106
0.86187099599836,0.13812900400164
0.908443157982877,0.0915568420171226
0.810197337864217,0.189802662135783
0.209240410942713,0.790759589057287
0.928717231831149,0.071282768168851
0.96174643773435,0.0382535622656501
0.856320197584693,0.143679802415307
0.865034774823735,0.134965225176265
0.786192532016513,0.213807467983487
0.646173656789574,0.353826343210426
0.576224409217153,0.423775590782847
0.0692547042993237,0.930745295700676
0.876417310014101,0.123582689985899
0.900080980815288,0.0999190191847124
0.932183621055229,0.0678163789447712
0.956117700327212,0.0438822996727879
0.843932572814776,0.156067427185224
0.946705224209116,0.0532947757908843
0.784325979930092,0.215674020069908
0.842831833567653,0.157168166432347
0.874959738347059,0.125040261652941
0.933294146544836,0.0667058534551644
0.950415668917916,0.0495843310820843
0.868662106186452,0.131337893813548
0.771108743280439,0.228891256719561
0.958967222459711,0.0410327775402886
0.560580967215652,0.439419032784348
0.321924993355063,0.678075006644937
0.0926268338480602,0.90737316615194
0.473715166357821,0.526284833642179
0.902591698275059,0.0974083017249409
0.00981471859057824,0.990185281409422
0.0927636913455082,0.907236308654492
0.893381173887329,0.106618826112671
0.233456753133098,0.766543246866902
0.916365952639779,0.083634047360221
0.493914743936595,0.506085256063405
0.244841730581979,0.755158269418021
0.0808534820366592,0.919146517963341
0.535917538882737,0.464082461117263
0.0540294380608185,0.945970561939181
0.778971779236106,0.221028220763894
0.0918306789438322,0.908169321056168
0.884268160157338,0.115731839842662
0.833504056196216,0.166495943803784
0.929874411079869,0.0701255889201312
0.133999745879538,0.866000254120462
0.173203313330773,0.826796686669227
0.0428079695189805,0.95719203048102
0.220230574501449,0.779769425498551
0.936343441034718,0.0636565589652818
0.846826280319284,0.153173719680716
0.927386166732153,0.0726138332678465
0.856245898587485,0.143754101412515
0.893817040004113,0.106182959995887
0.732014395527177,0.267985604472823
0.932294072480884,0.0677059275191162
0.857468217369377,0.142531782630623
0.908705026229263,0.091294973770737
0.922338607966093,0.0776613920339067
0.000412945005660492,0.99958705499434
0.506334178619119,0.493665821380881
0.364298546588921,0.635701453411079
0.732802960397224,0.267197039602776
0.829371444490358,0.170628555509642
0.439948841478181,0.560051158521819
0.868424852949646,0.131575147050354
0.833297548436532,0.166702451563468
0.790540417186057,0.209459582813943
0.948489182812398,0.0515108171876015
0.871328936998247,0.128671063001753
0.823618877443525,0.176381122556475
0.53910078251752,0.46089921748248
0.961789962173706,0.0382100378262942
0.856337010383283,0.143662989616717
0.0738965046926777,0.926103495307322
0.942043629681492,0.057956370318508
0.78586068835246,0.21413931164754
0.00540941500642771,0.994590584993572
0.891233433843837,0.108766566156163
0.871027840855076,0.128972159144924
0.742376312572762,0.257623687427238
0.888221207334406,0.111778792665594
0.630792458124826,0.369207541875174
0.471860646168393,0.528139353831607
0.919998121389673,0.0800018786103269
0.576925211052829,0.423074788947171
0.714229971377889,0.285770028622111
0.89964721037422,0.10035278962578
0.699559561631478,0.300440438368522
0.738842923634284,0.261157076365716
0.927878446935445,0.0721215530645546
0.797394428976574,0.202605571023426
0.853691561316881,0.146308438683119
0.144567614312764,0.855432385687236
0.915260835757495,0.0847391642425046
0.784873255797103,0.215126744202897
0.746195478638743,0.253804521361257
0.458467457479936,0.541532542520064
0.622399810871345,0.377600189128655
0.181189984860797,0.818810015139203
0.233801565609764,0.766198434390236
0.377472279005041,0.622527720994959
0.784443326697878,0.215556673302122
0.695776065338174,0.304223934661826
0.192301128619399,0.807698871380601
0.0193348763034099,0.98066512369659
0.0138644039126364,0.986135596087364
0.753627385464016,0.246372614535984
0.909345945619376,0.0906540543806236
0.729804116648277,0.270195883351723
0.299399068599132,0.700600931400868
0.727382725076893,0.272617274923107
0.740410727573102,0.259589272426898
0.151558047671847,0.848441952328153
0.787572101826905,0.212427898173095
0.0719997992368635,0.928000200763136
0.768279695727615,0.231720304272385
0.874225658619526,0.125774341380474
0.760759745503039,0.239240254496961
0.329459828455782,0.670540171544219
0.954663905419072,0.045336094580928
0.879265094492407,0.120734905507593
0.00146741825457212,0.998532581745428
0.783770780771535,0.216229219228465
0.212973550486898,0.787026449513102
0.22245344861377,0.77754655138623
0.364297389429918,0.635702610570082
0.164637148257579,0.835362851742421
0.896800705127254,0.103199294872746
0.208213601367581,0.791786398632419
0.601134489525505,0.398865510474495
0.173342757217161,0.826657242782839
0.642574960438376,0.357425039561624
0.189636435071906,0.810363564928094
0.633042911465704,0.366957088534296
0.788949449542857,0.211050550457143
0.73765129728396,0.26234870271604
0.744134417424345,0.255865582575655
0.0049179606753417,0.995082039324658
0.696293524457913,0.303706475542087
0.010028568030616,0.989971431969384
0.00688055114253226,0.993119448857468
0.248365473892515,0.751634526107485
0.882399472198573,0.117600527801427
0.483836786819371,0.516163213180629
0.00527377450877279,0.994726225491227
0.663892701194509,0.336107298805491
0.791922998464159,0.208077001535841
0.232251708185774,0.767748291814226
0.0236829419608966,0.976317058039103
0.0727623661639742,0.927237633836026
0.940495387689337,0.0595046123106632
0.26105631599316,0.73894368400684
0.647249857198464,0.352750142801536
0.748072680839662,0.251927319160338
0.0217437400741587,0.978256259925841
0.735233059461444,0.264766940538556
0.77086673850249,0.22913326149751
0.181236526156616,0.818763473843384
0.186386481802137,0.813613518197863
0.121951302018027,0.878048697981973
0.712573067437912,0.287426932562088
0.409652413560139,0.590347586439861
0.495092558796801,0.504907441203199
0.770160892266401,0.229839107733599
0.354156484411484,0.645843515588516
0.000398869414328694,0.999601130585671
0.951025988037441,0.0489740119625595
0.691086789665626,0.308913210334374
0.885451527549876,0.114548472450124
0.809826333188728,0.190173666811272
0.0113527289341966,0.988647271065803
0.348245065583255,0.651754934416745
0.411986928739125,0.588013071260875
0.0365715887910961,0.963428411208904
0.830763209373646,0.169236790626354
0.365807668931,0.634192331069
0.453371503954271,0.546628496045729
0.173207853223681,0.826792146776319
0.544503444498834,0.455496555501166
0.0388108184453343,0.961189181554666
0.834725300288925,0.165274699711075
0.92350459761055,0.0764954023894501
0.51406718409544,0.48593281590456
0.629875745882726,0.370124254117274
0.32757195731496,0.67242804268504
0.1547259076841,0.8452740923159
0.0194422176239194,0.980557782376081
0.318120823857904,0.681879176142096
0.337839381397656,0.662160618602344
0.891690658471518,0.108309341528482
0.800503066929328,0.199496933070672
0.226706645665242,0.773293354334758
0.510517412185411,0.489482587814589
0.000120777112969345,0.999879222887031
0.874026245279321,0.125973754720679
0.923183362578816,0.0768166374211842
0.393589920169856,0.606410079830144
0.665765387744551,0.334234612255449
0.854885246714554,0.145114753285446
0.0437990801213595,0.956200919878641
0.928371100603968,0.0716288993960319
0.237832589351125,0.762167410648875
0.819177389026447,0.180822610973553
0.839030728040993,0.160969271959007
0.555744228572547,0.444255771427453
0.103131814060234,0.896868185939766
0.408141642275956,0.591858357724044
0.0579789987407503,0.94202100125925
0.859090803984462,0.140909196015538
0.115748210995117,0.884251789004883
0.739619951649944,0.260380048350056
0.058433063013545,0.941566936986455
0.202204241378167,0.797795758621833
0.000517758591735468,0.999482241408265
0.493037459639114,0.506962540360886
0.797737512421445,0.202262487578555
0.924203459838374,0.0757965401616257
0.0446326139981608,0.955367386001839
0.320800908795586,0.679199091204413
0.094840195560206,0.905159804439794
0.957632770344765,0.0423672296552352
0.961028911719796,0.038971088280204
0.947962169323759,0.0520378306762409
0.934291706252896,0.065708293747104
0.959396787166426,0.040603212833574
0.899225103164518,0.100774896835482
0.956747461431488,0.0432525385685116
0.956420391527339,0.043579608472661
0.957284957050949,0.0427150429490508
0.96071004959318,0.0392899504068196
0.926760146190924,0.0732398538090756
0.900955042322526,0.099044957677474
0.928576303815633,0.0714236961843668
0.952167670079404,0.0478323299205956
0.949004220681603,0.0509957793183969
0.959863913474025,0.0401360865259751
0.917308636087692,0.0826913639123081
0.91221239129316,0.0877876087068404
0.949853900477755,0.0501460995222451
0.954158271072841,0.0458417289271587
0.9573151410063,0.0426848589936998
0.8096318627072,0.1903681372928
0.960694860416277,0.0393051395837234
0.961268422521232,0.0387315774787682
0.952206691343243,0.0477933086567572
0.96129234620455,0.0387076537954505
0.961093575206653,0.0389064247933466
0.950797492219728,0.0492025077802725
0.93503104892778,0.0649689510722204
0.508830676529279,0.491169323470721
0.921228337135201,0.0787716628647988
0.961003012205144,0.0389969877948561
0.944854751436905,0.0551452485630954
0.956565158464539,0.043434841535461
0.955347063625531,0.0446529363744689
0.943440664934012,0.0565593350659882
0.959050684980301,0.0409493150196986
0.955273689680926,0.0447263103190745
0.917210626506139,0.0827893734938611
0.961278121782974,0.0387218782170264
0.960782473952027,0.0392175260479727
0.961283526920423,0.0387164730795773
0.960970798660513,0.0390292013394867
0.946058567000956,0.0539414329990437
0.942769322140983,0.0572306778590175
0.952962545253016,0.047037454746984
0.959740741525636,0.0402592584743644
0.94074122468177,0.0592587753182295
0.954468646188575,0.0455313538114249
0.911939959231271,0.0880600407687286
0.908021238792818,0.0919787612071822
0.93697645722644,0.0630235427735603
0.941222792618917,0.0587772073810827
0.957191584713241,0.0428084152867587
0.961092520149459,0.0389074798505408
0.960564336632348,0.039435663367652
0.939050570362882,0.0609494296371182
0.891998664683757,0.108001335316243
0.940247563590031,0.0597524364099685
0.960645104797172,0.0393548952028282
0.958047613455445,0.041952386544555
0.958792684282593,0.0412073157174071
0.946382070030869,0.0536179299691312
0.9207903155241,0.0792096844758999
0.959912000823189,0.0400879991768112
0.961149080130055,0.0388509198699448
0.907236367772962,0.0927636322270381
0.957993078857965,0.0420069211420346
0.949482612189939,0.0505173878100612
0.96050329250599,0.0394967074940105
0.956834780801876,0.0431652191981241
0.960986856234064,0.0390131437659363
0.96109725597624,0.03890274402376
0.95681777057733,0.0431822294226697
0.961322673258672,0.0386773267413275
0.949309412883364,0.0506905871166357
0.952019961774103,0.0479800382258974
0.95998814846799,0.04001185153201
0.955524697669664,0.0444753023303356
0.961167981218055,0.0388320187819448
0.959492130349875,0.0405078696501248
0.953981655488819,0.0460183445111807
0.950512690696032,0.0494873093039683
0.900719997344509,0.0992800026554913
0.959128813913395,0.0408711860866051
0.952391968478018,0.0476080315219816
0.933558490734184,0.0664415092658162
0.961145345481238,0.0388546545187625
0.95381694687653,0.0461830531234702
0.958267475264986,0.0417325247350143
0.949078095985646,0.050921904014354
0.923768549757221,0.0762314502427786
0.959377962029962,0.0406220379700385
0.960105770459306,0.0398942295406937
0.961171714606447,0.0388282853935532
0.959755382863218,0.040244617136782
0.891398700238219,0.108601299761781
0.959399482347012,0.0406005176529884
0.875956921671999,0.124043078328001
0.956510047541129,0.0434899524588708
0.879225641935852,0.120774358064148
0.956305592361449,0.0436944076385514
0.899129188965827,0.100870811034173
0.94424863870926,0.0557513612907395
0.950350438416529,0.049649561583471
0.959475063543405,0.0405249364565955
0.935061674496631,0.0649383255033693
0.9599151401405,0.0400848598594996
0.873090924078354,0.126909075921646
0.881842186692311,0.118157813307689
0.516425844903149,0.483574155096851
0.953479895655729,0.0465201043442712
0.560831392931854,0.439168607068146
0.951128776153327,0.0488712238466725
0.953952913150977,0.0460470868490231
0.960334388953378,0.0396656110466224
0.956757437301283,0.0432425626987165
0.912749448919045,0.0872505510809551
0.949409914295866,0.0505900857041339
0.950744472916493,0.0492555270835069
0.929111911967335,0.0708880880326651
0.956954773557835,0.0430452264421654
0.934078506319128,0.0659214936808715
0.960177737869769,0.0398222621302305
0.808581845870579,0.191418154129421
0.925331336514893,0.0746686634851069
0.950153068281995,0.0498469317180054
0.959640784919589,0.0403592150804111
0.953597958215701,0.046402041784299
0.929953806592416,0.0700461934075836
0.95882704688324,0.0411729531167602
0.958350988736314,0.0416490112636865
0.951005623322854,0.048994376677146
0.949382907330853,0.0506170926691472
0.949547767770172,0.0504522322298276
0.845930408592683,0.154069591407317
0.958504295477255,0.0414957045227449
0.952566775919889,0.0474332240801114
0.862172673165964,0.137827326834036
0.801092209000284,0.198907790999716
0.957862463662954,0.0421375363370456
0.94960575312897,0.0503942468710301
0.956478149838394,0.0435218501616063
0.930789953390883,0.0692100466091168
0.95918120542416,0.0408187945758404
0.91370563232865,0.0862943676713497
0.920129750631086,0.0798702493689135
0.94265706069433,0.0573429393056705
0.92064689139261,0.0793531086073904
0.948570037784451,0.0514299622155489
0.952485635450188,0.0475143645498119
0.960739717066054,0.0392602829339462
0.917585024489228,0.0824149755107719
0.835668372520202,0.164331627479798
0.932099317859312,0.0679006821406885
0.869259506713386,0.130740493286614
0.961230591842576,0.0387694081574238
0.951887347521958,0.0481126524780423
0.960924298034676,0.0390757019653241
0.923217211114379,0.0767827888856213
0.921424966005525,0.0785750339944749
0.912086882500744,0.0879131174992563
0.957914753154482,0.0420852468455182
0.954858050252882,0.045141949747118
0.939184228964247,0.0608157710357532
0.958411572865949,0.0415884271340513
0.929292365029485,0.0707076349705155
0.896998646742432,0.103001353257568
0.932630876179562,0.0673691238204378
0.959598949126494,0.0404010508735057
0.959077162569747,0.0409228374302532
0.961168849019399,0.0388311509806007
0.959137370367582,0.0408626296324185
0.95418826737046,0.0458117326295404
0.916378732180867,0.0836212678191334
0.930091108882634,0.0699088911173659
0.961183955825764,0.0388160441742357
0.953479895509454,0.0465201044905458
0.961350083742858,0.038649916257142
0.955341020014727,0.0446589799852729
0.698383456793353,0.301616543206647
0.960977153781233,0.0390228462187673
0.951646722908683,0.0483532770913172
0.961351206818548,0.038648793181452
0.764978740378187,0.235021259621813
0.943578418763175,0.0564215812368254
0.959808446853422,0.040191553146578
0.946172244343062,0.0538277556569383
0.919689911032988,0.0803100889670119
0.847893907461508,0.152106092538492
0.960524581990879,0.0394754180091207
0.924635290582394,0.0753647094176064
0.814160582257906,0.185839417742094
0.848796637658556,0.151203362341444
0.932020600815444,0.0679793991845559
0.933578906254399,0.0664210937456011
0.950970415110843,0.0490295848891571
0.91215329100422,0.0878467089957803
0.945433103274842,0.0545668967251585
0.899619461815283,0.100380538184717
0.912826476657035,0.0871735233429651
0.764912582702677,0.235087417297323
0.342028676811976,0.657971323188024
0.957957452345334,0.0420425476546662
0.86328650536618,0.13671349463382
0.863451956988055,0.136548043011945
0.742428500566786,0.257571499433214
0.904887654718445,0.0951123452815554
0.933771490502476,0.0662285094975243
0.512428649699328,0.487571350300672
0.943374309604332,0.0566256903956677
0.737686254368889,0.262313745631111
0.899255086438146,0.100744913561854
0.889773467946997,0.110226532053003
0.951457725324189,0.0485422746758111
0.874200948299041,0.125799051700959
0.948376811442737,0.0516231885572632
0.960306953850079,0.0396930461499211
0.953005226352345,0.0469947736476555
0.961262777242757,0.0387372227572433
0.236526767155618,0.763473232844382
0.575076656030029,0.424923343969971
0.915227207606853,0.0847727923931466
0.817185720079162,0.182814279920838
0.943777676843328,0.056222323156672
0.735625555933922,0.264374444066078
0.694729243793271,0.305270756206729
0.737707526119039,0.262292473880961
0.918604928524272,0.0813950714757282
0.647635141306663,0.352364858693337
0.942320535671508,0.0576794643284925
0.147458932779347,0.852541067220653
0.872094278384345,0.127905721615655
0.800893546313507,0.199106453686493
0.950011590182964,0.0499884098170362
0.696038175278491,0.303961824721509
0.928642144501469,0.0713578554985312
0.782909399341702,0.217090600658298
0.945837345439501,0.0541626545604991
0.938302304381321,0.0616976956186794
0.860538647537997,0.139461352462003
0.924402876167812,0.0755971238321884
0.937442111220286,0.0625578887797142
0.954395332164175,0.0456046678358248
0.916231435541923,0.0837685644580769
0.596214718078754,0.403785281921246
0.361457950177253,0.638542049822747
0.960705306714545,0.0392946932854553
0.918946943585287,0.0810530564147132
0.96133962852646,0.0386603714735403
0.93779194701171,0.0622080529882905
0.851426762204215,0.148573237795785
0.85788974681113,0.14211025318887
0.931666864328765,0.0683331356712348
0.937330882936386,0.0626691170636141
0.960064998073637,0.0399350019263632
0.218979038478101,0.781020961521899
0.583409321769749,0.416590678230251
0.94731539634716,0.0526846036528396
0.939588432068056,0.0604115679319438
0.704247085685518,0.295752914314482
0.82021268558047,0.17978731441953
0.929530852735548,0.0704691472644517
0.950412417400842,0.0495875825991582
0.957908342592688,0.0420916574073119
0.887673497965139,0.112326502034861
0.933728274295567,0.0662717257044327
0.961356643623456,0.0386433563765436
0.817374783526554,0.182625216473446
0.960612546699538,0.0393874533004619
0.755016941889973,0.244983058110027
0.929371670810338,0.0706283291896616
0.961365111511438,0.0386348884885622
0.86209970785297,0.13790029214703
0.923822647034782,0.0761773529652179
0.943774845071619,0.0562251549283805
0.757416014150064,0.242583985849936
0.950602306945966,0.0493976930540335
0.760306117622234,0.239693882377766
0.927341416063141,0.0726585839368589
0.881454865416011,0.118545134583989
0.941441934225359,0.0585580657746411
0.913698755282174,0.086301244717826
0.78098050680659,0.21901949319341
0.773534700743849,0.226465299256151
0.94196768009229,0.0580323199077097
0.939254165731112,0.0607458342688879
0.818345045711522,0.181654954288478
0.774313753211914,0.225686246788086
0.946584333309825,0.0534156666901745
0.899935050422731,0.100064949577269
0.937500880460855,0.0624991195391447
0.698373261515948,0.301626738484052
0.95144804500411,0.0485519549958905
0.943729386765716,0.0562706132342843
0.674618395608461,0.325381604391539
0.96009994058581,0.0399000594141902
0.896975088856241,0.103024911143759
0.915694926727008,0.0843050732729917
0.933779745299322,0.0662202547006785
0.831155203427835,0.168844796572165
0.685766345205315,0.314233654794685
0.88115149811578,0.11884850188422
0.666303592735095,0.333696407264905
0.384393589418267,0.615606410581733
0.124335141651432,0.875664858348568
0.922777179706725,0.0772228202932751
0.938407930940261,0.061592069059739
0.865191004427622,0.134808995572378
0.82751121496403,0.17248878503597
0.770192048909701,0.229807951090299
0.582416464209055,0.417583535790945
0.956209299100368,0.0437907008996321
0.945597936955761,0.0544020630442391
0.802087746054606,0.197912253945394
0.317004047155496,0.682995952844504
0.877227507894125,0.122772492105875
0.307964522142384,0.692035477857616
0.868461695752556,0.131538304247444
0.260468897130671,0.739531102869329
0.266947285689845,0.733052714310155
0.816716606822419,0.183283393177581
0.836642916753531,0.163357083246469
0.813582850734169,0.186417149265831
0.930882182506697,0.0691178174933034
0.377500302694713,0.622499697305287
0.464987615299048,0.535012384700952
0.469953078144284,0.530046921855716
0.497177451152935,0.502822548847065
0.759590399373104,0.240409600626896
0.93128173516324,0.0687182648367601
0.365005357357943,0.634994642642057
0.782180174294727,0.217819825705273
0.654881674492058,0.345118325507942
0.945987657668562,0.0540123423314379
0.83259400512287,0.16740599487713
0.102331167361286,0.897668832638714
0.918398314853797,0.081601685146203
0.346740288476402,0.653259711523598
0.297597977905062,0.702402022094938
0.366966336846059,0.633033663153941
0.419992873602637,0.580007126397363
0.626273334360758,0.373726665639242
0.131570691605742,0.868429308394258
0.938541359948652,0.0614586400513478
0.764712252310558,0.235287747689442
0.580328166475697,0.419671833524303
0.79833032394153,0.20166967605847
0.797625753556921,0.202374246443079
0.870715400290342,0.129284599709658
0.644922897273077,0.355077102726923
0.145397883637224,0.854602116362776
0.803187748703998,0.196812251296002
0.157882840107128,0.842117159892872
0.53341859257614,0.46658140742386
0.477288777651657,0.522711222348343
0.690471650325804,0.309528349674196
0.264385263586159,0.735614736413841
0.944153970496614,0.0558460295033856
0.39486962960897,0.60513037039103
0.937135296352405,0.0628647036475947
0.170724991771392,0.829275008228608
0.2611272168099,0.7388727831901
0.8871021363722,0.1128978636278
0.92894732844341,0.0710526715565897
0.192703866536942,0.807296133463058
0.899068537888323,0.100931462111677
0.190931685574401,0.809068314425599
0.850463377108052,0.149536622891948
0.901425706506276,0.0985742934937242
0.3927988051151,0.6072011948849
0.239137049788416,0.760862950211584
0.45284023428969,0.54715976571031
0.811916706148323,0.188083293851677
0.310252592242997,0.689747407757003
0.490598480582345,0.509401519417655
0.537865132596788,0.462134867403212
0.683137882518626,0.316862117481374
0.710160372391937,0.289839627608063
0.82911292061803,0.17088707938197
0.635771045276323,0.364228954723677
0.894197842030189,0.105802157969811
0.221162087827843,0.778837912172157
0.875127541105551,0.124872458894449
0.521230467299933,0.478769532700067
0.296206377083172,0.703793622916828
0.869854316900159,0.130145683099841
0.946502953443076,0.0534970465569241
0.888416627400787,0.111583372599213
0.654759449064642,0.345240550935358
0.122962899937001,0.877037100062999
0.88511848850447,0.11488151149553
0.0346680703590829,0.965331929640917
0.810039976211797,0.189960023788203
0.746108519567511,0.253891480432489
0.171346666847196,0.828653333152804
0.804089407065209,0.195910592934791
0.733170669301986,0.266829330698014
0.950119055932711,0.0498809440672887
0.952941925435626,0.0470580745643737
0.904121771972926,0.095878228027074
0.863654312430048,0.136345687569952
0.961307121401191,0.038692878598809
0.950530578951696,0.049469421048304
0.959126483984958,0.0408735160150421
0.913953510823931,0.0860464891760693
0.93227532751829,0.0677246724817103
0.961211925219064,0.0387880747809362
0.955668633601352,0.0443313663986483
0.737599598459243,0.262400401540757
0.954438834545253,0.0455611654547472
0.958581245243138,0.0414187547568624
0.957453987550713,0.0425460124492875
0.956530834862189,0.0434691651378105
0.868475501249782,0.131524498750218
0.766918105481632,0.233081894518368
0.95888736254632,0.0411126374536799
0.934569262657302,0.0654307373426978
0.931341940577544,0.0686580594224555
0.953231396319032,0.046768603680968
0.819523989081913,0.180476010918087
0.950830499263304,0.0491695007366959
0.926873896866358,0.0731261031336417
0.958134376517977,0.0418656234820234
0.951758399603458,0.0482416003965424
0.953195605209689,0.046804394790311
0.961236060699932,0.0387639393000683
0.960888921110678,0.039111078889322
0.961342079051655,0.0386579209483445
0.9503370054513,0.0496629945486996
0.944914263764792,0.0550857362352075
0.709357491434865,0.290642508565135
0.853482233211786,0.146517766788214
0.960810416763944,0.0391895832360564
0.959473435160947,0.0405265648390531
0.959902565993681,0.0400974340063194
0.941776904683055,0.0582230953169448
0.921821836780394,0.0781781632196065
0.961101232520586,0.0388987674794136
0.95795554788166,0.0420444521183401
0.950846124676529,0.0491538753234707
0.830278232165939,0.169721767834061
0.672865876270732,0.327134123729268
0.959681992654659,0.0403180073453409
0.955326224484634,0.044673775515366
0.96061936226656,0.0393806377334401
0.735693250480543,0.264306749519457
0.948182580664186,0.0518174193358143
0.961279084927963,0.0387209150720373
0.961306337341312,0.0386936626586878
0.758883166469451,0.241116833530549
0.944273433908138,0.0557265660918616
0.94553471800905,0.0544652819909505
0.932816599891233,0.067183400108767
0.958988540913122,0.0410114590868782
0.942206927388175,0.0577930726118251
0.92697114939564,0.0730288506043602
0.960379044054945,0.0396209559450551
0.957272648250614,0.0427273517493857
0.780294852123548,0.219705147876452
0.958437268342072,0.0415627316579276
0.945186437098198,0.0548135629018018
0.961137981331365,0.0388620186686354
0.951601118301314,0.0483988816986859
0.933818221198722,0.0661817788012782
0.892003979576348,0.107996020423652
0.949227928185088,0.0507720718149115
0.940336309412521,0.0596636905874788
0.859128780778551,0.140871219221449
0.770889404603997,0.229110595396003
0.95352485877448,0.0464751412255195
0.957258222483767,0.0427417775162329
0.961151075275414,0.0388489247245865
0.889682287364542,0.110317712635458
0.95967366300358,0.0403263369964204
0.961043980785473,0.0389560192145273
0.942346748322696,0.0576532516773037
0.943971733625626,0.056028266374374
0.949913951889556,0.0500860481104443
0.960839625972942,0.0391603740270582
0.961344658498827,0.0386553415011731
0.933645232341369,0.0663547676586311
0.916858945438572,0.0831410545614284
0.961272179324346,0.0387278206756538
0.871586855516298,0.128413144483702
0.958396478209608,0.0416035217903916
0.961330551175658,0.038669448824342
0.961016892273829,0.0389831077261711
0.958293220036999,0.0417067799630012
0.958828918867201,0.0411710811327985
0.956513678250904,0.0434863217490958
0.960443344182091,0.0395566558179087
0.961203316712559,0.0387966832874408
0.897544870983763,0.102455129016237
0.734671696301219,0.265328303698781
0.942285637371521,0.0577143626284793
0.953075639188482,0.0469243608115184
0.961206095403156,0.0387939045968442
0.961114887473584,0.0388851125264157
0.936969006315281,0.0630309936847189
0.946000357754138,0.0539996422458616
0.908888436440128,0.0911115635598723
0.954476113829044,0.0455238861709565
0.961069314001156,0.0389306859988443
0.95939198905034,0.0406080109496603
0.959637076803342,0.0403629231966576
0.933787851778498,0.0662121482215016
0.893918040228848,0.106081959771152
0.82552199420625,0.17447800579375
0.958755492347529,0.0412445076524708
0.960529161251568,0.0394708387484317
0.961149413845635,0.0388505861543654
0.957857278949628,0.0421427210503721
0.881499038849188,0.118500961150812
0.936725588885623,0.0632744111143768
0.960876029093617,0.0391239709063833
0.954588177424088,0.0454118225759118
0.955647666114662,0.0443523338853383
0.958031690645903,0.0419683093540971
0.959318751854752,0.040681248145248
0.690661271795568,0.309338728204432
0.939316305649856,0.0606836943501442
0.95990939925415,0.0400906007458502
0.932418849583629,0.0675811504163715
0.961319168641299,0.0386808313587009
0.949673809651442,0.050326190348558
0.961258204412228,0.0387417955877725
0.947069368843004,0.0529306311569959
0.945786852208552,0.0542131477914479
0.959907531324475,0.0400924686755247
0.956852010669661,0.0431479893303387
0.921791994546238,0.0782080054537624
0.904071184357723,0.0959288156422772
0.953182160340764,0.046817839659236
0.746578157071772,0.253421842928228
0.928658728184508,0.0713412718154923
0.955258934960941,0.0447410650390593
0.952367301798299,0.0476326982017012
0.952264169072384,0.0477358309276156
0.959655182677764,0.0403448173222357
0.941247652336456,0.0587523476635438
0.961234327881597,0.0387656721184028
0.96130325115534,0.0386967488446601
0.913687065751771,0.0863129342482287
0.950861598445245,0.0491384015547547
0.954072345999485,0.0459276540005153
0.958409911253679,0.0415900887463212
0.929233345098048,0.0707666549019521
0.959839009805651,0.0401609901943493
0.94320775226349,0.05679224773651
0.961310721549957,0.0386892784500429
0.960801111083344,0.0391988889166565
0.960642676960563,0.0393573230394367
0.95522874845592,0.0447712515440797
0.956636065481258,0.0433639345187418
0.960329319058179,0.0396706809418215
0.949280639078622,0.0507193609213775
0.675155812921645,0.324844187078355
0.961015405512949,0.0389845944870512
0.953741691841548,0.0462583081584519
0.961313104410883,0.0386868955891172
0.956686413533492,0.0433135864665084
0.943821936279467,0.0561780637205332
0.944549770329344,0.0554502296706558
0.876545296060766,0.123454703939234
0.958775809630792,0.0412241903692079
0.943419799752882,0.056580200247118
0.958422233347739,0.0415777666522614
0.961068059918179,0.0389319400818211
0.957907757601259,0.0420922423987411
0.960012674320874,0.0399873256791259
0.960375461379946,0.0396245386200543
0.960865391755814,0.0391346082441856
0.958228492176798,0.0417715078232016
0.960776702136368,0.0392232978636315
0.960988497320992,0.0390115026790084
0.946425191043577,0.0535748089564231
0.949475969332683,0.050524030667317
0.954412014370125,0.0455879856298748
0.960536071390731,0.0394639286092692
0.958836224846507,0.0411637751534929
0.953568366117752,0.0464316338822485
0.960060819592271,0.0399391804077293
0.961043638999041,0.038956361000959
0.949723842557984,0.0502761574420161
0.960025858462726,0.0399741415372744
0.929769522800456,0.0702304771995439
0.959113035763751,0.0408869642362486
0.949629098802568,0.0503709011974316
0.961319847520197,0.0386801524798034
0.952905489789487,0.0470945102105135
0.947782169182049,0.0522178308179508
0.924286314741722,0.0757136852582783
0.961316705840044,0.0386832941599562
0.957742050694772,0.0422579493052275
0.941995544705497,0.0580044552945034
0.93576654928965,0.0642334507103502
0.9484619354824,0.0515380645175998
0.958620801483247,0.0413791985167534
0.9513136503127,0.0486863496872996
0.961294662886841,0.0387053371131593
0.950073810128867,0.0499261898711326
0.908017309168513,0.0919826908314866
0.888831026891619,0.111168973108381
0.907188756332165,0.0928112436678347
0.957307711189819,0.0426922888101809
0.710426096790816,0.289573903209184
0.961241243101031,0.0387587568989686
0.30767236414181,0.69232763585819
0.840814388756578,0.159185611243422
0.961119339857127,0.0388806601428725
0.898900091126411,0.101099908873589
0.947081263823878,0.0529187361761223
0.954497104025094,0.0455028959749062
0.945479763273163,0.0545202367268366
0.915333183748313,0.0846668162516867
0.934790116580618,0.0652098834193821
0.948126968176416,0.0518730318235836
0.809115634720293,0.190884365279707
0.734155316152134,0.265844683847866
0.960735837353666,0.0392641626463343
0.399287081520435,0.600712918479565
0.955077665815002,0.0449223341849977
0.908782550764306,0.0912174492356944
0.96041407446705,0.0395859255329497
0.961266061404751,0.0387339385952485
0.952911217565064,0.0470887824349357
0.942140782661605,0.0578592173383947
0.952488979499602,0.047511020500398
0.960507583734526,0.0394924162654742
0.939524881278777,0.0604751187212234
0.837998674457136,0.162001325542864
0.957818642279005,0.042181357720995
0.958861842976749,0.041138157023251
0.954036488240768,0.0459635117592316
0.961185746296787,0.0388142537032128
0.880604121442421,0.119395878557579
0.909743011892019,0.0902569881079813
0.939371607282975,0.0606283927170246
0.957500709073644,0.0424992909263555
0.928965115849916,0.0710348841500842
0.942954404804951,0.0570455951950487
0.666389856156583,0.333610143843417
0.929371810551213,0.0706281894487875
0.892515725557748,0.107484274442252
0.944458507737357,0.0555414922626426
0.952411839816357,0.0475881601836428
0.475402566547303,0.524597433452697
0.944371518303173,0.0556284816968265
0.934771663796804,0.0652283362031958
0.952922932472484,0.0470770675275158
0.93009581022214,0.0699041897778595
0.944874133313798,0.0551258666862021
0.959310041623639,0.0406899583763614
0.94783316367612,0.0521668363238798
0.925996116987642,0.0740038830123577
0.913404532125059,0.0865954678749413
0.943224107162137,0.0567758928378631
0.961147025511323,0.0388529744886773
0.926223670487688,0.0737763295123119
0.958250560680203,0.0417494393197971
0.948445367800606,0.0515546321993942
0.95919594933215,0.0408040506678504
0.960354589942262,0.0396454100577385
0.959782198367241,0.0402178016327592
0.956498354890377,0.0435016451096233
0.960771644578019,0.0392283554219807
0.957815658820178,0.0421843411798216
0.944748308898782,0.0552516911012182
0.949580661211374,0.0504193387886257
0.954201719925871,0.0457982800741292
0.908413170644558,0.0915868293554425
0.961252951585254,0.038747048414746
0.946943828500733,0.0530561714992669
0.95677811687278,0.0432218831272196
0.9592553647456,0.0407446352544
0.937765096379987,0.0622349036200134
0.923362999044538,0.0766370009554624
0.899675644567476,0.100324355432524
0.942305172954273,0.0576948270457275
0.90166432676759,0.0983356732324099
0.931996984475698,0.068003015524302
0.954907842575988,0.0450921574240115
0.94588035564326,0.0541196443567399
0.956686475760646,0.0433135242393542
0.94225532767109,0.0577446723289099
0.92727143001458,0.0727285699854202
0.961075901995895,0.0389240980041051
0.755945565836077,0.244054434163923
0.869206797860293,0.130793202139707
0.959235353982327,0.0407646460176734
0.934661303166475,0.0653386968335254
0.942040738925003,0.0579592610749974
0.95655594077461,0.0434440592253903
0.957493595749228,0.0425064042507718
0.944614830417709,0.0553851695822909
0.95776585700686,0.0422341429931403
0.952194737811305,0.0478052621886946
0.627890570810715,0.372109429189285
0.902608301954012,0.0973916980459878
0.806168152129638,0.193831847870362
0.961173584126389,0.0388264158736114
0.912000216256834,0.0879997837431656
0.879070536190128,0.120929463809872
0.960678506649082,0.0393214933509184
0.950806372302072,0.0491936276979277
0.842831280478831,0.157168719521169
0.926662500141539,0.0733374998584613
0.898011953510305,0.101988046489695
0.922503216730492,0.0774967832695083
0.960805962047503,0.0391940379524969
0.909373288475374,0.090626711524626
0.95897321969977,0.0410267803002298
0.930994644424281,0.0690053555757186
0.0280251413293032,0.971974858670697
0.848462312595436,0.151537687404564
0.487068385031244,0.512931614968756
0.921696803398914,0.0783031966010863
0.923687786549037,0.0763122134509627
0.933863038617532,0.0661369613824684
0.933423989492485,0.0665760105075147
0.955312737192713,0.0446872628072869
0.785453270760892,0.214546729239108
0.786645685213637,0.213354314786363
0.886039457880609,0.113960542119391
0.901499239158191,0.0985007608418091
0.261273613591509,0.738726386408491
0.956949341296671,0.043050658703329
0.946144141670192,0.0538558583298075
0.936414632870561,0.0635853671294389
0.509790211268544,0.490209788731456
0.548850310833752,0.451149689166248
0.952093114350928,0.0479068856490721
0.112059519885543,0.887940480114457
0.503890147327888,0.496109852672112
0.948175185274561,0.0518248147254387
0.92586467143622,0.0741353285637804
0.926187683949058,0.0738123160509423
0.319945329665698,0.680054670334302
0.91902572819393,0.0809742718060704
0.789689048508962,0.210310951491038
0.944337490705596,0.0556625092944041
0.805808012053302,0.194191987946698
0.923203699456553,0.0767963005434474
0.867707395549781,0.132292604450219
0.629362306915742,0.370637693084258
0.833325928508503,0.166674071491497
0.757249307151311,0.242750692848689
0.953752354001228,0.0462476459987723
0.673001586981579,0.326998413018421
0.958195438646155,0.0418045613538448
0.917993559995042,0.0820064400049579
0.871597361805875,0.128402638194125
0.924772340389512,0.0752276596104884
0.8872033518097,0.1127966481903
0.77968981698687,0.22031018301313
0.750274014185838,0.249725985814162
0.945580029850579,0.0544199701494211
0.917937226682305,0.0820627733176945
0.958751144144909,0.0412488558550912
0.405269294310129,0.594730705689871
0.613548838691429,0.386451161308571
0.764935898527294,0.235064101472706
0.478887440075056,0.521112559924944
0.945245768506507,0.0547542314934931
0.925102557232713,0.0748974427672874
0.76675948754364,0.23324051245636
0.90151132965516,0.0984886703448404
0.920229954790157,0.0797700452098433
0.946175490758543,0.0538245092414567
0.862537596496669,0.137462403503331
0.873967056575183,0.126032943424817
0.957164798135478,0.0428352018645224
0.900902769107419,0.0990972308925806
0.878755498141082,0.121244501858918
0.876355749475292,0.123644250524708
0.927500604617225,0.0724993953827753
0.613958693856092,0.386041306143908
0.953869675395194,0.046130324604806
0.930585609159298,0.0694143908407023
0.849342458674613,0.150657541325387
0.861700265141263,0.138299734858737
0.93892505654828,0.0610749434517196
0.731251629154615,0.268748370845385
0.87069964632176,0.12930035367824
0.789929039170922,0.210070960829078
0.748118358064306,0.251881641935694
0.870859286564404,0.129140713435596
0.898565133821918,0.101434866178082
0.949982221981458,0.050017778018542
0.95704605195869,0.0429539480413097
0.905481320171368,0.0945186798286318
0.838117809007668,0.161882190992332
0.891847986295557,0.108152013704443
0.935238088570786,0.0647619114292135
0.959033518890261,0.0409664811097393
0.896978055068029,0.103021944931971
0.932449663058061,0.0675503369419392
0.844212391468716,0.155787608531284
0.95605304285692,0.0439469571430803
0.935150640549761,0.0648493594502387
0.955481740817445,0.0445182591825551
0.757162153494697,0.242837846505303
0.925295899368437,0.0747041006315631
0.893078437240652,0.106921562759348
0.949452078670641,0.0505479213293594
0.935176793649246,0.0648232063507536
0.916601844699337,0.0833981553006625
0.93051215870674,0.0694878412932605
0.961703492818389,0.0382965071816109
0.849755802970632,0.150244197029368
0.615193709836066,0.384806290163934
0.952382001793909,0.0476179982060912
0.941302651728595,0.0586973482714049
0.958868811964888,0.0411311880351118
0.94456143283227,0.0554385671677304
0.961634977380438,0.038365022619562
0.908898545868341,0.0911014541316595
0.952252239384932,0.0477477606150685
0.958430755115166,0.0415692448848338
0.93754558949933,0.0624544105006697
0.867156760374105,0.132843239625895
0.88752325955253,0.11247674044747
0.687776350189496,0.312223649810504
0.852958573531736,0.147041426468264
0.87305344988194,0.12694655011806
0.938017417909416,0.0619825820905837
0.942828340930912,0.0571716590690882
0.921002977390061,0.0789970226099392
0.95031898707464,0.0496810129253599
0.830241423198652,0.169758576801348
0.535940957213891,0.464059042786109
0.655279583842062,0.344720416157938
0.931871398091137,0.0681286019088632
0.792131324612309,0.207868675387691
0.915960788602986,0.0840392113970135
0.907543860346047,0.0924561396539531
0.960180550586885,0.0398194494131147
0.678531890406876,0.321468109593124
0.954884867144797,0.0451151328552034
0.946916777010384,0.0530832229896159
0.954879322702159,0.0451206772978405
0.959212923486347,0.0407870765136527
0.718819816928898,0.281180183071102
0.741659882847156,0.258340117152844
0.961654777102636,0.0383452228973635
0.916770944110135,0.0832290558898653
0.942133802653179,0.0578661973468207
0.956574233853221,0.0434257661467791
0.956426316386818,0.0435736836131818
0.944921009283705,0.0550789907162953
0.957693179899235,0.0423068201007654
0.94821854569477,0.0517814543052298
0.89698739017421,0.10301260982579
0.961651847506458,0.0383481524935424
0.751270428002903,0.248729571997097
0.900375520953502,0.0996244790464977
0.954458787611792,0.0455412123882081
0.920426724009069,0.0795732759909306
0.899981771484505,0.100018228515495
0.955388096285793,0.0446119037142068
0.927638337630303,0.0723616623696968
0.94833502403336,0.0516649759666397
0.666296316974345,0.333703683025655
0.942219771697418,0.0577802283025818
0.956848078343774,0.0431519216562258
0.848491976097276,0.151508023902724
0.883218012657801,0.116781987342199
0.776787476946424,0.223212523053576
0.9564018634671,0.0435981365328998
0.938915454537899,0.0610845454621014
0.960867689512733,0.0391323104872672
0.877795140948097,0.122204859051903
0.96167461280611,0.0383253871938899
0.9490089888138,0.0509910111862004
0.944519342917929,0.0554806570820713
0.960834187027898,0.039165812972102
0.918689768634398,0.0813102313656021
0.84729111443691,0.15270888556309
0.959675494434634,0.0403245055653662
0.953626948393755,0.0463730516062451
0.941522731338276,0.0584772686617243
0.734667578517758,0.265332421482242
0.928359341738274,0.0716406582617258
0.900402615214543,0.0995973847854567
0.917230521789503,0.0827694782104974
0.944963503246687,0.0550364967533132
0.957829469096714,0.042170530903286
0.84389773530793,0.15610226469207
0.924052314529786,0.0759476854702137
0.844112455743701,0.155887544256299
0.561452853119752,0.438547146880248
0.961283239009908,0.0387167609900922
0.959667193718969,0.0403328062810312
0.872483830607994,0.127516169392006
0.952937371766949,0.0470626282330514
0.961148221791625,0.0388517782083748
0.952582846633142,0.047417153366858
0.73293293594772,0.26706706405228
0.961130264721176,0.0388697352788235
0.954401603535742,0.0455983964642581
0.934434659547536,0.0655653404524638
0.636040826435176,0.363959173564824
0.956036560874007,0.0439634391259927
0.805014462612317,0.194985537387683
0.947958013620175,0.0520419863798248
0.93719061714078,0.06280938285922
0.960408590910325,0.039591409089675
0.957109017983392,0.0428909820166081
0.908528383602861,0.0914716163971386
0.943959068601587,0.0560409313984134
0.950770650226351,0.0492293497736495
0.961617404246731,0.0383825957532693
0.778041538299012,0.221958461700988
0.960201609231156,0.0397983907688441
0.926199744070546,0.0738002559294543
0.961273332659931,0.0387266673400688
0.952378361317415,0.0476216386825846
0.956626331218538,0.0433736687814618
0.960411089522427,0.039588910477573
0.956974677800741,0.0430253221992591
0.919698804034864,0.0803011959651361
0.951336186485773,0.0486638135142272
0.961594215916742,0.038405784083258
0.959448714385575,0.0405512856144251
0.90844664506991,0.09155335493009
0.961614397266767,0.0383856027332331
0.93648457317591,0.0635154268240903
0.960689452945222,0.0393105470547775
0.953745701484962,0.0462542985150377
0.951190008117968,0.0488099918820321
0.959349787077558,0.0406502129224423
0.92822724499701,0.0717727550029903
0.949534838158263,0.0504651618417367
0.526402841557249,0.473597158442751
0.961540026568515,0.0384599734314847
0.960623699534008,0.0393763004659922
0.961615922172078,0.0383840778279215
0.922808560606177,0.0771914393938227
0.954895412764096,0.0451045872359039
0.927811343492696,0.0721886565073038
0.683260130654595,0.316739869345405
0.956371013452495,0.0436289865475054
0.955676172272929,0.0443238277270708
0.961454219851246,0.0385457801487535
0.951674813126708,0.0483251868732919
0.853808461812651,0.146191538187349
0.956377980087773,0.0436220199122266
0.959087196687397,0.0409128033126032
0.924362583674665,0.0756374163253354
0.96145932991099,0.0385406700890101
0.957035753954238,0.0429642460457617
0.960431386748004,0.0395686132519956
0.953212289765967,0.0467877102340328
0.922723655047165,0.0772763449528345
0.942044135016151,0.0579558649838489
0.9583141199055,0.0416858800945002
0.905713011454515,0.0942869885454847
0.959764943896535,0.0402350561034651
0.961604282240812,0.0383957177591883
0.959466821213484,0.0405331787865157
0.951435846843473,0.0485641531565272
0.960616025560654,0.0393839744393465
0.960947984543833,0.0390520154561667
0.873970276380907,0.126029723619093
0.951882918020956,0.0481170819790442
0.960232441670302,0.0397675583296981
0.938048878272367,0.0619511217276327
0.957630624128524,0.0423693758714758
0.961026751345559,0.0389732486544405
0.960158159773029,0.0398418402269707
0.922765487561328,0.0772345124386715
0.921380240621306,0.0786197593786945
0.92465054178545,0.0753494582145504
0.94852634252347,0.0514736574765297
0.943344790697475,0.0566552093025245
0.947887914615504,0.0521120853844955
0.427165994832543,0.572834005167457
0.491426326016583,0.508573673983417
0.958029362866564,0.0419706371334362
0.961604562581165,0.0383954374188349
0.950019637933909,0.0499803620660912
0.944656402556303,0.0553435974436973
0.949984258083819,0.0500157419161812
0.957217780151669,0.0427822198483314
0.95304208809545,0.0469579119045498
0.960934716030947,0.0390652839690528
0.956744074970505,0.0432559250294953
0.956952099933655,0.0430479000663446
0.944144103131808,0.0558558968681921
0.955348504801607,0.0446514951983928
0.930843025918983,0.0691569740810166
0.888099269823788,0.111900730176212
0.961330669167808,0.0386693308321924
0.960352130607547,0.039647869392453
0.951113638247089,0.0488863617529105
0.95203960314912,0.0479603968508802
0.956331548588873,0.043668451411127
0.846229715766158,0.153770284233842
0.951348555207766,0.0486514447922345
0.954394063276627,0.0456059367233731
0.96152737700281,0.0384726229971901
0.961461502685751,0.0385384973142485
0.961432891616933,0.0385671083830673
0.920076937926851,0.0799230620731493
0.960911103100019,0.039088896899981
0.957728854753295,0.0422711452467048
0.959411682019899,0.0405883179801007
0.772192863764315,0.227807136235685
0.961531768131145,0.0384682318688546
0.934383187495517,0.0656168125044833
0.954914590490614,0.0450854095093856
0.961040892172677,0.0389591078273234
0.960756371955101,0.039243628044899
0.947956155891418,0.0520438441085819
0.936806402711203,0.0631935972887969
0.94072556738191,0.0592744326180902
0.932985066489297,0.0670149335107032
0.882700507495874,0.117299492504126
0.945076170878663,0.0549238291213371
0.943919643393378,0.0560803566066223
0.961451606958527,0.0385483930414727
0.954312820665748,0.0456871793342519
0.961021585344059,0.0389784146559413
0.961539543269772,0.0384604567302281
0.960233075642135,0.0397669243578651
0.956000862414261,0.0439991375857388
0.956044163793027,0.0439558362069732
0.929083672679286,0.0709163273207141
0.829301205579068,0.170698794420932
0.948746946756008,0.0512530532439923
0.911609431386623,0.0883905686133769
0.957932345626157,0.0420676543738429
0.926143177802202,0.073856822197798
0.961537027233312,0.0384629727666882
0.945204166867111,0.0547958331328889
0.958902170702996,0.041097829297004
0.961535063689304,0.0384649363106956
0.948779820219596,0.0512201797804045
0.960935925240701,0.0390640747592985
0.907122239585855,0.092877760414145
0.91965214877031,0.0803478512296905
0.961312697268815,0.0386873027311848
0.810872110224696,0.189127889775304
0.961311678533435,0.0386883214665654
0.8973727469251,0.1026272530749
0.953655611937342,0.0463443880626577
0.950788960433276,0.049211039566724
0.95986210744038,0.0401378925596204
0.920481677499349,0.0795183225006508
0.888229625041318,0.111770374958682
0.954417505201847,0.0455824947981526
0.951953012236311,0.0480469877636893
0.957783134999688,0.0422168650003124
0.94583450623795,0.05416549376205
0.959819743692424,0.0401802563075765
0.960726386861703,0.0392736131382969
0.95910545972387,0.0408945402761299
0.956150869061213,0.0438491309387865
0.956684218771134,0.0433157812288658
0.960662343159426,0.0393376568405742
0.95557189272589,0.04442810727411
0.955879749124282,0.044120250875718
0.954976917456401,0.0450230825435993
0.960775200549163,0.0392247994508369
0.960719981451948,0.039280018548052
0.961531630250524,0.0384683697494761
0.961176651039775,0.038823348960225
0.745403494277077,0.254596505722923
0.877363505304357,0.122636494695643
0.961264662110113,0.0387353378898868
0.959883150231411,0.0401168497685893
0.913262059788595,0.0867379402114054
0.933459258072735,0.066540741927265
0.920653780749271,0.0793462192507294
0.934674947479015,0.0653250525209845
0.960336437541856,0.0396635624581437
0.958511520338428,0.0414884796615723
0.93115289308059,0.0688471069194098
0.910729169887095,0.0892708301129055
0.934870092922999,0.0651299070770012
0.958458676310141,0.0415413236898593
0.953993834495373,0.0460061655046267
0.961073751984014,0.0389262480159861
0.888202204756832,0.111797795243168
0.961229987025987,0.0387700129740129
0.905770086898402,0.0942299131015985
0.960759767533413,0.0392402324665868
0.956590216165386,0.0434097838346141
0.919322815935116,0.0806771840648841
0.952138536803804,0.0478614631961957
0.952881764652895,0.047118235347105
0.953590672134414,0.046409327865586
0.937282496953749,0.0627175030462508
0.952416767213603,0.0475832327863973
0.961061005313075,0.038938994686925
0.928700473995213,0.0712995260047867
0.920858283079872,0.0791417169201283
0.95854188616474,0.0414581138352603
0.917519830047252,0.082480169952748
0.309462642642614,0.690537357357386
0.961439346072252,0.0385606539277482
0.960233071875055,0.0397669281249452
0.961467303228043,0.038532696771957
0.960450353187619,0.0395496468123812
0.957654857846322,0.0423451421536784
0.943141209824295,0.0568587901757053
0.961102482630778,0.038897517369222
0.903995383124123,0.0960046168758772
0.960156518958038,0.0398434810419617
0.959116087516311,0.0408839124836885
0.947258664601412,0.0527413353985878
0.859294508942707,0.140705491057293
0.910508424580069,0.0894915754199307
0.920965711577083,0.0790342884229173
0.959241329995022,0.0407586700049781
0.943154589972356,0.056845410027644
0.953125306252491,0.0468746937475085
0.954463989203365,0.0455360107966355
0.952475215083525,0.0475247849164749
0.913247004907474,0.0867529950925263
0.958004661070628,0.0419953389293721
0.868984599321718,0.131015400678282
0.200374006265021,0.799625993734979
0.95955117485376,0.0404488251462405
0.953488741955011,0.046511258044989
0.958176646248449,0.0418233537515514
0.952607398205689,0.0473926017943112
0.687707476968641,0.312292523031359
0.961293241741231,0.0387067582587693
0.840776906527443,0.159223093472557
0.960799837930452,0.039200162069548
0.702201067971294,0.297798932028706
0.956366299207039,0.0436337007929609
0.894232320425263,0.105767679574737
0.960128005589375,0.0398719944106249
0.926690519888682,0.0733094801113184
0.961316106408179,0.0386838935918211
0.961455010673367,0.0385449893266329
0.794224998137131,0.205775001862869
0.703643355411065,0.296356644588935
0.685553480727751,0.314446519272249
0.924862276861264,0.0751377231387358
0.725306471210114,0.274693528789886
0.949253769908031,0.0507462300919691
0.959053234702068,0.0409467652979324
0.960426073447503,0.0395739265524969
0.90532172540994,0.0946782745900598
0.95859313880668,0.0414068611933205
0.95700198191523,0.04299801808477
0.931898157652985,0.0681018423470149
0.867954703728261,0.132045296271739
0.954445035372686,0.0455549646273145
0.961441490897323,0.0385585091026771
0.95223681415126,0.0477631858487404
0.961476679096681,0.0385233209033192
0.96019902542898,0.0398009745710202
0.900835382963128,0.0991646170368723
0.933190317938622,0.0668096820613776
0.914272990166878,0.0857270098331216
0.959287554183058,0.0407124458169421
0.825370900905465,0.174629099094535
0.959490062539595,0.040509937460405
0.950504349574418,0.0494956504255822
0.885992219128523,0.114007780871477
0.961263664956274,0.0387363350437264
0.960758315711466,0.0392416842885339
0.861842267103804,0.138157732896196
0.955639500565759,0.0443604994342415
0.922738088684929,0.0772619113150709
0.96002167270127,0.0399783272987295
0.912975414529107,0.0870245854708928
0.961282247833729,0.0387177521662706
0.953546677741406,0.0464533222585941
0.936159281850985,0.0638407181490149
0.956714783104389,0.0432852168956107
0.953849361397539,0.0461506386024612
0.959727653926686,0.0402723460733138
0.96062429645037,0.0393757035496299
0.960134867439246,0.0398651325607544
0.961339395362495,0.0386606046375046
0.61565866346489,0.38434133653511
0.959844827983298,0.0401551720167016
0.948848397714892,0.0511516022851083
0.955649653229771,0.0443503467702294
0.958360093513337,0.0416399064866634
0.909486472800137,0.0905135271998626
0.961223017872467,0.0387769821275333
0.744309245527472,0.255690754472528
0.961159573782422,0.0388404262175779
0.92188550925509,0.0781144907449097
0.942922579408745,0.0570774205912549
0.886283882885997,0.113716117114003
0.945160515585074,0.0548394844149259
0.94161342306084,0.0583865769391604
0.960865427806474,0.0391345721935263
0.961068302974341,0.0389316970256594
0.78439255772693,0.21560744227307
0.956190141822944,0.0438098581770562
0.959923071302282,0.0400769286977183
0.926500076730052,0.0734999232699479
0.892546207626921,0.107453792373079
0.931978909857047,0.0680210901429534
0.923810321659155,0.0761896783408451
0.961596104288103,0.038403895711897
0.960703709714739,0.039296290285261
0.948939473876591,0.0510605261234091
0.960666899086545,0.039333100913455
0.930457062296789,0.0695429377032105
0.814621291789123,0.185378708210877
0.954513973229022,0.045486026770978
0.955812037518042,0.044187962481958
0.71061668257835,0.28938331742165
0.953588699426824,0.0464113005731764
0.947319361981993,0.0526806380180072
0.96085261468304,0.03914738531696
0.798728906936355,0.201271093063645
0.940186903331459,0.0598130966685411
0.899008680084999,0.100991319915001
0.897925190080405,0.102074809919595
0.959651376615574,0.0403486233844259
0.954394334480202,0.0456056655197975
0.728534440756794,0.271465559243206
0.961495190310068,0.0385048096899316
0.818123061523949,0.181876938476051
0.748333531899981,0.251666468100019
0.932941770694468,0.067058229305532
0.895013506353153,0.104986493646847
0.93155024223893,0.0684497577610697
0.784378637418735,0.215621362581265
0.95480140524157,0.0451985947584305
0.956484366255349,0.0435156337446507
0.950532225310554,0.049467774689446
0.923088888127346,0.0769111118726538
0.951631874882972,0.0483681251170276
0.900157087859941,0.0998429121400586
0.958185111618375,0.0418148883816251
0.927343289075694,0.0726567109243065
0.9614593687708,0.0385406312292002
0.919309960958934,0.0806900390410664
0.943965762092455,0.0560342379075454
0.961658923327369,0.0383410766726313
0.959722652981376,0.0402773470186237
0.93709649335038,0.0629035066496195
0.94813053989673,0.0518694601032698
0.957340721618381,0.0426592783816194
0.7552498883895,0.2447501116105
0.914097021589241,0.0859029784107588
0.723313060831207,0.276686939168793
0.955077499457554,0.044922500542446
0.948535082702036,0.0514649172979639
0.374658491014028,0.625341508985972
0.943662960184815,0.0563370398151853
0.900901797836201,0.0990982021637987
0.961553966233307,0.0384460337666925
0.952371598959101,0.047628401040899
0.961395798119974,0.0386042018800256
0.96120533559303,0.0387946644069704
0.959401632316709,0.0405983676832907
0.822545203468461,0.177454796531539
0.959870220661037,0.0401297793389634
0.925021473608492,0.0749785263915083
0.914073838858857,0.0859261611411433
0.93844156348977,0.0615584365102301
0.957062323877972,0.0429376761220283
0.819921544272847,0.180078455727153
0.933156001159726,0.0668439988402744
0.882108494004609,0.117891505995391
0.816650806871731,0.183349193128269
0.799793385180701,0.200206614819299
0.939558329200974,0.0604416707990258
0.961317387069874,0.0386826129301264
0.923249026056355,0.0767509739436447
0.960542492084018,0.0394575079159817
0.897641190289285,0.102358809710715
0.959355280302464,0.0406447196975362
0.960965303091274,0.039034696908726
0.848780545586986,0.151219454413014
0.936573830109919,0.0634261698900808
0.952697522958127,0.047302477041873
0.949382215027805,0.0506177849721948
0.830553651504171,0.169446348495829
0.95519952169226,0.0448004783077403
0.67951580477542,0.32048419522458
0.959262936245201,0.0407370637547988
0.902030365871975,0.0979696341280251
0.806333425045247,0.193666574954753
0.96059034570515,0.0394096542948499
0.954954496015381,0.0450455039846195
0.960405168654504,0.039594831345496
0.883431708711672,0.116568291288328
0.944532647203118,0.0554673527968822
0.936936722380691,0.0630632776193091
0.960432752741966,0.0395672472580342
0.96148569042299,0.0385143095770099
0.952237823271289,0.047762176728711
0.961088255125525,0.0389117448744754
0.937103843608159,0.0628961563918414
0.596293662113701,0.403706337886299
0.906553483705362,0.0934465162946382
0.908890640990159,0.0911093590098411
0.632436039108041,0.367563960891959
0.705716699085282,0.294283300914718
0.701622895185449,0.298377104814551
0.887987656458233,0.112012343541767
0.945566667179021,0.0544333328209787
0.961430765022447,0.0385692349775533
0.840944191774061,0.159055808225939
0.961205077600165,0.0387949223998353
0.948693169536555,0.0513068304634445
0.880638824626653,0.119361175373347
0.883078623130689,0.116921376869311
0.867415280133303,0.132584719866697
0.958114004522653,0.0418859954773466
0.931710193015676,0.0682898069843243
0.785921792219334,0.214078207780666
0.347490323633088,0.652509676366912
0.834751836806298,0.165248163193702
0.753425272566774,0.246574727433226
0.628437426974943,0.371562573025057
0.869256251809884,0.130743748190116
0.945470989449669,0.0545290105503314
0.806138253483116,0.193861746516884
0.878408664111298,0.121591335888702
0.86197937779703,0.13802062220297
0.896034928956657,0.103965071043343
0.884794388292132,0.115205611707868
0.91949755638448,0.0805024436155203
0.883467513912292,0.116532486087708
0.958634931899204,0.0413650681007957
0.759197195037613,0.240802804962387
0.95843179908924,0.0415682009107604
0.95503214839838,0.0449678516016196
0.912610788805668,0.0873892111943319
0.739608093079846,0.260391906920154
0.917137043939524,0.0828629560604758
0.951790740158719,0.0482092598412805
0.880297552155934,0.119702447844066
0.913014240545367,0.0869857594546333
0.120089119926705,0.879910880073295
0.577830326378443,0.422169673621557
0.892195767734188,0.107804232265812
0.942029274815791,0.0579707251842088
0.606654866204603,0.393345133795397
0.960211686203784,0.0397883137962163
0.899631952260188,0.100368047739812
0.945235631680084,0.0547643683199164
0.816250665710431,0.183749334289569
0.937154314664422,0.0628456853355778
0.84706084397195,0.15293915602805
0.897016311118788,0.102983688881212
0.960759888930771,0.039240111069229
0.552988012783094,0.447011987216906
0.888762868067432,0.111237131932568
0.855209918369882,0.144790081630118
0.945685290398988,0.0543147096010116
0.898340331092638,0.101659668907362
0.920743197732267,0.0792568022677334
0.961633846648607,0.0383661533513928
0.955777786843985,0.0442222131560153
0.365787352682199,0.634212647317801
0.928767933191221,0.0712320668087791
0.941995397541415,0.0580046024585852
0.890257905681014,0.109742094318986
0.748231839707876,0.251768160292124
0.947609478225115,0.0523905217748855
0.861504933009753,0.138495066990247
0.961250482957891,0.038749517042109
0.957753851126114,0.0422461488738856
0.957623260876886,0.0423767391231141
0.683767211217954,0.316232788782046
0.960419184981184,0.0395808150188157
0.960235362817839,0.0397646371821614
0.923841911620833,0.0761580883791674
0.733328594253809,0.266671405746191
0.925099437952999,0.0749005620470007
0.913847579432727,0.0861524205672735
0.961154284928932,0.0388457150710678
0.916113290862088,0.0838867091379117
0.86625492665314,0.13374507334686
0.856379697141343,0.143620302858657
0.929419725024739,0.0705802749752613
0.940690614647632,0.0593093853523677
0.961639566199048,0.0383604338009523
0.919583517366287,0.0804164826337134
0.954783698089797,0.0452163019102033
0.183763491280212,0.816236508719788
0.100235233499909,0.899764766500091
0.364272614583511,0.635727385416489
0.574558703482481,0.425441296517519
0.860425267253409,0.139574732746591
0.773189424940801,0.226810575059199
0.952311085856686,0.0476889141433143
0.808941389732331,0.191058610267669
0.904008992610195,0.0959910073898048
0.896902447155714,0.103097552844286
0.787032795879136,0.212967204120864
0.928153049857275,0.0718469501427252
0.918717255842412,0.0812827441575878
0.553096278341357,0.446903721658643
0.882068958990151,0.117931041009849
0.728302777759769,0.271697222240231
0.120258687079914,0.879741312920086
0.638497613471446,0.361502386528554
0.697071856124191,0.302928143875809
0.867791719288025,0.132208280711975
0.813430800679436,0.186569199320564
0.201693573420074,0.798306426579926
0.68508453940128,0.31491546059872
0.697079109441869,0.302920890558131
0.957163537518722,0.0428364624812784
0.955851050373769,0.0441489496262313
0.086020022069308,0.913979977930692
0.862371726943374,0.137628273056626
0.55095096607977,0.44904903392023
0.802775971259248,0.197224028740752
0.498666214320495,0.501333785679505
0.020595794645368,0.979404205354632
0.643707152408137,0.356292847591863
0.828718652316099,0.171281347683901
0.58094622885203,0.41905377114797
0.180943987666702,0.819056012333298
0.773556629793227,0.226443370206773
0.158159973891464,0.841840026108536
0.598648275299193,0.401351724700807
0.0691383360566726,0.930861663943327
0.604138252629047,0.395861747370953
0.903359823387268,0.0966401766127321
0.900944611105412,0.0990553888945876
0.902682570902775,0.0973174290972253
0.0787863631180536,0.921213636881946
0.383223888029429,0.616776111970571
0.537459077017732,0.462540922982268
0.880823850659273,0.119176149340727
0.860861196566754,0.139138803433246
0.403388781673963,0.596611218326037
0.736871739226915,0.263128260773085
0.916780733526244,0.0832192664737562
0.420994960863588,0.579005039136412
0.95483658777701,0.0451634122229905
0.849969556131413,0.150030443868587
0.742343735793532,0.257656264206468
0.914045848428416,0.0859541515715843
0.0101781856479592,0.989821814352041
0.863927283529263,0.136072716470737
0.958098693862134,0.041901306137866
0.886858571016801,0.113141428983199
0.0382031815252103,0.96179681847479
0.816100866479682,0.183899133520318
0.602624140602068,0.397375859397932
0.925909927212916,0.0740900727870843
0.810100180593242,0.189899819406758
0.361151749996051,0.638848250003949
0.543255882905965,0.456744117094035
0.932426375680445,0.0675736243195546
0.679584801143419,0.320415198856581
0.0874108131405268,0.912589186859473
0.82838420387379,0.17161579612621
0.47746328953658,0.52253671046342
0.960551466881541,0.0394485331184589
0.316993303029965,0.683006696970035
0.378548870436763,0.621451129563237
0.12137555321995,0.87862444678005
0.351341706327711,0.648658293672289
0.783511499757832,0.216488500242168
0.151077749240621,0.848922250759379
0.89207181383088,0.10792818616912
0.818112900876158,0.181887099123842
0.386011719056337,0.613988280943663
0.105461318685334,0.894538681314667
0.000177484716597786,0.999822515283402
0.807280596723096,0.192719403276904
0.42318076127901,0.57681923872099
0.455897564111357,0.544102435888643
0.927184149153238,0.0728158508467618
0.793530067196264,0.206469932803736
0.837492932467908,0.162507067532092
0.922019184644836,0.0779808153551637
0.00386125215802764,0.996138747841972
0.654601019409611,0.345398980590389
0.471393180877799,0.528606819122201
0.129173506833126,0.870826493166875
0.798623550587149,0.201376449412851
0.214784336662019,0.785215663337981
0.790678679345305,0.209321320654695
0.0475303583237286,0.952469641676271
0.932520404665429,0.0674795953345707
0.0946230677744165,0.905376932225583
0.914907122464031,0.0850928775359685
0.829249462893234,0.170750537106766
0.303483597887326,0.696516402112674
0.812616898916365,0.187383101083635
0.647038785951757,0.352961214048243
0.758448403265634,0.241551596734366
0.459993274833845,0.540006725166155
0.939989743108849,0.0600102568911515
0.906892932373493,0.0931070676265071
0.843508531386203,0.156491468613797
0.741731771762755,0.258268228237245
0.928901136270138,0.0710988637298615
0.462675411069517,0.537324588930483
0.627571303225441,0.372428696774559
0.933249354057818,0.0667506459421819
0.209602495063014,0.790397504936986
0.00998564762376096,0.990014352376239
0.487778429829746,0.512221570170254
0.223079358014262,0.776920641985738
0.080279596603842,0.919720403396158
0.396462145293952,0.603537854706048
0.141659779280835,0.858340220719165
0.496586582402464,0.503413417597536
0.333678467043964,0.666321532956036
0.954159022594214,0.0458409774057857
0.191819985231537,0.808180014768463
0.0825515565566147,0.917448443443385
0.871178227139464,0.128821772860536
0.611735352326939,0.388264647673061
0.0230015694441472,0.976998430555853
0.468572861049587,0.531427138950413
0.334289859323886,0.665710140676113
0.019559913674927,0.980440086325073
0.11334062565843,0.88665937434157
0.216029901648372,0.783970098351628
0.0227757740146681,0.977224225985332
0.0317278850369123,0.968272114963088
0.462225168683664,0.537774831316336
0.3692253148433,0.6307746851567
0.516784871660232,0.483215128339768
0.0020107848182045,0.997989215181796
0.072457506278976,0.927542493721024
0.925843944701908,0.0741560552980918
5.64704178532776e-05,0.999943529582147
0.367197599746721,0.632802400253279
0.67503478759707,0.32496521240293
0.314532043220559,0.685467956779441
0.510325228525588,0.489674771474412
0.00283574050138524,0.997164259498615
0.647464486119375,0.352535513880625
0.105801507205454,0.894198492794546
0.302473651944093,0.697526348055907
0.926385324252823,0.0736146757471766
0.0242184828033786,0.975781517196621
0.321492362547346,0.678507637452654
0.659057647568785,0.340942352431215
0.411247357753647,0.588752642246353
0.0151276417086157,0.984872358291384
0.673923350786453,0.326076649213547
0.631693323879249,0.368306676120751
0.820545615191712,0.179454384808288
0.714915965105104,0.285084034894896
0.00376850082465801,0.996231499175342
0.368204072926564,0.631795927073436
0.434469611642158,0.565530388357842
0.575652795573111,0.424347204426889
0.568354318651396,0.431645681348604
0.00169699314732169,0.998303006852678
0.385378658001491,0.614621341998509
0.0101374504922208,0.989862549507779
0.357776182665249,0.642223817334751
0.539577006515413,0.460422993484587
0.0245831974322774,0.975416802567723
0.384457817391287,0.615542182608713
0.120255006926723,0.879744993073277
0.00234021740943391,0.997659782590566
0.868445195109363,0.131554804890637
0.667296822990283,0.332703177009717
0.0153629389428487,0.984637061057151
0.710823688039191,0.289176311960809
0.850468505301507,0.149531494698493
0.659270504321243,0.340729495678757
0.622033498303257,0.377966501696743
0.23255059193991,0.76744940806009
0.687334150918457,0.312665849081543
0.385471836562867,0.614528163437133
0.111213489644951,0.888786510355049
0.448917650649647,0.551082349350353
0.809795168669417,0.190204831330583
0.0441366152748772,0.955863384725123
0.710182040412113,0.289817959587887
0.0469077912490714,0.953092208750929
0.0148155447490592,0.985184455250941
0.488952077236403,0.511047922763597
0.227475240200555,0.772524759799445
0.36502067130795,0.63497932869205
0.518854304949629,0.481145695050371
0.00158600866610543,0.998413991333895
0.0045178291885534,0.995482170811447
0.593837388268222,0.406162611731778
0.0942002074569148,0.905799792543085
0.123880397139577,0.876119602860423
0.000242598850590176,0.99975740114941
0.33359148864515,0.66640851135485
0.41877602818415,0.58122397181585
0.804083469059737,0.195916530940263
0.0333317253184353,0.966668274681565
0.797765881507748,0.202234118492252
0.244098539185825,0.755901460814175
0.835001799726579,0.164998200273421
0.77631096976541,0.22368903023459
0.53070034011018,0.46929965988982
0.882916982111799,0.117083017888201
0.959098827848202,0.0409011721517978
0.946938581743387,0.0530614182566126
0.940909895809856,0.0590901041901445
0.961299471626183,0.0387005283738168
0.960725602441596,0.0392743975584041
0.961142048351596,0.0388579516484043
0.961237788193571,0.0387622118064289
0.89932577331523,0.10067422668477
0.959536307778918,0.0404636922210823
0.865284659221938,0.134715340778062
0.927816072189307,0.0721839278106928
0.961009382941245,0.0389906170587553
0.959436474345452,0.0405635256545485
0.873925609305693,0.126074390694307
0.919044054093771,0.080955945906229
0.882047400812751,0.117952599187249
0.883834360708285,0.116165639291715
0.941401546456469,0.058598453543531
0.947951122216274,0.0520488777837262
0.670009903147264,0.329990096852736
0.959639670757376,0.0403603292426237
0.960600514471844,0.039399485528156
0.961327886831111,0.0386721131688886
0.947329135654758,0.0526708643452424
0.955097566571273,0.0449024334287269
0.742400388655394,0.257599611344606
0.946756723674795,0.0532432763252045
0.960286174637768,0.0397138253622318
0.959618353370589,0.0403816466294106
0.961277735607044,0.0387222643929559
0.960834512834866,0.0391654871651343
0.946502541410819,0.0534974585891811
0.955903530851403,0.0440964691485971
0.960836861657147,0.0391631383428531
0.959900536308882,0.0400994636911185
0.959165609292964,0.0408343907070358
0.960389299652254,0.0396107003477457
0.955436187259259,0.0445638127407408
0.960675785990189,0.0393242140098112
0.864820485561896,0.135179514438104
0.959337258799809,0.0406627412001911
0.959396298834586,0.0406037011654145
0.927854704055084,0.0721452959449164
0.961312644717664,0.038687355282336
0.959629388886355,0.040370611113645
0.961289789542134,0.0387102104578665
0.961287232982038,0.0387127670179622
0.958206525144723,0.0417934748552767
0.960983167707102,0.0390168322928982
0.942324083968937,0.0576759160310631
0.957642328115255,0.0423576718847447
0.960884830444222,0.0391151695557778
0.928387771166428,0.0716122288335723
0.960174582524165,0.0398254174758352
0.94963993948281,0.0503600605171904
0.960746731310797,0.0392532686892028
0.960785934379451,0.0392140656205494
0.953895464007907,0.0461045359920925
0.958229379680668,0.041770620319332
0.960603097926471,0.0393969020735286
0.961309471261462,0.0386905287385377
0.95108278337909,0.0489172166209104
0.958368586964302,0.0416314130356982
0.919570929002979,0.0804290709970206
0.920499140982005,0.0795008590179951
0.95972131529759,0.04027868470241
0.935405309174178,0.0645946908258221
0.955802757620056,0.0441972423799442
0.94678309852302,0.0532169014769798
0.961099863940677,0.0389001360593226
0.958389084934816,0.0416109150651844
0.961174804111301,0.0388251958886994
0.961064955594913,0.0389350444050867
0.910636398641097,0.0893636013589025
0.960762274082597,0.0392377259174032
0.893676279685634,0.106323720314366
0.905635165162056,0.0943648348379436
0.956960469928995,0.0430395300710054
0.959631180850673,0.0403688191493267
0.867984131835151,0.132015868164849
0.93110352555131,0.0688964744486897
0.961270711175614,0.0387292888243859
0.961150592723813,0.0388494072761867
0.960511402394855,0.0394885976051451
0.956089543744993,0.0439104562550073
0.961010935062452,0.0389890649375483
0.954669757804513,0.0453302421954868
0.958215779262758,0.0417842207372416
0.89525931245406,0.10474068754594
0.961330325938838,0.0386696740611617
0.959457924282632,0.0405420757173681
0.96133111575366,0.0386688842463397
0.961025446830382,0.038974553169618
0.958272697355674,0.0417273026443256
0.961319635902818,0.0386803640971817
0.956996133666723,0.0430038663332772
0.906062697774372,0.0939373022256285
0.960990558051778,0.0390094419482221
0.961318162566454,0.0386818374335459
0.935058578246555,0.0649414217534449
0.52725112766271,0.47274887233729
0.960240100926976,0.0397598990730236
0.943862969014284,0.0561370309857158
0.934490267309633,0.0655097326903672
0.960604545087097,0.0393954549129033
0.942961778710189,0.0570382212898111
0.960115227415165,0.0398847725848352
0.910089292889012,0.0899107071109884
0.917228497582819,0.0827715024171809
0.960742984212493,0.0392570157875072
0.812336367295585,0.187663632704415
0.945066062772272,0.0549339372277279
0.873386623016991,0.126613376983009
0.949672205625421,0.0503277943745793
0.957716869410358,0.0422831305896417
0.959745665821359,0.040254334178641
0.900476046025294,0.099523953974706
0.958846777610179,0.0411532223898213
0.961233003791931,0.0387669962080686
0.955008021275664,0.0449919787243364
0.935484988394697,0.064515011605303
0.937993780951425,0.0620062190485747
0.958588176657581,0.0414118233424192
0.960922432855308,0.0390775671446923
0.959192967241222,0.0408070327587781
0.961021547421182,0.038978452578818
0.955608106913332,0.0443918930866677
0.942339384666488,0.0576606153335123
0.961150441530485,0.0388495584695149
0.953149131566669,0.0468508684333309
0.958246908287397,0.0417530917126034
0.407601273133854,0.592398726866146
0.815726822505792,0.184273177494208
0.88599166997734,0.11400833002266
0.959430634798384,0.0405693652016159
0.955312095579241,0.0446879044207587
0.957662678831878,0.0423373211681223
0.958403894929758,0.0415961050702421
0.946089790719632,0.053910209280368
0.927375453941467,0.0726245460585327
0.770068656262851,0.229931343737149
0.935911553633457,0.0640884463665429
0.958097628405278,0.0419023715947224
0.930383186143842,0.0696168138561581
0.956497484786686,0.0435025152133143
0.957376586438169,0.0426234135618306
0.763816472530288,0.236183527469712
0.945230316368875,0.0547696836311249
0.952206760623822,0.0477932393761775
0.95516473403247,0.0448352659675303
0.87948018613585,0.12051981386415
0.897385126861705,0.102614873138295
0.955414684557538,0.0445853154424622
0.765949049829961,0.234050950170039
0.961230845677157,0.0387691543228426
0.95555955276271,0.0444404472372901
0.840160977627434,0.159839022372566
0.881923573809967,0.118076426190033
0.914597071814565,0.0854029281854346
0.918348955157622,0.0816510448423775
0.930964227499293,0.0690357725007074
0.8278271413447,0.1721728586553
0.961293554492934,0.0387064455070656
0.902777996949588,0.0972220030504123
0.93749021179017,0.06250978820983
0.949698424165776,0.0503015758342242
0.958318513013771,0.0416814869862286
0.933155156740107,0.0668448432598934
0.900786951303013,0.099213048696987
0.937558620160793,0.0624413798392073
0.920336857227056,0.0796631427729443
0.944761836980685,0.0552381630193154
0.956781591433632,0.0432184085663677
0.960688471831479,0.0393115281685209
0.947295233061754,0.052704766938246
0.961362912841904,0.0386370871580959
0.95835764866812,0.0416423513318797
0.946151369260843,0.0538486307391574
0.952744196327005,0.0472558036729946
0.960164576573787,0.0398354234262126
0.950280989115792,0.0497190108842077
0.961129637474544,0.0388703625254556
0.821078273223967,0.178921726776033
0.906662111754269,0.0933378882457311
0.921455743263166,0.0785442567368336
0.959580398586309,0.0404196014136915
0.908083149846553,0.0919168501534473
0.740901596768793,0.259098403231207
0.875031920137941,0.124968079862059
0.961247063137363,0.0387529368626367
0.940850417433644,0.0591495825663561
0.863116415176579,0.136883584823421
0.932717510404398,0.067282489595602
0.932143302737169,0.0678566972628314
0.951970920794242,0.0480290792057584
0.944416752059691,0.0555832479403089
0.944924166639839,0.0550758333601605
0.938823106830704,0.0611768931692959
0.947979576634476,0.0520204233655241
0.9132356540762,0.0867643459238001
0.933175144251634,0.0668248557483665
0.880947295227892,0.119052704772108
0.953399439652976,0.046600560347024
0.397981653922374,0.602018346077626
0.779746338489235,0.220253661510765
0.934720319792383,0.0652796802076165
0.95850856778305,0.0414914322169495
0.954210866989987,0.0457891330100134
0.5556354619405,0.4443645380595
0.880706559813761,0.119293440186239
0.901566302418231,0.0984336975817691
0.960871807343449,0.0391281926565511
0.825619219296868,0.174380780703132
0.778026130803439,0.221973869196561
0.490083356212855,0.509916643787145
0.819849224243237,0.180150775756763
0.953234832459999,0.0467651675400009
0.958865423258864,0.0411345767411357
0.950872673415747,0.0491273265842532
0.942920798650945,0.0570792013490546
0.961400139556288,0.0385998604437118
0.928492865852405,0.0715071341475949
0.921718240267471,0.078281759732529
0.179568573267057,0.820431426732943
0.764577084079286,0.235422915920714
0.653871878018098,0.346128121981902
0.769478846891178,0.230521153108822
0.957923263348678,0.0420767366513218
0.520268440666814,0.479731559333186
0.953617479767438,0.0463825202325618
0.85724335261089,0.14275664738911
0.931130304798912,0.0688696952010883
0.414352854120681,0.585647145879319
0.952640191290955,0.0473598087090453
0.945291628787095,0.0547083712129046
0.361059264930055,0.638940735069945
0.877667825768558,0.122332174231442
0.674239325301479,0.325760674698521
0.545508549288713,0.454491450711287
0.827929818965495,0.172070181034505
0.548294938706195,0.451705061293805
0.751926579660448,0.248073420339552
0.818326110443916,0.181673889556084
0.956465774814079,0.0435342251859209
0.844279578044225,0.155720421955775
0.168379309681735,0.831620690318265
0.307327445709955,0.692672554290045
0.913812154752125,0.0861878452478755
0.951010087621027,0.0489899123789734
0.913803808892915,0.0861961911070854
0.82666764168151,0.17333235831849
0.759268268231112,0.240731731768888
0.911710381921104,0.088289618078896
0.960518548771683,0.0394814512283168
0.914578379521109,0.0854216204788915
0.907122355084405,0.0928776449155946
0.0669149590948539,0.933085040905146
0.846121857682453,0.153878142317547
0.934358778994561,0.0656412210054388
0.876387128428051,0.123612871571949
0.95450867702243,0.0454913229775697
0.060907860833158,0.939092139166842
0.949828286755511,0.0501717132444889
0.902296072943746,0.0977039270562536
0.940474743102481,0.0595252568975188
0.742622853249453,0.257377146750547
0.777659419623505,0.222340580376495
0.804792272323208,0.195207727676792
0.920098601829652,0.0799013981703477
0.931855715133816,0.0681442848661841
0.959072600721334,0.0409273992786664
0.860639045897954,0.139360954102046
0.924305986938466,0.0756940130615336
0.426589544876813,0.573410455123187
0.0638231084947136,0.936176891505286
0.923163730871045,0.0768362691289555
0.906507092619635,0.0934929073803645
0.960904410630371,0.0390955893696292
0.760396423614721,0.239603576385279
0.648883263004512,0.351116736995488
0.948293080758296,0.0517069192417043
0.907591026166666,0.0924089738333339
0.226443167364413,0.773556832635587
0.657379964143739,0.342620035856261
0.94463229704828,0.0553677029517203
0.8688685106821,0.1311314893179
0.945600413853966,0.0543995861460342
0.949306131131011,0.0506938688689891
0.418112810700298,0.581887189299702
0.850919034144695,0.149080965855305
0.636123875534346,0.363876124465654
0.95935862141474,0.0406413785852598
0.557367305550362,0.442632694449638
0.9149496068705,0.0850503931295001
0.933630749463139,0.0663692505368609
0.873379395502427,0.126620604497573
0.960487989381286,0.0395120106187137
0.62561831466505,0.37438168533495
0.845622390032636,0.154377609967364
0.942614648843899,0.0573853511561006
0.868267924813342,0.131732075186658
0.900315801465688,0.099684198534312
0.961201104150826,0.0387988958491736
0.627182227573548,0.372817772426452
0.469306517674164,0.530693482325836
0.943998048738905,0.056001951261095
0.883069697296673,0.116930302703327
0.666608893497396,0.333391106502604
0.00432849214682151,0.995671507853178
0.860041943929579,0.139958056070421
0.820102205246992,0.179897794753008
0.39411552150595,0.60588447849405
0.935967612733803,0.0640323872661974
0.936621906045469,0.0633780939545314
0.487630888927987,0.512369111072013
0.464203756780057,0.535796243219943
0.592318582900719,0.407681417099281
0.288951527749346,0.711048472250654
0.310363578345184,0.689636421654816
0.922060474390245,0.0779395256097546
0.818621688174597,0.181378311825403
0.939666757250994,0.0603332427490059
0.903144388133967,0.0968556118660334
0.383789924954171,0.616210075045829
0.148293348978552,0.851706651021448
0.429715487260401,0.570284512739599
0.551126990323394,0.448873009676606
0.893373572426942,0.106626427573058
0.911645040054215,0.0883549599457847
0.214168215138577,0.785831784861423
0.646647750474575,0.353352249525425
0.503598150327285,0.496401849672715
0.561636072298228,0.438363927701772
0.371564805884706,0.628435194115294
0.0918939667101302,0.90810603328987
0.948317088785583,0.0516829112144173
0.364952214144594,0.635047785855406
0.02245194889052,0.97754805110948
0.851700029920743,0.148299970079257
0.679126565650149,0.320873434349851
0.85502568487689,0.14497431512311
0.51825477354505,0.48174522645495
0.961423003876858,0.0385769961231419
0.659794180806245,0.340205819193755
0.939388377872462,0.0606116221275376
0.300205769778434,0.699794230221566
0.877071991563798,0.122928008436202
0.907092947825591,0.092907052174409
0.723929302374381,0.276070697625619
0.150427384219085,0.849572615780915
0.78776839588598,0.21223160411402
0.953750127107304,0.0462498728926961
0.0656560388947427,0.934343961105257
0.721200108732903,0.278799891267097
0.324465808065948,0.675534191934052
0.94034959541344,0.0596504045865603
0.589259002112268,0.410740997887732
0.935311882033634,0.064688117966366
0.924140835702296,0.075859164297704
0.516738299525867,0.483261700474133
0.540056916604172,0.459943083395828
0.355154780653236,0.644845219346764
0.911334576870497,0.0886654231295028
0.803099811491661,0.196900188508339
0.776614522423203,0.223385477576797
0.916296783519548,0.083703216480452
0.777751002930377,0.222248997069623
0.603297231422501,0.396702768577499
0.884557452357722,0.115442547642278
0.28083100323206,0.71916899676794
0.923149088878312,0.076850911121688
0.350657890906182,0.649342109093818
0.959415341294746,0.0405846587052543
0.591801272228748,0.408198727771252
0.101885106246642,0.898114893753358
0.880488786753203,0.119511213246797
0.0809702543716505,0.919029745628349
0.777276390465262,0.222723609534738
0.308049928417265,0.691950071582735
0.471306393698042,0.528693606301958
0.865223419811937,0.134776580188063
0.835061467923894,0.164938532076106
0.9007831675149,0.0992168324850999
0.914783828402399,0.0852161715976006
0.927304796487408,0.072695203512592
0.929959915454537,0.0700400845454625
0.794173171392075,0.205826828607925
0.520266588166872,0.479733411833128
0.913961196513486,0.0860388034865138
0.919193578983829,0.0808064210161713
0.464408183382837,0.535591816617163
0.937861304985839,0.0621386950141609
0.93371733902027,0.0662826609797301
0.847092103013564,0.152907896986436
0.289911597147844,0.710088402852156
0.450814786331432,0.549185213668568
0.794132356393428,0.205867643606572
0.548032165971476,0.451967834028524
0.692970984779672,0.307029015220328
0.960617309638532,0.0393826903614681
0.95949519937962,0.0405048006203796
0.958100674503687,0.0418993254963126
0.947965061899842,0.052034938100158
0.923346005712697,0.0766539942873028
0.954121816656313,0.0458781833436869
0.956546615909149,0.0434533840908511
0.958296912131656,0.0417030878683442
0.960011990976557,0.0399880090234426
0.956054262717866,0.0439457372821337
0.936527373504187,0.0634726264958129
0.958162137627254,0.0418378623727463
0.9612404880365,0.0387595119634997
0.939120263137706,0.0608797368622935
0.959212718937559,0.0407872810624407
0.960271048467501,0.039728951532499
0.886633582249995,0.113366417750005
0.961275110699247,0.0387248893007527
0.92640269100507,0.0735973089949299
0.954782189686884,0.0452178103131162
0.938947593164145,0.0610524068358548
0.948639845776552,0.0513601542234475
0.96079269275485,0.0392073072451501
0.953725218444431,0.0462747815555685
0.954925217386358,0.0450747826136423
0.937264282125481,0.0627357178745189
0.960798385063726,0.0392016149362745
0.955624263404539,0.0443757365954607
0.894934469265082,0.105065530734918
0.774843440008866,0.225156559991134
0.960845559643705,0.0391544403562952
0.960705804708707,0.0392941952912925
0.931666788993354,0.0683332110066457
0.69209462689381,0.30790537310619
0.941870599967422,0.058129400032578
0.96132330430547,0.0386766956945296
0.939161788550104,0.0608382114498958
0.960006202680091,0.0399937973199092
0.792053822438531,0.207946177561469
0.949895850679881,0.0501041493201193
0.960650176457006,0.0393498235429944
0.941823365911802,0.0581766340881983
0.946934828320119,0.053065171679881
0.862107823397909,0.137892176602091
0.959815143092772,0.0401848569072277
0.944885621409473,0.0551143785905267
0.959035430424269,0.0409645695757309
0.945103859090607,0.0548961409093931
0.826896558383745,0.173103441616255
0.922303692351784,0.0776963076482158
0.945321947679583,0.054678052320417
0.959051327644902,0.0409486723550976
0.91702972076113,0.0829702792388701
0.936303736755737,0.0636962632442635
0.961346236665224,0.038653763334776
0.959429712478617,0.0405702875213829
0.961343106341808,0.0386568936581924
0.956717104353404,0.0432828956465958
0.958901497492863,0.0410985025071374
0.497405599924732,0.502594400075268
0.956559438345747,0.0434405616542535
0.961340245615335,0.0386597543846647
0.876522315469502,0.123477684530498
0.937256798987258,0.062743201012742
0.926678793569151,0.0733212064308494
0.916370266922871,0.0836297330771294
0.961335200161709,0.0386647998382914
0.950583700167921,0.0494162998320793
0.938455114054959,0.0615448859450414
0.94559999227764,0.0544000077223596
0.954026358226006,0.0459736417739939
0.960832382863653,0.0391676171363468
0.949080179762875,0.0509198202371248
0.812930744476103,0.187069255523897
0.960685923082687,0.0393140769173131
0.960728297338665,0.0392717026613351
0.952956999595801,0.0470430004041993
0.930981591216559,0.0690184087834412
0.827152160840101,0.172847839159899
0.850361837375023,0.149638162624977
0.960467181969388,0.0395328180306119
0.960031297880697,0.0399687021193026
0.956386219482539,0.0436137805174611
0.95905877970789,0.0409412202921099
0.955261271940549,0.0447387280594509
0.96117925042684,0.0388207495731604
0.95044474475541,0.0495552552445905
0.924939977123579,0.0750600228764209
0.940351870188959,0.059648129811041
0.960920516992773,0.0390794830072265
0.932916164004087,0.0670838359959127
0.944290250824292,0.0557097491757085
0.957794321194852,0.0422056788051479
0.950921183298732,0.0490788167012677
0.953084922095438,0.0469150779045616
0.960901405018013,0.039098594981987
0.961116338606516,0.0388836613934841
0.943701196748857,0.0562988032511432
0.948371792760981,0.051628207239019
0.959527399095404,0.0404726009045959
0.951075938950454,0.0489240610495459
0.961295173938571,0.0387048260614292
0.944696034720617,0.055303965279383
0.960812229831782,0.0391877701682177
0.918546711265577,0.0814532887344235
0.945197636293817,0.054802363706183
0.957073843295119,0.0429261567048805
0.957556039910461,0.0424439600895387
0.95595728573485,0.0440427142651498
0.958862904488421,0.0411370955115787
0.960703301088794,0.0392966989112061
0.899219784996949,0.100780215003051
0.943310922731659,0.0566890772683415
0.916839835199461,0.0831601648005391
0.919209512279865,0.0807904877201349
0.96129778592631,0.0387022140736902
0.959219507406532,0.0407804925934683
0.941097671674744,0.0589023283252561
0.743356166408723,0.256643833591277
0.921067409779418,0.0789325902205822
0.958855261004368,0.0411447389956322
0.96128601807321,0.0387139819267902
0.960664758820142,0.0393352411798575
0.893600725397297,0.106399274602703
0.961143817647214,0.0388561823527861
0.956984140435902,0.0430158595640978
0.961235854184266,0.0387641458157343
0.954416549877994,0.045583450122006
0.919867584367548,0.0801324156324522
0.94581730626891,0.0541826937310902
0.959671993990921,0.0403280060090787
0.957412448174473,0.0425875518255268
0.957247463417919,0.0427525365820811
0.959666846269083,0.0403331537309165
0.934093132441946,0.0659068675580535
0.961209158520716,0.0387908414792839
0.95317947744257,0.0468205225574296
0.957400019105507,0.0425999808944926
0.954013467612785,0.045986532387215
0.96110730444248,0.0388926955575202
0.961052295998986,0.038947704001014
0.960957877008912,0.0390421229910883
0.951508278672756,0.048491721327244
0.959797168356727,0.0402028316432728
0.902376767928559,0.0976232320714411
0.961089767321938,0.0389102326780625
0.96096339674125,0.0390366032587496
0.959797184866048,0.0402028151339521
0.838018744972981,0.161981255027019
0.903698866115901,0.0963011338840994
0.960951493324352,0.039048506675648
0.957681628735356,0.0423183712646437
0.960975675741991,0.0390243242580091
0.960620356588867,0.0393796434111325
0.961145186292712,0.038854813707288
0.959625981548681,0.0403740184513193
0.859542495441356,0.140457504558644
0.960259325775389,0.0397406742246111
0.917109168327189,0.0828908316728114
0.959575585432299,0.0404244145677012
0.955496538730874,0.0445034612691261
0.95920466805418,0.0407953319458203
0.950324115719191,0.0496758842808089
0.961310411223953,0.0386895887760471
0.875261555108484,0.124738444891516
0.957352345851318,0.0426476541486818
0.961216821998854,0.0387831780011455
0.951141102885885,0.0488588971141152
0.961069915034176,0.0389300849658237
0.952628927262242,0.0473710727377581
0.960594802844724,0.0394051971552761
0.764476860935629,0.235523139064371
0.933082816706864,0.066917183293136
0.961277960159635,0.038722039840365
0.960606376751073,0.0393936232489274
0.960765200604281,0.0392347993957192
0.77440151520824,0.22559848479176
0.956231293019294,0.0437687069807062
0.957138862598131,0.0428611374018691
0.957726753821994,0.0422732461780061
0.949562700157829,0.0504372998421713
0.93341908485554,0.06658091514446
0.903798039893081,0.0962019601069187
0.9447770524069,0.0552229475931
0.959251331035748,0.0407486689642523
0.95146063527995,0.0485393647200499
0.882642322958572,0.117357677041428
0.960250238643411,0.0397497613565893
0.957970121455931,0.0420298785440687
0.952853417834397,0.0471465821656025
0.942674155343991,0.0573258446560091
0.961303138664045,0.038696861335955
0.958104298177532,0.0418957018224685
0.938625119060753,0.0613748809392468
0.961005566861999,0.0389944331380014
0.883571017139558,0.116428982860442
0.947282558263309,0.0527174417366909
0.94218923478091,0.0578107652190897
0.954044123034072,0.0459558769659281
0.961293299025494,0.0387067009745062
0.952205087949748,0.0477949120502519
0.959258506535079,0.0407414934649212
0.960467559701068,0.0395324402989319
0.915646085157845,0.0843539148421546
0.656687573681035,0.343312426318965
0.95629557000006,0.0437044299999398
0.95610181045392,0.0438981895460799
0.665300609830112,0.334699390169888
0.937812323924892,0.0621876760751082
0.960595861810836,0.0394041381891643
0.841265712397184,0.158734287602816
0.942745192005183,0.0572548079948165
0.960551743297284,0.0394482567027162
0.9263903778774,0.0736096221225998
0.961286587737958,0.0387134122620419
0.957636784770654,0.0423632152293459
0.924839901985699,0.0751600980143007
0.922138238258507,0.0778617617414927
0.957571113674776,0.0424288863252245
0.898196332354322,0.101803667645678
0.9547688946246,0.0452311053754
0.935029685866515,0.0649703141334854
0.947785509218156,0.0522144907818445
0.765491685251384,0.234508314748616
0.745685741789305,0.254314258210695
0.96127425217901,0.0387257478209898
0.882699788664495,0.117300211335505
0.779160575643848,0.220839424356152
0.914211250978987,0.0857887490210127
0.961289734681519,0.0387102653184808
0.644001189375927,0.355998810624073
0.912949346773078,0.0870506532269221
0.961003086508595,0.0389969134914046
0.886937052791893,0.113062947208107
0.958136778679242,0.0418632213207576
0.961247695869006,0.0387523041309942
0.938188538704386,0.0618114612956144
0.94044023351251,0.0595597664874898
0.9289151423022,0.0710848576977998
0.849119385618855,0.150880614381145
0.766597033143788,0.233402966856212
0.959200812647771,0.0407991873522285
0.960790656327462,0.0392093436725378
0.950854846993917,0.0491451530060835
0.94532590454253,0.0546740954574704
0.921746999330231,0.0782530006697688
0.916892934598338,0.0831070654016621
0.893248708981823,0.106751291018177
0.896492121330407,0.103507878669593
0.938711928297974,0.0612880717020255
0.9516424597143,0.0483575402856998
0.947202279502826,0.0527977204971738
0.956897817600327,0.0431021823996728
0.933994780844548,0.0660052191554524
0.946607781904494,0.0533922180955063
0.919164178597625,0.0808358214023754
0.948216043524793,0.0517839564752074
0.95733751393971,0.0426624860602904
0.923840934292444,0.0761590657075562
0.957484152259583,0.0425158477404168
0.898990609285303,0.101009390714697
0.929232945543318,0.0707670544566819
0.958005769485274,0.0419942305147257
0.705052486998777,0.294947513001223
0.944389385750689,0.0556106142493107
0.95878440319821,0.0412155968017901
0.935066672857557,0.0649333271424432
0.953862981391505,0.0461370186084952
0.922516343830664,0.0774836561693364
0.849564073894675,0.150435926105325
0.259749136641845,0.740250863358155
0.94692651534762,0.0530734846523805
0.952211274986623,0.0477887250133771
0.834406161117472,0.165593838882528
0.960978415781161,0.0390215842188391
0.940438622909332,0.0595613770906677
0.939127444985372,0.0608725550146283
0.961227589771854,0.0387724102281459
0.952580417567869,0.0474195824321312
0.944134912384778,0.0558650876152222
0.954944328492957,0.045055671507043
0.955498041307982,0.0445019586920185
0.855569071676891,0.144430928323109
0.959031547422324,0.0409684525776763
0.940189215927585,0.0598107840724152
0.959319830462033,0.0406801695379667
0.904312389278764,0.0956876107212355
0.960408324835112,0.0395916751648884
0.85227545708475,0.14772454291525
0.956661882559598,0.0433381174404015
0.933372527156037,0.0666274728439629
0.959777102955085,0.0402228970449149
0.885477368037328,0.114522631962672
0.720930287943092,0.279069712056908
0.961302924094997,0.0386970759050027
0.865791259110161,0.134208740889839
0.943230486338488,0.0567695136615122
0.961127103454541,0.0388728965454588
0.952948374822061,0.0470516251779387
0.958718468063229,0.0412815319367712
0.79099875009579,0.20900124990421
0.557207862367274,0.442792137632726
0.958434850534737,0.0415651494652627
0.893891213433647,0.106108786566353
0.781506962784761,0.218493037215239
0.506658262647013,0.493341737352987
0.890818267968235,0.109181732031765
0.575832684882875,0.424167315117125
0.881009664776044,0.118990335223956
0.925838486979669,0.0741615130203309
0.407306672314188,0.592693327685812
0.896825385709134,0.103174614290866
0.907384570409902,0.0926154295900978
0.897544915997903,0.102455084002097
0.827997092465189,0.172002907534811
0.613918485180053,0.386081514819947
0.923820439860501,0.076179560139499
0.950078427273433,0.0499215727265669
0.898341846833089,0.101658153166911
0.838313077738312,0.161686922261688
0.958542355470733,0.0414576445292666
0.644398159834367,0.355601840165633
0.89952370669322,0.10047629330678
0.936491342955595,0.0635086570444051
0.955261123948831,0.044738876051169
0.954568607438468,0.0454313925615316
0.757802028136002,0.242197971863998
0.947601271084466,0.0523987289155341
0.940049953210199,0.0599500467898014
0.906587550364648,0.0934124496353519
0.928133512560824,0.0718664874391756
0.961278220034538,0.0387217799654622
0.948631180806499,0.0513688191935011
0.882293421073229,0.117706578926771
0.886289192748936,0.113710807251064
0.924788489908892,0.0752115100911085
0.913903763722038,0.0860962362779616
0.578260962761678,0.421739037238322
0.920707698334099,0.0792923016659006
0.932588653846614,0.0674113461533863
0.946538117529187,0.0534618824708134
0.904965250669417,0.0950347493305832
0.636401051460211,0.363598948539789
0.928820522310359,0.0711794776896413
0.736838325316796,0.263161674683204
0.953274733785837,0.0467252662141634
0.917961315119648,0.0820386848803523
0.774885008709286,0.225114991290714
0.940728837639417,0.0592711623605834
0.843096049583878,0.156903950416122
0.960379530652599,0.0396204693474013
0.720683512948487,0.279316487051513
0.958373506962051,0.0416264930379487
0.372964458327921,0.627035541672079
0.955458903924517,0.0445410960754828
0.75253078541389,0.24746921458611
0.94157324820934,0.0584267517906604
0.779061790187682,0.220938209812318
0.925615456736618,0.0743845432633816
0.673581668817381,0.326418331182619
0.948421677791227,0.0515783222087729
0.952833636391526,0.0471663636084739
0.89650691750443,0.10349308249557
0.942936300580074,0.0570636994199258
0.93432089658531,0.0656791034146903
0.404929090698676,0.595070909301324
0.210019925513405,0.789980074486595
0.922269101089648,0.077730898910352
0.827281397015123,0.172718602984877
0.885995195927006,0.114004804072994
0.956501328106236,0.0434986718937637
0.782135915513332,0.217864084486668
0.820128488799033,0.179871511200967
0.807741810867409,0.192258189132591
0.800757168388284,0.199242831611716
0.949985592341388,0.0500144076586119
0.939734453677898,0.0602655463221018
0.958496153329289,0.0415038466707106
0.654916603946592,0.345083396053408
0.890420404765559,0.109579595234441
0.92342897451025,0.0765710254897496
0.95633221596974,0.0436677840302596
0.946783040140409,0.0532169598595914
0.918125763826753,0.0818742361732467
0.537100339225003,0.462899660774997
0.885558945787052,0.114441054212948
0.953302148751038,0.0466978512489618
0.961150624577947,0.0388493754220534
0.959533871655388,0.0404661283446125
0.924934496697009,0.0750655033029913
0.762575166696508,0.237424833303492
0.777649310759761,0.222350689240239
0.665188569574289,0.334811430425711
0.90527021741658,0.0947297825834205
0.949793927512261,0.0502060724877392
0.960655435565855,0.0393445644341449
0.783903167732569,0.216096832267431
0.579217304226279,0.420782695773721
0.934102080197878,0.0658979198021218
0.89351034486973,0.10648965513027
0.92537180058929,0.0746281994107102
0.958383424166809,0.0416165758331909
0.957348343455157,0.0426516565448432
0.942776181622774,0.0572238183772265
0.932176221638282,0.0678237783617183
0.459746035963557,0.540253964036443
0.66082748204953,0.33917251795047
0.728424614093053,0.271575385906947
0.798145709012614,0.201854290987386
0.959222944863178,0.0407770551368223
0.961181575423124,0.0388184245768763
0.665062596373209,0.334937403626791
0.959721977715176,0.0402780222848236
0.435987832009878,0.564012167990122
0.91597646574889,0.0840235342511102
0.783482986799843,0.216517013200157
0.86150759424084,0.13849240575916
0.902597528399244,0.0974024716007562
0.92554224659784,0.0744577534021603
0.91392626421014,0.0860737357898602
0.961264535290451,0.0387354647095486
0.542672942827343,0.457327057172657
0.817547767047612,0.182452232952388
0.677461396703614,0.322538603296386
0.942513637981822,0.057486362018178
0.729712068598009,0.270287931401991
0.952772819574698,0.0472271804253018
0.931163941506901,0.068836058493099
0.92876097874175,0.0712390212582495
0.942851314295312,0.0571486857046885
0.753472926954069,0.246527073045931
0.83923982203588,0.16076017796412
0.84659800936176,0.15340199063824
0.942474951818681,0.0575250481813191
0.809844964283887,0.190155035716113
0.864587294689781,0.135412705310219
0.961394861710987,0.0386051382890127
0.772485313712878,0.227514686287122
0.94068914236421,0.0593108576357898
0.955716202396741,0.0442837976032585
0.904185965163209,0.0958140348367905
0.827822325706238,0.172177674293762
0.877337418742581,0.122662581257419
0.942905242930929,0.0570947570690705
0.942253627865716,0.0577463721342841
0.953432648898054,0.0465673511019462
0.865795693068726,0.134204306931274
0.666702547259164,0.333297452740836
0.949913995442081,0.050086004557919
0.517757721205582,0.482242278794418
0.602719043954398,0.397280956045602
0.932819552278271,0.0671804477217292
0.961577322588738,0.0384226774112622
0.944383753073415,0.0556162469265845
0.49852716426006,0.50147283573994
0.948955139698782,0.0510448603012179
0.843995414606954,0.156004585393046
0.893277380856526,0.106722619143474
0.891107817450189,0.108892182549811
0.505124943284345,0.494875056715655
0.926528504182709,0.0734714958172906
0.626849306965968,0.373150693034032
0.911495736289227,0.0885042637107728
0.829758104770358,0.170241895229642
0.947318889726203,0.0526811102737965
0.954467487502075,0.045532512497925
0.754953013667135,0.245046986332865
0.887987518691708,0.112012481308292
0.921158540815164,0.0788414591848356
0.612061045703135,0.387938954296865
0.956216651333579,0.0437833486664211
0.951772008531932,0.0482279914680683
0.660249500265866,0.339750499734134
0.897845868906477,0.102154131093523
0.885517214994182,0.114482785005818
0.940570540514331,0.0594294594856688
0.261403374459406,0.738596625540594
0.953781215012507,0.0462187849874929
0.955196635302335,0.0448033646976645
0.899668752905773,0.100331247094227
0.940380492485695,0.0596195075143054
0.940170852225102,0.0598291477748982
0.813869138018032,0.186130861981968
0.842827456379214,0.157172543620786
0.95306528739179,0.0469347126082097
0.945595216672826,0.0544047833271744
0.947361369713613,0.052638630286387
0.959360247801001,0.0406397521989991
0.961693450467898,0.0383065495321024
0.957741487454812,0.0422585125451879
0.820164560854041,0.179835439145959
0.937354030699319,0.0626459693006806
0.955576769471833,0.0444232305281669
0.955079686066662,0.0449203139333377
0.938551508692617,0.0614484913073829
0.857510175441609,0.142489824558391
0.938544308990959,0.0614556910090414
0.943862517926462,0.0561374820735379
0.65988914597192,0.34011085402808
0.914598092263241,0.0854019077367588
0.929977468202022,0.0700225317979782
0.946497167064499,0.0535028329355007
0.929212546776274,0.0707874532237257
0.950643927487333,0.0493560725126674
0.957447894561168,0.042552105438832
0.961620262631807,0.038379737368193
0.961617963648909,0.0383820363510911
0.906244248526384,0.0937557514736165
0.867661617837382,0.132338382162618
0.900168335405005,0.0998316645949954
0.958641317235091,0.0413586827649087
0.934998024688007,0.065001975311993
0.953526749227831,0.0464732507721689
0.943392902257186,0.0566070977428137
0.956607659472416,0.0433923405275842
0.91009179082996,0.0899082091700397
0.911197679782243,0.0888023202177567
0.913820512113418,0.0861794878865819
0.961405894744694,0.0385941052553062
0.940536270900779,0.059463729099221
0.948688195616141,0.0513118043838594
0.885293198506718,0.114706801493282
0.959621097303495,0.0403789026965053
0.96152187488128,0.0384781251187204
0.961617159354351,0.0383828406456489
0.923633414125501,0.0763665858744986
0.944092345137502,0.055907654862498
0.948476699251619,0.0515233007483805
0.914363857037236,0.0856361429627637
0.953152259830506,0.0468477401694939
0.959319127612724,0.0406808723872759
0.960568592645513,0.039431407354487
0.961589598975868,0.0384104010241317
0.924842006511824,0.0751579934881759
0.958410964087072,0.041589035912928
0.961582737290403,0.038417262709597
0.951994155279796,0.048005844720204
0.961598381191262,0.0384016188087377
0.954400370828437,0.0455996291715631
0.859642861388757,0.140357138611243
0.936190581267372,0.0638094187326284
0.942116351381173,0.0578836486188269
0.878183111457627,0.121816888542373
0.953372025358616,0.0466279746413844
0.960658523407298,0.0393414765927025
0.940460587241106,0.0595394127588942
0.830109592080387,0.169890407919613
0.961609481794516,0.0383905182054844
0.953530456960696,0.0464695430393035
0.958856432138967,0.0411435678610332
0.955687272168688,0.0443127278313116
0.955646310437898,0.0443536895621023
0.961466107676579,0.0385338923234207
0.946968586226062,0.0530314137739385
0.953014131425609,0.0469858685743909
0.95484864927892,0.0451513507210801
0.948391530974255,0.0516084690257449
0.957984048267757,0.042015951732243
0.95289779282959,0.0471022071704105
0.934594798927753,0.0654052010722472
0.957753381284728,0.0422466187152717
0.961586031102009,0.0384139688979906
0.940153016731116,0.0598469832688844
0.940216251438574,0.0597837485614263
0.960955084286278,0.0390449157137216
0.961465212306835,0.0385347876931654
0.959242115342965,0.0407578846570347
0.959489794792678,0.0405102052073221
0.788765047072721,0.211234952927279
0.96128405017674,0.0387159498232601
0.957002668752249,0.042997331247751
0.957601030981622,0.0423989690183781
0.946668989632386,0.0533310103676145
0.892254988444487,0.107745011555513
0.899909403756587,0.100090596243413
0.95876821606266,0.0412317839373399
0.948455801691768,0.0515441983082319
0.953400324349518,0.0465996756504817
0.916191234893062,0.0838087651069384
0.286728234964674,0.713271765035326
0.961600242826013,0.0383997571739867
0.957944208330301,0.0420557916696985
0.956997223614321,0.0430027763856792
0.947102693691216,0.0528973063087838
0.961054497106173,0.038945502893827
0.918945409013372,0.0810545909866285
0.883222461283355,0.116777538716645
0.952503782122265,0.0474962178777352
0.928338003287648,0.0716619967123516
0.9469378880192,0.0530621119807998
0.961537869287888,0.0384621307121118
0.961533400474027,0.0384665995259732
0.953223100534227,0.0467768994657726
0.947660862787412,0.0523391372125876
0.708424780699961,0.291575219300039
0.937067249793093,0.0629327502069066
0.939085269866347,0.0609147301336532
0.95956741459716,0.0404325854028402
0.946782684582995,0.0532173154170053
0.918491482086574,0.0815085179134257
0.961093472226873,0.0389065277731268
0.956118989150281,0.0438810108497193
0.958756959003609,0.0412430409963906
0.92906461024101,0.0709353897589898
0.919714583391567,0.0802854166084328
0.959421589871392,0.0405784101286081
0.961528555467134,0.0384714445328659
0.936780682877078,0.0632193171229219
0.957908088744857,0.0420919112551432
0.891854900845536,0.108145099154464
0.961546217762102,0.0384537822378976
0.955904031375997,0.0440959686240028
0.961482451649245,0.0385175483507546
0.961466805611915,0.0385331943880846
0.957878754344609,0.0421212456553907
0.960199429141218,0.0398005708587817
0.951517559724534,0.0484824402754659
0.961128481385522,0.0388715186144781
0.884686319930612,0.115313680069388
0.953986349676707,0.046013650323293
0.96130856900767,0.0386914309923302
0.906896388559745,0.0931036114402547
0.903681568988573,0.0963184310114266
0.954248276333356,0.0457517236666443
0.913008968104364,0.0869910318956363
0.947558726317966,0.0524412736820337
0.868157835036576,0.131842164963424
0.954212422032884,0.045787577967116
0.953144214830357,0.0468557851696431
0.959839126712568,0.040160873287432
0.960478349304977,0.0395216506950232
0.920425746225729,0.0795742537742707
0.944637094415055,0.0553629055849448
0.961542254138845,0.0384577458611554
0.957220878663843,0.042779121336157
0.957297126601251,0.0427028733987495
0.954481841105319,0.0455181588946806
0.952532177102777,0.047467822897223
0.959897771213414,0.0401022287865863
0.933826888876086,0.0661731111239142
0.961223702057474,0.0387762979425258
0.944732776496376,0.0552672235036243
0.958183739247168,0.0418162607528317
0.915183681221459,0.0848163187785411
0.957652033120035,0.0423479668799649
0.961185914858938,0.0388140851410617
0.960341132690442,0.0396588673095584
0.961338093752547,0.0386619062474528
0.939329173944091,0.0606708260559095
0.953413240414417,0.0465867595855827
0.893099494112808,0.106900505887192
0.952390044529304,0.0476099554706957
0.803211226362503,0.196788773637497
0.926517185504666,0.0734828144953339
0.928660799399523,0.0713392006004773
0.961541185831158,0.0384588141688419
0.960151401072108,0.0398485989278921
0.961011412846313,0.0389885871536871
0.874528943555698,0.125471056444302
0.954213988510914,0.0457860114890865
0.961372704616451,0.038627295383549
0.950932740098324,0.0490672599016757
0.961546227396067,0.0384537726039327
0.957685724375705,0.0423142756242949
0.961113542725593,0.0388864572744074
0.960434929924877,0.039565070075123
0.890838808656627,0.109161191343373
0.934146349149529,0.0658536508504712
0.961096476769586,0.0389035232304137
0.73384161544343,0.26615838455657
0.961370934731492,0.0386290652685082
0.949362226905725,0.050637773094275
0.956449909956133,0.0435500900438672
0.961466236357774,0.0385337636422262
0.940433259361353,0.0595667406386473
0.929803912840438,0.0701960871595623
0.934215300986978,0.0657846990130215
0.957978828895783,0.0420211711042165
0.959980207966821,0.0400197920331785
0.945013404964994,0.0549865950350064
0.941520543680599,0.0584794563194009
0.932389223638331,0.0676107763616688
0.961051334693727,0.0389486653062729
0.941957077560852,0.0580429224391479
0.959445717319999,0.0405542826800015
0.960277313277926,0.0397226867220739
0.866109213575832,0.133890786424168
0.913718496613829,0.086281503386171
0.960474558029412,0.0395254419705877
0.954690694846281,0.0453093051537186
0.950942128306711,0.0490578716932891
0.947414803070601,0.052585196929399
0.954027304092344,0.0459726959076558
0.960054171495839,0.0399458285041606
0.958547591038954,0.041452408961046
0.89184311182997,0.10815688817003
0.961323628978211,0.0386763710217891
0.951911575035,0.0480884249649995
0.959948068728796,0.0400519312712035
0.957236793823909,0.0427632061760914
0.959144108350732,0.0408558916492678
0.793310463588476,0.206689536411524
0.956948152867474,0.0430518471325255
0.926601363094997,0.0733986369050035
0.95322805835134,0.0467719416486604
0.953993321276965,0.0460066787230351
0.961482309883344,0.0385176901166555
0.96137639086196,0.03862360913804
0.884283285530267,0.115716714469733
0.308687480492726,0.691312519507274
0.960512523257703,0.0394874767422975
0.83858740090106,0.16141259909894
0.944188371903131,0.0558116280968695
0.944312065853705,0.0556879341462948
0.961476434485533,0.0385235655144675
0.350136645156722,0.649863354843278
0.864201075397185,0.135798924602815
0.933886159679946,0.0661138403200536
0.880515701262233,0.119484298737767
0.913261519259281,0.0867384807407189
0.757594902593416,0.242405097406584
0.89968829344304,0.10031170655696
0.687020641805093,0.312979358194907
0.945709399776901,0.0542906002230988
0.960702662128211,0.0392973378717888
0.943720614977219,0.0562793850227807
0.958363483531823,0.0416365164681772
0.933929626986734,0.0660703730132663
0.949161835128048,0.050838164871952
0.933482625637484,0.0665173743625165
0.871539592928741,0.128460407071259
0.95832221571549,0.0416777842845104
0.948371014481876,0.0516289855181241
0.798234361952474,0.201765638047526
0.958880781475688,0.0411192185243123
0.951753303826818,0.0482466961731819
0.923963984462083,0.0760360155379172
0.942934426023066,0.057065573976934
0.960953059435739,0.0390469405642608
0.95304019262218,0.0469598073778199
0.960875654260423,0.0391243457395768
0.806586225367106,0.193413774632894
0.951672561841871,0.0483274381581289
0.956369580069875,0.0436304199301246
0.961222121050213,0.0387778789497868
0.961355654867953,0.0386443451320472
0.717441973804183,0.282558026195817
0.961448625738191,0.0385513742618092
0.903106155912221,0.0968938440877788
0.951172298584172,0.0488277014158284
0.958766291870968,0.041233708129032
0.905463482211152,0.0945365177888478
0.886264279129292,0.113735720870708
0.877706909180495,0.122293090819505
0.884485480405666,0.115514519594334
0.876873065570374,0.123126934429626
0.961409518718418,0.0385904812815822
0.803680629268575,0.196319370731425
0.933487347887308,0.0665126521126915
0.927368158703477,0.072631841296523
0.946439008108903,0.0535609918910971
0.961468587008909,0.0385314129910912
0.792663849808628,0.207336150191372
0.925949068580199,0.0740509314198006
0.751939377038973,0.248060622961027
0.959540801650841,0.040459198349159
0.96148062224657,0.0385193777534302
0.961291191229294,0.0387088087707064
0.700325094302266,0.299674905697734
0.961044782548315,0.0389552174516852
0.938165845622359,0.0618341543776408
0.580527721042602,0.419472278957398
0.925507040747894,0.0744929592521061
0.956272730712619,0.0437272692873812
0.734110029889512,0.265889970110488
0.943632392634711,0.0563676073652887
0.912160338386276,0.0878396616137241
0.863264501289145,0.136735498710855
0.961461434073989,0.0385385659260113
0.936886736175381,0.0631132638246191
0.960958224557994,0.0390417754420063
0.922057760238944,0.0779422397610555
0.92409048726126,0.0759095127387401
0.952178913573682,0.0478210864263182
0.931251475462264,0.0687485245377363
0.950128010643023,0.0498719893569768
0.871277000785413,0.128722999214587
0.842155915100432,0.157844084899568
0.960670079297436,0.0393299207025642
0.948770179829232,0.0512298201707679
0.956830104002013,0.0431698959979868
0.939278942865088,0.0607210571349117
0.947553853358546,0.0524461466414536
0.958906853050328,0.0410931469496718
0.954038802175825,0.0459611978241752
0.957204563718911,0.0427954362810892
0.945513658790541,0.0544863412094593
0.940065132639289,0.0599348673607107
0.961314991687309,0.0386850083126912
0.938273096134218,0.0617269038657819
0.920959898643189,0.0790401013568111
0.957212066909852,0.0427879330901485
0.441112418787017,0.558887581212983
0.961422412153441,0.038577587846559
0.959523069808501,0.0404769301914986
0.961365335276259,0.0386346647237408
0.93417027683683,0.0658297231631705
0.96014902356183,0.0398509764381699
0.959778621120341,0.0402213788796588
0.932586574046739,0.0674134259532611
0.937649983173556,0.0623500168264439
0.954460119235647,0.0455398807643532
0.955189561718883,0.0448104382811172
0.938471531071222,0.0615284689287784
0.959524809107821,0.0404751908921789
0.960981152129083,0.0390188478709168
0.791115924129036,0.208884075870964
0.916648614366858,0.0833513856331424
0.877139568799857,0.122860431200143
0.918478299052787,0.0815217009472133
0.959496835124532,0.0405031648754676
0.960204725557657,0.0397952744423433
0.937963393531381,0.0620366064686191
0.781169774422768,0.218830225577232
0.40871089291853,0.59128910708147
0.84039312706684,0.15960687293316
0.960888049906722,0.0391119500932776
0.921879947618981,0.0781200523810192
0.95308044866015,0.04691955133985
0.950196277305333,0.0498037226946673
0.961650175765965,0.0383498242340354
0.960163170570409,0.0398368294295913
0.898321536229089,0.101678463770911
0.949404640991632,0.0505953590083683
0.960764060427197,0.0392359395728032
0.95669869797278,0.0433013020272202
0.854746870839055,0.145253129160945
0.906463852583107,0.0935361474168931
0.961433329630959,0.0385666703690412
0.956133721526575,0.0438662784734245
0.961660609842811,0.0383393901571887
0.491225017263809,0.508774982736191
0.936814516974333,0.0631854830256671
0.942533164648032,0.0574668353519675
0.918379133093815,0.0816208669061845
0.954195889142365,0.0458041108576347
0.870879771180261,0.129120228819739
0.944076431550805,0.0559235684491953
0.96131805475214,0.03868194524786
0.95674869191454,0.0432513080854597
0.939242441781748,0.0607575582182517
0.621854855133489,0.378145144866511
0.956286976072194,0.0437130239278058
0.918077953275198,0.0819220467248023
0.879023551501537,0.120976448498463
0.954949479028931,0.0450505209710687
0.955172378493706,0.044827621506294
0.960942230037401,0.039057769962599
0.888176598775912,0.111823401224088
0.961660769414072,0.0383392305859276
0.955942895356415,0.0440571046435855
0.946480055299607,0.0535199447003928
0.917544194054127,0.0824558059458729
0.96116933343862,0.0388306665613796
0.955516755647893,0.0444832443521069
0.94864481186007,0.0513551881399298
0.939956881289701,0.0600431187102993
0.566886561900258,0.433113438099742
0.960847568663319,0.0391524313366807
0.926661894727422,0.0733381052725783
0.921458565035815,0.0785414349641851
0.937350356344667,0.0626496436553325
0.915181822435496,0.0848181775645045
0.956423785051682,0.0435762149483184
0.961383701957854,0.0386162980421456
0.881993331632328,0.118006668367672
0.941331626641376,0.0586683733586242
0.939285462313711,0.060714537686289
0.957781347449565,0.0422186525504352
0.777868325173992,0.222131674826008
0.938829590621647,0.0611704093783534
0.961482769104642,0.0385172308953575
0.952147526560303,0.0478524734396975
0.917575659236344,0.0824243407636557
0.863776149767777,0.136223850232223
0.947293314930342,0.0527066850696584
0.914379420132395,0.0856205798676054
0.960463245529502,0.0395367544704984
0.952484727249275,0.0475152727507254
0.729668281992172,0.270331718007828
0.895691260272822,0.104308739727178
0.877809215973455,0.122190784026545
0.862838967333987,0.137161032666013
0.96113992563003,0.0388600743699699
0.858453634805091,0.141546365194909
0.958098066024317,0.0419019339756833
0.961500629949987,0.0384993700500132
0.961405520588174,0.0385944794118265
0.95383035316603,0.0461696468339701
0.957330139946564,0.0426698600534358
0.915508095477478,0.0844919045225222
0.959935946087815,0.040064053912185
0.941705893175648,0.058294106824352
0.867890534656262,0.132109465343738
0.917209613498759,0.0827903865012407
0.928444212824312,0.0715557871756878
0.6158745283428,0.3841254716572
0.663134881542724,0.336865118457276
0.840454223831888,0.159545776168112
0.949814853296442,0.050185146703558
0.763018719688831,0.236981280311169
0.96030315709037,0.0396968429096303
0.948387965488889,0.0516120345111108
0.936527067706634,0.0634729322933656
0.405806673422294,0.594193326577706
0.919175217065198,0.0808247829348023
0.961523447003239,0.0384765529967608
0.957126517265563,0.0428734827344367
0.526784801403964,0.473215198596036
0.825114137620319,0.174885862379681
0.95635620107278,0.0436437989272196
0.885231231963487,0.114768768036513
0.885365589439802,0.114634410560198
0.736557371819788,0.263442628180212
0.954470526547837,0.0455294734521626
0.849535595399269,0.150464404600731
0.938485647021893,0.0615143529781068
0.77690522165003,0.22309477834997
0.958538277153644,0.0414617228463563
0.921007749144646,0.0789922508553537
0.936483876775773,0.0635161232242274
0.881876344305765,0.118123655694235
0.961745819998816,0.0382541800011839
0.51931461610809,0.48068538389191
0.946172698593651,0.0538273014063488
0.827331471760061,0.172668528239939
0.751048064388526,0.248951935611474
0.867944384824103,0.132055615175897
0.664052582104246,0.335947417895754
0.82575435714731,0.17424564285269
0.933642600243656,0.0663573997563437
0.710779678375508,0.289220321624492
0.933042388085867,0.0669576119141329
0.884812167444555,0.115187832555445
0.874764824230621,0.125235175769379
0.917442229491026,0.0825577705089739
0.935865202424487,0.0641347975755132
0.911778704500899,0.088221295499101
0.46033698270957,0.53966301729043
0.652162389702111,0.347837610297889
0.880611160303874,0.119388839696126
0.841347975009177,0.158652024990823
0.634281851054742,0.365718148945258
0.957207174516267,0.0427928254837332
0.945518906559592,0.0544810934404082
0.822801250896522,0.177198749103478
0.795791654561242,0.204208345438758
0.854772330995744,0.145227669004256
0.908650719809338,0.0913492801906619
0.961018957465638,0.0389810425343623
0.907019736339302,0.0929802636606984
0.946545192568612,0.0534548074313882
0.943343058439982,0.0566569415600178
0.477016706539826,0.522983293460174
0.96091424230972,0.0390857576902796
0.486421450575423,0.513578549424577
0.901216047986678,0.0987839520133225
0.845151548059836,0.154848451940164
0.961662415145619,0.0383375848543811
0.906771509152571,0.0932284908474288
0.95866425951392,0.0413357404860801
0.116118843145424,0.883881156854576
0.674899229198189,0.325100770801811
0.895466389711522,0.104533610288478
0.911577725498801,0.0884222745011987
0.543723076235352,0.456276923764648
0.919284910915591,0.0807150890844088
0.957506592792682,0.0424934072073179
0.858700464765764,0.141299535234236
0.702648162483859,0.297351837516141
0.956901899214384,0.0430981007856165
0.945013973346291,0.0549860266537094
0.731129879112693,0.268870120887307
0.958971962278355,0.0410280377216454
0.961368912071594,0.0386310879284055
0.857553597275311,0.142446402724689
0.299572808006249,0.700427191993751
0.902726997732035,0.0972730022679653
0.0637153760384846,0.936284623961515
0.804544474295115,0.195455525704885
0.961622592955509,0.0383774070444914
0.000488147650682507,0.999511852349317
0.868703356910852,0.131296643089148
0.941398886524917,0.0586011134750829
0.945982101860939,0.0540178981390612
0.76974259800044,0.23025740199956
0.834920182429567,0.165079817570433
0.403335096961135,0.596664903038865
0.944982943282846,0.0550170567171544
0.956193925399726,0.0438060746002741
0.836527354898478,0.163472645101522
0.933563122841641,0.0664368771583592
0.267672831812442,0.732327168187558
0.121889939451127,0.878110060548873
0.0824862144449248,0.917513785555075
0.906571450377634,0.0934285496223661
0.310379002673051,0.689620997326949
0.829815478265298,0.170184521734702
0.927914784334201,0.0720852156657986
0.06154672619676,0.93845327380324
0.657852969300168,0.342147030699832
0.924753192676226,0.0752468073237739
0.808440694391255,0.191559305608745
0.82680489638566,0.17319510361434
0.650096432981744,0.349903567018256
0.756251985448954,0.243748014551046
0.0542505647705674,0.945749435229433
0.889117405398333,0.110882594601667
0.831605988997667,0.168394011002333
0.738974241938655,0.261025758061345
0.715095444045622,0.284904555954378
0.834100667786732,0.165899332213268
0.429937463948869,0.570062536051131
0.0674587717992848,0.932541228200715
0.0058525869814713,0.994147413018529
0.0962608071869534,0.903739192813047
0.179241227664466,0.820758772335534
0.665613996842212,0.334386003157788
0.331338146482764,0.668661853517236
0.812770045969325,0.187229954030675
0.769797972676742,0.230202027323258
0.879419786110406,0.120580213889594
0.743489634225516,0.256510365774484
0.844607971462184,0.155392028537816
6.40653441457189e-05,0.999935934655854
0.822313583850638,0.177686416149362
0.881542609078969,0.118457390921031
0.704226036889482,0.295773963110518
0.942491343664798,0.0575086563352021
0.937527127499629,0.0624728725003715
0.884675656542336,0.115324343457664
0.756515736796331,0.243484263203669
0.803105785954368,0.196894214045632
0.124653752699819,0.875346247300181
0.108275106439291,0.891724893560709
0.814013659307415,0.185986340692585
0.857602194512534,0.142397805487466
0.818699507227484,0.181300492772516
0.539033209987483,0.460966790012517
0.855710486282389,0.144289513717611
0.952510467302,0.0474895326979996
0.136001597721571,0.863998402278429
0.742897579307859,0.257102420692141
0.840620960623692,0.159379039376308
0.89815749926363,0.10184250073637
0.00706079114432577,0.992939208855674
0.154439560919103,0.845560439080897
0.281298816878752,0.718701183121248
0.744679778052333,0.255320221947667
0.678200153173593,0.321799846826407
0.0217989702637578,0.978201029736242
0.0286812272461677,0.971318772753832
0.86684716071119,0.13315283928881
0.5507100545328,0.4492899454672
0.908364802174221,0.0916351978257788
0.843851804683297,0.156148195316703
0.229260705129205,0.770739294870795
0.787729771134255,0.212270228865745
0.0201760657725576,0.979823934227442
0.921327124597147,0.0786728754028529
0.708754735460568,0.291245264539432
0.00902084932210161,0.990979150677898
0.219523314579741,0.780476685420259
0.906045607699886,0.0939543923001144
0.783779711007678,0.216220288992322
0.526451582495135,0.473548417504865
0.892333173700782,0.107666826299218
0.0668085399055879,0.933191460094412
0.101712365967272,0.898287634032728
0.933909195762531,0.0660908042374693
0.944029196172467,0.0559708038275333
0.933278609268018,0.0667213907319817
0.234988764613369,0.765011235386631
0.93821798198983,0.06178201801017
0.782155585662331,0.217844414337669
0.769666610397922,0.230333389602078
0.609097416581646,0.390902583418354
0.956563573084065,0.0434364269159351
0.890012092209537,0.109987907790463
0.17986421102516,0.82013578897484
0.0727031294615286,0.927296870538471
0.257231438635784,0.742768561364216
0.887031228723781,0.112968771276219
0.855669510370886,0.144330489629114
0.490688556337492,0.509311443662508
0.944900959113029,0.0550990408869709
0.0916499022419138,0.908350097758086
0.570987653594211,0.429012346405789
0.903483274360109,0.0965167256398908
0.0231700692848735,0.976829930715126
0.00137835864550578,0.998621641354494
0.751829721852332,0.248170278147668
0.306396122915686,0.693603877084314
0.707156775905953,0.292843224094047
0.475575711220189,0.524424288779811
0.708302845281128,0.291697154718872
0.270744150312661,0.729255849687339
0.0335234949842574,0.966476505015743
0.334494879819597,0.665505120180403
0.899306249861542,0.100693750138458
0.200218695651278,0.799781304348722
0.545760471399847,0.454239528600153
0.058822092462006,0.941177907537994
0.441431076734702,0.558568923265298
0.636124745030171,0.363875254969829
0.762747016551793,0.237252983448207
0.0330160315116682,0.966983968488332
0.458491679410265,0.541508320589735
0.252306702643198,0.747693297356802
0.548973547389631,0.451026452610369
0.627760789662757,0.372239210337243
0.422554905638438,0.577445094361562
0.575479031943281,0.424520968056719
0.660255051559926,0.339744948440074
0.796384600412003,0.203615399587997
0.32046973919152,0.67953026080848
0.402613823791932,0.597386176208068
0.0202185225075538,0.979781477492446
0.00177714286419259,0.998222857135807
0.58374464569542,0.41625535430458
0.351658004766594,0.648341995233406
0.0973652031136868,0.902634796886313
0.133702719481077,0.866297280518923
0.93622157093786,0.0637784290621405
0.627871431021815,0.372128568978185
0.462410959413117,0.537589040586883
0.785282794941275,0.214717205058725
0.86640572760956,0.13359427239044
0.896709796219517,0.103290203780483
0.106406312419171,0.893593687580829
0.775612325392309,0.224387674607691
0.820315522505054,0.179684477494946
0.647450629911993,0.352549370088007
0.0146904747031923,0.985309525296808
0.0441324085931797,0.95586759140682
0.383202309675972,0.616797690324028
0.396444663984296,0.603555336015704
0.106962034804119,0.893037965195881
0.891642469490993,0.108357530509007
0.790025207719891,0.209974792280109
0.620362023541853,0.379637976458147
0.85552584352084,0.14447415647916
0.570866824984854,0.429133175015146
0.0147758179348663,0.985224182065134
0.254114533331677,0.745885466668323
0.539461207257274,0.460538792742726
0.00118669689652918,0.998813303103471
0.736765419772811,0.263234580227189
0.855681964102457,0.144318035897543
0.194170381767402,0.805829618232598
0.17257088728154,0.82742911271846
0.90130024582929,0.0986997541707096
0.474341346831067,0.525658653168933
0.183176204833108,0.816823795166892
0.0669982472624222,0.933001752737578
0.0924874155503347,0.907512584449665
0.662791707647012,0.337208292352988
0.842260393696505,0.157739606303495
0.407888148203726,0.592111851796274
0.569447749612021,0.430552250387979
0.0152489754829707,0.984751024517029
0.353771189628025,0.646228810371975
0.642863047222509,0.357136952777491
0.0795156205390343,0.920484379460966
0.343185517995498,0.656814482004502
0.574848342896419,0.425151657103581
0.0306429221721344,0.969357077827866
0.0218469801470763,0.978153019852924
0.289812583014222,0.710187416985778
0.644808118507006,0.355191881492994
0.262990092146455,0.737009907853545
0.0161342126554375,0.983865787344562
0.657676058936257,0.342323941063743
0.794657304262364,0.205342695737636
0.000383357958326595,0.999616642041673
0.93061933845122,0.06938066154878
0.11732299379015,0.88267700620985
0.408448086823517,0.591551913176483
0.379442940173129,0.620557059826871
0.874690372591021,0.125309627408979
0.00635367641050715,0.993646323589493
0.597079437948749,0.402920562051251
0.283054906284371,0.716945093715629
0.158055182929823,0.841944817070177
0.12072317453735,0.87927682546265
0.010392088116986,0.989607911883014
0.30058700082114,0.69941299917886
0.643146771378638,0.356853228621362
0.000288827906764006,0.999711172093236
0.0865527453662446,0.913447254633755
0.959725301154104,0.0402746988458962
0.9388218889398,0.0611781110601997
0.877282761067085,0.122717238932915
0.959001017327121,0.0409989826728786
0.955692961009873,0.0443070389901272
0.961010349908202,0.0389896500917984
0.960804376395598,0.0391956236044021
0.957463282295951,0.0425367177040491
0.930182838223092,0.0698171617769079
0.960872070679456,0.0391279293205442
0.960074454471668,0.0399255455283318
0.961234297956688,0.0387657020433122
0.950838606794088,0.0491613932059121
0.945187411667793,0.0548125883322067
0.955496808746359,0.0445031912536409
0.921236200341745,0.0787637996582553
0.953919327371716,0.0460806726282837
0.959784767652617,0.0402152323473826
0.932831306495229,0.0671686935047713
0.945686269911316,0.0543137300886839
0.937915295769941,0.0620847042300591
0.953979140663003,0.0460208593369966
0.961122884517774,0.0388771154822261
0.961252907902483,0.038747092097517
0.954980467116009,0.0450195328839905
0.872877816326935,0.127122183673065
0.844526328508328,0.155473671491672
0.958691186008782,0.0413088139912182
0.953069679467633,0.0469303205323672
0.957427308090054,0.0425726919099457
0.801335567131388,0.198664432868612
0.959027933778145,0.040972066221855
0.954917200850327,0.0450827991496727
0.895460801640261,0.104539198359739
0.958411839634962,0.0415881603650381
0.958539625572879,0.0414603744271215
0.92280215101841,0.0771978489815897
0.955955835469509,0.0440441645304914
0.944212428976964,0.0557875710230359
0.93832116284543,0.0616788371545703
0.960862345448321,0.0391376545516788
0.961193481480019,0.0388065185199813
0.959712494800414,0.0402875051995856
0.958971298891544,0.0410287011084556
0.961326716661059,0.0386732833389407
0.953223986787907,0.0467760132120931
0.957354503345592,0.042645496654408
0.947400028696074,0.0525999713039258
0.960778479329962,0.0392215206700385
0.956732110007411,0.0432678899925887
0.943332725743914,0.0566672742560862
0.95969833147014,0.0403016685298601
0.958091844879313,0.0419081551206869
0.954179481342809,0.0458205186571914
0.959198354349498,0.0408016456505023
0.947787171664663,0.0522128283353375
0.798345277673407,0.201654722326593
0.932582528250766,0.0674174717492342
0.958247774123969,0.0417522258760313
0.96084429463015,0.0391557053698502
0.912376033100031,0.087623966899969
0.88285919526176,0.11714080473824
0.961025576436272,0.0389744235637276
0.948950450101652,0.0510495498983475
0.96039271081775,0.0396072891822499
0.957952313065387,0.0420476869346131
0.958628833907467,0.0413711660925332
0.961302169581012,0.0386978304189876
0.876249559840005,0.123750440159995
0.91163246886831,0.0883675311316899
0.961168568149555,0.0388314318504455
0.959467506872911,0.0405324931270887
0.957000887259695,0.0429991127403053
0.940298117983703,0.0597018820162972
0.961159760319362,0.0388402396806381
0.959995535665001,0.0400044643349988
0.908530333705372,0.0914696662946279
0.952308520276623,0.0476914797233772
0.960644592764043,0.0393554072359567
0.94015529494084,0.0598447050591603
0.889041803021931,0.110958196978069
0.960240235271249,0.0397597647287512
0.960973743955206,0.0390262560447943
0.881765002727498,0.118234997272502
0.960405298537245,0.039594701462755
0.923257220251156,0.0767427797488445
0.960971807602253,0.039028192397747
0.960933639297585,0.0390663607024149
0.908789926992025,0.0912100730079751
0.943677084172418,0.0563229158275821
0.956290852206654,0.0437091477933456
0.933949293358248,0.0660507066417522
0.927711040668054,0.0722889593319465
0.957578169981297,0.042421830018703
0.960526265247417,0.039473734752583
0.954563783840523,0.0454362161594771
0.939106513453206,0.0608934865467942
0.950984580082794,0.0490154199172058
0.95861998473646,0.0413800152635395
0.945339082634352,0.0546609173656479
0.946844075076362,0.0531559249236375
0.952511069194711,0.0474889308052888
0.961361519251558,0.0386384807484421
0.949820537633084,0.0501794623669163
0.948448988123438,0.0515510118765619
0.898226717098686,0.101773282901314
0.961177041349789,0.0388229586502111
0.946116245595881,0.0538837544041187
0.956371258223027,0.043628741776973
0.928824251575939,0.0711757484240606
0.908282594019789,0.0917174059802111
0.93924137101168,0.0607586289883195
0.940527711936243,0.0594722880637566
0.955909714885326,0.0440902851146739
0.901097326176912,0.0989026738230881
0.952367947385238,0.0476320526147624
0.947899275033965,0.0521007249660353
0.940919831269699,0.0590801687303005
0.956185799628655,0.0438142003713451
0.9221389421832,0.0778610578167996
0.93505452351028,0.0649454764897197
0.952468488799314,0.0475315112006863
0.866321183617013,0.133678816382987
0.960744493342116,0.039255506657884
0.674514551817348,0.325485448182652
0.917431321454358,0.0825686785456419
0.956893429695786,0.0431065703042143
0.955576544539976,0.0444234554600236
0.937491223901523,0.062508776098477
0.747948231227014,0.252051768772986
0.955771567819411,0.0442284321805895
0.959284658622363,0.0407153413776373
0.387197598939108,0.612802401060892
0.960873820903669,0.0391261790963312
0.932977924331987,0.0670220756680125
0.022143567729412,0.977856432270588
0.937711555043001,0.0622884449569993
0.959027440200703,0.0409725597992966
0.960229845227454,0.0397701547725464
0.954224032326911,0.0457759676730888
0.960874516731108,0.0391254832688918
0.393304151001249,0.606695848998751
0.955282619800233,0.0447173801997671
0.924560527508306,0.075439472491694
0.909451320175301,0.0905486798246987
0.955602314452458,0.0443976855475419
0.958812715561661,0.0411872844383386
0.944065178793579,0.0559348212064206
0.869016384514793,0.130983615485207
0.89880599961871,0.10119400038129
0.954486129404277,0.0455138705957229
0.942448354637194,0.0575516453628055
0.687353492248594,0.312646507751406
0.961126474378117,0.0388735256218827
0.941217639171025,0.0587823608289751
0.814085249194153,0.185914750805847
0.950580349816187,0.0494196501838133
0.949041700440431,0.0509582995595691
0.958880560714982,0.0411194392850179
0.959880478075948,0.0401195219240521
0.95528618978568,0.0447138102143199
0.640926254066932,0.359073745933068
0.9612241943283,0.0387758056717004
0.950562495342324,0.0494375046576764
0.918073574277516,0.0819264257224839
0.95951113469836,0.0404888653016404
0.946926266388273,0.053073733611727
0.824270913241853,0.175729086758147
0.901311338346783,0.0986886616532173
0.892129697463738,0.107870302536262
0.906679005573888,0.0933209944261122
0.957407415229052,0.0425925847709479
0.71438705900857,0.28561294099143
0.961278127211781,0.0387218727882195
0.879410997711509,0.120589002288491
0.953964641001197,0.0460353589988027
0.747130283225621,0.252869716774379
0.896210099488326,0.103789900511674
0.819565831306469,0.180434168693531
0.961120838231987,0.0388791617680131
0.949151629481119,0.0508483705188812
0.934628086662808,0.0653719133371919
0.869686188873428,0.130313811126572
0.961069936949788,0.0389300630502123
0.856375741161968,0.143624258838032
0.67265306129526,0.32734693870474
0.960678268505852,0.0393217314941476
0.866617025132846,0.133382974867154
0.94509547957601,0.05490452042399
0.951214776434297,0.0487852235657028
0.957062910970593,0.0429370890294065
0.932479719232177,0.0675202807678227
0.933560447934304,0.0664395520656955
0.956867577264085,0.0431324227359149
0.928177288399401,0.0718227116005989
0.915746817908113,0.0842531820918868
0.900880817483164,0.0991191825168362
0.957199489695276,0.0428005103047241
0.912781182353669,0.0872188176463314
0.951701649587687,0.0482983504123128
0.936034401673971,0.0639655983260285
0.958127404662056,0.0418725953379443
0.901663916064575,0.0983360839354248
0.651340925137247,0.348659074862753
0.935254185519257,0.0647458144807426
0.771079617049258,0.228920382950742
0.939279863594254,0.0607201364057457
0.908013698032942,0.0919863019670577
0.252581246295745,0.747418753704255
0.7256698062253,0.2743301937747
0.946213342348785,0.0537866576512146
0.893146354250001,0.106853645749999
0.961291780011209,0.0387082199887906
0.909293153551139,0.0907068464488611
0.76041769708521,0.23958230291479
0.714681414200331,0.285318585799669
0.947179943106893,0.0528200568931072
0.524401987432483,0.475598012567517
0.87050977680175,0.12949022319825
0.914276030587695,0.085723969412305
0.893062686600931,0.106937313399069
0.798475009363751,0.201524990636249
0.881904262519148,0.118095737480852
0.899641478587789,0.100358521412211
0.891218354534532,0.108781645465468
0.959425108802135,0.0405748911978651
0.382845786093116,0.617154213906884
0.882038025172262,0.117961974827738
0.945769026670562,0.0542309733294383
0.726287308424556,0.273712691575444
0.656142326162963,0.343857673837037
0.258327889983914,0.741672110016086
0.931883650906982,0.0681163490930184
0.961348701046444,0.0386512989535565
0.890500695051239,0.109499304948761
0.960943413291993,0.039056586708007
0.633408158456141,0.366591841543859
0.951483143704786,0.0485168562952142
0.943325401043835,0.0566745989561651
0.92683449111572,0.0731655088842802
0.923075313879247,0.0769246861207529
0.331780248720738,0.668219751279262
0.915024889723143,0.0849751102768567
0.960715472944668,0.0392845270553324
0.922133187318982,0.0778668126810182
0.888564636036738,0.111435363963262
0.960102940614602,0.0398970593853976
0.871135128243578,0.128864871756422
0.880862135878185,0.119137864121815
0.845607288734127,0.154392711265873
0.0246969362121517,0.975303063787848
0.944211251798336,0.0557887482016641
0.956288167964454,0.0437118320355462
0.956130772078101,0.0438692279218994
0.694146318853779,0.305853681146221
0.106008552628207,0.893991447371793
0.570986933478477,0.429013066521523
0.957961471500652,0.0420385284993476
0.584996881009571,0.415003118990429
0.917521828786638,0.0824781712133621
0.94140569533673,0.0585943046632701
0.953685667682328,0.0463143323176717
0.864511164865377,0.135488835134623
0.929365773695339,0.0706342263046607
0.898669487426224,0.101330512573776
0.824442307778309,0.175557692221691
0.759836514874101,0.240163485125899
0.767348710033027,0.232651289966973
0.927428585968177,0.0725714140318228
0.479534430605136,0.520465569394864
0.840259048014495,0.159740951985505
0.958116048295652,0.0418839517043482
0.87827794569179,0.12172205430821
0.951491130376526,0.0485088696234741
0.936712062389828,0.0632879376101718
0.80777239339356,0.19222760660644
0.570464405064303,0.429535594935697
0.940089016808534,0.059910983191466
0.732645628391208,0.267354371608792
0.639036793167882,0.360963206832118
0.217774312557733,0.782225687442267
0.957267993455518,0.0427320065444815
0.434745612008612,0.565254387991388
0.933040167571542,0.0669598324284582
0.879064353522797,0.120935646477203
0.944033370899033,0.0559666291009666
0.942356688146725,0.0576433118532746
0.571947192547235,0.428052807452765
0.916224399241898,0.083775600758102
0.938852997291199,0.061147002708801
0.958911747025456,0.0410882529745435
0.816309016539484,0.183690983460516
0.93819123390623,0.0618087660937701
0.925344179453621,0.0746558205463794
0.923217425348715,0.0767825746512852
0.898397390980178,0.101602609019822
0.943860129774637,0.0561398702253628
0.921068560579544,0.0789314394204556
0.73423868538281,0.26576131461719
0.859010496688605,0.140989503311395
0.843615169382604,0.156384830617396
0.11439229719433,0.88560770280567
0.86104879377682,0.13895120622318
0.948956320365685,0.0510436796343152
0.02944741795401,0.97055258204599
0.557537165848048,0.442462834151952
0.691711492376053,0.308288507623947
0.87954123324798,0.12045876675202
0.950989203492225,0.0490107965077753
0.556737585614876,0.443262414385124
0.933950798105948,0.0660492018940519
0.714960569577714,0.285039430422286
0.627421372151597,0.372578627848403
0.929165838271286,0.0708341617287139
0.0906858671891061,0.909314132810894
0.310576290699768,0.689423709300232
0.133599458804612,0.866400541195388
0.937259101374637,0.0627408986253626
0.851766173686549,0.148233826313451
0.730546381559572,0.269453618440428
0.924564164604439,0.0754358353955606
0.00632100438346518,0.993678995616535
0.93050325965819,0.0694967403418097
0.732598467254594,0.267401532745406
0.894439264422393,0.105560735577607
0.446839831696497,0.553160168303503
0.934575819269005,0.0654241807309945
0.773369971244811,0.226630028755189
0.865930787327167,0.134069212672833
0.0979963090197739,0.902003690980226
0.869693962650334,0.130306037349666
0.285386668506771,0.714613331493229
0.136512897582703,0.863487102417297
0.867907910178436,0.132092089821564
0.346883136685976,0.653116863314024
0.897395197462402,0.102604802537598
0.121801229070497,0.878198770929503
0.680658373165197,0.319341626834803
0.839468500640332,0.160531499359668
0.747767312190319,0.252232687809681
0.946862950825376,0.053137049174624
0.000840134714980606,0.999159865285019
0.946453632866372,0.0535463671336276
0.621273363484066,0.378726636515934
0.766791670766896,0.233208329233104
0.0139459188680549,0.986054081131945
0.857280554427067,0.142719445572933
0.680533002401494,0.319466997598506
0.738042581354917,0.261957418645083
0.544958194306654,0.455041805693346
0.954671224209348,0.0453287757906518
0.929925863573265,0.0700741364267351
0.917177317254086,0.0828226827459144
0.495289403256121,0.504710596743879
0.845146701392862,0.154853298607138
0.624053323910629,0.375946676089371
0.906811337362161,0.0931886626378385
0.392146574729785,0.607853425270215
0.477501247484713,0.522498752515288
0.712505637466388,0.287494362533612
0.919488977988626,0.0805110220113737
0.922754297258467,0.077245702741533
0.960710385106442,0.039289614893558
0.842175781332268,0.157824218667732
0.298143704777214,0.701856295222786
0.700545927523637,0.299454072476363
0.112039415860465,0.887960584139535
0.843916847157588,0.156083152842412
0.503053289875244,0.496946710124756
0.731921199066145,0.268078800933855
0.714263638481025,0.285736361518975
0.827347625737444,0.172652374262556
0.771696341815195,0.228303658184805
0.757137406018626,0.242862593981374
0.311663612295733,0.688336387704267
0.096516855429085,0.903483144570915
0.869255140843817,0.130744859156183
0.818778371551476,0.181221628448524
0.601763605170444,0.398236394829556
0.842003904692371,0.157996095307629
0.259732344179547,0.740267655820453
0.282717083110023,0.717282916889977
0.044538009807123,0.955461990192877
0.925731655220613,0.0742683447793869
0.344295324636278,0.655704675363722
0.518402113580309,0.481597886419691
0.77459857339785,0.22540142660215
0.681193761091703,0.318806238908297
0.401480116596852,0.598519883403148
0.747886668035113,0.252113331964887
0.790977984820119,0.209022015179881
0.73242841549321,0.26757158450679
0.623498917255532,0.376501082744468
0.847693442171489,0.152306557828511
0.0788504350884935,0.921149564911506
0.476891200030262,0.523108799969738
0.591542429434641,0.408457570565359
0.922993140140879,0.0770068598591208
0.62320056798002,0.37679943201998
0.899228900206552,0.100771099793448
0.929606073602423,0.0703939263975775
0.957626013329564,0.042373986670436
0.952087465635898,0.0479125343641016
0.960402486654436,0.0395975133455637
0.841843083164747,0.158156916835253
0.9521295259097,0.0478704740903003
0.872187804556379,0.127812195443621
0.91285515947476,0.0871448405252396
0.959294527720892,0.0407054722791081
0.961317390652047,0.0386826093479531
0.946499502675743,0.0535004973242571
0.71611372704391,0.28388627295609
0.960998526913353,0.0390014730866466
0.94983054319235,0.0501694568076496
0.959340231304971,0.0406597686950291
0.920250965414931,0.0797490345850688
0.958860751782481,0.0411392482175195
0.95830111834868,0.0416988816513202
0.92200907634436,0.0779909236556398
0.746966128328145,0.253033871671855
0.940419164804454,0.0595808351955456
0.960325021158206,0.0396749788417936
0.961233306369145,0.0387666936308555
0.938834129101362,0.0611658708986377
0.844271494927423,0.155728505072577
0.960446301162021,0.0395536988379785
0.959396381554581,0.0406036184454192
0.949923845849623,0.0500761541503771
0.944550872356342,0.0554491276436579
0.922389622757255,0.0776103772427448
0.961245297589764,0.0387547024102365
0.957146979880429,0.0428530201195712
0.945390065571803,0.0546099344281966
0.958559866074613,0.0414401339253873
0.952039137105052,0.0479608628949482
0.953871453893274,0.0461285461067256
0.929760899527307,0.0702391004726933
0.96097257519316,0.0390274248068395
0.955528829775782,0.0444711702242184
0.959292652796711,0.0407073472032894
0.944394551177327,0.0556054488226734
0.937459476420058,0.0625405235799424
0.935597699212128,0.0644023007878722
0.961108538947406,0.0388914610525944
0.92305096425027,0.07694903574973
0.96064977398432,0.0393502260156804
0.946704748297217,0.0532952517027832
0.953600850932155,0.0463991490678451
0.954656828880387,0.0453431711196129
0.946045246356583,0.0539547536434167
0.834198336213435,0.165801663786565
0.951573665937057,0.0484263340629432
0.960870122445849,0.0391298775541512
0.961337020616026,0.0386629793839743
0.945208000437019,0.0547919995629806
0.955130300134417,0.0448696998655826
0.923347424082108,0.0766525759178922
0.88408793964822,0.11591206035178
0.655062227765401,0.344937772234599
0.955954899212536,0.0440451007874644
0.873252161159757,0.126747838840243
0.953473232991262,0.0465267670087379
0.951606884061894,0.048393115938106
0.75160136113852,0.24839863886148
0.961337910008542,0.0386620899914576
0.88968898228687,0.11031101771313
0.852924944388961,0.147075055611039
0.960757285888752,0.0392427141112477
0.935480366911844,0.0645196330881563
0.959889900486758,0.040110099513242
0.959597583600395,0.0404024163996047
0.944683046385414,0.0553169536145861
0.961281488697799,0.0387185113022006
0.930599541673547,0.0694004583264528
0.959021867427321,0.0409781325726789
0.952815030187677,0.0471849698123232
0.923563531153027,0.0764364688469729
0.960301134674312,0.0396988653256876
0.961311971639388,0.038688028360612
0.940924908114106,0.0590750918858943
0.935019117740489,0.0649808822595109
0.756088782258091,0.243911217741909
0.954781450721578,0.0452185492784221
0.944508768769285,0.0554912312307153
0.961051393928593,0.0389486060714072
0.935812179524527,0.0641878204754734
0.946187556228403,0.0538124437715973
0.940797337820109,0.0592026621798906
0.949714024038398,0.0502859759616023
0.961281808246464,0.0387181917535355
0.960977964236885,0.0390220357631149
0.947021570449131,0.0529784295508694
0.960891841854032,0.039108158145968
0.903268464633932,0.0967315353660677
0.960338018309737,0.0396619816902632
0.957209415929376,0.0427905840706241
0.947060352103509,0.0529396478964912
0.956295074199033,0.0437049258009673
0.960068780102527,0.0399312198974728
0.83668248136196,0.16331751863804
0.958830063068024,0.0411699369319762
0.961159963733841,0.038840036266159
0.961319612867767,0.0386803871322328
0.937640670984554,0.0623593290154463
0.961173823983113,0.0388261760168872
0.96092234387343,0.0390776561265695
0.961316136513937,0.0386838634860628
0.945041248823112,0.0549587511768882
0.961025669871649,0.0389743301283514
0.622143222651813,0.377856777348187
0.95523771436971,0.0447622856302895
0.889973020164475,0.110026979835525
0.911405147774086,0.0885948522259136
0.96083890014632,0.0391610998536798
0.961165730944131,0.0388342690558693
0.959765321309571,0.0402346786904294
0.948993010715452,0.0510069892845482
0.936275065352271,0.0637249346477285
0.942384938058635,0.0576150619413653
0.888834697806785,0.111165302193215
0.926826115867948,0.0731738841320521
0.95563606370549,0.04436393629451
0.959986788508316,0.040013211491684
0.831726027522244,0.168273972477756
0.955467369334032,0.0445326306659682
0.929356424702205,0.0706435752977949
0.960095911888846,0.0399040881111539
0.886515754904935,0.113484245095065
0.961319452822546,0.0386805471774535
0.955742520275697,0.0442574797243033
0.957498319343429,0.0425016806565708
0.945966731112085,0.0540332688879148
0.949981370264789,0.0500186297352112
0.9044282888853,0.0955717111147004
0.723651789981419,0.276348210018581
0.927337682893007,0.0726623171069934
0.957756764832902,0.0422432351670979
0.946917018796031,0.0530829812039689
0.958070298780862,0.0419297012191375
0.951046671220162,0.0489533287798376
0.92812549397077,0.0718745060292298
0.949872600356759,0.0501273996432405
0.960048904947401,0.0399510950525991
0.960747431847949,0.0392525681520509
0.957525103841362,0.042474896158638
0.927344631869803,0.0726553681301966
0.959025374792174,0.0409746252078262
0.955990516465597,0.0440094835344027
0.959408722732102,0.0405912772678978
0.95917142177039,0.0408285782296101
0.956785018016483,0.0432149819835169
0.95974118046512,0.0402588195348801
0.949450312310055,0.0505496876899445
0.919955819449176,0.0800441805508236
0.960216011995956,0.0397839880040444
0.960852912450546,0.0391470875494536
0.937547327428184,0.0624526725718161
0.959229592373566,0.040770407626434
0.953352512742835,0.0466474872571651
0.958477977368884,0.0415220226311158
0.960635765143439,0.0393642348565615
0.961280837856332,0.0387191621436681
0.935156383731,0.0648436162690001
0.911258989209726,0.0887410107902737
0.958782818486868,0.0412171815131323
0.838490972694148,0.161509027305852
0.89902748591762,0.10097251408238
0.94186991899621,0.0581300810037905
0.952676338135543,0.0473236618644575
0.940376453707421,0.0596235462925787
0.932596964236484,0.0674030357635165
0.958011535276505,0.0419884647234948
0.907204298946836,0.0927957010531639
0.961226311720916,0.0387736882790841
0.948522383539214,0.0514776164607855
0.961237220154868,0.038762779845132
0.958334966577525,0.0416650334224751
0.96131946600184,0.0386805339981601
0.952406732971206,0.0475932670287936
0.960770933930025,0.0392290660699754
0.960279375788687,0.0397206242113132
0.916251292497515,0.0837487075024848
0.959054437811884,0.0409455621881162
0.953200977270578,0.0467990227294219
0.952726328754655,0.0472736712453445
0.954566447559393,0.0454335524406068
0.960851712393395,0.0391482876066052
0.939521343843117,0.0604786561568826
0.854001254662126,0.145998745337874
0.951968820318095,0.0480311796819045
0.924061278345136,0.0759387216548636
0.958139698697324,0.0418603013026763
0.957329535596962,0.0426704644030381
0.959848901290792,0.0401510987092084
0.940776362781499,0.0592236372185014
0.953101047155042,0.0468989528449578
0.940448413275016,0.0595515867249838
0.958089774249978,0.0419102257500216
0.956185721861564,0.0438142781384355
0.951557379273305,0.0484426207266949
0.765527283352954,0.234472716647046
0.893213307396965,0.106786692603035
0.925312491478454,0.0746875085215465
0.956915879057875,0.0430841209421248
0.950867876093415,0.0491321239065854
0.943269801864164,0.0567301981358365
0.924244029457343,0.0757559705426567
0.952017579867876,0.0479824201321241
0.864399265000297,0.135600734999703
0.944392446754167,0.0556075532458332
0.960641783630328,0.0393582163696723
0.954718364148163,0.0452816358518369
0.928884161108582,0.0711158388914176
0.863099352148559,0.136900647851441
0.0906892605571249,0.909310739442875
0.950439528039414,0.0495604719605858
0.486399708235471,0.513600291764529
0.960652805336691,0.0393471946633093
0.961278960365465,0.0387210396345352
0.566197538664171,0.433802461335829
0.958462463168325,0.0415375368316752
0.933317782978096,0.0666822170219042
0.959516105037946,0.0404838949620538
0.939490845685411,0.0605091543145888
0.513985021048629,0.486014978951371
0.960925374461117,0.0390746255388833
0.897129438763671,0.102870561236329
0.960150230584573,0.0398497694154267
0.913991870416734,0.0860081295832656
0.960297081281951,0.0397029187180493
0.961303146396917,0.0386968536030832
0.957337378035929,0.0426626219640712
0.956895351027386,0.0431046489726145
0.635849440839328,0.364150559160672
0.955016649351522,0.0449833506484777
0.954461668766289,0.0455383312337109
0.952330366610706,0.0476696333892943
0.952926038743089,0.0470739612569107
0.81308978714226,0.18691021285774
0.187086186281194,0.812913813718806
0.95069395037338,0.0493060496266203
0.80069391913001,0.19930608086999
0.943581327223177,0.0564186727768226
0.959667667857105,0.0403323321428948
0.923160833827237,0.0768391661727625
0.945314994033834,0.054685005966166
0.928868685832088,0.0711313141679119
0.906700050817898,0.0932999491821024
0.951805534441229,0.0481944655587714
0.911357346876354,0.0886426531236456
0.890688246239008,0.109311753760992
0.947461546226991,0.0525384537730093
0.932970434559885,0.0670295654401147
0.961045778267496,0.0389542217325041
0.459511501772263,0.540488498227737
0.893817261528243,0.106182738471757
0.92816747886138,0.0718325211386199
0.954207727902441,0.0457922720975587
0.939022266847954,0.0609777331520457
0.958643840545691,0.0413561594543087
0.930826907251145,0.0691730927488545
0.955032818132666,0.0449671818673336
0.952451083938442,0.0475489160615578
0.951701690263739,0.0482983097362615
0.957986034267639,0.0420139657323608
0.959539923036399,0.040460076963601
0.907648693473575,0.0923513065264253
0.946252391086377,0.0537476089136225
0.961198884225653,0.038801115774347
0.960056488626287,0.0399435113737133
0.929567154081069,0.0704328459189313
0.956247701344035,0.0437522986559653
0.954026421645242,0.0459735783547577
0.959071998705645,0.0409280012943549
0.796446211624574,0.203553788375426
0.853142065646166,0.146857934353834
0.922427164677639,0.0775728353223614
0.932059629360836,0.0679403706391645
0.908836615451522,0.0911633845484779
0.948390893754054,0.0516091062459461
0.9094939477894,0.0905060522106
0.95203721446542,0.0479627855345796
0.918054335693874,0.0819456643061258
0.909146968643496,0.0908530313565036
0.947022852627906,0.0529771473720937
0.958514034133259,0.0414859658667412
0.953315570522661,0.046684429477339
0.917435619555231,0.0825643804447693
0.886798843455988,0.113201156544012
0.863881888240786,0.136118111759214
0.959805121803762,0.0401948781962385
0.921424793179134,0.0785752068208661
0.941409795950658,0.058590204049342
0.373685356602338,0.626314643397662
0.939969695650129,0.0600303043498711
0.94514858911618,0.0548514108838197
0.927400033295874,0.0725999667041256
0.896740868300719,0.103259131699281
0.854251092077698,0.145748907922302
0.961291866919951,0.0387081330800486
0.957044588973587,0.0429554110264131
0.717204660360669,0.282795339639331
0.882723296819141,0.117276703180859
0.838379083416282,0.161620916583718
0.902360715016479,0.0976392849835209
0.957373069384021,0.0426269306159792
0.784150957891918,0.215849042108082
0.820433665429088,0.179566334570912
0.941770206528356,0.058229793471644
0.945596000387828,0.054403999612172
0.596368750583983,0.403631249416017
0.961212031805991,0.038787968194009
0.768964214551078,0.231035785448922
0.956306426280638,0.0436935737193624
0.850055386056735,0.149944613943265
0.750244027913142,0.249755972086858
0.806075523386912,0.193924476613088
0.928131971979304,0.0718680280206958
0.672740258938945,0.327259741061055
0.925442020740279,0.0745579792597211
0.94904511516501,0.05095488483499
0.817474837289829,0.182525162710171
0.936828024708433,0.0631719752915675
0.961071451045893,0.038928548954107
0.956420115862446,0.0435798841375539
0.891306123696982,0.108693876303018
0.731017041559562,0.268982958440438
0.891362424222472,0.108637575777528
0.811464317816871,0.188535682183129
0.955869646421044,0.044130353578956
0.927334888116118,0.072665111883882
0.93947123716759,0.0605287628324105
0.912297990956936,0.0877020090430639
0.935677659274419,0.0643223407255805
0.7260162555761,0.2739837444239
0.953831657152856,0.0461683428471437
0.747137714201451,0.252862285798549
0.91939595179493,0.0806040482050699
0.791474564359516,0.208525435640484
0.876128419506662,0.123871580493338
0.719079097116101,0.280920902883899
0.946441368491366,0.0535586315086338
0.127391032246279,0.872608967753721
0.931193783986938,0.068806216013062
0.95542226471702,0.0445777352829799
0.921355988331339,0.0786440116686605
0.519380346091278,0.480619653908722
0.871058196574543,0.128941803425457
0.888760564798929,0.111239435201071
0.960333844597564,0.0396661554024357
0.960909276520626,0.0390907234793738
0.824910226351611,0.175089773648389
0.507987994125238,0.492012005874762
0.955829298610626,0.0441707013893742
0.798631774816057,0.201368225183943
0.946077181251541,0.0539228187484593
0.836448851009563,0.163551148990437
0.937952427322301,0.0620475726776988
0.638453349335728,0.361546650664272
0.958976355381349,0.0410236446186507
0.904991054942148,0.0950089450578518
0.854835920137771,0.145164079862229
0.926857043536465,0.0731429564635352
0.871547198308899,0.128452801691101
0.953329922738652,0.0466700772613481
0.857474202729932,0.142525797270068
0.952367167473835,0.0476328325261651
0.716926627270773,0.283073372729227
0.961285305878109,0.0387146941218913
0.916989460016223,0.0830105399837771
0.948098079398711,0.0519019206012894
0.682320211283416,0.317679788716584
0.959249422160103,0.0407505778398966
0.500213590838844,0.499786409161156
0.51402929002027,0.48597070997973
0.916470923325527,0.0835290766744726
0.874687343744387,0.125312656255613
0.95907608956921,0.0409239104307905
0.938552927657471,0.0614470723425294
0.646223781546125,0.353776218453875
0.638253775487405,0.361746224512595
0.834425259443085,0.165574740556915
0.950676240714998,0.0493237592850019
0.937151886386042,0.0628481136139584
0.959628426276904,0.040371573723096
0.799618372057916,0.200381627942084
0.893553517802131,0.106446482197869
0.660179418427103,0.339820581572897
0.939038861147368,0.060961138852632
0.950697212850071,0.0493027871499293
0.925419487728267,0.0745805122717327
0.961111999436014,0.0388880005639861
0.937506468224926,0.0624935317750741
0.544653135101732,0.455346864898268
0.590251873444491,0.409748126555509
0.883083976631895,0.116916023368105
0.910627461728384,0.0893725382716158
0.954743488955674,0.0452565110443263
0.478289037162159,0.521710962837841
0.955548111819898,0.0444518881801024
0.959967061449468,0.0400329385505322
0.925717842041885,0.0742821579581147
0.842779600228108,0.157220399771892
0.961535065781513,0.0384649342184868
0.456611729133723,0.543388270866277
0.939503506831845,0.0604964931681549
0.934055063775371,0.0659449362246293
0.546576727677864,0.453423272322136
0.908839579874741,0.091160420125259
0.957038317145945,0.0429616828540547
0.948551942132006,0.0514480578679943
0.697777332579047,0.302222667420953
0.878100825762543,0.121899174237457
0.875472786106364,0.124527213893636
0.344647769512248,0.655352230487752
0.752149693917122,0.247850306082878
0.959928651872073,0.0400713481279269
0.886543949174241,0.113456050825759
0.774515638523875,0.225484361476125
0.0802968534281829,0.919703146571817
0.949217690270245,0.0507823097297552
0.960375508064859,0.0396244919351408
0.747347162336552,0.252652837663448
0.771821264716963,0.228178735283037
0.835488405471275,0.164511594528725
0.573365721497722,0.426634278502278
0.720854262687579,0.279145737312421
0.912754405127546,0.0872455948724535
0.84877081119696,0.15122918880304
0.930916371301297,0.0690836286987029
0.814895304777292,0.185104695222708
0.961307358930089,0.0386926410699114
0.951116732157371,0.0488832678426292
0.940256058546362,0.0597439414536376
0.823053272499729,0.176946727500271
0.894837554913883,0.105162445086117
0.899043448900042,0.100956551099958
0.955653953254671,0.0443460467453292
0.910684309420871,0.0893156905791286
0.958928204100271,0.0410717958997288
0.957635372407349,0.0423646275926512
0.884553138102521,0.115446861897479
0.936846361723524,0.0631536382764757
0.748567166372299,0.251432833627701
0.880429645393916,0.119570354606084
0.895071760691809,0.104928239308191
0.90247305171733,0.0975269482826695
0.961062800573208,0.0389371994267922
0.699243707685936,0.300756292314064
0.921495631150855,0.0785043688491452
0.950768231498324,0.0492317685016758
0.957784103284933,0.0422158967150673
0.898662848152326,0.101337151847674
0.959691041092399,0.0403089589076006
0.935960402115597,0.0640395978844035
0.909358867308353,0.0906411326916469
0.843516769547197,0.156483230452803
0.918329864425606,0.0816701355743942
0.961684231305493,0.0383157686945068
0.940479545523705,0.0595204544762952
0.961442638972766,0.0385573610272344
0.927239874549058,0.0727601254509425
0.36129198861357,0.63870801138643
0.831465874592668,0.168534125407332
0.847179997572875,0.152820002427125
0.947839916726788,0.0521600832732124
0.961564162179563,0.038435837820437
0.859833517343447,0.140166482656553
0.927155193724068,0.0728448062759318
0.907196420947773,0.0928035790522275
0.908667075290342,0.0913329247096578
0.785237636209676,0.214762363790324
0.463986061181129,0.536013938818871
0.821763177937338,0.178236822062662
0.76895064592844,0.23104935407156
0.91053636425282,0.0894636357471799
0.526885620077658,0.473114379922342
0.94475239349286,0.0552476065071398
0.882412677744041,0.117587322255959
0.958331678904318,0.0416683210956822
0.814405873372428,0.185594126627572
0.775273238008648,0.224726761991352
0.899685475578574,0.100314524421426
0.503903689125486,0.496096310874514
0.961703119097653,0.0382968809023467
0.394814237470979,0.605185762529021
0.960361789407089,0.0396382105929107
0.961656495656533,0.0383435043434668
0.937132096903109,0.0628679030968914
0.929649142999276,0.070350857000724
0.947909514643651,0.0520904853563494
0.909561859200084,0.0904381407999162
0.946496922241565,0.0535030777584349
0.69423860670506,0.30576139329494
0.441914542433995,0.558085457566005
0.923367822249083,0.0766321777509166
0.936383116184877,0.0636168838151234
0.96145012672796,0.0385498732720404
0.716563347967084,0.283436652032916
0.961456056354681,0.0385439436453189
0.929048473677996,0.0709515263220037
0.939256935149674,0.0607430648503255
0.94066429805773,0.0593357019422699
0.948769096521281,0.0512309034787193
0.837667083194733,0.162332916805267
0.956728740125773,0.0432712598742268
0.961087999036163,0.0389120009638371
0.951771329936911,0.0482286700630893
0.956091227048427,0.0439087729515729
0.943153800334898,0.0568461996651023
0.955053283852218,0.044946716147782
0.956131035696789,0.0438689643032106
0.934812147763108,0.0651878522368923
0.959184198217591,0.0408158017824086
0.95927346006464,0.0407265399353598
0.89539503248889,0.10460496751111
0.917137942840605,0.082862057159395
0.960600032584134,0.039399967415866
0.942185122158159,0.0578148778418406
0.957467345566736,0.0425326544332645
0.923030763348158,0.0769692366518422
0.955690573443951,0.0443094265560485
0.953559648501936,0.0464403514980644
0.955989606228261,0.0440103937717387
0.953268564574479,0.0467314354255208
0.948346125962233,0.0516538740377673
0.958227564139043,0.0417724358609574
0.809483383030126,0.190516616969874
0.802081140125735,0.197918859874265
0.907702658658567,0.092297341341433
0.961497830089034,0.0385021699109658
0.900412560970533,0.0995874390294667
0.867689956265472,0.132310043734528
0.953858468949359,0.0461415310506414
0.961124677088973,0.0388753229110269
0.955912291405414,0.0440877085945861
0.948523583865485,0.0514764161345155
0.910801204232468,0.0891987957675318
0.959072047935991,0.0409279520640092
0.924101751299572,0.0758982487004281
0.961560574412115,0.0384394255878853
0.955880078386679,0.0441199216133211
0.961053187600584,0.0389468123994157
0.943039138520076,0.0569608614799239
0.956091325454404,0.0439086745455959
0.961600535228221,0.0383994647717789
0.961617999178981,0.0383820008210189
0.953100200656072,0.0468997993439275
0.934348153630567,0.0656518463694333
0.938560236915614,0.0614397630843856
0.957006708766874,0.0429932912331265
0.961596997305302,0.0384030026946983
0.933959460475759,0.0660405395242415
0.956082251346018,0.0439177486539818
0.944767559456557,0.0552324405434431
0.961462919101923,0.0385370808980768
0.961153893672668,0.0388461063273319
0.938871256406542,0.0611287435934581
0.938554334692133,0.0614456653078674
0.652858566622149,0.347141433377851
0.960917729564981,0.0390822704350186
0.960061064585764,0.0399389354142362
0.948494584054763,0.0515054159452373
0.940233794716285,0.0597662052837148
0.961024500693857,0.0389754993061433
0.937992902079333,0.0620070979206668
0.960963478892847,0.0390365211071532
0.761603804077193,0.238396195922807
0.942306334278282,0.0576936657217182
0.958831888345467,0.0411681116545335
0.961134800038235,0.038865199961765
0.874005524463965,0.125994475536035
0.930024995103612,0.0699750048963879
0.751719202788088,0.248280797211912
0.95590316175456,0.0440968382454404
0.946108117357391,0.0538918826426086
0.552902534198353,0.447097465801647
0.953454235755672,0.0465457642443277
0.958964166133373,0.0410358338666273
0.945361358735256,0.0546386412647445
0.924171043664874,0.0758289563351263
0.827722573394986,0.172277426605014
0.945497690322711,0.0545023096772891
0.961029232602735,0.0389707673972652
0.961568173353434,0.0384318266465663
0.960378239919008,0.0396217600809923
0.950428064431009,0.049571935568991
0.961163382471979,0.0388366175280215
0.95791315192813,0.0420868480718702
0.921482917725364,0.0785170822746365
0.957789778534008,0.0422102214659922
0.959485376964017,0.0405146230359833
0.961510797059144,0.0384892029408563
0.960594793575412,0.0394052064245881
0.908773304006296,0.0912266959937038
0.895680539990036,0.104319460009964
0.961546451451959,0.038453548548041
0.934645525580972,0.0653544744190284
0.952803690534256,0.0471963094657438
0.961557472384465,0.0384425276155351
0.92443611037712,0.0755638896228796
0.961489297817164,0.0385107021828359
0.937191190235212,0.0628088097647876
0.953719240909506,0.0462807590904936
0.953743337672212,0.0462566623277885
0.938788569426474,0.0612114305735257
0.956843998422847,0.0431560015771533
0.959223848632675,0.0407761513673246
0.858494031012121,0.141505968987879
0.956511224101937,0.0434887758980629
0.95875237822194,0.0412476217780596
0.961478455010406,0.0385215449895939
0.900304068458369,0.099695931541631
0.92890106700473,0.07109893299527
0.954941658342349,0.0450583416576514
0.955911799431738,0.0440882005682616
0.724607365081999,0.275392634918001
0.952128148690006,0.0478718513099944
0.959856185522534,0.0401438144774655
0.961546022001195,0.0384539779988055
0.933531929585514,0.0664680704144858
0.961156857013497,0.0388431429865035
0.950307532819713,0.0496924671802865
0.959660779034765,0.0403392209652352
0.926192870240542,0.0738071297594582
0.961506795924816,0.038493204075184
0.957617295390587,0.0423827046094134
0.955102787277221,0.044897212722779
0.955774288478489,0.0442257115215107
0.952232127392111,0.0477678726078894
0.961497112901901,0.0385028870980986
0.95901302670865,0.0409869732913503
0.961546006917225,0.0384539930827751
0.948017303708212,0.0519826962917882
0.961170104007098,0.0388298959929019
0.945873489339294,0.0541265106607055
0.939431385416587,0.0605686145834134
0.961464733143489,0.0385352668565107
0.950068708160933,0.0499312918390669
0.961544568851011,0.0384554311489892
0.95955372055639,0.0404462794436101
0.948526926899876,0.0514730731001239
0.960516379651574,0.0394836203484263
0.957420500951347,0.0425794990486531
0.960193044134684,0.0398069558653156
0.957563070132448,0.042436929867552
0.949990104165426,0.0500098958345736
0.906499371647383,0.0935006283526167
0.919402950841916,0.0805970491580835
0.922406957381622,0.0775930426183778
0.96012237341783,0.0398776265821695
0.902391979950778,0.0976080200492215
0.960349153703093,0.0396508462969071
0.954078050258824,0.0459219497411761
0.916171490363027,0.0838285096369734
0.943692005540204,0.0563079944597958
0.857023518754044,0.142976481245956
0.958419281398039,0.0415807186019612
0.961542769558364,0.0384572304416355
0.917958730386526,0.0820412696134738
0.955978781274807,0.0440212187251932
0.938790424983065,0.0612095750169351
0.913019851261086,0.0869801487389145
0.951485152742893,0.0485148472571074
0.959419845884251,0.0405801541157486
0.94478604952461,0.0552139504753898
0.745956954538498,0.254043045461502
0.950766642698762,0.0492333573012376
0.926336110921042,0.0736638890789578
0.961458019358685,0.0385419806413151
0.961322428378741,0.0386775716212588
0.953470863218867,0.0465291367811329
0.961333726631088,0.0386662733689118
0.95929159874141,0.0407084012585901
0.959571564595641,0.0404284354043589
0.958227751463349,0.041772248536651
0.928897747605033,0.0711022523949673
0.912569019923887,0.0874309800761131
0.946633816551832,0.0533661834481678
0.957561487022277,0.0424385129777231
0.961475958769615,0.038524041230385
0.960171201104276,0.0398287988957235
0.961485086168124,0.0385149138318763
0.96125933276951,0.0387406672304899
0.958534498925624,0.041465501074376
0.956160540385476,0.043839459614524
0.948728172354877,0.0512718276451229
0.956216560159018,0.0437834398409821
0.956669130069175,0.043330869930825
0.95897047348916,0.0410295265108405
0.958118591948512,0.0418814080514884
0.961421697484856,0.0385783025151442
0.960395904944142,0.0396040950558584
0.933178952554919,0.0668210474450807
0.948258134195809,0.0517418658041913
0.898273899657866,0.101726100342134
0.954886400640186,0.045113599359814
0.955264575504048,0.0447354244959524
0.92666737104548,0.0733326289545202
0.937581049995948,0.0624189500040517
0.961467884159801,0.038532115840199
0.893748353153162,0.106251646846838
0.877803774688862,0.122196225311138
0.951257968415967,0.0487420315840328
0.936309135314219,0.0636908646857808
0.895716643916904,0.104283356083096
0.94503360445181,0.0549663955481905
0.527364842144809,0.472635157855191
0.961130332470863,0.0388696675291369
0.960585007668131,0.0394149923318691
0.950590484575156,0.0494095154248442
0.94080065886332,0.0591993411366804
0.798218787392349,0.201781212607651
0.560810639656538,0.439189360343462
0.955314135060484,0.0446858649395163
0.914247364389868,0.0857526356101319
0.750261986278735,0.249738013721265
0.914954352450566,0.085045647549434
0.961275670309707,0.0387243296902926
0.948077147147527,0.0519228528524726
0.890676378317091,0.109323621682909
0.868822378565008,0.131177621434992
0.94776901796997,0.0522309820300297
0.96118670157787,0.0388132984221297
0.953882544290539,0.0461174557094606
0.961356710828385,0.0386432891716153
0.918876248462629,0.0811237515373708
0.961126453352653,0.0388735466473474
0.961241018581987,0.0387589814180127
0.943181797022202,0.056818202977798
0.958728933346936,0.0412710666530645
0.924682038614353,0.0753179613856474
0.918185864423459,0.0818141355765413
0.942257519626117,0.0577424803738829
0.9590774650882,0.0409225349118001
0.58243861637793,0.41756138362207
0.931399431510634,0.0686005684893657
0.961232005544415,0.038767994455585
0.882352323416843,0.117647676583157
0.932358740265509,0.067641259734491
0.790379715249514,0.209620284750486
0.959005354543603,0.0409946454563966
0.93491231457508,0.0650876854249198
0.961413916060713,0.0385860839392866
0.956484884929251,0.0435151150707487
0.67565751893255,0.32434248106745
0.943989428606497,0.0560105713935034
0.961462450524133,0.0385375494758667
0.961410677625819,0.038589322374181
0.919148865559975,0.0808511344400251
0.942156497102169,0.0578435028978309
0.957280658080272,0.0427193419197281
0.679977782475935,0.320022217524065
0.960915816941153,0.0390841830588468
0.958168635755554,0.0418313642444464
0.666594846655271,0.333405153344729
0.958106428151293,0.0418935718487072
0.958960337771308,0.0410396622286925
0.943203614902792,0.0567963850972079
0.912272345867425,0.0877276541325751
0.94728891935473,0.05271108064527
0.907895450413741,0.0921045495862586
0.849431788643627,0.150568211356373
0.961482204414543,0.0385177955854573
0.870421207201041,0.129578792798959
0.953052595804964,0.0469474041950358
0.956536199157362,0.0434638008426383
0.879647928358028,0.120352071641972
0.795051467399606,0.204948532600394
0.961191601320016,0.0388083986799841
0.955571161134854,0.0444288388651459
0.950834161419962,0.0491658385800381
0.952825960821549,0.0471740391784511
0.951038870399913,0.0489611296000867
0.948225235797831,0.051774764202169
0.935916827440826,0.0640831725591735
0.957466836624668,0.0425331633753315
0.96138713396558,0.0386128660344203
0.847769069295295,0.152230930704705
0.915801063218961,0.0841989367810387
0.948673700444556,0.0513262995554437
0.960741834155754,0.0392581658442459
0.906902067212971,0.0930979327870294
0.959637546509901,0.0403624534900987
0.958839439027267,0.0411605609727326
0.930262696097966,0.0697373039020345
0.959312003433633,0.0406879965663672
0.948858930524061,0.0511410694759387
0.961063277061214,0.0389367229387859
0.952017827884262,0.0479821721157384
0.826372726617743,0.173627273382257
0.958628813800808,0.0413711861991917
0.961281280188953,0.0387187198110468
0.958820663562885,0.0411793364371155
0.857275930956608,0.142724069043392
0.946065153973038,0.0539348460269615
0.951213489043863,0.048786510956137
0.912835826747588,0.0871641732524118
0.957097119660514,0.0429028803394864
0.954730936955942,0.0452690630440584
0.959656726231192,0.0403432737688075
0.954983783025065,0.0450162169749352
0.960728657182402,0.039271342817598
0.912989103656073,0.0870108963439267
0.961026445669838,0.0389735543301617
0.935811904385692,0.0641880956143082
0.95691856557346,0.04308143442654
0.950698447510902,0.0493015524890978
0.904311522997862,0.0956884770021385
0.955469702831327,0.044530297168673
0.905254662877996,0.0947453371220039
0.960350981562802,0.0396490184371983
0.945439550232204,0.0545604497677962
0.960668431273525,0.0393315687264754
0.961557213349091,0.0384427866509095
0.958821705414371,0.0411782945856287
0.944687198756677,0.0553128012433226
0.786047344026287,0.213952655973713
0.929754911365594,0.0702450886344061
0.937123211740284,0.0628767882597159
0.955029819359719,0.0449701806402814
0.946243057751151,0.053756942248849
0.936725136550489,0.0632748634495106
0.961383471918544,0.038616528081456
0.961103481833666,0.0388965181663343
0.821418232996417,0.178581767003583
0.716722789033259,0.283277210966741
0.959001134030529,0.0409988659694714
0.96141288176606,0.0385871182339398
0.864872627173546,0.135127372826454
0.954322993944228,0.0456770060557723
0.939812770837735,0.0601872291622646
0.961354179681166,0.0386458203188338
0.958321310963368,0.041678689036632
0.936052533353449,0.0639474666465512
0.946098526579748,0.0539014734202522
0.960541280842919,0.0394587191570814
0.951228874072396,0.0487711259276037
0.900000934301701,0.0999990656982989
0.941085710446489,0.0589142895535113
0.961429942534076,0.0385700574659236
0.942646538042644,0.0573534619573562
0.860684835490759,0.139315164509241
0.924235209054054,0.0757647909459458
0.940763144629986,0.0592368553700142
0.952423889216093,0.0475761107839071
0.919259948999134,0.0807400510008665
0.908255412232306,0.091744587767694
0.951575936671888,0.0484240633281117
0.953815170429731,0.0461848295702686
0.959719597241961,0.0402804027580389
0.924990525253504,0.0750094747464964
0.961654014140898,0.0383459858591017
0.942895332950833,0.0571046670491668
0.845812787911243,0.154187212088757
0.814375743248639,0.185624256751361
0.630362532550177,0.369637467449823
0.61092850665072,0.38907149334928
0.96164607639236,0.0383539236076398
0.935153431785717,0.0648465682142831
0.959787222910993,0.0402127770890068
0.916565058729733,0.083434941270267
0.957841265162417,0.0421587348375829
0.89148993448171,0.10851006551829
0.934489533074152,0.0655104669258476
0.913012864226522,0.0869871357734777
0.960903401187923,0.0390965988120769
0.961586334424739,0.0384136655752613
0.808136640165587,0.191863359834413
0.957978398832145,0.0420216011678555
0.895611608812271,0.104388391187729
0.956380662390827,0.0436193376091729
0.917631352182343,0.0823686478176573
0.956698826246823,0.0433011737531768
0.921495403608696,0.0785045963913041
0.935949946663127,0.0640500533368732
0.960299690178244,0.0397003098217559
0.961289621672753,0.0387103783272466
0.960627234565303,0.039372765434697
0.925399004951684,0.0746009950483155
0.943871180278008,0.0561288197219921
0.924685397087267,0.0753146029127326
0.946254659556828,0.0537453404431721
0.950768982844569,0.0492310171554307
0.95576680589642,0.0442331941035803
0.961480955960587,0.0385190440394126
0.955625745284687,0.0443742547153128
0.96071041424807,0.0392895857519296
0.929089705555392,0.0709102944446084
0.914585985853515,0.0854140141464845
0.954661855022874,0.0453381449771255
0.953722288832394,0.0462777111676063
0.943944348654333,0.0560556513456671
0.945541189408479,0.0544588105915215
0.797692440891139,0.202307559108861
0.890975322454352,0.109024677545648
0.95974547738813,0.0402545226118705
0.961635905557825,0.0383640944421749
0.822951462408729,0.177048537591271
0.741871211350938,0.258128788649062
0.760864127276246,0.239135872723754
0.794443252254089,0.205556747745911
0.951506971676218,0.0484930283237824
0.851347978698841,0.148652021301159
0.695418029669176,0.304581970330824
0.944947992221191,0.0550520077788094
0.818656204466938,0.181343795533062
0.9318451248262,0.0681548751737998
0.96086096131283,0.0391390386871698
0.957220587091019,0.0427794129089807
0.958298958874978,0.0417010411250224
0.94152601283085,0.0584739871691503
0.924319980540676,0.0756800194593243
0.889311676044668,0.110688323955332
0.908778665620973,0.0912213343790266
0.947355476281183,0.0526445237188166
0.959878775416207,0.0401212245837927
0.785332051287015,0.214667948712985
0.936577896652333,0.0634221033476671
0.93547655137813,0.0645234486218695
0.803922796615179,0.196077203384821
0.816196286389438,0.183803713610562
0.818418696719503,0.181581303280497
0.893730192474627,0.106269807525373
0.943550848116229,0.0564491518837711
0.808080762283782,0.191919237716218
0.951225506033305,0.0487744939666946
0.915226045291611,0.0847739547083887
0.949404380889665,0.0505956191103348
0.542410848549,0.457589151451
0.959904542207268,0.0400954577927325
0.483501923564272,0.516498076435728
0.225887049355206,0.774112950644794
0.899073752669964,0.100926247330036
0.815297440907139,0.184702559092861
0.842084794503827,0.157915205496173
0.805946840539525,0.194053159460475
0.914960973821705,0.0850390261782946
0.726994694419356,0.273005305580644
0.902297659351735,0.0977023406482652
0.710140290688029,0.289859709311971
0.896689535396228,0.103310464603772
0.906451309451119,0.0935486905488814
0.660384482489809,0.339615517510191
0.784161915233392,0.215838084766608
0.881716506601512,0.118283493398488
0.920551183060439,0.0794488169395614
0.89558751746685,0.10441248253315
0.0883982111120363,0.911601788887964
0.851422069328619,0.148577930671381
0.529148126187469,0.470851873812531
0.959636830595957,0.0403631694040431
0.89829184811769,0.10170815188231
0.825767424704641,0.174232575295359
0.188101264996426,0.811898735003574
0.961209791305896,0.0387902086941042
0.608896101176345,0.391103898823655
0.865921490296589,0.134078509703411
0.959096522181418,0.0409034778185815
0.931708849962793,0.068291150037207
0.95434150106063,0.0456584989393699
0.881452956049229,0.118547043950771
0.959736371236649,0.0402636287633505
0.952084127433317,0.0479158725666833
0.429793802724655,0.570206197275345
0.951347510709034,0.048652489290966
0.91099915317763,0.0890008468223704
0.909743785814711,0.0902562141852886
0.884814076113682,0.115185923886318
0.659408804990689,0.340591195009311
0.921782360086485,0.0782176399135154
0.464244862450646,0.535755137549354
0.841166542017932,0.158833457982068
0.933528473756866,0.066471526243134
0.953156442713415,0.0468435572865845
0.916036969551401,0.0839630304485992
0.924814145814846,0.0751858541851539
0.725883163703848,0.274116836296152
0.859421332611158,0.140578667388842
0.918106485553998,0.0818935144460018
0.945213651087869,0.0547863489121311
0.948033205592343,0.0519667944076565
0.875006640293975,0.124993359706025
0.912301031034055,0.0876989689659452
0.888466259964023,0.111533740035977
0.955107318083029,0.0448926819169707
0.863475937262287,0.136524062737713
0.348393677530242,0.651606322469758
0.94650750785618,0.0534924921438201
0.896394772905048,0.103605227094952
0.233367759562669,0.766632240437331
0.927124909115162,0.0728750908848381
0.852159238716862,0.147840761283138
0.958393932361274,0.0416060676387257
0.8212215323225,0.1787784676775
0.956120413623314,0.0438795863766857
0.218526685060529,0.781473314939471
0.828115997392321,0.171884002607679
0.835286701421236,0.164713298578764
0.757598465211523,0.242401534788477
0.626506831873851,0.373493168126149
0.75669654083181,0.24330345916819
0.0702486184059793,0.929751381594021
0.166464770513727,0.833535229486273
0.71973205047972,0.28026794952028
0.0208922856739958,0.979107714326004
0.55580785082566,0.44419214917434
0.681997545500374,0.318002454499626
0.782953403916423,0.217046596083577
0.935821731230689,0.0641782687693111
0.938457495248731,0.061542504751269
0.816808881228049,0.183191118771951
0.717427483686849,0.282572516313151
0.761620290707868,0.238379709292132
1.57723311844072e-05,0.999984227668816
0.958202572648277,0.0417974273517225
0.959785806152117,0.0402141938478828
0.404740050626865,0.595259949373135
0.669325546565224,0.330674453434776
0.221647592909787,0.778352407090213
0.906413512837473,0.0935864871625272
0.634161024123201,0.365838975876799
0.901021186314044,0.0989788136859555
0.937942451595887,0.0620575484041131
0.937085009465711,0.0629149905342886
0.945336487458413,0.0546635125415873
0.836063071092862,0.163936928907138
0.941461747695097,0.0585382523049025
0.821002600811731,0.178997399188269
0.925714516830493,0.074285483169507
0.681915985031057,0.318084014968943
0.911738592267792,0.0882614077322085
0.196673719726397,0.803326280273603
0.134188512332161,0.865811487667839
0.848928656057757,0.151071343942243
0.759767647885286,0.240232352114714
0.954664188799517,0.0453358112004828
0.485278998731593,0.514721001268407
0.757056155460875,0.242943844539125
0.90661069386761,0.0933893061323905
0.819238536646518,0.180761463353482
0.498557531254931,0.501442468745069
0.777900229765489,0.222099770234511
0.91973808858535,0.0802619114146502
0.535908976435775,0.464091023564225
0.531301820592,0.468698179408
0.305246853853202,0.694753146146798
0.895847452113452,0.104152547886548
0.412720624918528,0.587279375081472
0.306945718555399,0.693054281444601
0.937323717222666,0.0626762827773336
0.352454082766985,0.647545917233015
0.808348657179059,0.191651342820941
0.00842118936270789,0.991578810637292
0.94034890577092,0.0596510942290801
0.60291597816555,0.39708402183445
0.855847346841792,0.144152653158208
0.278670952017326,0.721329047982674
0.878319760426427,0.121680239573573
0.0430743386477232,0.956925661352277
0.0556772787571089,0.944322721242891
0.88464357896923,0.11535642103077
0.206703795415169,0.793296204584832
0.00130286671514606,0.998697133284854
0.768123303003306,0.231876696996694
0.693228085956746,0.306771914043254
0.927842833130947,0.0721571668690526
0.883723094444009,0.116276905555991
0.793362597677371,0.206637402322629
0.799508805588004,0.200491194411996
0.741827256094826,0.258172743905174
0.949148700447551,0.050851299552449
0.0894690961043547,0.910530903895645
0.356903701477021,0.643096298522979
0.933932426298657,0.0660675737013425
0.425999267943877,0.574000732056123
0.606323363142196,0.393676636857804
0.152365361527768,0.847634638472232
0.943435723751319,0.0565642762486814
0.829495903260351,0.170504096739649
0.164901706875279,0.835098293124721
0.218552304709562,0.781447695290438
0.625780895732634,0.374219104267366
0.517590852466347,0.482409147533653
0.949429743354772,0.0505702566452275
0.714891822859545,0.285108177140455
0.94095660172832,0.05904339827168
0.841982874746836,0.158017125253164
0.12119949347683,0.87880050652317
0.953344355461833,0.046655644538167
0.773369426758136,0.226630573241864
0.0157125704822263,0.984287429517774
0.884785755587849,0.115214244412151
0.16532978894023,0.83467021105977
0.105188849684747,0.894811150315253
0.683257599106639,0.316742400893361
0.804349505950772,0.195650494049228
0.901057679460803,0.0989423205391972
0.79374981201575,0.20625018798425
0.87477995691436,0.12522004308564
0.821911742110737,0.178088257889263
0.0035630549154617,0.996436945084538
0.851220200304016,0.148779799695984
0.037532449710035,0.962467550289965
0.000241889308174146,0.999758110691826
0.810868944645081,0.189131055354919
0.884966227022989,0.115033772977011
0.149981975405429,0.850018024594571
0.0372232876902691,0.962776712309731
0.234429768060726,0.765570231939274
0.507360621308269,0.492639378691731
0.676418413794517,0.323581586205483
0.0119211260991133,0.988078873900887
0.0417721158018208,0.958227884198179
0.396184125466604,0.603815874533396
0.0956042437157963,0.904395756284204
0.414459574281347,0.585540425718653
0.508439087694,0.491560912306
0.841705365421415,0.158294634578585
0.398689113653315,0.601310886346685
0.282943493784106,0.717056506215894
0.914908237179168,0.0850917628208319
0.431684887974577,0.568315112025423
0.0697201508258845,0.930279849174116
0.0960600454090131,0.903939954590987
0.0623129010279317,0.937687098972068
0.100998303970635,0.899001696029365
0.848617403139622,0.151382596860378
0.262263592981171,0.737736407018829
0.040731126269668,0.959268873730332
0.302080551459261,0.697919448540739
0.514329138715196,0.485670861284804
0.735738584138843,0.264261415861157
0.000661457130614694,0.999338542869385
0.399279540130094,0.600720459869906
0.0113804941714002,0.9886195058286
0.171025044579233,0.828974955420767
0.204817646587851,0.795182353412149
0.0102622738390054,0.989737726160995
0.118962594899224,0.881037405100776
0.472609512592904,0.527390487407096
0.308828060361095,0.691171939638905
0.014469379016148,0.985530620983852
0.631586055330284,0.368413944669716
0.432829493897852,0.567170506102147
0.94831406695337,0.0516859330466298
0.000327652504196432,0.999672347495804
0.796495932319683,0.203504067680317
0.246813911697512,0.753186088302488
0.422883992394378,0.577116007605622
0.677217845766694,0.322782154233306
0.105972101132329,0.894027898867671
0.811622802594765,0.188377197405235
0.234772526737722,0.765227473262278
0.10323910326937,0.89676089673063
0.0197218880056524,0.980278111994348
0.758906716495361,0.241093283504639
0.000370869479379727,0.99962913052062
0.107084922077505,0.892915077922495
0.00522287931670528,0.994777120683295
0.356651150341822,0.643348849658178
0.309366499957441,0.690633500042559
0.0165412480984784,0.983458751901522
0.0393585921269205,0.96064140787308
0.392813466458161,0.607186533541839
0.843938456882522,0.156061543117478
0.499955743525685,0.500044256474315
0.449857747107323,0.550142252892677
0.558664569349855,0.441335430650145
0.61088954375286,0.38911045624714
6.00511225389752e-05,0.999939948877461
0.774015924146601,0.225984075853399
0.149567343465834,0.850432656534166
0.82884081868377,0.17115918131623
0.530628593972733,0.469371406027267
0.754122525743704,0.245877474256296
0.555931873032332,0.444068126967668
0.0915533601692362,0.908446639830764
0.103680845306823,0.896319154693177
0.457925692698066,0.542074307301934
0.421246758900799,0.578753241099201
0.36526357912378,0.63473642087622
0.00649864901277544,0.993501350987225
0.0249332585995699,0.97506674140043
0.317777011849103,0.682222988150897
0.159212070791433,0.840787929208567
0.101094075041622,0.898905924958378
0.925015381506435,0.0749846184935652
0.51312052944152,0.48687947055848
0.00842330455271286,0.991576695447287
0.26052236174586,0.73947763825414
0.23108338561061,0.76891661438939
0.319575026858796,0.680424973141204
0.545696682563892,0.454303317436108
0.310600267880314,0.689399732119686
0.305433429202372,0.694566570797628
0.0521974102688737,0.947802589731126
0.00565222809904176,0.994347771900958
0.901056432790297,0.0989435672097033
0.415361552276088,0.584638447723912
0.96115704430677,0.0388429556932303
0.958517282992787,0.0414827170072128
0.95743197680714,0.0425680231928598
0.958639218187256,0.0413607818127444
0.939188616418861,0.0608113835811389
0.961331710404416,0.0386682895955835
0.930669590935495,0.0693304090645053
0.888848501845056,0.111151498154944
0.896475583005211,0.103524416994789
0.957930576586218,0.0420694234137822
0.502288833714241,0.497711166285759
0.854149150174221,0.145850849825779
0.94545977865052,0.0545402213494796
0.919175768588581,0.0808242314114193
0.96009037797012,0.0399096220298802
0.762623958306711,0.237376041693289
0.950795567743867,0.0492044322561335
0.960706743590789,0.039293256409211
0.92532304011212,0.07467695988788
0.874663509635651,0.125336490364349
0.955637788135521,0.0443622118644794
0.95970551336422,0.0402944866357799
0.946365381786231,0.053634618213769
0.95923444875314,0.0407655512468598
0.953546198988562,0.0464538010114379
0.956906467998234,0.0430935320017658
0.940009809953923,0.0599901900460769
0.934749045096068,0.0652509549039324
0.959672459294108,0.0403275407058924
0.954527348861934,0.0454726511380663
0.938238507867965,0.0617614921320351
0.884812201599173,0.115187798400827
0.961263471868767,0.0387365281312325
0.954185970704438,0.0458140292955619
0.958429446305048,0.0415705536949516
0.944284410243942,0.0557155897560581
0.961331804331382,0.038668195668618
0.95788260851647,0.0421173914835299
0.957299961919419,0.0427000380805809
0.960062370075582,0.0399376299244177
0.961242476852435,0.0387575231475652
0.961181658752715,0.0388183412472849
0.940122434394098,0.0598775656059015
0.952369073632314,0.0476309263676856
0.951878815430022,0.0481211845699782
0.945279884435052,0.0547201155649476
0.960230313481808,0.0397696865181921
0.956175637713579,0.0438243622864206
0.959878537712723,0.0401214622872765
0.96101152362066,0.0389884763793402
0.96129565555237,0.0387043444476302
0.959386672136528,0.040613327863472
0.956665766879307,0.043334233120693
0.899282128831159,0.100717871168841
0.930932244160116,0.0690677558398837
0.960831796692806,0.0391682033071942
0.961059203284022,0.0389407967159785
0.848075067986005,0.151924932013995
0.960852610622367,0.039147389377633
0.957787969337112,0.0422120306628883
0.960544433535997,0.0394555664640031
0.956728483814696,0.0432715161853043
0.948015196703938,0.0519848032960623
0.961325890437323,0.0386741095626773
0.956494274204739,0.0435057257952608
0.94175781108706,0.0582421889129403
0.94917276862348,0.0508272313765202
0.96083658245153,0.03916341754847
0.961246005301991,0.0387539946980088
0.956381937544059,0.0436180624559409
0.959985873088946,0.0400141269110543
0.94661223547232,0.0533877645276802
0.957003417763095,0.0429965822369052
0.960210327049905,0.0397896729500949
0.914683253579268,0.0853167464207317
0.299435920835883,0.700564079164117
0.958179976206007,0.0418200237939929
0.959236810344717,0.0407631896552829
0.958809149434752,0.0411908505652481
0.958627522164679,0.0413724778353215
0.95281522419539,0.0471847758046097
0.953747670345207,0.0462523296547928
0.953115813237206,0.0468841867627944
0.961086866508713,0.0389131334912871
0.950506459637263,0.0494935403627371
0.961320449973,0.0386795500269997
0.948668418529471,0.0513315814705294
0.960740365837017,0.0392596341629834
0.958288855270597,0.0417111447294028
0.952493367988329,0.0475066320116709
0.955466651287445,0.0445333487125547
0.961132135492223,0.0388678645077772
0.959068447100508,0.0409315528994924
0.934108076995514,0.065891923004486
0.930405351484699,0.0695946485153014
0.957572802135048,0.0424271978649517
0.953965956357907,0.0460340436420928
0.953701794273609,0.0462982057263909
0.960675767876453,0.039324232123547
0.930802224836683,0.0691977751633166
0.946257429707212,0.0537425702927882
0.961177931173475,0.0388220688265245
0.893638229934978,0.106361770065022
0.874956172521301,0.125043827478699
0.960926640904915,0.0390733590950849
0.900115620483987,0.099884379516013
0.95457895401193,0.0454210459880701
0.650938655672615,0.349061344327385
0.924972709999896,0.0750272900001038
0.945773161825474,0.0542268381745263
0.926173130567906,0.0738268694320943
0.589638708757617,0.410361291242383
0.947299194130367,0.0527008058696328
0.960172648658182,0.0398273513418183
0.87119819681388,0.12880180318612
0.961244454448392,0.0387555455516075
0.959399908825909,0.0406000911740909
0.70427293211945,0.29572706788055
0.89482971120968,0.10517028879032
0.955725941256718,0.0442740587432816
0.959087287861601,0.0409127121383989
0.958389099757684,0.0416109002423163
0.959321200932184,0.0406787990678159
0.959061340336516,0.0409386596634836
0.857696360806041,0.142303639193959
0.960654632460097,0.0393453675399035
0.954424323358209,0.0455756766417911
0.953928874003157,0.0460711259968427
0.769341606274723,0.230658393725277
0.954968100044584,0.045031899955416
0.960032133795717,0.0399678662042834
0.961086056677885,0.0389139433221148
0.93817598647999,0.06182401352001
0.939531571331168,0.0604684286688317
0.952155780581576,0.0478442194184243
0.951038787109442,0.0489612128905584
0.953514834304233,0.046485165695767
0.946114453405823,0.0538855465941771
0.946097311452595,0.0539026885474052
0.959034296417421,0.0409657035825787
0.960942191896444,0.0390578081035559
0.946764542676462,0.0532354573235376
0.957691744658178,0.042308255341822
0.925108764880705,0.0748912351192947
0.959281788349353,0.0407182116506475
0.961351758455524,0.0386482415444763
0.958619970169793,0.0413800298302066
0.833598874484253,0.166401125515747
0.901479506552106,0.0985204934478938
0.960332517356036,0.0396674826439638
0.960099064183747,0.0399009358162534
0.960861356870823,0.0391386431291769
0.947733967738198,0.0522660322618019
0.960660428230604,0.039339571769396
0.899628820755393,0.100371179244607
0.944869164138661,0.0551308358613395
0.884883310409173,0.115116689590827
0.961147147959576,0.0388528520404238
0.927857456847689,0.0721425431523113
0.935301890623635,0.0646981093763654
0.960977772733549,0.0390222272664514
0.955164142889929,0.0448358571100709
0.955430092623983,0.0445699073760165
0.961195335378792,0.0388046646212079
0.960317004648659,0.039682995351341
0.944556530541642,0.0554434694583582
0.954332626548196,0.045667373451804
0.676156981119794,0.323843018880206
0.961303932987359,0.0386960670126405
0.89907650117075,0.10092349882925
0.95946528010226,0.0405347198977402
0.844038761626328,0.155961238373672
0.956717051455105,0.043282948544895
0.957439350575181,0.0425606494248185
0.884504883263823,0.115495116736177
0.955654748622416,0.0443452513775843
0.924493534128938,0.0755064658710622
0.939048440838447,0.0609515591615529
0.947430506099049,0.0525694939009507
0.946891630667308,0.0531083693326925
0.924688330313081,0.0753116696869186
0.959849968385751,0.0401500316142488
0.926326872112585,0.0736731278874154
0.386621946671722,0.613378053328278
0.959688161753421,0.040311838246579
0.960518274917869,0.0394817250821309
0.916657342440567,0.0833426575594335
0.951283025453013,0.0487169745469868
0.949330754113339,0.0506692458866613
0.961216180211681,0.0387838197883192
0.945965345582019,0.0540346544179811
0.959995682286207,0.0400043177137934
0.949683901728653,0.0503160982713472
0.893094596188953,0.106905403811047
0.959332341151235,0.0406676588487652
0.94778042899813,0.0522195710018697
0.721172295054248,0.278827704945752
0.898217299154451,0.101782700845549
0.894545726398496,0.105454273601504
0.951876714356402,0.0481232856435977
0.706548939810732,0.293451060189268
0.94755363531128,0.0524463646887204
0.959167927101407,0.0408320728985926
0.952988332833105,0.0470116671668952
0.908174359210746,0.0918256407892539
0.838021021866078,0.161978978133922
0.935736145678416,0.0642638543215839
0.838132951034924,0.161867048965076
0.84976298682618,0.15023701317382
0.8404213736786,0.1595786263214
0.924477498082682,0.0755225019173177
0.862860817662661,0.137139182337339
0.923855888144094,0.076144111855906
0.959949982647104,0.0400500173528959
0.562551445988588,0.437448554011412
0.95931102550219,0.0406889744978096
0.961041065216053,0.0389589347839474
0.768809958752734,0.231190041247266
0.936406287275387,0.063593712724613
0.830662632380074,0.169337367619926
0.936080102711502,0.0639198972884978
0.933468835139541,0.0665311648604591
0.946735576133649,0.053264423866351
0.913139584660437,0.0868604153395627
0.922942300945699,0.0770576990543012
0.874657158840656,0.125342841159344
0.887811429643518,0.112188570356482
0.326445632590469,0.673554367409531
0.954846647107243,0.0451533528927572
0.892727078835884,0.107272921164116
0.838661685734373,0.161338314265627
0.259765192532281,0.740234807467719
0.955815167860367,0.0441848321396333
0.870746782035036,0.129253217964964
0.57033137604725,0.42966862395275
0.910969732155896,0.0890302678441043
0.800329707059882,0.199670292940118
0.946720320809168,0.0532796791908319
0.82039042076373,0.17960957923627
0.474466812883764,0.525533187116236
0.577556544611233,0.422443455388767
0.915122421741507,0.084877578258493
0.937513902716313,0.0624860972836875
0.48663883499724,0.51336116500276
0.903283214084797,0.0967167859152027
0.947379491107428,0.0526205088925715
0.648728850639647,0.351271149360353
0.899274970682217,0.100725029317783
0.949204790805825,0.0507952091941747
0.94664920850128,0.05335079149872
0.960246510224487,0.039753489775513
0.879285396121373,0.120714603878627
0.839923859349896,0.160076140650104
0.892125012152142,0.107874987847858
0.432668435167792,0.567331564832208
0.383745186461382,0.616254813538618
0.805855329144113,0.194144670855887
0.961260939654076,0.0387390603459239
0.692454169211961,0.307545830788039
0.910194359271443,0.0898056407285571
0.868384711531616,0.131615288468384
0.792567815343919,0.207432184656081
0.935601729729466,0.0643982702705341
0.330401824084922,0.669598175915078
0.945553716830812,0.0544462831691881
0.857187764593721,0.142812235406279
0.953792869079947,0.0462071309200531
0.451334073455382,0.548665926544618
0.942889290265903,0.0571107097340972
0.961334021277558,0.0386659787224423
0.948714291427041,0.0512857085729594
0.91629970991722,0.0837002900827805
0.957521821459138,0.042478178540862
0.819245041624518,0.180754958375482
0.92198780632611,0.0780121936738898
0.956745144066886,0.0432548559331142
0.93790232533761,0.0620976746623905
0.721256846667714,0.278743153332286
0.880105153940721,0.119894846059279
0.853187406483681,0.146812593516319
0.7943445214266,0.2056554785734
0.934589341788883,0.0654106582111171
0.945833690950181,0.0541663090498188
0.939554977013645,0.0604450229863551
0.776461869101257,0.223538130898743
0.10269426396721,0.897305736032791
0.895207952499965,0.104792047500035
0.961197452674439,0.0388025473255611
0.95485642669464,0.0451435733053603
0.914436333195206,0.0855636668047941
0.824148446216598,0.175851553783402
0.958624161260979,0.041375838739021
0.601204800976586,0.398795199023414
0.916995216062974,0.0830047839370261
0.62795199602317,0.37204800397683
0.859744727027592,0.140255272972408
0.764761022341546,0.235238977658454
0.842939673088267,0.157060326911733
0.781892996603682,0.218107003396318
0.804288744883444,0.195711255116556
0.642297983379244,0.357702016620756
0.686870791979483,0.313129208020517
0.113518409062066,0.886481590937934
0.520427729315642,0.479572270684358
0.613310356173352,0.386689643826648
0.0614775101668168,0.938522489833183
0.791964041243102,0.208035958756898
0.95403413336562,0.0459658666343795
0.731858476533551,0.268141523466449
0.689946679664809,0.310053320335191
0.191743356891023,0.808256643108977
0.789978232643712,0.210021767356288
0.680026730514352,0.319973269485648
0.674124101829149,0.325875898170851
0.958032052386716,0.041967947613284
0.541770764826346,0.458229235173654
0.242848719912207,0.757151280087793
0.935929548362272,0.0640704516377278
0.702294672900853,0.297705327099147
0.590811524496475,0.409188475503525
0.94458179866504,0.0554182013349598
0.910910349677709,0.0890896503222907
0.369444288903306,0.630555711096694
0.808265494330536,0.191734505669464
0.91949836442918,0.0805016355708196
0.85264716226039,0.14735283773961
0.581255737558296,0.418744262441704
0.647011573350407,0.352988426649593
0.438974469455163,0.561025530544837
0.855821630145665,0.144178369854335
0.0873704790518067,0.912629520948193
0.806273484458386,0.193726515541614
0.889028012924792,0.110971987075208
0.788987422741842,0.211012577258158
0.776997495098287,0.223002504901713
0.301548677928913,0.698451322071087
0.0302345996285723,0.969765400371428
0.839947690352697,0.160052309647303
0.368414454864688,0.631585545135313
0.148088421011779,0.851911578988221
0.00122208189902596,0.998777918100974
0.897074749308974,0.102925250691026
0.65353919275069,0.34646080724931
0.869234591811877,0.130765408188123
0.445277052141586,0.554722947858414
0.957200665544389,0.0427993344556115
0.612680339235378,0.387319660764622
0.890492117607497,0.109507882392503
0.773519436076579,0.226480563923421
0.512988290159262,0.487011709840738
0.384716729292401,0.615283270707599
0.610327950404288,0.389672049595712
0.0855870264591301,0.91441297354087
0.843630468733376,0.156369531266624
0.696375172632011,0.303624827367989
0.777983343866364,0.222016656133636
0.961078612688408,0.0389213873115917
0.627676543016914,0.372323456983086
0.396309689373325,0.603690310626675
0.602544838049194,0.397455161950806
0.522325730001784,0.477674269998216
0.64374765000404,0.35625234999596
0.938980063755092,0.0610199362449075
0.94018352319595,0.0598164768040497
0.583555600812287,0.416444399187713
0.868143095464668,0.131856904535332
0.908403652521466,0.0915963474785335
0.764066109607927,0.235933890392073
0.641230885165941,0.358769114834059
0.869567197303608,0.130432802696392
0.328387670017796,0.671612329982204
0.561614809536305,0.438385190463695
0.82595256328162,0.17404743671838
0.227537793882474,0.772462206117526
0.437073654407157,0.562926345592843
0.550834166468013,0.449165833531987
0.650125233739845,0.349874766260155
0.933103493481304,0.0668965065186964
0.367876609377545,0.632123390622455
0.860378020478809,0.139621979521191
0.0531280090191218,0.946871990980878
0.25087473961276,0.74912526038724
0.618954077503311,0.381045922496689
0.90318070586955,0.0968192941304503
0.921953033580883,0.0780469664191169
0.854533198599216,0.145466801400784
0.748998518764509,0.251001481235491
0.810085534527255,0.189914465472745
0.690920137889319,0.309079862110681
0.939917447418507,0.0600825525814928
0.147062580960781,0.852937419039219
0.933397784355918,0.0666022156440822
0.49854058166688,0.50145941833312
0.524536680602038,0.475463319397962
0.701561859250564,0.298438140749436
0.318086374978778,0.681913625021222
0.808138969318267,0.191861030681733
0.537761162246277,0.462238837753723
0.851719032158286,0.148280967841714
0.857680651108751,0.142319348891249
0.958594990720674,0.0414050092793262
0.956467495943599,0.0435325040564005
0.960354383675495,0.0396456163245046
0.901083983251214,0.0989160167487858
0.947004497124475,0.0529955028755252
0.846798337684911,0.153201662315089
0.593358497374128,0.406641502625872
0.947882030095878,0.0521179699041224
0.791668837643944,0.208331162356056
0.869842037291922,0.130157962708078
0.958591369331132,0.0414086306688684
0.905921347388395,0.0940786526116048
0.961345140178602,0.0386548598213976
0.915506944770949,0.0844930552290513
0.961341543151401,0.0386584568485995
0.955676094205206,0.0443239057947942
0.949926019936116,0.050073980063884
0.957817995483743,0.0421820045162568
0.947815754686701,0.0521842453132987
0.959993285133482,0.0400067148665183
0.912407833839273,0.087592166160727
0.960744419273798,0.0392555807262025
0.948227428338889,0.0517725716611112
0.961063471903511,0.038936528096489
0.945012258178158,0.0549877418218417
0.960088186801217,0.0399118131987829
0.953735110662571,0.0462648893374291
0.961343682847553,0.0386563171524466
0.879749272400764,0.120250727599236
0.95445088910647,0.0455491108935304
0.960679313991754,0.0393206860082465
0.751620690728204,0.248379309271796
0.93818537200707,0.0618146279929305
0.942153243073032,0.0578467569269681
0.954207952092732,0.0457920479072678
0.934963829132768,0.065036170867232
0.953352678006776,0.0466473219932241
0.862675521375711,0.137324478624289
0.949143774320441,0.0508562256795591
0.959264338822842,0.0407356611771582
0.753671497934915,0.246328502065085
0.957879315312303,0.042120684687697
0.961032570726296,0.0389674292737044
0.957679975601327,0.0423200243986728
0.692017301528583,0.307982698471417
0.860008646450971,0.139991353549029
0.958992509292501,0.0410074907074987
0.957351519841652,0.0426484801583478
0.930162784114736,0.0698372158852645
0.908521380641766,0.0914786193582335
0.935777053607509,0.0642229463924915
0.913107962583136,0.086892037416864
0.902964693143875,0.0970353068561248
0.949049733191877,0.050950266808123
0.958226566085086,0.0417734339149138
0.94570250625873,0.0542974937412696
0.956657556320707,0.0433424436792926
0.953394092645856,0.0466059073541442
0.940307298902266,0.0596927010977338
0.956958336616385,0.0430416633836147
0.890709816634893,0.109290183365107
0.804818334455699,0.195181665544301
0.960461295024811,0.0395387049751894
0.96095734069913,0.0390426593008696
0.954239705229673,0.0457602947703268
0.95750579701522,0.0424942029847796
0.939201769663346,0.060798230336654
0.959970230279868,0.0400297697201315
0.96032229187627,0.0396777081237304
0.960144778398042,0.0398552216019583
0.956923159113409,0.0430768408865907
0.900458600950379,0.0995413990496207
0.93621958897273,0.0637804110272698
0.954056124230969,0.0459438757690311
0.934579669841338,0.0654203301586624
0.961161821441201,0.0388381785587989
0.934926792971289,0.0650732070287106
0.884252711819251,0.115747288180749
0.944222165564787,0.055777834435213
0.924023553493904,0.0759764465060964
0.949772798498727,0.0502272015012732
0.960136972985452,0.0398630270145477
0.955293853197458,0.0447061468025425
0.93578803423155,0.06421196576845
0.955791307826237,0.044208692173763
0.959725105386907,0.040274894613093
0.956871790102013,0.0431282098979868
0.958494829307798,0.0415051706922017
0.905930997561988,0.094069002438012
0.77914603745647,0.22085396254353
0.953424945759016,0.0465750542409838
0.9427428415772,0.0572571584227995
0.959644657373048,0.0403553426269518
0.961272057632608,0.0387279423673921
0.950095931452501,0.049904068547499
0.960918990543587,0.0390810094564127
0.918841611092438,0.0811583889075621
0.902557750025318,0.0974422499746815
0.845195424473237,0.154804575526763
0.960402212378114,0.0395977876218864
0.955698039716437,0.0443019602835634
0.95515264215345,0.0448473578465497
0.882355552829559,0.117644447170441
0.960088268352647,0.0399117316473526
0.960342089120231,0.039657910879769
0.961038797512038,0.0389612024879621
0.959094491741595,0.0409055082584051
0.961161866724636,0.0388381332753642
0.958448070507142,0.0415519294928579
0.877037357277792,0.122962642722208
0.912854558124783,0.087145441875217
0.947189630021357,0.0528103699786426
0.936655239190623,0.0633447608093768
0.961189819709914,0.0388101802900862
0.948313507480085,0.0516864925199152
0.76453444481937,0.23546555518063
0.959903392174489,0.0400966078255115
0.867803887757191,0.132196112242809
0.961218735505493,0.0387812644945069
0.957014488549436,0.0429855114505637
0.93205373538846,0.0679462646115402
0.939981353413789,0.0600186465862114
0.956271189787203,0.0437288102127968
0.94231413680963,0.0576858631903702
0.960402521425533,0.039597478574467
0.960063893687805,0.0399361063121948
0.942097880580839,0.0579021194191615
0.959115184501955,0.0408848154980451
0.955309600304518,0.0446903996954821
0.957179809179806,0.0428201908201936
0.961060433147013,0.0389395668529875
0.951767587048872,0.0482324129511282
0.961170853575708,0.0388291464242916
0.951699083196897,0.048300916803103
0.955515599421873,0.0444844005781266
0.960746294323887,0.0392537056761132
0.945994964164486,0.054005035835514
0.961281933064603,0.0387180669353971
0.960498968893693,0.0395010311063068
0.961253157911399,0.038746842088601
0.960738384407437,0.039261615592563
0.959499417860473,0.0405005821395275
0.960357433839875,0.0396425661601252
0.960903345817796,0.0390966541822041
0.927186333894668,0.0728136661053319
0.960921246102744,0.039078753897256
0.95651040005963,0.0434895999403702
0.940527248280892,0.0594727517191078
0.944287465801014,0.055712534198986
0.958740620162647,0.0412593798373533
0.957589937336107,0.042410062663893
0.961117456160357,0.0388825438396428
0.951798884661235,0.048201115338765
0.949065052720406,0.0509349472795944
0.950907613467882,0.0490923865321176
0.961240266022846,0.0387597339771543
0.913686285274204,0.0863137147257959
0.949185885367341,0.0508141146326587
0.932954570983724,0.0670454290162762
0.955856446207751,0.0441435537922494
0.960858603072102,0.0391413969278983
0.960257221939772,0.0397427780602276
0.958588315589195,0.0414116844108049
0.957566321451564,0.0424336785484357
0.89952777610009,0.10047222389991
0.934272290992141,0.0657277090078588
0.956919482524056,0.0430805174759437
0.953163265509865,0.046836734490135
0.954426696195802,0.0455733038041978
0.894152253021185,0.105847746978815
0.960628398289725,0.0393716017102749
0.961313517476377,0.0386864825236233
0.957435590073986,0.0425644099260141
0.951393358877069,0.0486066411229309
0.95293718831693,0.0470628116830704
0.903534705992344,0.0964652940076562
0.95526523706482,0.0447347629351796
0.913708219644931,0.0862917803550692
0.928791576937183,0.0712084230628173
0.929349852176906,0.0706501478230939
0.838386497557215,0.161613502442785
0.94223746779574,0.0577625322042596
0.950699910899757,0.0493000891002429
0.911280902802326,0.0887190971976742
0.948258585440871,0.051741414559129
0.946198965656758,0.0538010343432423
0.953844373478167,0.0461556265218329
0.959409506388202,0.0405904936117985
0.80182057378937,0.19817942621063
0.961200476073934,0.0387995239260664
0.95535640859878,0.0446435914012201
0.961143093349187,0.0388569066508134
0.929552787463709,0.0704472125362914
0.956877714908428,0.0431222850915725
0.960834749154838,0.0391652508451623
0.939742076232986,0.0602579237670144
0.947974989014727,0.0520250109852728
0.959569704128131,0.0404302958718691
0.919438770664931,0.0805612293350694
0.854224374810593,0.145775625189407
0.956056732104886,0.0439432678951145
0.956967150011667,0.0430328499883326
0.943188338059437,0.0568116619405634
0.883092819110942,0.116907180889058
0.765783579065045,0.234216420934955
0.959918662514135,0.0400813374858647
0.960155493774236,0.0398445062257643
0.937338820492694,0.0626611795073063
0.944399197806139,0.0556008021938608
0.961281034933201,0.0387189650667986
0.841734416150769,0.158265583849231
0.808501816418157,0.191498183581843
0.955009561721289,0.0449904382787113
0.847655769754616,0.152344230245384
0.954000994286809,0.0459990057131908
0.929599964402403,0.0704000355975968
0.94822686523872,0.0517731347612803
0.957451505374801,0.0425484946251994
0.883271248802435,0.116728751197565
0.948841805848142,0.0511581941518583
0.867537667885074,0.132462332114926
0.953597505115299,0.0464024948847014
0.954688463572804,0.0453115364271963
0.96130197421592,0.0386980257840801
0.947259463450825,0.0527405365491747
0.919969012401803,0.0800309875981974
0.950766768597305,0.0492332314026951
0.884026636779712,0.115973363220288
0.912720663546238,0.0872793364537622
0.931547245341079,0.0684527546589205
0.947575974983369,0.0524240250166308
0.834033880098977,0.165966119901023
0.947739371032706,0.0522606289672939
0.950458584441541,0.0495414155584586
0.961286838324429,0.0387131616755714
0.961103410993665,0.0388965890063349
0.960492783817689,0.0395072161823112
0.920558898736233,0.0794411012637675
0.960724572680341,0.0392754273196589
0.956766950184842,0.0432330498151576
0.838374030349791,0.161625969650209
0.960254899309741,0.0397451006902588
0.959944599975971,0.0400554000240292
0.934930640129732,0.0650693598702683
0.91288966892018,0.0871103310798196
0.960929904423655,0.0390700955763452
0.952519949355088,0.047480050644912
0.946387249501651,0.0536127504983488
0.924429697123066,0.0755703028769337
0.936735545032651,0.0632644549673492
0.816737255955906,0.183262744044094
0.948915869451297,0.051084130548703
0.960016727696383,0.0399832723036174
0.960353879509278,0.039646120490722
0.961097210464611,0.0389027895353894
0.957302403280681,0.0426975967193194
0.960291153399515,0.039708846600485
0.943858143604861,0.0561418563951389
0.932019038294564,0.0679809617054362
0.95180107937855,0.0481989206214505
0.874925937324275,0.125074062675725
0.961300781467844,0.038699218532156
0.960596472122144,0.0394035278778561
0.943659136755959,0.0563408632440411
0.377804166723717,0.622195833276283
0.569940649513616,0.430059350486384
0.872926741066148,0.127073258933852
0.937616033447886,0.0623839665521141
0.733459533895639,0.266540466104361
0.891072755739878,0.108927244260122
0.929684278861638,0.070315721138362
0.876588796475569,0.123411203524431
0.955622501182679,0.0443774988173212
0.96081634057945,0.0391836594205501
0.944500689689117,0.0554993103108834
0.941679495571195,0.058320504428805
0.942372832163262,0.0576271678367376
0.93984229699788,0.06015770300212
0.705033713343824,0.294966286656176
0.780088472177963,0.219911527822037
0.934046108891786,0.065953891108214
0.873470543927745,0.126529456072255
0.910760556009875,0.0892394439901248
0.956212986054642,0.0437870139453583
0.961302679737005,0.0386973202629952
0.94741426258405,0.0525857374159497
0.886007093646561,0.113992906353439
0.94682984133356,0.0531701586664403
0.924011321357089,0.0759886786429109
0.958189699020178,0.0418103009798222
0.96059048623528,0.0394095137647199
0.848622551090257,0.151377448909743
0.961216341110193,0.0387836588898065
0.95557729045972,0.0444227095402804
0.959308480303503,0.0406915196964971
0.959154781464981,0.0408452185350191
0.907185682632493,0.0928143173675071
0.959959055020135,0.0400409449798651
0.939707772910913,0.0602922270890871
0.960666562722117,0.0393334372778833
0.510887343390804,0.489112656609196
0.944352012471645,0.0556479875283551
0.836864475438865,0.163135524561135
0.81342830344667,0.18657169655333
0.952953559641287,0.0470464403587126
0.568001787138362,0.431998212861638
0.725973066267614,0.274026933732386
0.915057358229137,0.0849426417708626
0.930757637029013,0.0692423629709866
0.0232365024075125,0.976763497592487
0.575540614988722,0.424459385011278
0.937126690536883,0.0628733094631166
0.947642166070043,0.0523578339299572
0.73189062296448,0.26810937703552
0.807482481573268,0.192517518426732
0.480222467349895,0.519777532650105
0.91312492104524,0.08687507895476
0.838881226189257,0.161118773810743
0.921797088086015,0.0782029119139852
0.955451512366102,0.0445484876338981
0.860812827010466,0.139187172989534
0.341321357864294,0.658678642135706
0.94414699149014,0.0558530085098604
0.905203588728915,0.0947964112710847
0.769954445879947,0.230045554120053
0.868344113851507,0.131655886148493
0.640850177854771,0.359149822145229
0.758205389625395,0.241794610374605
0.952006318118658,0.047993681881342
0.689776255101583,0.310223744898417
0.831381790532677,0.168618209467323
0.656913625923882,0.343086374076118
0.957777578987201,0.0422224210127986
0.923485161744412,0.0765148382555881
0.314725377834985,0.685274622165015
0.943581161143484,0.0564188388565159
0.960925953605767,0.0390740463942333
0.690263251657515,0.309736748342485
0.591088624421395,0.408911375578605
0.941052432860542,0.0589475671394578
0.448278088688933,0.551721911311067
0.840500509528924,0.159499490471076
0.891155875065248,0.108844124934752
0.620538478507963,0.379461521492037
0.922822788627859,0.077177211372141
0.92587307135679,0.0741269286432097
0.920790085595506,0.0792099144044942
0.892312378740684,0.107687621259316
0.87781354028959,0.12218645971041
0.769047188541161,0.230952811458839
0.642734230570298,0.357265769429702
0.863421390579838,0.136578609420162
0.651264361654571,0.348735638345429
0.959764917751777,0.0402350822482233
0.940500317588963,0.0594996824110372
0.366541369268198,0.633458630731802
0.958076100329982,0.0419238996700178
0.948151687507945,0.0518483124920555
0.755144098505379,0.244855901494621
0.933007332778048,0.0669926672219522
0.820151810932996,0.179848189067004
0.913962203296231,0.0860377967037691
0.950870224578216,0.049129775421784
0.958414430398491,0.0415855696015086
0.851627767002753,0.148372232997247
0.930547946334525,0.0694520536654746
0.890152299700274,0.109847700299726
0.242413327647003,0.757586672352997
0.24800952741916,0.75199047258084
0.948971378591007,0.0510286214089933
0.904814803955427,0.0951851960445725
0.887055753179213,0.112944246820787
0.398825980650123,0.601174019349877
0.189184946880755,0.810815053119245
0.723187057159342,0.276812942840658
0.920847485424987,0.0791525145750129
0.960633842198833,0.0393661578011667
0.960704636401148,0.0392953635988518
0.901960434169638,0.098039565830362
0.898885423661644,0.101114576338356
0.958101768313357,0.0418982316866433
0.841633833958768,0.158366166041232
0.95114590021144,0.0488540997885604
0.890218656157815,0.109781343842185
0.933299641647664,0.0667003583523365
0.918192390284596,0.0818076097154036
0.908921094206277,0.0910789057937229
0.940790950141347,0.0592090498586529
0.890025583731433,0.109974416268567
0.953315503181963,0.0466844968180371
0.893482577559638,0.106517422440362
0.958308279271157,0.041691720728843
0.867923725962925,0.132076274037075
0.848792182403902,0.151207817596098
0.951065994334366,0.0489340056656339
0.910845803390845,0.0891541966091549
0.960487343555382,0.0395126564446181
0.831880899313228,0.168119100686772
0.929248621825155,0.0707513781748448
0.879490752369803,0.120509247630197
0.928364049272926,0.0716359507270736
0.957782722527213,0.0422172774727873
0.937193202314857,0.0628067976851427
0.939494467797111,0.0605055322028893
0.860496689762649,0.139503310237351
0.947866448732097,0.0521335512679028
0.954398750726617,0.0456012492733829
0.838701420563788,0.161298579436212
0.960643946487709,0.0393560535122913
0.921851792520057,0.0781482074799429
0.955723188778281,0.0442768112217194
0.960774554661208,0.0392254453387924
0.829680342899573,0.170319657100427
0.955531761110814,0.0444682388891858
0.529741967890186,0.470258032109814
0.886149245696414,0.113850754303586
0.852439627212114,0.147560372787886
0.957639229319251,0.0423607706807493
0.880250251354396,0.119749748645604
0.811809190745102,0.188190809254898
0.578393779428917,0.421606220571083
0.898780405515154,0.101219594484846
0.84419294386892,0.15580705613108
0.92646753625131,0.0735324637486903
0.566129954677776,0.433870045322224
0.961498512909627,0.0385014870903735
0.945522271525142,0.0544777284748578
0.902067351544524,0.0979326484554763
0.835143260507285,0.164856739492715
0.908118357469185,0.0918816425308152
0.942624936531993,0.0573750634680067
0.777857877710166,0.222142122289834
0.829712286671694,0.170287713328306
0.949331053713272,0.0506689462867281
0.805646539621209,0.194353460378791
0.875518447955581,0.124481552044419
0.95810639198777,0.0418936080122301
0.960589008125033,0.0394109918749667
0.911309944240342,0.0886900557596577
0.954218571707591,0.0457814282924093
0.645375300801105,0.354624699198895
0.954370202638582,0.0456297973614178
0.925143146916747,0.0748568530832534
0.954751510630705,0.0452484893692947
0.960177010005208,0.0398229899947916
0.960963308367223,0.0390366916327771
0.958858729950749,0.0411412700492515
0.930970561282893,0.0690294387171068
0.899231443516193,0.100768556483807
0.917925238547531,0.0820747614524691
0.943262920393151,0.0567370796068489
0.955132926638198,0.0448670733618016
0.846685405220125,0.153314594779875
0.961703289610223,0.0382967103897768
0.960688606761799,0.0393113932382008
0.961520383854706,0.0384796161452945
0.95043933091358,0.0495606690864198
0.868840252479684,0.131159747520316
0.599860925945415,0.400139074054585
0.624944588418762,0.375055411581238
0.894745967696244,0.105254032303756
0.931569321641039,0.0684306783589607
0.961274162628159,0.0387258373718407
0.953074845626705,0.0469251543732953
0.937440037809185,0.0625599621908155
0.707245101102127,0.292754898897873
0.881787870814547,0.118212129185453
0.92783000729194,0.0721699927080596
0.462076607577416,0.537923392422583
0.905207317959496,0.0947926820405037
0.623082078714901,0.376917921285099
0.949492198574131,0.050507801425869
0.919249924076132,0.0807500759238678
0.927019179051002,0.0729808209489985
0.92097346070889,0.07902653929111
0.961623716339844,0.0383762836601556
0.782850141430902,0.217149858569098
0.929179691616339,0.0708203083836607
0.961597174242536,0.0384028257574638
0.94511399106601,0.0548860089339902
0.961686061696004,0.0383139383039955
0.851177691894276,0.148822308105724
0.923003416637218,0.0769965833627824
0.894986706735714,0.105013293264286
0.934563692500223,0.0654363074997772
0.845894069219244,0.154105930780756
0.889409596901368,0.110590403098632
0.941143197478981,0.0588568025210189
0.931053927209531,0.0689460727904694
0.775930473776648,0.224069526223352
0.957924481570295,0.0420755184297051
0.941077218747732,0.0589227812522684
0.853263356308714,0.146736643691286
0.920051795959798,0.0799482040402019
0.949941040239167,0.0500589597608333
0.931314935011829,0.068685064988171
0.91002344442755,0.08997655557245
0.874790383900659,0.125209616099341
0.953828621629393,0.0461713783706066
0.957715498798016,0.0422845012019837
0.961003049590006,0.0389969504099942
0.902521736032445,0.0974782639675545
0.954367576033322,0.0456324239666784
0.891311947072234,0.108688052927766
0.929716943228752,0.0702830567712485
0.956263929691713,0.043736070308287
0.941557978894993,0.058442021105007
0.511525487942625,0.488474512057375
0.961314778867161,0.0386852211328392
0.950050343487213,0.0499496565127866
0.961495111635106,0.0385048883648944
0.955278547766355,0.0447214522336453
0.952339808477792,0.0476601915222078
0.961428337799459,0.0385716622005411
0.960321435479287,0.0396785645207134
0.937178899431096,0.0628211005689043
0.958449752874487,0.041550247125513
0.936703001553769,0.0632969984462313
0.947841231346971,0.0521587686530294
0.936343162142288,0.0636568378577116
0.955570964969898,0.0444290350301022
0.952726587015946,0.0472734129840537
0.907222874200802,0.0927771257991984
0.913899457815817,0.0861005421841831
0.872556265027923,0.127443734972077
0.953998914601002,0.0460010853989982
0.96156372734574,0.0384362726542598
0.85261767321591,0.14738232678409
0.958434609452844,0.0415653905471559
0.961579638714847,0.0384203612851527
0.961461252743208,0.0385387472567921
0.960471642707363,0.0395283572926375
0.957712121191722,0.0422878788082778
0.92068479041477,0.07931520958523
0.956838089356144,0.0431619106438559
0.961056397291701,0.0389436027082987
0.961120683827437,0.0388793161725635
0.950713642075794,0.0492863579242058
0.859044840401001,0.140955159598999
0.961104030337533,0.0388959696624672
0.958475735118695,0.0415242648813047
0.94413304557149,0.0558669544285102
0.954551445598641,0.0454485544013591
0.960676833912501,0.0393231660874993
0.941209363907242,0.0587906360927585
0.95638810074796,0.0436118992520403
0.961292667875497,0.0387073321245032
0.944102612539064,0.0558973874609359
0.932612608194699,0.067387391805301
0.921787670260744,0.0782123297392555
0.809558915007315,0.190441084992685
0.949504629278365,0.0504953707216347
0.936970243560018,0.063029756439982
0.960989605053585,0.039010394946415
0.961527628789657,0.0384723712103433
0.926537384540491,0.0734626154595091
0.835294111193361,0.164705888806639
0.937587595143617,0.0624124048563832
0.958407672336675,0.0415923276633249
0.95069694128567,0.0493030587143302
0.935646183426005,0.0643538165739949
0.956633106514215,0.0433668934857847
0.961019602476829,0.0389803975231708
0.913448502354304,0.0865514976456956
0.950520502814405,0.0494794971855947
0.938617037656807,0.0613829623431934
0.959160780519142,0.040839219480858
0.957081189807189,0.0429188101928111
0.928778203296683,0.0712217967033173
0.960322797284268,0.0396772027157316
0.946611626041763,0.0533883739582369
0.945638701558015,0.0543612984419851
0.936394392161724,0.0636056078382764
0.956539826644277,0.0434601733557234
0.952596379467649,0.047403620532351
0.942847153836379,0.0571528461636215
0.942175490719978,0.0578245092800219
0.846549064200521,0.153450935799479
0.957975994140162,0.0420240058598385
0.933709281271193,0.0662907187288074
0.86795442051421,0.13204557948579
0.960995236252709,0.0390047637472911
0.956949230320625,0.0430507696793752
0.960110288144545,0.0398897118554554
0.956344326034611,0.0436556739653892
0.941617610122323,0.0583823898776769
0.958627787900633,0.041372212099367
0.961608427166916,0.038391572833084
0.933658089165872,0.0663419108341275
0.957744250034751,0.0422557499652489
0.551408106883061,0.448591893116939
0.914194536027792,0.0858054639722076
0.953777599425511,0.0462224005744886
0.961217877371764,0.038782122628236
0.961172547994012,0.038827452005988
0.957929049283182,0.0420709507168183
0.922880951423839,0.0771190485761606
0.95398649143898,0.0460135085610197
0.883805272119986,0.116194727880014
0.939860661832652,0.0601393381673483
0.952153771310896,0.0478462286891044
0.961075946881625,0.0389240531183753
0.957586885446012,0.0424131145539881
0.958997876532068,0.0410021234679319
0.948131036057528,0.0518689639424722
0.496300712642575,0.503699287357425
0.958693438415339,0.0413065615846607
0.930041461529426,0.0699585384705741
0.94974771802919,0.05025228197081
0.953974651071305,0.0460253489286949
0.946369671559626,0.0536303284403743
0.960346578867172,0.0396534211328277
0.942700066767024,0.0572999332329757
0.772068767746321,0.227931232253679
0.923698793579706,0.0763012064202939
0.961447722186465,0.0385522778135345
0.888119894026183,0.111880105973817
0.961280275280307,0.038719724719693
0.961132278537536,0.0388677214624636
0.961461793088723,0.038538206911277
0.948396792964216,0.0516032070357837
0.96151916420791,0.0384808357920902
0.955847163935389,0.0441528360646111
0.925385160959968,0.0746148390400319
0.959702658818995,0.0402973411810046
0.959542860662067,0.0404571393379326
0.953455451520589,0.046544548479411
0.958602342253917,0.0413976577460834
0.900552409996928,0.0994475900030719
0.957320740273717,0.0426792597262828
0.951091411276383,0.048908588723617
0.960567145823842,0.0394328541761578
0.960061430254541,0.0399385697454587
0.784184904639505,0.215815095360495
0.929140032377279,0.0708599676227213
0.949177944080647,0.0508220559193534
0.950228070645265,0.0497719293547351
0.960068421731079,0.0399315782689206
0.947695037078684,0.0523049629213156
0.959168818209718,0.0408311817902823
0.928793694157077,0.071206305842923
0.961316060621904,0.0386839393780957
0.958608154854065,0.0413918451459352
0.944592142766421,0.055407857233579
0.95373464393426,0.0462653560657402
0.954295636499587,0.0457043635004132
0.942658256935003,0.0573417430649973
0.961527032917007,0.0384729670829929
0.949541693387305,0.050458306612695
0.960911830894961,0.0390881691050394
0.953424006489283,0.0465759935107171
0.961406335783147,0.0385936642168534
0.96027931139662,0.0397206886033797
0.916318723853642,0.0836812761463582
0.935531467897974,0.0644685321020264
0.961045312104591,0.0389546878954095
0.960810824112234,0.039189175887766
0.960991327843905,0.039008672156095
0.958689269364802,0.0413107306351984
0.953174015517034,0.0468259844829658
0.95887777283105,0.0411222271689496
0.958418055884474,0.0415819441155256
0.961532576302924,0.0384674236970758
0.959378220066838,0.040621779933162
0.960651855220914,0.0393481447790855
0.961421148485858,0.038578851514142
0.948859513168705,0.0511404868312948
0.949715011324223,0.0502849886757766
0.961522120221274,0.0384778797787264
0.961465244485283,0.0385347555147166
0.913273279903607,0.0867267200963934
0.961534260661278,0.0384657393387222
0.959095781767134,0.0409042182328656
0.955692486147052,0.0443075138529478
0.957350362009714,0.0426496379902863
0.960663669154426,0.039336330845574
0.952792759718544,0.047207240281456
0.954194755258634,0.0458052447413656
0.955021544102954,0.0449784558970461
0.947826866303124,0.0521731336968756
0.903683117703047,0.0963168822969529
0.960468680930767,0.0395313190692326
0.898624741483702,0.101375258516298
0.738822769828243,0.261177230171757
0.960621947787015,0.0393780522129852
0.960606593863535,0.0393934061364648
0.958800197481214,0.0411998025187855
0.923788053599047,0.076211946400953
0.958381541333317,0.0416184586666831
0.960406479765724,0.0395935202342764
0.961364797201475,0.0386352027985248
0.961153793380369,0.0388462066196312
0.948739399140875,0.0512606008591251
0.961345719803736,0.0386542801962644
0.947469575514151,0.0525304244858488
0.943020330564563,0.0569796694354366
0.956284033072718,0.0437159669272815
0.961500430468268,0.0384995695317317
0.944432243568205,0.0555677564317947
0.954935600648151,0.0450643993518495
0.960226216759084,0.0397737832409155
0.842705040438925,0.157294959561075
0.8638882376627,0.1361117623373
0.961481805337972,0.0385181946620281
0.958894096252169,0.0411059037478314
0.96131571850216,0.0386842814978403
0.961154920458324,0.0388450795416759
0.850113076018472,0.149886923981528
0.949991969005425,0.0500080309945747
0.81986471811154,0.18013528188846
0.907597409310486,0.0924025906895138
0.929033176562941,0.0709668234370591
0.917575367298277,0.0824246327017225
0.954722300683037,0.0452776993169633
0.958680493096104,0.0413195069038956
0.918221509799304,0.0817784902006964
0.959484559687791,0.0405154403122088
0.959588821750561,0.0404111782494392
0.855265480901418,0.144734519098582
0.894166476875419,0.105833523124581
0.96129464776422,0.0387053522357798
0.924745415548223,0.0752545844517766
0.858644710874588,0.141355289125412
0.960458612425476,0.0395413875745235
0.921889793621936,0.0781102063780639
0.579016498714326,0.420983501285674
0.959229307249007,0.0407706927509933
0.96147992621329,0.0385200737867101
0.948821522894507,0.0511784771054932
0.885597227903817,0.114402772096183
0.951170140277074,0.048829859722926
0.958593564041629,0.0414064359583712
0.95645274879982,0.0435472512001802
0.911809590649626,0.0881904093503736
0.929127724810937,0.0708722751890632
0.940918173215631,0.0590818267843692
0.688879758311317,0.311120241688683
0.66653757592564,0.33346242407436
0.873317856726697,0.126682143273303
0.960461898646302,0.0395381013536978
0.942214275737751,0.0577857242622493
0.861532889112958,0.138467110887042
0.855819315067998,0.144180684932002
0.96147600759036,0.0385239924096403
0.841055065315229,0.158944934684771
0.956572687194709,0.0434273128052906
0.959926864783711,0.0400731352162893
0.955261346535883,0.0447386534641174
0.880448128919202,0.119551871080798
0.950987931007475,0.0490120689925254
0.944879055962798,0.0551209440372017
0.941022612536886,0.0589773874631141
0.960359666230129,0.0396403337698706
0.951199280247748,0.0488007197522524
0.919403573116506,0.0805964268834944
0.921589885517099,0.0784101144829008
0.945599134023519,0.0544008659764809
0.874356585038661,0.125643414961339
0.958272767246228,0.0417272327537723
0.955240906932664,0.0447590930673356
0.947718964816309,0.0522810351836909
0.961465079021666,0.038534920978334
0.945765946466987,0.0542340535330131
0.95870178405509,0.0412982159449103
0.945912886696298,0.0540871133037022
0.932859931350422,0.067140068649578
0.411948411280908,0.588051588719092
0.932201900005515,0.0677980999944851
0.951923390737945,0.0480766092620546
0.882357549137363,0.117642450862637
0.839174656815103,0.160825343184897
0.951992749245618,0.0480072507543816
0.961330582274102,0.0386694177258978
0.928474068205664,0.0715259317943355
0.941497853487434,0.058502146512566
0.907504667792182,0.0924953322078178
0.921288587618327,0.0787114123816728
0.92817756071836,0.0718224392816397
0.959041408271148,0.0409585917288519
0.933615773119919,0.0663842268800814
0.956339283196589,0.0436607168034114
0.911258316956002,0.088741683043998
0.464574123348782,0.535425876651218
0.895832143018953,0.104167856981047
0.944854867060735,0.0551451329392654
0.951316372758682,0.0486836272413176
0.95556407045988,0.0444359295401197
0.958934898617916,0.0410651013820836
0.920948691413424,0.0790513085865764
0.841249275993645,0.158750724006355
0.92106219175641,0.0789378082435902
0.938412008583945,0.0615879914160545
0.948930805824763,0.0510691941752373
0.78838336072983,0.21161663927017
0.950202313542326,0.0497976864576741
0.944272191649812,0.0557278083501884
0.906451858962769,0.0935481410372314
0.943456084011537,0.0565439159884634
0.953208900475429,0.0467910995245708
0.74883135725343,0.25116864274657
0.961423375645229,0.0385766243547706
0.260551656107922,0.739448343892078
0.957359100192561,0.0426408998074393
0.961383878084509,0.0386161219154909
0.696248621851335,0.303751378148665
0.960006086616178,0.0399939133838219
0.929246054913374,0.0707539450866262
0.324911536419817,0.675088463580183
0.744996352781007,0.255003647218993
0.793282852983403,0.206717147016597
0.961516761036993,0.0384832389630068
0.894108710132841,0.105891289867159
0.956731584039844,0.0432684159601557
0.956782346484472,0.0432176535155283
0.921078594526895,0.0789214054731048
0.957673885465036,0.0423261145349638
0.944735417520664,0.055264582479336
0.946449988320575,0.0535500116794254
0.899710912396714,0.100289087603286
0.751703930459116,0.248296069540884
0.954158930696435,0.0458410693035649
0.931492395621549,0.0685076043784512
0.524045934654639,0.475954065345361
0.949429599177457,0.0505704008225434
0.960910026078397,0.0390899739216026
0.940696671002453,0.0593033289975473
0.954774466939119,0.0452255330608812
0.961581448952896,0.0384185510471043
0.878802586092626,0.121197413907374
0.944020134829855,0.0559798651701446
0.719953586203184,0.280046413796816
0.584512856725107,0.415487143274893
0.896954103282576,0.103045896717424
0.954032143640156,0.0459678563598439
0.951972089640017,0.048027910359983
0.954889783523527,0.0451102164764734
0.872029561556096,0.127970438443904
0.960351106250791,0.039648893749209
0.957154105832508,0.042845894167492
0.944233346100048,0.0557666538999522
0.961016918374359,0.0389830816256411
0.958736202583276,0.0412637974167245
0.937528282645868,0.0624717173541319
0.960965091976879,0.039034908023121
0.961100264141977,0.0388997358580231
0.958661072845453,0.0413389271545472
0.882889666958082,0.117110333041918
0.939318152148214,0.0606818478517864
0.955576747873981,0.0444232521260187
0.937735863119059,0.0622641368809415
0.960982539068198,0.039017460931802
0.880104633716604,0.119895366283396
0.955075659429806,0.0449243405701942
0.92396763470439,0.0760323652956099
0.880013466058903,0.119986533941097
0.91416684747964,0.0858331525203597
0.961660278866635,0.0383397211333646
0.956987596486009,0.0430124035139907
0.925331179976088,0.0746688200239123
0.890709564836659,0.109290435163341
0.794929735749029,0.205070264250971
0.882228376356081,0.117771623643919
0.868342484050969,0.131657515949031
0.929379983513538,0.0706200164864624
0.90102422842739,0.0989757715726098
0.92918805353314,0.0708119464668598
0.734659137428999,0.265340862571001
0.952459446959044,0.0475405530409556
0.960506176787778,0.0394938232122216
0.956255392228424,0.0437446077715755
0.961630680070926,0.0383693199290741
0.9327961874411,0.0672038125589
0.856801950811766,0.143198049188234
0.959786037724357,0.0402139622756434
0.653528268954037,0.346471731045963
0.961122021854298,0.0388779781457023
0.950903717055087,0.0490962829449129
0.905482066353361,0.0945179336466387
0.956625188578412,0.0433748114215878
0.932590478231163,0.0674095217688373
0.949366119512245,0.0506338804877553
0.868030937658797,0.131969062341203
0.944512051923374,0.0554879480766258
0.960750737889602,0.0392492621103976
0.930704019303558,0.0692959806964422
0.951383038091536,0.0486169619084639
0.960504773477672,0.0394952265223277
0.932198935092639,0.0678010649073609
0.931794121790917,0.0682058782090831
0.927077091309377,0.0729229086906228
0.944137035646137,0.0558629643538634
0.960157886661017,0.0398421133389826
0.952421385622625,0.0475786143773747
0.873088893489343,0.126911106510657
0.854080999872132,0.145919000127868
0.919986471612037,0.0800135283879635
0.960270066433017,0.039729933566983
0.897812897397722,0.102187102602278
0.95637244010636,0.04362755989364
0.949630348867585,0.0503696511324148
0.857358819080437,0.142641180919563
0.307746885876211,0.692253114123789
0.669482589668141,0.330517410331859
0.692692027887873,0.307307972112127
0.939717366710852,0.0602826332891476
0.959858866221989,0.0401411337780105
0.86174451763153,0.13825548236847
0.921558468330334,0.0784415316696663
0.942796104186299,0.0572038958137012
0.919954867753453,0.0800451322465466
0.956361023678331,0.0436389763216688
0.888800886886431,0.111199113113569
0.912711815937162,0.0872881840628383
0.884812937759657,0.115187062240343
0.795164360933079,0.204835639066921
0.920072527892339,0.0799274721076608
0.954174916177069,0.0458250838229306
0.951523978373781,0.0484760216262193
0.925596855852659,0.0744031441473413
0.660816632872045,0.339183367127955
0.590480263095986,0.409519736904014
0.74852875423125,0.25147124576875
0.961463555036979,0.0385364449630209
0.834987798189552,0.165012201810448
0.850089049181672,0.149910950818328
0.900897060579922,0.0991029394200778
0.890310732692283,0.109689267307717
0.855847535902876,0.144152464097124
0.739649816112505,0.260350183887495
0.944630781511736,0.0553692184882641
0.782342730221907,0.217657269778093
0.950292441204806,0.0497075587951944
0.959866984823546,0.0401330151764541
0.121156295092736,0.878843704907264
0.0558721471946886,0.944127852805311
0.961730815589488,0.0382691844105119
0.917686349766778,0.0823136502332216
0.950757866966497,0.0492421330335033
0.897275603911826,0.102724396088174
0.684477988326086,0.315522011673914
0.353807171538634,0.646192828461366
0.862502757537189,0.137497242462811
0.933022676000289,0.0669773239997115
0.833516104767187,0.166483895232813
0.935589241229427,0.0644107587705728
0.0741129872309323,0.925887012769068
0.506177955330058,0.493822044669942
0.877436666851711,0.122563333148289
0.934903470953877,0.0650965290461232
0.945545964877519,0.0544540351224808
0.955751860341752,0.0442481396582478
0.820577996392079,0.179422003607921
0.909974683733414,0.0900253162665864
0.951887649538329,0.0481123504616713
0.902328828956112,0.0976711710438879
0.333982608270048,0.666017391729952
0.961539838895965,0.0384601611040351
0.772939213604861,0.227060786395139
0.371635204541383,0.628364795458617
0.509911927442193,0.490088072557807
0.915030578434178,0.0849694215658223
0.954062343426779,0.0459376565732207
0.934024872130844,0.0659751278691556
0.922338402927103,0.0776615970728967
0.961473752634829,0.038526247365171
0.821893255401644,0.178106744598356
0.906054530118933,0.0939454698810669
0.683803571971087,0.316196428028913
0.954709899632751,0.045290100367249
0.834211594818466,0.165788405181534
0.846169239671504,0.153830760328496
0.609647318802615,0.390352681197385
0.398250266509423,0.601749733490577
0.724026299417613,0.275973700582387
0.496285545435018,0.503714454564982
0.910240971807774,0.0897590281922257
0.891520894452971,0.108479105547029
0.958941802215501,0.0410581977844987
0.961236213206054,0.038763786793946
0.944277622528262,0.0557223774717382
0.957880300683871,0.0421196993161286
0.947529756719426,0.052470243280574
0.958334715753632,0.0416652842463683
0.954826398164324,0.0451736018356763
0.448304218043276,0.551695781956724
0.958693760864859,0.0413062391351406
0.661408086383251,0.338591913616749
0.486654701755669,0.513345298244331
0.84751230628683,0.15248769371317
0.831214227167611,0.168785772832389
0.960676247352829,0.039323752647171
0.0115137219745414,0.988486278025459
0.487090434126726,0.512909565873274
0.121603145018225,0.878396854981775
0.673647337841434,0.326352662158566
0.921973683495895,0.0780263165041052
0.660735266983325,0.339264733016675
0.948856820247062,0.0511431797529381
0.84968926541938,0.15031073458062
0.957578624676567,0.0424213753234333
0.000514070816292334,0.999485929183708
0.792407316562963,0.207592683437037
0.873976262801058,0.126023737198942
0.638484886321595,0.361515113678405
0.346830190437732,0.653169809562268
0.64403759713682,0.35596240286318
0.88078853898235,0.11921146101765
0.00575411148771536,0.994245888512285
0.0791601880293222,0.920839811970678
0.768014182083707,0.231985817916293
0.165766948776245,0.834233051223755
0.80265916412872,0.19734083587128
0.703382717508123,0.296617282491877
0.738600054719271,0.261399945280729
0.752864437690497,0.247135562309503
0.156341188038472,0.843658811961528
0.666284776767861,0.333715223232139
0.863850574252052,0.136149425747948
0.909053020210569,0.0909469797894311
0.888269139258402,0.111730860741598
0.601126928742842,0.398873071257158
0.91586150938291,0.0841384906170898
0.914789061209238,0.0852109387907617
0.57911279606585,0.42088720393415
0.302804075057834,0.697195924942166
0.236403030435811,0.763596969564189
0.712520200923358,0.287479799076642
0.0431430229829252,0.956856977017075
0.000677765633972595,0.999322234366027
0.440654091932064,0.559345908067936
0.641965176564148,0.358034823435852
0.847933821875819,0.152066178124181
0.331749261912102,0.668250738087898
0.881871182887261,0.118128817112739
0.917794394430406,0.0822056055695943
0.779873062429078,0.220126937570922
0.912032462733827,0.0879675372661729
0.00509358616707131,0.994906413832929
0.690486923751473,0.309513076248527
0.663359705560946,0.336640294439054
0.438144699091218,0.561855300908782
0.723212427714341,0.276787572285659
0.933788792493813,0.0662112075061868
0.684951843497376,0.315048156502624
0.361071726547621,0.638928273452379
0.754461398241943,0.245538601758057
0.546023627394354,0.453976372605646
0.9120024728292,0.0879975271707997
0.876860000364245,0.123139999635755
0.900133468978924,0.0998665310210757
0.826949795384793,0.173050204615207
0.0116431836163159,0.988356816383684
0.0236070585858873,0.976392941414113
0.813408532997137,0.186591467002863
0.640287489567952,0.359712510432048
0.481657611662657,0.518342388337343
0.863609743275177,0.136390256724823
0.917710792802227,0.0822892071977734
0.0578326998947274,0.942167300105273
0.568098537224036,0.431901462775964
0.123511657599085,0.876488342400916
0.814911040028235,0.185088959971765
0.437633716937348,0.562366283062652
0.880611213799651,0.119388786200349
0.889124289027158,0.110875710972842
0.702921916562838,0.297078083437162
0.872350740004764,0.127649259995236
0.911079823896056,0.088920176103944
0.890067216144023,0.109932783855977
0.919165755930843,0.0808342440691565
0.645039967485428,0.354960032514572
0.728553922309317,0.271446077690683
0.903086081969982,0.0969139180300185
0.928710311981099,0.0712896880189007
0.947010588480816,0.0529894115191836
0.453104709261435,0.546895290738565
0.960873606874801,0.0391263931251988
0.653006610547014,0.346993389452986
0.955861027994654,0.0441389720053458
0.907540316431531,0.0924596835684693
0.103310382746103,0.896689617253897
0.655849690815564,0.344150309184436
0.956872490358847,0.0431275096411528
0.461666320267729,0.538333679732271
0.729831162382942,0.270168837617058
0.613945595483644,0.386054404516356
0.565051603004878,0.434948396995122
0.486583068581198,0.513416931418802
0.248180445891642,0.751819554108358
0.8334057660735,0.1665942339265
0.569162446239585,0.430837553760415
0.741055422186396,0.258944577813604
0.938372558301314,0.0616274416986861
0.950352362651887,0.0496476373481133
0.94990674662332,0.0500932533766797
0.466520506445364,0.533479493554636
0.686837641983907,0.313162358016093
0.67032335457012,0.32967664542988
0.920350683965272,0.0796493160347281
0.769821255691806,0.230178744308194
0.00134160086071663,0.998658399139283
0.479777368506741,0.520222631493259
0.257254222573334,0.742745777426666
0.0115365367102458,0.988463463289754
0.0111529513057347,0.988847048694265
0.294345859515432,0.705654140484568
0.00497082282168079,0.995029177178319
0.509375101090008,0.490624898909992
0.0735361999771504,0.92646380002285
0.711425174958036,0.288574825041964
0.670071382773752,0.329928617226248
0.85923392383102,0.14076607616898
0.0423387746169887,0.957661225383011
0.435158320196606,0.564841679803394
0.684448147297725,0.315551852702275
0.70626227166392,0.29373772833608
0.0862861549311916,0.913713845068808
0.0391809084007139,0.960819091599286
0.22818888893871,0.77181111106129
0.126063398960056,0.873936601039944
0.375662465007962,0.624337534992038
0.516460514738,0.483539485262
0.155929662035781,0.844070337964219
0.864751409212026,0.135248590787974
0.456195366260321,0.543804633739679
0.571286276017343,0.428713723982657
0.343426784088632,0.656573215911368
0.403832347796855,0.596167652203145
0.330529993832896,0.669470006167104
0.704879478938111,0.295120521061889
0.319102375786239,0.680897624213761
0.691037498418616,0.308962501581384
0.878133943886524,0.121866056113476
0.865946950646026,0.134053049353974
0.0371081157562349,0.962891884243765
0.451866697507039,0.548133302492961
0.176965787768115,0.823034212231885
0.0904072581942024,0.909592741805798
0.132341570745848,0.867658429254152
0.387882638207578,0.612117361792422
0.468420819403953,0.531579180596047
0.646148312548326,0.353851687451674
0.181568548794529,0.818431451205471
0.343594558512373,0.656405441487627
0.124928944494353,0.875071055505647
0.208702845537455,0.791297154462545
0.76021539875515,0.23978460124485
0.685970209310519,0.314029790689481
0.282596722381623,0.717403277618377
0.651383458829989,0.348616541170011
0.913505862588872,0.0864941374111278
0.116203810031854,0.883796189968146
0.719140762805644,0.280859237194356
0.00371552756325894,0.996284472436741
0.00959329811983253,0.990406701880167
0.0398605623919304,0.96013943760807
0.661128018866348,0.338871981133652
0.791486458070216,0.208513541929784
0.302418130278002,0.697581869721998
0.670764569588571,0.329235430411429
0.751509851051539,0.248490148948461
0.597376827630886,0.402623172369114
0.927481458944427,0.0725185410555726
0.821240920245775,0.178759079754225
0.0324120831193097,0.96758791688069
0.852028858994946,0.147971141005054
0.868146345930615,0.131853654069385
0.16364135519764,0.83635864480236
0.000698871397052292,0.999301128602948
0.65448868985608,0.34551131014392
0.920905262375833,0.0790947376241671
0.182420960932505,0.817579039067495
0.000216624581096057,0.999783375418904
0.028239904968234,0.971760095031766
0.17170457849389,0.82829542150611
0.518050339452909,0.481949660547091
0.260464295576208,0.739535704423792
0.770219092305052,0.229780907694948
0.158472115538015,0.841527884461985
0.135648529177966,0.864351470822034
0.000596182455330587,0.999403817544669
0.816441871661381,0.183558128338619
0.904585610912184,0.0954143890878159
0.272100710572208,0.727899289427792
0.0682845835032105,0.93171541649679
0.0360100378988015,0.963989962101198
0.736980955150289,0.263019044849711
0.655186696627193,0.344813303372807
0.321948520929619,0.678051479070381
0.628846106314161,0.371153893685839
0.0149394169464619,0.985060583053538
0.378312929123061,0.621687070876939
0.00309469381764874,0.996905306182351
0.282172305035571,0.717827694964429
0.082605805834281,0.917394194165719
0.58030359525681,0.41969640474319
0.212958111764609,0.787041888235391
0.635388775799437,0.364611224200563
0.286566606688593,0.713433393311407
0.74731609531318,0.25268390468682
0.961068770212053,0.0389312297879469
0.958014690391012,0.0419853096089885
0.957890989510178,0.0421090104898217
0.947094974444326,0.0529050255556739
0.940246906723659,0.0597530932763412
0.95588400549655,0.0441159945034498
0.78506691505132,0.21493308494868
0.795971310983137,0.204028689016863
0.95487300778526,0.0451269922147401
0.943181839845931,0.056818160154069
0.8988322622496,0.1011677377504
0.960181465687582,0.0398185343124177
0.893224326112726,0.106775673887274
0.951641976725762,0.0483580232742379
0.95591580537405,0.0440841946259498
0.960783843699967,0.0392161563000331
0.947796873200758,0.0522031267992422
0.953986116733158,0.0460138832668417
0.955926656251807,0.0440733437481926
0.953331517769063,0.0466684822309372
0.95099266582753,0.0490073341724702
0.740663333443989,0.259336666556011
0.95529500389091,0.0447049961090904
0.784591009254231,0.215408990745769
0.961292344740591,0.0387076552594086
0.961242925111377,0.0387570748886235
0.960312920322462,0.0396870796775377
0.961331367031677,0.0386686329683228
0.960860988609752,0.0391390113902476
0.961258943965098,0.0387410560349022
0.854461115609887,0.145538884390113
0.945047983709617,0.0549520162903835
0.955390640411051,0.0446093595889486
0.961086814416462,0.0389131855835376
0.959775784598608,0.0402242154013915
0.931730465483554,0.0682695345164459
0.95937766793787,0.0406223320621296
0.961322752756777,0.0386772472432233
0.958137458371706,0.0418625416282935
0.961022093533911,0.038977906466089
0.878570041935057,0.121429958064943
0.927188057965553,0.0728119420344467
0.761860168935055,0.238139831064945
0.933373940009555,0.0666260599904454
0.961262416849985,0.0387375831500146
0.854990688185843,0.145009311814157
0.955835347405799,0.0441646525942014
0.960600787753154,0.0393992122468463
0.96028737025443,0.0397126297455701
0.833770011982883,0.166229988017117
0.959249729510588,0.0407502704894123
0.955535730676538,0.0444642693234618
0.96110139953018,0.0388986004698202
0.827641044090696,0.172358955909304
0.927447940329413,0.0725520596705872
0.961305556233229,0.0386944437667706
0.952754012653653,0.0472459873463468
0.914630977792023,0.0853690222079768
0.868950020033671,0.131049979966329
0.948630361438589,0.0513696385614107
0.953344586410772,0.0466554135892282
0.961292733247396,0.0387072667526038
0.906886403493121,0.0931135965068791
0.960023147643581,0.0399768523564191
0.932001047749867,0.067998952250133
0.949579277868607,0.0504207221313934
0.943268780524815,0.0567312194751852
0.947122455370471,0.0528775446295289
0.931447587465125,0.068552412534875
0.960220983972849,0.0397790160271513
0.96110652536194,0.0388934746380597
0.960932445160872,0.0390675548391279
0.943938650347709,0.0560613496522909
0.955551569511295,0.0444484304887046
0.958930726063075,0.0410692739369249
0.959911577174846,0.0400884228251536
0.922613060775153,0.077386939224847
0.895464068652105,0.104535931347895
0.910449236635709,0.0895507633642914
0.961160094801164,0.038839905198836
0.960981203679196,0.0390187963208036
0.959009905162887,0.0409900948371134
0.960933370745115,0.0390666292548846
0.944001400477541,0.0559985995224588
0.948618830849248,0.0513811691507524
0.959173858805991,0.0408261411940088
0.95211093412906,0.0478890658709397
0.959175929384689,0.0408240706153115
0.959505105975684,0.0404948940243159
0.906156784064399,0.0938432159356013
0.900556265489002,0.0994437345109981
0.961085673573983,0.0389143264260172
0.961083596027903,0.0389164039720972
0.939445304602158,0.060554695397842
0.93471664071786,0.0652833592821405
0.956674156284711,0.0433258437152886
0.951698127399705,0.0483018726002952
0.94225601297604,0.0577439870239601
0.688125632821328,0.311874367178672
0.961194419501298,0.0388055804987024
0.947499853577367,0.0525001464226335
0.934456575039108,0.0655434249608917
0.947961561074858,0.0520384389251417
0.940650508503878,0.0593494914961219
0.92542782462698,0.0745721753730201
0.956486461820124,0.0435135381798765
0.873837459658847,0.126162540341153
0.95137419718081,0.0486258028191904
0.958222971710069,0.0417770282899306
0.860454584220627,0.139545415779373
0.95816873044032,0.0418312695596803
0.960365638424305,0.0396343615756946
0.918483883987182,0.0815161160128179
0.808427629878935,0.191572370121065
0.92278693853096,0.0772130614690399
0.589748273227468,0.410251726772532
0.869384572283555,0.130615427716445
0.960707885546426,0.0392921144535735
0.892493362742379,0.107506637257621
0.955385642839875,0.0446143571601247
0.925254319514011,0.0747456804859894
0.939856699076506,0.0601433009234938
0.960902105773296,0.0390978942267037
0.803602748743505,0.196397251256495
0.946455247835473,0.0535447521645266
0.948581152287329,0.0514188477126711
0.688751250624683,0.311248749375317
0.947434485458246,0.0525655145417538
0.956286397258223,0.0437136027417775
0.945683511237815,0.0543164887621845
0.798246384619182,0.201753615380818
0.932471801116138,0.0675281988838615
0.799667394217938,0.200332605782062
0.898025497860269,0.101974502139731
0.960175553320003,0.0398244466799974
0.878551003779892,0.121448996220108
0.932602646611783,0.0673973533882166
0.959767568856887,0.0402324311431126
0.959691771309061,0.0403082286909389
0.841193147899171,0.158806852100829
0.82699799860094,0.17300200139906
0.887104581080377,0.112895418919623
0.834457648786129,0.165542351213871
0.93953664681365,0.0604633531863502
0.92568854215343,0.0743114578465697
0.936188588232716,0.0638114117672839
0.945220327649557,0.0547796723504427
0.912139296144113,0.0878607038558865
0.946167932009593,0.0538320679904072
0.926975091097282,0.0730249089027184
0.946348372881554,0.0536516271184463
0.947302376333671,0.0526976236663294
0.947764776684691,0.0522352233153095
0.960624523811046,0.039375476188954
0.961289410006997,0.0387105899930029
0.961264737571666,0.0387352624283337
0.812668877156358,0.187331122843642
0.957844531513009,0.0421554684869909
0.960621214948833,0.0393787850511672
0.943030430795557,0.0569695692044427
0.938270954431088,0.0617290455689122
0.956230584617813,0.0437694153821868
0.871641363299731,0.128358636700269
0.719554720575374,0.280445279424626
0.955711573332009,0.0442884266679909
0.958031151765534,0.0419688482344656
0.886058920797182,0.113941079202818
0.857208719852435,0.142791280147565
0.91919123720238,0.0808087627976204
0.960586673071706,0.0394133269282938
0.95453969510408,0.04546030489592
0.939188544495247,0.060811455504753
0.960293006985547,0.039706993014453
0.951307815350523,0.0486921846494771
0.92751203836885,0.0724879616311496
0.955615310801585,0.0443846891984153
0.908061176906268,0.0919388230937322
0.885766499066931,0.114233500933069
0.96027303274446,0.03972696725554
0.737836458174084,0.262163541825916
0.961341385843658,0.0386586141563421
0.89387015665996,0.10612984334004
0.954922031567947,0.0450779684320528
0.823029304114261,0.176970695885739
0.919346296220483,0.0806537037795165
0.952274884102467,0.047725115897533
0.757807726089497,0.242192273910503
0.95860179958482,0.0413982004151799
0.958948671284064,0.0410513287159358
0.946595332172615,0.0534046678273853
0.949109653426514,0.0508903465734856
0.960095665304034,0.0399043346959661
0.861181176813211,0.138818823186789
0.879581526670981,0.120418473329019
0.882291220130645,0.117708779869355
0.887611886790147,0.112388113209853
0.95836448648447,0.0416355135155302
0.922665711160875,0.0773342888391251
0.955983370802535,0.0440166291974647
0.87061113012045,0.12938886987955
0.89669300417755,0.10330699582245
0.622614463385032,0.377385536614968
0.332473694947305,0.667526305052695
0.645719402404835,0.354280597595165
0.742599271954844,0.257400728045156
0.903415168597701,0.0965848314022995
0.930196243148832,0.0698037568511676
0.93006905597734,0.0699309440226598
0.949714060598141,0.0502859394018588
0.885444258235382,0.114555741764618
0.89183372698846,0.10816627301154
0.890991724946782,0.109008275053218
0.957940789513036,0.0420592104869645
0.943892690518366,0.0561073094816339
0.908429571532048,0.0915704284679523
0.914547526984333,0.0854524730156671
0.839495333141661,0.160504666858339
0.885306670082864,0.114693329917136
0.858334691212215,0.141665308787785
0.338849741555704,0.661150258444296
0.577399684699983,0.422600315300017
0.944855338527946,0.0551446614720535
0.77539448041104,0.22460551958896
0.923377169237571,0.0766228307624287
0.934155338790902,0.0658446612090978
0.959051737511259,0.0409482624887408
0.901527694497599,0.0984723055024013
0.937627752238645,0.0623722477613547
0.952576080033801,0.0474239199661992
0.825068471340225,0.174931528659775
0.738683982586183,0.261316017413817
0.92556389485581,0.0744361051441899
0.960611765173973,0.0393882348260268
0.799961505136839,0.200038494863161
0.959377044917833,0.0406229550821666
0.197199955631246,0.802800044368754
0.829722554119259,0.170277445880741
0.921927523069754,0.0780724769302461
0.916162797274105,0.0838372027258951
0.960334667412525,0.0396653325874752
0.94999920826783,0.0500007917321702
0.959284560005731,0.0407154399942687
0.855886800290557,0.144113199709443
0.953299202910527,0.0467007970894733
0.87910463357073,0.12089536642927
0.856357269013357,0.143642730986643
0.94270356328314,0.0572964367168598
0.96104088755707,0.0389591124429296
0.951349172799665,0.0486508272003353
0.939252728969977,0.0607472710300228
0.734672721490826,0.265327278509174
0.915758595211472,0.0842414047885276
0.538425000580949,0.461574999419051
0.918734438753399,0.0812655612466008
0.915601141337455,0.0843988586625448
0.888101704994497,0.111898295005503
0.853658799276649,0.146341200723351
0.933678613189596,0.0663213868104042
0.96106753388659,0.0389324661134103
0.880715628848149,0.119284371151851
0.941380819138032,0.0586191808619679
0.916709571429155,0.0832904285708446
0.838079423499617,0.161920576500383
0.895188797027417,0.104811202972583
0.832479243661638,0.167520756338362
0.865745555468357,0.134254444531643
0.808321733743993,0.191678266256007
0.58862605400799,0.41137394599201
0.878910800300099,0.121089199699901
0.535721642529493,0.464278357470507
0.799022633650237,0.200977366349763
0.905421397066486,0.0945786029335136
0.927245984911644,0.0727540150883561
0.527485053254199,0.472514946745801
0.860792460169758,0.139207539830242
0.961146869462432,0.0388531305375682
0.22003232424193,0.77996767575807
0.935385517268819,0.0646144827311813
0.71245817395551,0.28754182604449
0.551217102519864,0.448782897480136
0.536147862013454,0.463852137986546
0.953967054105328,0.0460329458946719
0.828063625131445,0.171936374868555
0.911625443793033,0.0883745562069665
0.901436412841367,0.098563587158633
0.864896370359735,0.135103629640265
0.903432614641052,0.0965673853589479
0.961378318464395,0.0386216815356049
0.874562181598163,0.125437818401837
0.821603692978131,0.178396307021869
0.770692579178768,0.229307420821232
0.645495751843492,0.354504248156508
0.923353295472882,0.0766467045271182
0.347521413698413,0.652478586301587
0.592547245960561,0.407452754039439
0.928991033268681,0.0710089667313187
0.950016926830376,0.0499830731696245
0.914032425148076,0.0859675748519241
0.920438369505948,0.0795616304940522
0.877683941702428,0.122316058297572
0.598339774295257,0.401660225704743
0.582091020401246,0.417908979598754
0.712383675723307,0.287616324276693
0.944106219609951,0.055893780390049
0.593272954851861,0.406727045148139
0.871435018643676,0.128564981356324
0.174775384883308,0.825224615116692
0.798185696818137,0.201814303181863
0.296068809947224,0.703931190052776
0.959636112445695,0.0403638875543046
0.898655236060741,0.101344763939259
0.94932221063465,0.0506777893653501
0.422899978792409,0.577100021207591
0.192512187593502,0.807487812406498
0.777502947969138,0.222497052030862
0.231414934577575,0.768585065422425
0.644415177753512,0.355584822246488
0.585865007719326,0.414134992280674
0.24180558588422,0.75819441411578
0.831132629341054,0.168867370658946
0.810249758531315,0.189750241468685
0.28231574105937,0.71768425894063
0.180000479543532,0.819999520456468
0.045170914548937,0.954829085451063
0.0302545062164832,0.969745493783517
0.901085733471695,0.098914266528305
0.434034481740971,0.565965518259029
0.793799098328363,0.206200901671637
0.00544033890418466,0.994559661095815
0.728051523957853,0.271948476042147
0.643536324576685,0.356463675423315
0.688957825663242,0.311042174336758
0.815202927959496,0.184797072040504
0.917003162241098,0.0829968377589023
0.328532410179459,0.671467589820541
0.0929529058985035,0.907047094101497
0.920089917563079,0.0799100824369209
0.287505914088492,0.712494085911508
0.53747707753142,0.46252292246858
0.814735235198202,0.185264764801798
0.887667014994066,0.112332985005934
0.602421623409379,0.397578376590621
0.500350404150443,0.499649595849557
0.687712826731102,0.312287173268898
0.545937414963804,0.454062585036196
0.850902946213554,0.149097053786446
0.750148050511478,0.249851949488522
0.870387943183199,0.129612056816801
0.947522870498047,0.0524771295019528
0.549634874634033,0.450365125365967
0.239665009480046,0.760334990519953
0.851309902632255,0.148690097367745
0.895065892921734,0.104934107078266
0.307821567606599,0.692178432393401
0.57877640092099,0.42122359907901
0.449988579785583,0.550011420214417
0.117431563975715,0.882568436024285
0.652148231399671,0.347851768600329
0.470146491904142,0.529853508095858
0.955242722129162,0.0447572778708376
0.853415894600493,0.146584105399507
0.846222793471097,0.153777206528903
0.71077113793364,0.28922886206636
0.303640627489566,0.696359372510434
0.0266127929600187,0.973387207039981
0.955803459779313,0.0441965402206865
0.91354640073998,0.0864535992600196
0.748661486814543,0.251338513185457
0.816208796748038,0.183791203251962
0.560212387177338,0.439787612822662
0.564661188360032,0.435338811639968
0.148177081121331,0.851822918878669
0.567431557420379,0.432568442579621
0.130483387341135,0.869516612658864
0.710645677383306,0.289354322616694
0.902775072461795,0.0972249275382047
0.691408843860971,0.308591156139029
0.646999126359226,0.353000873640774
0.413934220015292,0.586065779984708
0.87703801629524,0.12296198370476
0.849141731710675,0.150858268289325
0.870455159009889,0.129544840990111
0.0437357473815117,0.956264252618488
0.80890456964284,0.19109543035716
0.2495067708474,0.7504932291526
0.232611763118142,0.767388236881858
0.837939379947146,0.162060620052854
0.643520210198096,0.356479789801904
0.169743300865201,0.830256699134799
0.740204951269362,0.259795048730638
0.103405506285762,0.896594493714238
0.877162666632739,0.122837333367261
0.947056081987876,0.0529439180121235
0.180523781701896,0.819476218298104
0.238890747890285,0.761109252109715
0.191595990221447,0.808404009778553
0.343871109770726,0.656128890229274
0.0475907980515104,0.95240920194849
0.638828298812757,0.361171701187243
0.831724818566244,0.168275181433756
0.960707480156029,0.0392925198439708
0.951984719679509,0.048015280320491
0.957881681985548,0.0421183180144522
0.952092230428604,0.0479077695713964
0.960098662188263,0.0399013378117369
0.954365243665828,0.0456347563341724
0.787419833119107,0.212580166880893
0.956914947903009,0.0430850520969914
0.952043635535249,0.0479563644647506
0.959733576167779,0.0402664238322209
0.880375473316226,0.119624526683774
0.903373222814182,0.0966267771858176
0.948720760399612,0.0512792396003882
0.9613252971524,0.0386747028475997
0.895888214081389,0.104111785918611
0.960229059035376,0.039770940964624
0.901573238373356,0.0984267616266442
0.946740716318765,0.0532592836812347
0.93542367430569,0.0645763256943103
0.733981715773626,0.266018284226374
0.961001549105881,0.0389984508941186
0.95175026520566,0.0482497347943405
0.960689981336157,0.0393100186638426
0.795194053679929,0.204805946320071
0.93175239251216,0.0682476074878395
0.956210483143278,0.0437895168567216
0.957298104232366,0.0427018957676335
0.945253769915878,0.0547462300841219
0.956489653927202,0.0435103460727979
0.954800794030092,0.045199205969908
0.94121235904177,0.0587876409582296
0.954817250753057,0.0451827492469434
0.733505522178359,0.266494477821641
0.961196536041038,0.0388034639589619
0.792494447836603,0.207505552163397
0.959626012043272,0.0403739879567278
0.932700392419891,0.0672996075801091
0.959837176816568,0.0401628231834321
0.875659199368773,0.124340800631227
0.937492035437575,0.0625079645624247
0.960892411910797,0.0391075880892034
0.961130151623153,0.0388698483768473
0.95488642745242,0.0451135725475803
0.960743548756955,0.039256451243045
0.951929649880131,0.0480703501198688
0.950472937759803,0.0495270622401968
0.95532696091381,0.04467303908619
0.930889767462798,0.0691102325372022
0.961343692301066,0.0386563076989337
0.908134435598065,0.0918655644019348
0.960821652655054,0.0391783473449456
0.960256701390203,0.0397432986097969
0.958680235778911,0.0413197642210885
0.959664465123633,0.0403355348763672
0.866665825233155,0.133334174766845
0.958484216257596,0.0415157837424045
0.923982050345752,0.0760179496542476
0.961094432337525,0.0389055676624747
0.954893194757038,0.0451068052429621
0.959121768283826,0.040878231716174
0.894996174806111,0.105003825193889
0.892385277736207,0.107614722263793
0.911446169730864,0.0885538302691359
0.884497690035028,0.115502309964972
0.858715674442135,0.141284325557865
0.961015676016393,0.0389843239836074
0.94659378673226,0.0534062132677398
0.957617230955957,0.0423827690440428
0.960442530471743,0.0395574695282572
0.960325094122659,0.0396749058773406
0.952553433033677,0.047446566966323
0.942750249564283,0.0572497504357166
0.953822996539887,0.0461770034601133
0.693521276295781,0.306478723704219
0.960981730365277,0.0390182696347233
0.954128740357528,0.0458712596424724
0.956566998714595,0.0434330012854047
0.961045175452109,0.0389548245478906
0.961129545621006,0.0388704543789936
0.93712732339273,0.0628726766072704
0.923089591200305,0.0769104087996951
0.957326927420259,0.0426730725797405
0.956106847071943,0.0438931529280574
0.925615983920779,0.0743840160792212
0.92640853274313,0.0735914672568699
0.897881751281151,0.102118248718849
0.960265171934313,0.039734828065687
0.904128879892395,0.0958711201076053
0.957121218700714,0.0428787812992862
0.952983046787292,0.047016953212708
0.957538720334112,0.0424612796658876
0.943930178754704,0.0560698212452959
0.961255219438734,0.0387447805612657
0.953541600019497,0.0464583999805032
0.905981344042717,0.0940186559572833
0.950124215290912,0.0498757847090882
0.959834847499098,0.0401651525009016
0.959518438981022,0.0404815610189785
0.960523153742973,0.0394768462570266
0.866207624095529,0.133792375904471
0.959902231553004,0.040097768446996
0.957515996401391,0.0424840035986092
0.948152905713019,0.0518470942869808
0.961318388160666,0.0386816118393345
0.956622170599141,0.0433778294008585
0.822529454589397,0.177470545410603
0.95944114773058,0.0405588522694198
0.9463923121737,0.0536076878263
0.959207785080527,0.0407922149194734
0.951276481917292,0.0487235180827078
0.955472734451819,0.0445272655481813
0.959904382223362,0.0400956177766379
0.956239541333747,0.0437604586662527
0.961016209316859,0.038983790683141
0.948397562262942,0.0516024377370579
0.96117209418223,0.0388279058177703
0.946281978420417,0.0537180215795828
0.960982952250116,0.039017047749884
0.958648122902512,0.0413518770974884
0.911581015403106,0.0884189845968943
0.955343115719962,0.0446568842800384
0.955672933780964,0.0443270662190363
0.945529531243131,0.0544704687568686
0.954498916214133,0.0455010837858669
0.93395297889736,0.0660470211026404
0.960820097256368,0.0391799027436323
0.938448827181331,0.0615511728186687
0.95417420767821,0.0458257923217902
0.946334841744064,0.0536651582559361
0.935262984831071,0.0647370151689288
0.959269454801024,0.0407305451989762
0.821934126616137,0.178065873383863
0.938680245746736,0.0613197542532643
0.960269761375243,0.0397302386247567
0.946675689752909,0.0533243102470912
0.9606414850377,0.0393585149622998
0.926630846922774,0.0733691530772262
0.940237452855427,0.0597625471445734
0.958674935445701,0.0413250645542987
0.959340868267017,0.0406591317329832
0.961319070539139,0.0386809294608611
0.961259363152613,0.038740636847387
0.939087890901224,0.060912109098776
0.936159511964528,0.0638404880354722
0.960724381829019,0.0392756181709811
0.936229678407898,0.0637703215921016
0.828675345809801,0.171324654190199
0.90462762248453,0.0953723775154698
0.872593390746716,0.127406609253284
0.959886182793594,0.0401138172064057
0.96085639284967,0.0391436071503304
0.961165863844042,0.0388341361559583
0.943970493300287,0.0560295066997128
0.956716710222445,0.0432832897775548
0.957430915714971,0.0425690842850294
0.951124216109123,0.0488757838908768
0.955681451207778,0.0443185487922221
0.949038151005607,0.050961848994393
0.931993213554308,0.0680067864456921
0.958513336915863,0.0414866630841366
0.950141230375429,0.0498587696245709
0.947615728231545,0.0523842717684554
0.947705514515281,0.0522944854847189
0.961266816963694,0.0387331830363065
0.96090344459828,0.0390965554017201
0.94576939912637,0.0542306008736301
0.949877243415073,0.0501227565849266
0.925405644509634,0.0745943554903656
0.949644023593523,0.0503559764064766
0.960757907532557,0.0392420924674427
0.946700271111346,0.0532997288886539
0.946348486291467,0.0536515137085333
0.953896627299218,0.0461033727007818
0.959867359739708,0.0401326402602915
0.959783099286531,0.0402169007134688
0.960311113495437,0.0396888865045627
0.956507369776474,0.043492630223526
0.956624357071437,0.0433756429285628
0.960706808903514,0.0392931910964859
0.95435302937694,0.0456469706230604
0.958837939428346,0.0411620605716543
0.936547899704724,0.0634521002952765
0.952086307472964,0.0479136925270363
0.960973427936548,0.0390265720634522
0.94075726971478,0.0592427302852202
0.961259145310327,0.0387408546896735
0.931176921860302,0.0688230781396976
0.95833949800199,0.0416605019980097
0.959671961621888,0.0403280383781117
0.952778900939968,0.0472210990600316
0.957844041071372,0.0421559589286278
0.910547032736566,0.0894529672634342
0.582702423877927,0.417297576122073
0.918760792353731,0.0812392076462692
0.960841309484311,0.0391586905156893
0.959395374687462,0.0406046253125378
0.959425539846061,0.040574460153939
0.945308035810917,0.0546919641890831
0.960046831615184,0.0399531683848162
0.960334268453282,0.0396657315467176
0.888004116250223,0.111995883749777
0.961057933677233,0.0389420663227671
0.864715780540599,0.135284219459401
0.934697408133372,0.0653025918666281
0.808094724297127,0.191905275702873
0.95400450150429,0.0459954984957105
0.958579970103146,0.0414200298968537
0.946431953188292,0.0535680468117081
0.951732386871101,0.0482676131288995
0.878580080348447,0.121419919651553
0.961253567591761,0.0387464324082389
0.881047792152672,0.118952207847328
0.942869348213465,0.0571306517865346
0.956530556795613,0.0434694432043873
0.95433414864295,0.0456658513570496
0.87566946386147,0.12433053613853
0.915453613250406,0.0845463867495936
0.961146169275879,0.0388538307241211
0.711191619047392,0.288808380952608
0.957145977173891,0.0428540228261094
0.95332546290038,0.0466745370996202
0.942673147246675,0.0573268527533254
0.931501484831222,0.068498515168778
0.913998225817127,0.0860017741828726
0.955967158922811,0.0440328410771885
0.959512160395969,0.0404878396040311
0.955064026051025,0.0449359739489752
0.939093199712764,0.0609068002872361
0.945456829545821,0.0545431704541791
0.895691687756621,0.104308312243379
0.956455912949276,0.0435440870507242
0.957638934980463,0.0423610650195366
0.819543474516783,0.180456525483217
0.961254152782074,0.038745847217926
0.908188911453332,0.0918110885466678
0.95740626399177,0.0425937360082304
0.750967030740254,0.249032969259746
0.956998529979032,0.043001470020968
0.931201422323639,0.0687985776763606
0.96096506531287,0.0390349346871305
0.959942472030356,0.0400575279696437
0.957879856649947,0.0421201433500532
0.942138787119184,0.0578612128808157
0.960867421598696,0.039132578401304
0.945212044408992,0.0547879555910085
0.935204522809986,0.064795477190014
0.826594572705747,0.173405427294253
0.92369665630957,0.0763033436904298
0.936505567820756,0.0634944321792444
0.951765039929096,0.0482349600709041
0.949954542397985,0.0500454576020154
0.95751598707474,0.0424840129252598
0.913076851465828,0.0869231485341716
0.958404107861142,0.0415958921388583
0.959127396188727,0.0408726038112729
0.909359823419276,0.0906401765807235
0.960236558016544,0.0397634419834564
0.887359394382068,0.112640605617932
0.821844028212148,0.178155971787852
0.959665632131916,0.040334367868084
0.958120930122903,0.0418790698770974
0.947274384287608,0.0527256157123922
0.929156873285784,0.0708431267142162
0.959943887147631,0.0400561128523691
0.80974227706041,0.19025772293959
0.931394324274058,0.0686056757259419
0.95059393821782,0.0494060617821804
0.958903262295742,0.0410967377042576
0.905775997458415,0.0942240025415846
0.957403570069705,0.042596429930295
0.667397899848634,0.332602100151366
0.955767533521744,0.0442324664782555
0.940904169073425,0.0590958309265754
0.891927786158911,0.108072213841089
0.930499661615455,0.0695003383845454
0.954950345728174,0.0450496542718261
0.96130088227966,0.0386991177203403
0.89835518007565,0.10164481992435
0.956764201937531,0.0432357980624691
0.956344320592314,0.0436556794076856
0.793913624137226,0.206086375862774
0.95912555234662,0.0408744476533804
0.958918151725757,0.0410818482742428
0.928833745998456,0.0711662540015444
0.96109734838869,0.0389026516113105
0.96123982214883,0.0387601778511701
0.96117845590592,0.0388215440940803
0.894584595258854,0.105415404741146
0.961058876019818,0.0389411239801825
0.473221503414304,0.526778496585696
0.952777497592019,0.0472225024079812
0.88542320781759,0.11457679218241
0.958617442421725,0.0413825575782749
0.957109263298774,0.0428907367012261
0.513852217511234,0.486147782488766
0.612480653727295,0.387519346272705
0.952142620518799,0.0478573794812006
0.917745411685889,0.0822545883141107
0.936622651410598,0.0633773485894019
0.813302050667354,0.186697949332646
0.934429429201732,0.0655705707982677
0.883368742581287,0.116631257418713
0.90260114975907,0.0973988502409295
0.946141737272921,0.0538582627270786
0.633451463677247,0.366548536322753
0.94054462318333,0.0594553768166697
0.961295934075071,0.0387040659249287
0.88101832210114,0.11898167789886
0.782298770884313,0.217701229115687
0.935676323525581,0.0643236764744194
0.921528307726158,0.078471692273842
0.539373466904933,0.460626533095067
0.932137463981958,0.0678625360180418
0.69548621522783,0.30451378477217
0.882340738089269,0.117659261910731
0.128472973470947,0.871527026529053
0.792476868945131,0.207523131054869
0.910992572010399,0.0890074279896008
0.875607136162037,0.124392863837963
0.729539641267941,0.270460358732059
0.851919369625304,0.148080630374696
0.689884365403015,0.310115634596985
0.928021298223414,0.0719787017765857
0.945516240154456,0.0544837598455439
0.959748273139806,0.0402517268601942
0.94629636668655,0.0537036333134503
0.960348378783991,0.0396516212160093
0.720805956504058,0.279194043495942
0.735645623852107,0.264354376147893
0.866912315954108,0.133087684045892
0.826619614713888,0.173380385286112
0.7705667473905,0.2294332526095
0.902049894230983,0.0979501057690165
0.314682360235565,0.685317639764435
0.937981236582932,0.0620187634170682
0.284165241761087,0.715834758238913
0.780828694336065,0.219171305663935
0.95666655609824,0.0433334439017602
0.866120700711218,0.133879299288782
0.873034691754293,0.126965308245707
0.956142627462837,0.0438573725371626
0.855509010226379,0.144490989773621
0.92769947441817,0.0723005255818301
0.959750731034577,0.0402492689654232
0.734967230474835,0.265032769525165
0.766602104784416,0.233397895215584
0.4516067472735,0.5483932527265
0.515514376525228,0.484485623474772
0.915114617120433,0.0848853828795673
0.891724528501121,0.108275471498879
0.709919072812029,0.290080927187971
0.532686235277786,0.467313764722214
0.944484605385536,0.0555153946144644
0.27140102288419,0.72859897711581
0.489676743351391,0.510323256648609
0.845991508725312,0.154008491274688
0.128984052297471,0.871015947702529
0.905220094297495,0.0947799057025046
0.0965156797586163,0.903484320241384
0.863012894433473,0.136987105566527
0.961151260171315,0.0388487398286851
0.800328424375793,0.199671575624207
0.901275133192693,0.0987248668073066
0.89925396449997,0.10074603550003
0.85186598446772,0.14813401553228
0.953514636059094,0.0464853639409059
0.899784597879744,0.100215402120256
0.5205204654593,0.4794795345407
0.95997793837588,0.0400220616241203
0.931194151107927,0.0688058488920733
0.847950187268602,0.152049812731398
0.823797890995108,0.176202109004892
0.646572179629402,0.353427820370598
0.836622551304618,0.163377448695382
0.946284135932676,0.0537158640673244
0.797400155521914,0.202599844478086
0.331622493787635,0.668377506212365
0.840410156221152,0.159589843778848
0.825946125521384,0.174053874478616
0.758869425491584,0.241130574508416
0.572055669921727,0.427944330078273
0.927819213874774,0.0721807861252263
0.808303995588915,0.191696004411085
0.959277016764618,0.0407229832353824
0.932810767127685,0.0671892328723152
0.912140385201323,0.0878596147986768
0.959090941334217,0.0409090586657833
0.961078047280117,0.0389219527198832
0.956306941805446,0.0436930581945545
0.748981667946479,0.251018332053521
0.809601495334128,0.190398504665872
0.316885328682676,0.683114671317324
0.931333836142779,0.0686661638572215
0.855993098885234,0.144006901114766
0.66483841797798,0.33516158202202
0.949426462334434,0.0505735376655662
0.845203297671847,0.154796702328153
0.796847903470833,0.203152096529167
0.951038680966764,0.0489613190332359
0.447310777954271,0.552689222045729
0.945413092307763,0.0545869076922367
0.501153957771287,0.498846042228713
0.818414945824566,0.181585054175434
0.8608943126114,0.1391056873886
0.89338226703185,0.10661773296815
0.928846112088604,0.0711538879113959
0.933807478588387,0.0661925214116135
0.865793109774916,0.134206890225084
0.946599259973595,0.0534007400264048
0.835312706126896,0.164687293873104
0.678638481816534,0.321361518183466
0.817473762518682,0.182526237481318
0.929080441811378,0.0709195581886221
0.903791516865656,0.0962084831343437
0.804592327711921,0.195407672288079
0.8372879576701,0.1627120423299
0.946726549907228,0.0532734500927715
0.958104734759367,0.0418952652406329
0.896635014026932,0.103364985973068
0.943486500201367,0.0565134997986331
0.95311733828047,0.0468826617195304
0.901456708436452,0.0985432915635485
0.960913435565642,0.0390865644343577
0.933101229097324,0.0668987709026763
0.91235476159514,0.0876452384048605
0.95133520002232,0.0486647999776797
0.959787676804154,0.0402123231958456
0.96094249118892,0.0390575088110802
0.654610438193645,0.345389561806355
0.899037520441944,0.100962479558056
0.921197687474734,0.0788023125252664
0.7607378281591,0.2392621718409
0.954293691514456,0.0457063084855445
0.939437398246215,0.060562601753785
0.942589458159843,0.0574105418401574
0.844717193176486,0.155282806823514
0.947464854466272,0.0525351455337278
0.954451542527294,0.0455484574727059
0.82245628173175,0.17754371826825
0.95180453299165,0.0481954670083498
0.754656291103225,0.245343708896775
0.959771796507112,0.0402282034928885
0.929484351218061,0.0705156487819386
0.771826955531298,0.228173044468702
0.949452637525816,0.0505473624741836
0.94726951710464,0.0527304828953601
0.655639707081521,0.344360292918479
0.0931748732636357,0.906825126736364
0.913958665126671,0.0860413348733294
0.935175055255852,0.0648249447441476
0.961045847360125,0.0389541526398751
0.960942028392662,0.0390579716073381
0.936423899481868,0.063576100518132
0.961702905557672,0.0382970944423279
0.920969940814201,0.079030059185799
0.961698794252432,0.0383012057475683
0.83479482289328,0.16520517710672
0.884874531132244,0.115125468867756
0.935452834270677,0.064547165729323
0.176141055843412,0.823858944156588
0.956644565816694,0.0433554341833059
0.961118087902755,0.0388819120972446
0.879530531297994,0.120469468702006
0.916010418277303,0.0839895817226972
0.959148220428678,0.0408517795713216
0.961523757981345,0.0384762420186551
0.818079765865279,0.181920234134721
0.78660775865321,0.21339224134679
0.959179330655419,0.0408206693445805
0.937054780015001,0.0629452199849991
0.787788867980116,0.212211132019884
0.890263004191333,0.109736995808667
0.961679269631985,0.0383207303680154
0.949541244758912,0.0504587552410881
0.956413906986181,0.0435860930138185
0.947947298453565,0.0520527015464347
0.954960443346024,0.0450395566539755
0.869925563019166,0.130074436980834
0.946166146957031,0.0538338530429686
0.50651901054349,0.49348098945651
0.942951313025896,0.057048686974104
0.923934063034176,0.0760659369658236
0.919678472813291,0.0803215271867087
0.961565970390122,0.0384340296098782
0.961512521247195,0.0384874787528047
0.81270529687675,0.18729470312325
0.947924639159211,0.052075360840789
0.895645898615023,0.104354101384977
0.914337397625083,0.0856626023749173
0.96089625719927,0.0391037428007301
0.897078362447861,0.102921637552139
0.959848238664447,0.0401517613355528
0.895765679578344,0.104234320421656
0.958745379860222,0.0412546201397781
0.940026003201696,0.059973996798304
0.82277061610136,0.17722938389864
0.812151965886236,0.187848034113764
0.940860186836248,0.0591398131637519
0.956702330696553,0.0432976693034467
0.888426270291068,0.111573729708932
0.958330619937654,0.0416693800623457
0.919267505323571,0.0807324946764292
0.947372313381777,0.052627686618223
0.95568753932235,0.0443124606776503
0.898045347520512,0.101954652479488
0.957193855002667,0.0428061449973333
0.961228878668737,0.0387711213312633
0.958521468175357,0.0414785318246429
0.961618145201596,0.0383818547984037
0.951055314973462,0.0489446850265379
0.958717994750111,0.0412820052498889
0.959703341375979,0.0402966586240205
0.958812500252255,0.0411874997477454
0.960057081541017,0.0399429184589829
0.897181921930222,0.102818078069778
0.961249090932987,0.038750909067013
0.952423336477634,0.0475766635223664
0.960023736926879,0.0399762630731206
0.959624969473104,0.0403750305268963
0.961135950165761,0.0388640498342385
0.9593045256118,0.0406954743882003
0.878806733586921,0.121193266413079
0.960848454407638,0.0391515455923616
0.926554439957428,0.0734455600425716
0.961579203425839,0.038420796574161
0.961391697037835,0.0386083029621651
0.92142832836235,0.0785716716376499
0.947286862633847,0.0527131373661529
0.961155526682912,0.038844473317088
0.931979064590719,0.0680209354092806
0.928930480916355,0.0710695190836453
0.95470843365744,0.0452915663425605
0.931797033399978,0.0682029666000219
0.956086293350116,0.0439137066498836
0.954010305156972,0.0459896948430284
0.9164506583781,0.0835493416219003
0.943350809788719,0.056649190211281
0.961197146949385,0.0388028530506153
0.944829896822542,0.0551701031774584
0.960066592618558,0.0399334073814418
0.9575519309089,0.0424480690911003
0.961619570088154,0.0383804299118458
0.945087581175789,0.0549124188242113
0.528534838408347,0.471465161591653
0.920163851508332,0.0798361484916681
0.93407321681865,0.0659267831813499
0.959617686484625,0.0403823135153748
0.960829368407981,0.0391706315920194
0.698067053548842,0.301932946451158
0.961251811612962,0.0387481883870376
0.949458660631286,0.0505413393687144
0.95507923446207,0.0449207655379302
0.961352148888124,0.0386478511118759
0.947316756202396,0.052683243797604
0.95390527220093,0.0460947277990702
0.889599029771405,0.110400970228595
0.953572520248608,0.0464274797513918
0.961193007554105,0.0388069924458948
0.948522649512718,0.0514773504872821
0.952506022273913,0.0474939777260873
0.952904218265546,0.0470957817344543
0.960484773085936,0.0395152269140641
0.960303715529697,0.039696284470303
0.953343107331902,0.0466568926680981
0.961539401865651,0.0384605981343494
0.961016826236175,0.0389831737638247
0.792934761515658,0.207065238484342
0.961106814948115,0.0388931850518845
0.949594762762227,0.0504052372377733
0.957090155336686,0.042909844663314
0.957937346687153,0.0420626533128472
0.957071766777031,0.0429282332229688
0.953865014569678,0.0461349854303218
0.952919958433657,0.0470800415663428
0.925729826668529,0.0742701733314709
0.956188494942364,0.0438115050576361
0.925500075078327,0.0744999249216733
0.950469665253965,0.0495303347460346
0.935517817998057,0.0644821820019427
0.961593949126769,0.0384060508732308
0.953611125451042,0.0463888745489577
0.947227825740921,0.0527721742590792
0.94811750222506,0.0518824977749398
0.957273270034196,0.0427267299658037
0.960525724684112,0.0394742753158878
0.953416444966993,0.0465835550330068
0.954932183877457,0.0450678161225428
0.959068883826397,0.0409311161736027
0.950995604516632,0.0490043954833684
0.88798359798157,0.11201640201843
0.940648843807328,0.0593511561926722
0.958957172104465,0.0410428278955353
0.951689381360349,0.0483106186396511
0.912126803236933,0.087873196763067
0.936704309485598,0.0632956905144018
0.960182712803984,0.0398172871960158
0.953930688600807,0.0460693113991929
0.961336170120126,0.0386638298798744
0.96121409286628,0.0387859071337204
0.961159069120497,0.0388409308795031
0.951013160565012,0.0489868394349882
0.817567616650276,0.182432383349724
0.957332315458258,0.0426676845417422
0.936737442518169,0.0632625574818306
0.921445788736573,0.0785542112634272
0.959397236303992,0.0406027636960083
0.955827504225628,0.044172495774372
0.920194004014697,0.0798059959853026
0.959629397188162,0.0403706028118381
0.961490071605605,0.0385099283943949
0.959471844841763,0.040528155158237
0.923263781984474,0.0767362180155257
0.958027932362834,0.0419720676371658
0.960838703077565,0.0391612969224345
0.953153211072413,0.0468467889275871
0.763854287878475,0.236145712121525
0.916720738871754,0.0832792611282464
0.948179205535328,0.0518207944646722
0.961142839437702,0.0388571605622984
0.901598285102667,0.0984017148973333
0.96154643884961,0.0384535611503896
0.961537288202435,0.0384627117975649
0.956644995551188,0.0433550044488117
0.956501746028527,0.043498253971473
0.959887663337335,0.0401123366626653
0.960483966067237,0.0395160339327634
0.937050608662032,0.0629493913379676
0.95199584239388,0.0480041576061195
0.94734875609645,0.0526512439035496
0.961545534378092,0.0384544656219081
0.954841576014042,0.0451584239859579
0.956284414115553,0.0437155858844475
0.957637122495524,0.0423628775044755
0.961483657948409,0.038516342051591
0.961303899246309,0.038696100753691
0.959828474447226,0.0401715255527739
0.939147096520083,0.0608529034799166
0.94950287002602,0.0504971299739804
0.95080689949364,0.0491931005063601
0.69610103718098,0.30389896281902
0.835393493252853,0.164606506747147
0.952835036713657,0.0471649632863435
0.906479223474509,0.0935207765254907
0.929791330832735,0.0702086691672648
0.961050189960777,0.0389498100392234
0.961318528311539,0.0386814716884611
0.948282377484738,0.0517176225152621
0.83429065247996,0.16570934752004
0.935041724273696,0.0649582757263044
0.957571416719657,0.0424285832803428
0.96141504539825,0.0385849546017496
0.960145031441788,0.0398549685582121
0.862814204920421,0.137185795079579
0.955779356297738,0.0442206437022616
0.960841590389198,0.0391584096108019
0.95213246789929,0.0478675321007098
0.961100293901333,0.0388997060986672
0.88385481754423,0.11614518245577
0.95856564235735,0.0414343576426502
0.961471476194679,0.0385285238053208
0.927814995136846,0.0721850048631537
0.956472943370887,0.0435270566291126
0.879137944344491,0.120862055655509
0.949405369063744,0.0505946309362558
0.940247926440858,0.0597520735591421
0.831380558614431,0.168619441385569
0.953856829968381,0.0461431700316187
0.951549732811897,0.0484502671881025
0.959800241990015,0.040199758009985
0.961227493918556,0.0387725060814436
0.949862782550359,0.0501372174496414
0.912301885043136,0.0876981149568635
0.960274968205153,0.0397250317948469
0.960510742516807,0.0394892574831929
0.951733834252732,0.0482661657472676
0.960581591539952,0.0394184084600475
0.896514161272719,0.103485838727281
0.960843696695022,0.0391563033049777
0.950152767107882,0.0498472328921179
0.925101719975288,0.0748982800247117
0.926242500435416,0.0737574995645843
0.949635836831831,0.0503641631681689
0.913888119829983,0.0861118801700173
0.961536831509194,0.0384631684908061
0.680390223034596,0.319609776965404
0.957880366970829,0.0421196330291707
0.959284644803306,0.0407153551966943
0.959195858247049,0.0408041417529511
0.924667826854557,0.0753321731454429
0.69378768186002,0.30621231813998
0.953023184810677,0.0469768151893232
0.960611777007171,0.0393882229928288
0.950876070605239,0.049123929394761
0.961365371657263,0.0386346283427367
0.955282525036026,0.0447174749639743
0.960089831296532,0.0399101687034679
0.93926728327569,0.0607327167243105
0.958208802035676,0.0417911979643243
0.96146129558725,0.0385387044127499
0.937536943732091,0.0624630562679093
0.954552374483401,0.0454476255165994
0.887985017712743,0.112014982287257
0.779156204399597,0.220843795600403
0.955983722597154,0.0440162774028461
0.89134245592409,0.10865754407591
0.951108196779441,0.0488918032205587
0.878602592907418,0.121397407092582
0.950655826030019,0.0493441739699807
0.839019716088618,0.160980283911382
0.951467435821687,0.0485325641783129
0.960259412649767,0.0397405873502328
0.961099820689235,0.0389001793107649
0.95280822911591,0.0471917708840897
0.908972569220531,0.0910274307794694
0.944788956497781,0.0552110435022188
0.903055467012266,0.0969445329877341
0.959204405963963,0.0407955940360374
0.949152774258717,0.0508472257412834
0.957108681706743,0.042891318293257
0.884586981873513,0.115413018126487
0.0788824030462447,0.921117596953755
0.954485334462071,0.0455146655379294
0.961071526482146,0.038928473517854
0.863868384308354,0.136131615691646
0.934226261778675,0.0657737382213249
0.867768602601553,0.132231397398447
0.957271856163996,0.0427281438360042
0.864410279972763,0.135589720027237
0.928317821332483,0.0716821786675175
0.958689947381188,0.0413100526188119
0.939187895147176,0.0608121048528243
0.941433352379141,0.0585666476208594
0.951613473335349,0.0483865266646508
0.689211172319541,0.310788827680459
0.950576329283944,0.0494236707160558
0.746145733822767,0.253854266177233
0.934353081107386,0.0656469188926141
0.961457866782993,0.0385421332170069
0.929959781835283,0.0700402181647173
0.946843709114154,0.0531562908858457
0.95415647802934,0.0458435219706596
0.95611608813811,0.0438839118618901
0.951434619549558,0.0485653804504422
0.949740258670371,0.0502597413296286
0.958143696379269,0.0418563036207314
0.951311543884406,0.048688456115594
0.960700146803524,0.0392998531964762
0.784286988784132,0.215713011215868
0.957489258345086,0.0425107416549136
0.915453523141791,0.084546476858209
0.945417681184609,0.0545823188153908
0.892421671724831,0.107578328275169
0.958928894148175,0.0410711058518251
0.821201058536615,0.178798941463385
0.943707250241216,0.0562927497587838
0.9258694305664,0.0741305694336
0.958015500649294,0.0419844993507063
0.95974030601962,0.0402596939803798
0.911326323448731,0.0886736765512689
0.960280081599696,0.0397199184003044
0.949923771596467,0.0500762284035334
0.960900683197755,0.0390993168022454
0.919500842041392,0.0804991579586078
0.896118910616165,0.103881089383835
0.953442140841457,0.0465578591585427
0.850317269662703,0.149682730337297
0.946477700060181,0.0535222999398194
0.948123804156129,0.0518761958438714
0.859650725577992,0.140349274422008
0.58793347140745,0.41206652859255
0.927771680100052,0.0722283198999485
0.955869386952078,0.0441306130479219
0.943989996774736,0.0560100032252635
0.956561180365317,0.043438819634683
0.953240635094777,0.0467593649052226
0.94934000475831,0.0506599952416896
0.821387096452037,0.178612903547963
0.855273535594304,0.144726464405696
0.956283486790202,0.0437165132097979
0.960177453052164,0.039822546947836
0.727379515710525,0.272620484289475
0.960743286546138,0.0392567134538615
0.936366597461985,0.0636334025380153
0.958098449761442,0.041901550238558
0.955071061969369,0.0449289380306311
0.676143295509305,0.323856704490695
0.961436222130103,0.0385637778698965
0.952348347682195,0.047651652317805
0.959384501893599,0.0406154981064013
0.808972781713332,0.191027218286668
0.912220556365123,0.087779443634877
0.961296875247111,0.0387031247528888
0.961459064182902,0.0385409358170981
0.933077526237781,0.066922473762219
0.956744398026346,0.0432556019736544
0.882548640545752,0.117451359454248
0.953410722512765,0.0465892774872354
0.961178410268149,0.0388215897318511
0.909712342641772,0.0902876573582276
0.959981347066754,0.0400186529332457
0.869392271790043,0.130607728209957
0.948709816673788,0.0512901833262118
0.958335526384908,0.0416644736150916
0.43693434291056,0.56306565708944
0.925930394927148,0.0740696050728517
0.961392931250702,0.0386070687492976
0.90064703024682,0.0993529697531795
0.872688519154994,0.127311480845006
0.959626529624102,0.0403734703758983
0.918645154136662,0.0813548458633375
0.934134984227662,0.0658650157723379
0.953628119983265,0.0463718800167351
0.943763320925306,0.0562366790746939
0.93626605283142,0.0637339471685804
0.956677496397478,0.0433225036025218
0.955938911906004,0.044061088093996
0.955581989290113,0.0444180107098874
0.955332664308356,0.0446673356916442
0.770315322363373,0.229684677636627
0.948831308079817,0.0511686919201827
0.69495599733916,0.30504400266084
0.961146720324498,0.0388532796755017
0.955961535161462,0.0440384648385377
0.921524493829856,0.0784755061701436
0.942189391464914,0.0578106085350858
0.934573485280731,0.0654265147192694
0.960268411702109,0.0397315882978913
0.951454871677376,0.048545128322624
0.960126546505521,0.0398734534944787
0.873909810135112,0.126090189864888
0.916932792405368,0.0830672075946316
0.960876393454589,0.0391236065454109
0.942400659346862,0.0575993406531375
0.918321790756104,0.0816782092438959
0.477477477131275,0.522522522868725
0.961659781927133,0.0383402180728668
0.958088745206441,0.0419112547935593
0.959183063445483,0.0408169365545167
0.877382677457846,0.122617322542154
0.955174447367802,0.0448255526321981
0.924100669732544,0.0758993302674562
0.931324652119524,0.0686753478804765
0.958678985632073,0.041321014367927
0.958179620971762,0.0418203790282379
0.843259608190216,0.156740391809784
0.869920411937167,0.130079588062833
0.901652728456991,0.0983472715430095
0.95888514853225,0.0411148514677501
0.961143877697807,0.0388561223021929
0.956155497598949,0.0438445024010509
0.939251040326952,0.0607489596730485
0.908797005014042,0.091202994985958
0.961327473251306,0.038672526748694
0.843281531761211,0.156718468238789
0.932081150099056,0.0679188499009444
0.928812820299794,0.0711871797002059
0.903031617236711,0.0969683827632892
0.96016988439751,0.0398301156024896
0.68433417531633,0.31566582468367
0.961605552574066,0.0383944474259343
0.953056000893368,0.0469439991066321
0.879888624798907,0.120111375201093
0.762575818283244,0.237424181716756
0.945879269254216,0.0541207307457836
0.928914999133362,0.0710850008666383
0.918988816318046,0.0810111836819536
0.870894347115419,0.129105652884581
0.959224700983432,0.0407752990165682
0.926466030140551,0.0735339698594493
0.948408612821421,0.0515913871785795
0.950287862229984,0.0497121377700158
0.953965683844483,0.0460343161555169
0.946236095469372,0.0537639045306282
0.900197286178458,0.0998027138215425
0.937213937081235,0.0627860629187654
0.753531584847496,0.246468415152504
0.961070011486538,0.0389299885134615
0.862215069670561,0.137784930329439
0.877642997426278,0.122357002573722
0.89998787205723,0.10001212794277
0.931351952480666,0.0686480475193338
0.941396639931245,0.0586033600687547
0.879247838391587,0.120752161608413
0.869263266808727,0.130736733191273
0.961541044771463,0.0384589552285368
0.883992355077222,0.116007644922778
0.952854552554362,0.0471454474456376
0.95671611874641,0.0432838812535901
0.918750491617685,0.0812495083823154
0.949083958844653,0.0509160411553473
0.921592335578153,0.0784076644218468
0.959393542349253,0.0406064576507471
0.955757146723283,0.0442428532767167
0.946899599878451,0.0531004001215494
0.949251236872174,0.0507487631278255
0.847875665355937,0.152124334644063
0.960403896208831,0.0395961037911694
0.952991176666602,0.0470088233333984
0.961623707867404,0.038376292132596
0.953084103421989,0.046915896578011
0.432169336470391,0.567830663529609
0.937686340045994,0.0623136599540058
0.711742391064835,0.288257608935165
0.449487200251709,0.550512799748291
0.822655793968666,0.177344206031334
0.661848419086746,0.338151580913254
0.956765095183972,0.0432349048160279
0.914356622289398,0.0856433777106016
0.634489387547526,0.365510612452474
0.696243376544375,0.303756623455625
0.822413358786341,0.177586641213659
0.838481690359175,0.161518309640825
0.914092243386314,0.0859077566136858
0.960521609000957,0.0394783909990427
0.682013226389346,0.317986773610654
0.79021534356569,0.20978465643431
0.909257347016933,0.0907426529830669
0.647567139949486,0.352432860050514
0.933069083065214,0.0669309169347865
0.949808138577932,0.0501918614220681
0.375826510246232,0.624173489753768
0.760749561546077,0.239250438453923
0.889686635601125,0.110313364398875
0.959653643321552,0.0403463566784484
0.940073060519952,0.0599269394800482
0.711270538493746,0.288729461506254
0.912322198788138,0.0876778012118624
0.710668729727719,0.289331270272281
0.793639819331523,0.206360180668477
0.558695337187492,0.441304662812508
0.93886264180247,0.06113735819753
0.628051640532918,0.371948359467082
0.94702741231967,0.0529725876803304
0.936414589483621,0.0635854105163787
0.941963435596616,0.0580365644033842
0.934544173781695,0.0654558262183054
0.207655782142565,0.792344217857435
0.956188346048543,0.0438116539514566
0.957716191689125,0.0422838083108753
0.537200369064457,0.462799630935543
0.952072203099736,0.0479277969002645
0.382766089492577,0.617233910507423
0.929493304558007,0.0705066954419926
0.957617711362682,0.0423822886373175
0.338482443092756,0.661517556907244
0.948356414124759,0.051643585875241
0.861264492499,0.138735507501
0.920677399677246,0.0793226003227538
0.961738357181531,0.0382616428184688
0.960817696055377,0.0391823039446227
0.95795581228667,0.0420441877133297
0.957610643214469,0.0423893567855308
0.782277164428186,0.217722835571814
0.897609956519082,0.102390043480918
0.931087283843791,0.0689127161562093
0.918949377971894,0.0810506220281056
0.642592869183761,0.357407130816239
0.791079693427802,0.208920306572198
0.833671799630524,0.166328200369476
0.407897590477348,0.592102409522652
0.909094293189351,0.090905706810649
0.936428866561196,0.0635711334388044
0.822733560403167,0.177266439596833
0.804293307919087,0.195706692080913
0.90188322336365,0.0981167766363498
0.909639769575891,0.0903602304241092
0.115090206324952,0.884909793675048
0.643390501145281,0.356609498854719
0.922063053625251,0.0779369463747489
0.59140912552337,0.40859087447663
0.913985183213834,0.0860148167861664
0.954173421644411,0.0458265783555893
0.931674918593461,0.0683250814065386
0.925202247654322,0.0747977523456775
0.955376716861038,0.044623283138962
0.754079547081681,0.245920452918319
0.926052445560683,0.0739475544393171
0.858135138376416,0.141864861623584
0.957468206761786,0.0425317932382138
0.958770758560646,0.0412292414393536
0.595161786989535,0.404838213010465
0.876150672643953,0.123849327356047
0.703773396248686,0.296226603751314
0.414623572878922,0.585376427121078
0.935458552508565,0.064541447491435
0.572838546596438,0.427161453403562
0.778682252862129,0.221317747137871
0.845508417483778,0.154491582516222
0.924219012737009,0.0757809872629905
0.851982015081479,0.148017984918521
0.210368121840711,0.789631878159289
0.856327959559521,0.143672040440479
0.931650751851513,0.0683492481484871
0.959884876075214,0.0401151239247859
0.961560179363929,0.0384398206360705
0.594560044693346,0.405439955306654
0.958098474771796,0.0419015252282038
0.935084172906142,0.0649158270938578
0.921232994972372,0.078767005027628
0.831166317234946,0.168833682765054
0.685954139819953,0.314045860180047
0.828413195666791,0.171586804333209
0.948357559942986,0.0516424400570141
0.853180830879412,0.146819169120588
0.715278006886685,0.284721993113315
0.854536572444904,0.145463427555096
0.0224968646060781,0.977503135393922
0.738904040320287,0.261095959679713
0.952644361068125,0.0473556389318753
0.57249812565588,0.42750187434412
0.848150929656854,0.151849070343146
0.438612827033476,0.561387172966524
0.832924832083877,0.167075167916123
0.655252512430692,0.344747487569308
0.135780049109054,0.864219950890946
0.0155845587339367,0.984415441266063
0.800008511272434,0.199991488727566
0.809313377739294,0.190686622260706
0.738689521857692,0.261310478142308
0.328571012202756,0.671428987797244
0.00524712382410723,0.994752876175893
0.935549977055506,0.0644500229444941
0.92005993468349,0.0799400653165097
0.729210645554585,0.270789354445415
0.93292216299388,0.0670778370061196
0.860592329709191,0.139407670290809
0.901600246896677,0.0983997531033232
0.565580162848247,0.434419837151753
0.0746507616084912,0.925349238391509
0.641821285120826,0.358178714879174
0.599811698279922,0.400188301720078
0.929303073801268,0.070696926198732
0.431592975859602,0.568407024140398
0.793246496150027,0.206753503849973
0.875547362221205,0.124452637778795
0.819350854589706,0.180649145410294
0.883493965468276,0.116506034531724
0.437172252607894,0.562827747392106
0.914934256845987,0.0850657431540131
0.818674950939333,0.181325049060667
0.944579120781591,0.0554208792184093
0.0824042367980357,0.917595763201964
0.721803094071616,0.278196905928384
0.697482949560569,0.302517050439431
0.533276060392788,0.466723939607212
0.774890732001355,0.225109267998645
0.937010536708329,0.0629894632916714
0.336228857318665,0.663771142681335
0.897223683483673,0.102776316516327
0.875998582509346,0.124001417490654
0.420300271911207,0.579699728088793
0.893255460023585,0.106744539976415
0.885312001340235,0.114687998659765
0.759866061454975,0.240133938545025
0.786972873059898,0.213027126940102
0.507596324486433,0.492403675513567
0.444710947449315,0.555289052550685
0.416459059220571,0.583540940779429
0.187326382012187,0.812673617987813
0.867134560500215,0.132865439499785
0.885085071455352,0.114914928544648
0.784428383312119,0.215571616687881
0.842718725101135,0.157281274898865
0.868270892173089,0.131729107826911
0.961443127295464,0.0385568727045359
0.862265196153122,0.137734803846878
0.931195737026352,0.0688042629736477
0.943220329076521,0.056779670923479
0.706227811500591,0.293772188499409
0.238221515603847,0.761778484396153
0.258167694995531,0.741832305004469
0.909278682060195,0.0907213179398054
0.856811774531665,0.143188225468335
0.705401045836953,0.294598954163047
0.351360964224353,0.648639035775647
0.504978062019453,0.495021937980547
0.00909537327034963,0.99090462672965
0.708529620746803,0.291470379253197
0.61073690963885,0.38926309036115
0.950337232956256,0.0496627670437436
0.590518439147614,0.409481560852386
0.903583259913968,0.0964167400860322
0.780768970634687,0.219231029365313
0.500295764524986,0.499704235475014
0.907129610020541,0.0928703899794594
0.959727010322463,0.040272989677537
0.961498911121475,0.0385010888785245
0.942662627605588,0.0573373723944123
0.958556248949653,0.0414437510503474
0.960388490319684,0.0396115096803162
0.84239403377672,0.15760596622328
0.788862083744844,0.211137916255156
0.00760264148985618,0.992397358510144
0.825900059179399,0.174099940820601
0.831411383920379,0.168588616079621
0.688359925583181,0.311640074416819
0.261910762890644,0.738089237109356
0.561485100379819,0.438514899620181
0.847325462915835,0.152674537084165
0.557264306618091,0.442735693381909
0.0585882280312377,0.941411771968762
0.0500198693535497,0.94998013064645
0.221768767487426,0.778231232512574
0.00867726624036023,0.99132273375964
0.00838531798565694,0.991614682014343
0.205537543942126,0.794462456057874
0.416231812196925,0.583768187803075
0.164379446096828,0.835620553903172
0.00904275548322155,0.990957244516778
0.915559293397917,0.0844407066020831
0.00169111600322652,0.998308883996774
0.800826503953265,0.199173496046735
0.383654180129654,0.616345819870346
0.00730351749988561,0.992696482500114
0.528342753906921,0.471657246093079
0.383583413000267,0.616416586999733
0.957981137732798,0.042018862267202
0.567067375028046,0.432932624971954
0.703857733225382,0.296142266774618
0.503559402485152,0.496440597514848
0.579492555339608,0.420507444660392
0.00025983457178754,0.999740165428212
0.00478107220366886,0.995218927796331
0.834457278257668,0.165542721742332
0.158639666650261,0.841360333349739
0.908465977233179,0.0915340227668209
0.913098890531077,0.0869011094689227
0.944956831577212,0.0550431684227883
0.0268407534844293,0.973159246515571
0.00290767380562842,0.997092326194372
0.743493545433036,0.256506454566964
0.808974562904726,0.191025437095274
0.817989647880784,0.182010352119216
0.322533889010858,0.677466110989142
0.253615182909298,0.746384817090701
0.820738386133059,0.179261613866941
0.0545152089169485,0.945484791083052
0.485912998216272,0.514087001783728
0.0204453895410605,0.979554610458939
0.122546873650648,0.877453126349352
0.50850389085158,0.49149610914842
0.112686327239521,0.887313672760479
0.0115761147186612,0.988423885281339
0.523502203135074,0.476497796864926
0.521025085567395,0.478974914432605
0.042210847003541,0.957789152996459
0.894629303503355,0.105370696496645
0.755242338134725,0.244757661865275
0.440905855636819,0.559094144363181
0.0498843567875974,0.950115643212403
0.000922411495311662,0.999077588504688
0.00202478315632578,0.997975216843674
0.273538614218752,0.726461385781248
0.921091049101433,0.0789089508985668
0.194663488737506,0.805336511262494
0.0164186303278091,0.983581369672191
0.754716169013765,0.245283830986235
0.594014683776932,0.405985316223068
0.903866415797252,0.0961335842027483
0.21429705105797,0.78570294894203
0.027954104281681,0.972045895718319
0.120047951108072,0.879952048891928
0.0173731793800571,0.982626820619943
0.886181249792153,0.113818750207847
0.166378669149079,0.833621330850921
0.00205745737206053,0.997942542627939
0.775046867500197,0.224953132499803
0.000173216500136104,0.999826783499864
0.619934213156566,0.380065786843434
0.0179269660674672,0.982073033932533
0.00076458529060013,0.9992354147094
0.0148972321255257,0.985102767874474
0.212851385812353,0.787148614187647
0.79432372623678,0.20567627376322
0.286618673833875,0.713381326166125
0.644888612418801,0.355111387581199
0.0887957434483315,0.911204256551668
0.0466140610278569,0.953385938972143
0.00259382566096182,0.997406174339038
0.919198912951746,0.0808010870482536
0.0447249975761929,0.955275002423807
0.00853043125069338,0.991469568749307
0.0014738357165205,0.99852616428348
0.844280407823491,0.155719592176509
0.910928774450607,0.0890712255493931
0.920592755006131,0.0794072449938686
0.133364581914793,0.866635418085207
0.129669202950824,0.870330797049176
0.0102521656198226,0.989747834380177
0.498348234248642,0.501651765751358
0.594087443922105,0.405912556077895
0.276600181643676,0.723399818356324
0.0808308069140121,0.919169193085988
0.0653405042865484,0.934659495713452
0.00851842580654175,0.991481574193458
0.426691103777557,0.573308896222443
0.2287324170272,0.7712675829728
0.109346214603611,0.890653785396389
0.357389585271221,0.642610414728779
0.423461609307765,0.576538390692235
0.953223611141909,0.0467763888580914
0.862011280186629,0.137988719813371
0.935566754726513,0.0644332452734867
0.959565887557009,0.0404341124429913
0.959048865475347,0.0409511345246528
0.961080486899466,0.0389195131005342
0.955699499752519,0.0443005002474814
0.944399026342583,0.0556009736574166
0.960365302026138,0.0396346979738618
0.960815326205652,0.0391846737943476
0.961073113516708,0.0389268864832925
0.959399435465952,0.0406005645340479
0.943437842452201,0.0565621575477989
0.921213514130969,0.0787864858690306
0.94502226150146,0.0549777384985403
0.937670368507369,0.0623296314926306
0.92909975566367,0.0709002443363304
0.904185943691854,0.0958140563081455
0.958408267053063,0.041591732946937
0.961327853081146,0.0386721469188545
0.930057050573942,0.0699429494260579
0.855784642063084,0.144215357936916
0.933122060172679,0.0668779398273214
0.961012418967625,0.0389875810323745
0.961210015677007,0.0387899843229931
0.941103555491541,0.0588964445084588
0.833264726314608,0.166735273685392
0.956433877690549,0.0435661223094512
0.937178975762262,0.0628210242377383
0.907792866436029,0.0922071335639711
0.949802828838628,0.0501971711613718
0.94716578476109,0.0528342152389095
0.955877669067383,0.044122330932617
0.887832067670342,0.112167932329658
0.959813110244591,0.0401868897554086
0.916237804079982,0.0837621959200179
0.926918104490486,0.0730818955095137
0.958745182142378,0.0412548178576222
0.957313221681027,0.0426867783189735
0.9486452401282,0.0513547598718002
0.956529971907919,0.0434700280920812
0.934969628113058,0.0650303718869425
0.946500016784245,0.0534999832157553
0.863825895841577,0.136174104158423
0.961228865363434,0.0387711346365662
0.956446381017372,0.0435536189826283
0.947843475901193,0.0521565240988072
0.958187816625495,0.041812183374505
0.929402376795675,0.0705976232043251
0.953563241709985,0.0464367582900154
0.961229879333364,0.038770120666636
0.943285351514635,0.0567146484853648
0.942389058090224,0.0576109419097756
0.961166224882406,0.038833775117594
0.89576634742147,0.10423365257853
0.961134319008378,0.0388656809916225
0.95406743394224,0.0459325660577599
0.957884566373082,0.0421154336269184
0.9595679481714,0.0404320518286002
0.908012738844339,0.0919872611556611
0.933010872852523,0.0669891271474772
0.95205224451796,0.0479477554820401
0.961307332698034,0.0386926673019664
0.959741638532631,0.0402583614673693
0.960272134690213,0.0397278653097867
0.956462810382234,0.0435371896177656
0.857807868194418,0.142192131805582
0.961169773390789,0.0388302266092106
0.957777473075795,0.0422225269242048
0.943343700720399,0.0566562992796011
0.901872155201905,0.0981278447980954
0.944491969603669,0.0555080303963307
0.958563690795256,0.0414363092047435
0.874857337860093,0.125142662139907
0.960639330192292,0.039360669807708
0.955280070972315,0.044719929027685
0.944916927952429,0.0550830720475706
0.952467432131889,0.0475325678681111
0.958909424493597,0.0410905755064028
0.933883250825361,0.0661167491746394
0.959166855719596,0.0408331442804041
0.961293744149236,0.0387062558507645
0.935756696698638,0.0642433033013616
0.939381135203458,0.0606188647965423
0.958261000059842,0.0417389999401576
0.953575617482729,0.0464243825172713
0.93389467827516,0.0661053217248398
0.955767772883175,0.044232227116825
0.961231342501369,0.0387686574986311
0.953391662767949,0.0466083372320512
0.953479279426249,0.0465207205737515
0.939441117441719,0.0605588825582808
0.961029393587696,0.0389706064123044
0.895461461583284,0.104538538416716
0.961275402164843,0.0387245978351566
0.956329069203672,0.0436709307963282
0.958979662168447,0.0410203378315528
0.950955073853889,0.0490449261461114
0.961212138991385,0.038787861008615
0.954016793337694,0.0459832066623058
0.96116710051499,0.0388328994850101
0.961216501678828,0.0387834983211719
0.937596977710776,0.062403022289224
0.924386894135683,0.0756131058643166
0.958211791161817,0.0417882088381828
0.957401260266959,0.0425987397330411
0.653673199320547,0.346326800679453
0.960523719029522,0.039476280970478
0.923674648323383,0.0763253516766169
0.305928067928728,0.694071932071272
0.95950551065731,0.0404944893426896
0.914121713671404,0.0858782863285962
0.959127622924357,0.0408723770756431
0.89773682728701,0.10226317271299
0.957212056277576,0.0427879437224243
0.961362971174925,0.0386370288250749
0.928573133218957,0.0714268667810433
0.945095335514083,0.0549046644859166
0.902913711832979,0.0970862881670211
0.955824274265795,0.0441757257342053
0.837543189803479,0.162456810196521
0.952859820853859,0.0471401791461412
0.897044517815441,0.102955482184559
0.324995920999724,0.675004079000276
0.960583437982234,0.0394165620177664
0.892519715988438,0.107480284011562
0.699559938806541,0.300440061193459
0.959746443909331,0.0402535560906695
0.936279381903421,0.0637206180965786
0.961334081512375,0.0386659184876247
0.680011100146064,0.319988899853936
0.955356672526102,0.0446433274738977
0.961320382945086,0.0386796170549139
0.956253987807093,0.0437460121929065
0.934485112581599,0.0655148874184008
0.741250994823521,0.258749005176479
0.846793396376888,0.153206603623112
0.952143503035028,0.0478564969649722
0.956481771938252,0.0435182280617475
0.937279396249535,0.0627206037504645
0.939958575947207,0.060041424052793
0.952411402535381,0.0475885974646186
0.956858755429597,0.0431412445704029
0.94619214817538,0.0538078518246203
0.9513545719162,0.0486454280838005
0.759464687934977,0.240535312065023
0.943368691805901,0.0566313081940987
0.925364899089289,0.074635100910711
0.942914996555009,0.057085003444991
0.961236469767703,0.0387635302322965
0.776525601020175,0.223474398979825
0.942344826003317,0.0576551739966834
0.959059203759912,0.0409407962400877
0.925110278773814,0.0748897212261861
0.956806707864833,0.0431932921351672
0.764657331013575,0.235342668986425
0.948078333451938,0.051921666548062
0.895162972413995,0.104837027586005
0.956711925292451,0.0432880747075493
0.960583916410776,0.0394160835892235
0.642783339938367,0.357216660061633
0.908353066470363,0.0916469335296373
0.958452872317153,0.0415471276828466
0.9608135195823,0.0391864804176999
0.958505908436914,0.0414940915630861
0.898686766689326,0.101313233310674
0.864512583733609,0.135487416266391
0.896407205146537,0.103592794853463
0.945729887568415,0.0542701124315854
0.887330607638425,0.112669392361575
0.950686023413473,0.0493139765865275
0.954805362065854,0.0451946379341465
0.938007394187266,0.0619926058127339
0.877564707739196,0.122435292260804
0.913651994079611,0.086348005920389
0.941741730936263,0.0582582690637365
0.934437125713244,0.0655628742867559
0.925493764993578,0.0745062350064218
0.953964566823741,0.0460354331762595
0.957480022025429,0.0425199779745707
0.73305052336179,0.26694947663821
0.809179228404077,0.190820771595923
0.961317072396013,0.0386829276039866
0.948221614238482,0.0517783857615182
0.953298270798675,0.0467017292013245
0.960609589368654,0.039390410631346
0.791154847755414,0.208845152244586
0.958025971381101,0.0419740286188987
0.761832932425487,0.238167067574513
0.961149825599564,0.0388501744004361
0.941492627476936,0.0585073725230644
0.953723425076134,0.0462765749238658
0.935380080238942,0.064619919761058
0.93511458263621,0.0648854173637899
0.927360342749725,0.0726396572502748
0.961151561800307,0.0388484381996927
0.959018267056925,0.0409817329430745
0.951606417287034,0.0483935827129661
0.953678527541073,0.0463214724589274
0.940160638007649,0.0598393619923512
0.868510123077304,0.131489876922696
0.859406355115792,0.140593644884208
0.867179619024992,0.132820380975008
0.946957695521876,0.0530423044781235
0.953902820840382,0.0460971791596182
0.949736077609878,0.0502639223901223
0.449386351528259,0.550613648471741
0.797536189316034,0.202463810683966
0.946567664264924,0.0534323357350757
0.947212511219067,0.0527874887809332
0.217245918644967,0.782754081355033
0.853267370635048,0.146732629364952
0.829623814557394,0.170376185442606
0.909037194710184,0.0909628052898165
0.915918764663691,0.084081235336309
0.735648430697064,0.264351569302936
0.706397534154612,0.293602465845388
0.944784665254255,0.0552153347457448
0.71623228971265,0.28376771028735
0.554326305711668,0.445673694288332
0.937840620760068,0.0621593792399315
0.930159942225442,0.0698400577745578
0.961399308688208,0.0386006913117916
0.960945637613163,0.039054362386837
0.555551370865435,0.444448629134565
0.949769220427547,0.0502307795724526
0.347484857526755,0.652515142473244
0.616899927693417,0.383100072306583
0.954193267387905,0.0458067326120954
0.905103204508291,0.0948967954917094
0.704336419405232,0.295663580594768
0.495507407298168,0.504492592701832
0.52587717638547,0.47412282361453
0.925258406429854,0.0747415935701456
0.913712405995375,0.0862875940046254
0.871310597085258,0.128689402914742
0.558915591213283,0.441084408786717
0.935837367510029,0.0641626324899708
0.689858504015575,0.310141495984425
0.945779150866649,0.0542208491333509
0.323111277469671,0.67688872253033
0.842270542386752,0.157729457613248
0.909477316152265,0.090522683847735
0.830698590622964,0.169301409377036
0.936637925737135,0.0633620742628653
0.932671337555377,0.0673286624446229
0.961372700261106,0.038627299738894
0.961345019544138,0.0386549804558624
0.92272649857933,0.0772735014206697
0.854172362843117,0.145827637156883
0.816657906814792,0.183342093185208
0.959123563942477,0.0408764360575228
0.800582866163979,0.199417133836021
0.842393564515739,0.157606435484261
0.481156076373505,0.518843923626495
0.751167644244576,0.248832355755424
0.941415217060773,0.0585847829392273
0.901814885147283,0.0981851148527173
0.856052494847685,0.143947505152315
0.949641939146983,0.0503580608530166
0.96076345218599,0.03923654781401
0.960025320387134,0.0399746796128662
0.950898869723808,0.049101130276192
0.913134786415525,0.0868652135844746
0.900740469196958,0.0992595308030415
0.933049084214626,0.0669509157853737
0.738740626224202,0.261259373775798
0.86711985190679,0.13288014809321
0.934028691296096,0.0659713087039036
0.960381446189332,0.0396185538106685
0.961394101066064,0.0386058989339363
0.933259945736438,0.0667400542635618
0.955961202982748,0.0440387970172523
0.923849817865695,0.0761501821343054
0.750238437473955,0.249761562526045
0.880776302748773,0.119223697251227
0.9558993655763,0.0441006344236998
0.935935370247116,0.0640646297528844
0.849936241908327,0.150063758091673
0.878211831892919,0.121788168107081
0.914322630598774,0.0856773694012263
0.912045436822859,0.0879545631771411
0.659209355689438,0.340790644310562
0.960890481411827,0.0391095185881726
0.103466061602161,0.896533938397839
0.847491696295993,0.152508303704007
0.8068558937214,0.1931441062786
0.957334968648835,0.0426650313511647
0.845007063495003,0.154992936504997
0.900791843649352,0.0992081563506478
0.957848305666516,0.0421516943334838
0.952905291158497,0.0470947088415026
0.54025576258682,0.45974423741318
0.87112229661446,0.12887770338554
0.917129887986494,0.0828701120135065
0.961310695240847,0.038689304759153
0.587639566105784,0.412360433894216
0.746646881828713,0.253353118171287
0.807540689329539,0.192459310670461
0.89206020144866,0.10793979855134
0.816893347042197,0.183106652957803
0.651497315301274,0.348502684698726
0.865510714075121,0.134489285924879
0.485357249672818,0.514642750327182
0.486146646978415,0.513853353021585
0.90175938552098,0.09824061447902
0.79867566638389,0.20132433361611
0.106077391156833,0.893922608843167
0.914502198764707,0.0854978012352929
0.920354756749113,0.0796452432508865
0.210873908909789,0.789126091090211
0.861819120578289,0.138180879421711
0.473690258762609,0.526309741237391
0.936353108721317,0.0636468912786826
0.0618410108258908,0.938158989174109
0.957601014256217,0.0423989857437826
0.960151366858443,0.0398486331415574
0.0132054790508662,0.986794520949134
0.550278618297336,0.449721381702664
0.869786031555008,0.130213968444992
0.916825859611953,0.0831741403880466
0.616405614598355,0.383594385401645
0.710422600589622,0.289577399410378
0.074185232803666,0.925814767196334
0.00909819790090868,0.990901802099091
0.546243920041822,0.453756079958178
0.753002641771916,0.246997358228084
0.723407366240079,0.276592633759921
0.405479724576936,0.594520275423064
0.933323566553248,0.0666764334467519
0.836493384065436,0.163506615934564
0.892842218561488,0.107157781438512
0.931623018474992,0.0683769815250078
0.843241474678954,0.156758525321046
0.734289736954092,0.265710263045908
0.365068252867135,0.634931747132865
0.73622216723319,0.26377783276681
0.847835772993148,0.152164227006852
0.906692545021128,0.0933074549788723
0.630055774176868,0.369944225823132
0.865418030777409,0.134581969222591
0.625283924676306,0.374716075323694
0.28976868047356,0.71023131952644
0.909442073528611,0.0905579264713886
0.826823801086307,0.173176198913693
0.731030251356507,0.268969748643493
0.0624592492626443,0.937540750737356
0.269260091957885,0.730739908042116
0.145591333284097,0.854408666715903
0.879186438347003,0.120813561652997
0.480191615079516,0.519808384920484
0.876900329576062,0.123099670423938
0.127917444129757,0.872082555870243
0.380614819568778,0.619385180431222
0.956298674641329,0.0437013253586707
0.927967439556452,0.0720325604435479
0.87636986875821,0.12363013124179
0.937753744809416,0.062246255190584
0.782070179029244,0.217929820970756
0.0233164168100755,0.976683583189924
0.444091986315868,0.555908013684132
0.46353833549182,0.53646166450818
0.380914166079164,0.619085833920836
0.714589868951155,0.285410131048845
0.192968737675589,0.807031262324411
0.628466164556804,0.371533835443196
0.869467795948012,0.130532204051988
0.576380427194154,0.423619572805846
0.692644056191368,0.307355943808632
0.010391010225563,0.989608989774437
0.0483983433669565,0.951601656633044
0.7813123459738,0.2186876540262
0.369049091484802,0.630950908515198
0.946828143644068,0.0531718563559317
0.343577787791273,0.656422212208727
0.77508275353468,0.22491724646532
0.900209939281221,0.0997900607187793
0.864167628731273,0.135832371268727
0.551739965219919,0.448260034780081
0.931614495535626,0.0683855044643736
0.351188744415009,0.648811255584991
0.955037314508345,0.0449626854916555
0.00447602490403675,0.995523975095963
0.632227715962809,0.367772284037191
0.792477258044884,0.207522741955116
0.855968525461302,0.144031474538698
0.222202810635455,0.777797189364545
0.573137557592251,0.426862442407749
0.271915860790529,0.728084139209471
0.83101757338041,0.16898242661959
0.730293351766913,0.269706648233087
0.0253291728155313,0.974670827184469
0.915944353807216,0.0840556461927841
0.857945748737499,0.142054251262501
0.836492842727203,0.163507157272797
0.289584595382555,0.710415404617445
0.201365733020847,0.798634266979153
0.854102907800357,0.145897092199643
0.922237576792623,0.0777624232073775
0.960893172295299,0.0391068277047011
0.952459087684998,0.0475409123150025
0.949342357726454,0.0506576422735461
0.895687712738049,0.104312287261951
0.95542185918158,0.0445781408184204
0.837757444996029,0.162242555003971
0.950261674919627,0.0497383250803729
0.956046243223847,0.0439537567761533
0.96000850764465,0.0399914923553504
0.597257845347366,0.402742154652634
0.951523761846422,0.048476238153578
0.958574841341608,0.0414251586583918
0.959396964124572,0.0406030358754278
0.94788450379769,0.0521154962023097
0.960651259633137,0.039348740366863
0.829234957305596,0.170765042694404
0.90328491698857,0.0967150830114295
0.956728489792065,0.0432715102079348
0.95519754454475,0.04480245545525
0.89219073961428,0.10780926038572
0.959011840358214,0.0409881596417859
0.961216434645459,0.0387835653545405
0.960487356065562,0.0395126439344383
0.934043183181864,0.065956816818136
0.943272849685299,0.0567271503147005
0.961293006770708,0.0387069932292922
0.952115995602232,0.0478840043977677
0.951957437483317,0.0480425625166828
0.92017971501849,0.0798202849815102
0.500473991006329,0.499526008993671
0.90347503983705,0.0965249601629496
0.946457966467023,0.0535420335329775
0.906845139292272,0.0931548607077285
0.951401893595686,0.0485981064043141
0.960264484685057,0.0397355153149435
0.946851243679251,0.0531487563207492
0.961312497630824,0.038687502369176
0.959858294389808,0.040141705610192
0.85320533563724,0.14679466436276
0.950262254143369,0.0497377458566312
0.948089040133921,0.0519109598660793
0.958954954250438,0.0410450457495622
0.960844082425183,0.0391559175748168
0.961321185286537,0.0386788147134633
0.96049567948243,0.0395043205175698
0.938944177530167,0.0610558224698332
0.791977780564179,0.208022219435821
0.924069818316008,0.0759301816839916
0.956550208286766,0.0434497917132339
0.961340960931088,0.0386590390689119
0.664124302230368,0.335875697769632
0.960850668062517,0.039149331937483
0.927360539863064,0.0726394601369357
0.922290579410129,0.077709420589871
0.961041377135347,0.0389586228646535
0.955755231325444,0.0442447686745561
0.957834221344355,0.0421657786556446
0.94054716321614,0.05945283678386
0.958858751161267,0.0411412488387327
0.94208257503716,0.0579174249628397
0.835055901202026,0.164944098797974
0.960913922500169,0.0390860774998314
0.961115938560043,0.0388840614399575
0.927809680492642,0.0721903195073579
0.914548781350822,0.085451218649178
0.958217781630585,0.041782218369415
0.929188582584414,0.0708114174155865
0.959988904079856,0.0400110959201436
0.957315593058117,0.042684406941883
0.907740214561204,0.0922597854387958
0.953541319088151,0.0464586809118486
0.960980701925509,0.0390192980744911
0.948026715129788,0.0519732848702124
0.960376014959365,0.0396239850406346
0.9379076523235,0.0620923476765002
0.960403494988958,0.0395965050110418
0.938168880332192,0.0618311196678076
0.951722593371242,0.0482774066287581
0.946519239052181,0.0534807609478188
0.921196033307366,0.0788039666926343
0.932183891529778,0.067816108470222
0.694909484802052,0.305090515197948
0.939518806876411,0.0604811931235892
0.945601380774435,0.0543986192255649
0.946714387586632,0.053285612413368
0.912641480278522,0.0873585197214778
0.956900750869671,0.0430992491303286
0.700672858652506,0.299327141347494
0.960811191842116,0.0391888081578837
0.957979304363272,0.0420206956367276
0.960160475216912,0.0398395247830883
0.930578006222767,0.0694219937772335
0.958156949982494,0.0418430500175064
0.956546966326354,0.0434530336736458
0.955928023725938,0.0440719762740617
0.954091866261983,0.0459081337380175
0.951429925968095,0.0485700740319052
0.957769310884958,0.0422306891150417
0.951579214586735,0.0484207854132649
0.942876072424914,0.0571239275750856
0.92982887294275,0.0701711270572504
0.936724426119058,0.0632755738809423
0.949701109416297,0.0502988905837026
0.951464304412469,0.048535695587531
0.952307643546353,0.0476923564536467
0.944591744820476,0.0554082551795242
0.960353787411466,0.0396462125885338
0.956741148802118,0.0432588511978816
0.955385350281675,0.0446146497183246
0.947864097532263,0.0521359024677366
0.960240713068083,0.0397592869319174
0.961315544933962,0.0386844550660378
0.957406160410919,0.0425938395890809
0.940487789070838,0.0595122109291618
0.93238769370594,0.0676123062940602
0.950775123428202,0.0492248765717979
0.948218109283679,0.051781890716321
0.947484132943279,0.0525158670567207
0.95470449681646,0.0452955031835396
0.944849625787454,0.0551503742125455
0.956946725443481,0.0430532745565193
0.922984900782061,0.077015099217939
0.958287331256451,0.0417126687435491
0.961313956669514,0.0386860433304864
0.958390937494655,0.0416090625053448
0.936385048776191,0.0636149512238086
0.960619118058866,0.039380881941134
0.864354226803164,0.135645773196836
0.960999012115983,0.039000987884017
0.943480420636575,0.0565195793634247
0.961150910192563,0.0388490898074366
0.952855191318091,0.0471448086819088
0.94128214595191,0.0587178540480903
0.961277671579264,0.0387223284207358
0.958287990241138,0.0417120097588622
0.950191969308113,0.0498080306918869
0.954345386595523,0.0456546134044773
0.941546616468762,0.0584533835312379
0.959409599979007,0.0405904000209926
0.935190655597975,0.0648093444020249
0.960602520423269,0.0393974795767309
0.959159078920649,0.0408409210793514
0.929216541506886,0.0707834584931137
0.961043980776641,0.0389560192233587
0.950964775611687,0.0490352243883131
0.957136530680223,0.0428634693197767
0.959488506448524,0.0405114935514759
0.953646301492836,0.0463536985071644
0.957426933330217,0.0425730666697828
0.948909242864107,0.0510907571358931
0.953936966269295,0.0460630337307052
0.958269158276752,0.0417308417232483
0.924700464299194,0.0752995357008062
0.960670491504702,0.0393295084952983
0.959587003919063,0.0404129960809372
0.89456159973193,0.10543840026807
0.945993582629787,0.0540064173702127
0.927625995494542,0.0723740045054577
0.918485807249941,0.0815141927500591
0.958597431107761,0.0414025688922393
0.954565397563521,0.0454346024364789
0.960841382758591,0.0391586172414086
0.961260836133491,0.0387391638665093
0.960978361512559,0.039021638487441
0.943946339413653,0.0560536605863473
0.91838824445689,0.0816117555431102
0.932942429372549,0.0670575706274511
0.874960600490917,0.125039399509083
0.930466934794751,0.0695330652052494
0.959442011393372,0.0405579886066281
0.955232690648538,0.0447673093514624
0.957725978791484,0.0422740212085159
0.954690651881922,0.0453093481180776
0.959265643757361,0.0407343562426391
0.958101488482368,0.0418985115176316
0.956374386672015,0.0436256133279854
0.957343158297696,0.0426568417023037
0.953162284356869,0.0468377156431313
0.958855989691212,0.0411440103087879
0.953078704894268,0.046921295105732
0.960730571089085,0.039269428910915
0.95625091936846,0.0437490806315397
0.961301516289949,0.0386984837100506
0.958479662836472,0.0415203371635281
0.916445460254995,0.0835545397450049
0.943994210942756,0.0560057890572441
0.941728495762542,0.0582715042374579
0.961304674533388,0.0386953254666121
0.943969870048147,0.0560301299518534
0.959143105617543,0.0408568943824571
0.953375930988755,0.0466240690112448
0.961090375761062,0.038909624238938
0.895065105054215,0.104934894945785
0.954276053100581,0.0457239468994191
0.949587016489788,0.0504129835102116
0.941373523637821,0.0586264763621788
0.949134592471272,0.050865407528728
0.9612864965775,0.0387135034224999
0.943769377567555,0.0562306224324449
0.866948725469681,0.133051274530319
0.930632692350947,0.0693673076490526
0.918406320116229,0.0815936798837708
0.939858694893842,0.0601413051061577
0.891803563491125,0.108196436508875
0.805932373777108,0.194067626222892
0.901288718497515,0.0987112815024851
0.960955053539808,0.0390449464601924
0.960987546382174,0.0390124536178263
0.914683804682007,0.0853161953179926
0.959989389252268,0.0400106107477324
0.867114681333234,0.132885318666766
0.922835384041217,0.0771646159587828
0.868052443443522,0.131947556556478
0.956973749434744,0.0430262505652564
0.869145738278591,0.130854261721409
0.957770004791067,0.0422299952089326
0.850149134076412,0.149850865923588
0.960894747768669,0.0391052522313309
0.945598576370209,0.0544014236297907
0.550352147362115,0.449647852637885
0.954563943400456,0.0454360565995439
0.948427349867131,0.0515726501328692
0.389654496812482,0.610345503187518
0.954185150465743,0.0458148495342567
0.921282533008812,0.0787174669911875
0.961089083715301,0.0389109162846994
0.867799780914297,0.132200219085703
0.901698950077076,0.0983010499229244
0.953135221983663,0.0468647780163371
0.921213703075574,0.0787862969244264
0.92799157054328,0.0720084294567197
0.844024508275973,0.155975491724027
0.960693942554001,0.039306057445999
0.953441935490748,0.0465580645092523
0.929700894320514,0.0702991056794861
0.958382818235136,0.0416171817648638
0.958320114160483,0.0416798858395173
0.961281130695554,0.0387188693044456
0.941111353747832,0.0588886462521679
0.920773050540196,0.0792269494598044
0.865842308533325,0.134157691466675
0.954593445040005,0.0454065549599951
0.946131940239892,0.0538680597601079
0.957268503218747,0.0427314967812528
0.954003323164171,0.0459966768358286
0.735188134273293,0.264811865726707
0.959952201994597,0.0400477980054033
0.960038565990631,0.0399614340093695
0.954304532394632,0.0456954676053676
0.936733115131818,0.0632668848681824
0.919553542397099,0.080446457602901
0.942481549009305,0.057518450990695
0.778012811134978,0.221987188865022
0.948266274179289,0.0517337258207115
0.960983402103185,0.0390165978968153
0.955610697113946,0.0443893028860541
0.849405499100868,0.150594500899132
0.935908609049962,0.0640913909500378
0.943056301181156,0.056943698818844
0.913196181215074,0.0868038187849264
0.91602616100647,0.0839738389935298
0.882870012813702,0.117129987186298
0.931580726489328,0.0684192735106722
0.901247173899745,0.0987528261002547
0.960187474358856,0.0398125256411436
0.908952815159394,0.0910471848406065
0.691438422384035,0.308561577615965
0.957028973385469,0.0429710266145307
0.787440210817347,0.212559789182653
0.920285680524791,0.0797143194752086
0.938391568610089,0.061608431389911
0.941970207548137,0.0580297924518635
0.959701991384262,0.0402980086157375
0.7540377209007,0.2459622790993
0.876162484308835,0.123837515691165
0.961270958158697,0.0387290418413029
0.960945491533532,0.039054508466468
0.940453376869872,0.0595466231301276
0.956802151405567,0.0431978485944332
0.960261291102456,0.0397387088975442
0.941922582032632,0.058077417967368
0.951913664411785,0.0480863355882151
0.960440532370349,0.0395594676296512
0.926814488199506,0.0731855118004942
0.851717337405459,0.148282662594541
0.839729859984833,0.160270140015167
0.712258724339409,0.287741275660591
0.956386745357243,0.0436132546427572
0.961014370167755,0.0389856298322454
0.961172063635185,0.0388279363648152
0.889816223332732,0.110183776667268
0.708691181935803,0.291308818064197
0.924741184203404,0.0752588157965957
0.84193213875307,0.15806786124693
0.93019497454655,0.06980502545345
0.951786988077844,0.0482130119221561
0.95410336470007,0.0458966352999302
0.960166658967403,0.0398333410325971
0.961226869301505,0.0387731306984952
0.915736043965616,0.0842639560343835
0.9539995411595,0.0460004588405001
0.864724564101271,0.135275435898729
0.86735522024655,0.13264477975345
0.94173104475732,0.0582689552426805
0.903375679024557,0.0966243209754434
0.903147159966886,0.0968528400331143
0.913061352119136,0.0869386478808636
0.705387855110001,0.294612144889999
0.910379258140682,0.0896207418593177
0.842340858061839,0.157659141938161
0.127602966206603,0.872397033793397
0.386594972896966,0.613405027103034
0.759868138771541,0.240131861228459
0.930627196288753,0.0693728037112467
0.94363278154758,0.05636721845242
0.951498434814281,0.0485015651857191
0.948646725794514,0.0513532742054862
0.0282233064953617,0.971776693504638
0.81877841476366,0.18122158523634
0.961234319508386,0.0387656804916143
0.956958632909313,0.0430413670906868
0.96102002548422,0.0389799745157802
0.809278231303491,0.190721768696509
0.710028062959725,0.289971937040275
0.564348849508806,0.435651150491194
0.283940580679934,0.716059419320066
0.94810775271354,0.0518922472864602
0.920836407812968,0.0791635921870318
0.920852610238052,0.0791473897619484
0.930006739541852,0.0699932604581484
0.444050275371217,0.555949724628783
0.882095154958999,0.117904845041001
0.798340524906082,0.201659475093918
0.897538745551264,0.102461254448736
0.960568625279892,0.039431374720108
0.952769760026599,0.0472302399734011
0.888220064607524,0.111779935392476
0.832525310583157,0.167474689416843
0.936203095460797,0.0637969045392033
0.644308630840951,0.355691369159049
0.752083690112581,0.247916309887419
0.924876527676985,0.0751234723230153
0.720373245138329,0.279626754861671
0.939339030161488,0.0606609698385123
0.832372164635349,0.167627835364651
0.816538220520664,0.183461779479336
0.789461402621383,0.210538597378617
0.924396950808313,0.0756030491916871
0.933012773225793,0.0669872267742074
0.941091408430668,0.0589085915693318
0.690791583325535,0.309208416674465
0.452439014873006,0.547560985126994
0.908942058346528,0.0910579416534721
0.926942568946842,0.0730574310531583
0.919854021332825,0.0801459786671754
0.918074391435354,0.0819256085646457
0.951823068435536,0.0481769315644642
0.957015369211283,0.0429846307887173
0.53770651174672,0.46229348825328
0.960356605365985,0.0396433946340152
0.884582726958651,0.115417273041349
0.72536993120795,0.27463006879205
0.950506261754125,0.0494937382458749
0.812510830794803,0.187489169205197
0.81611913891166,0.18388086108834
0.812701313486495,0.187298686513505
0.921223343540442,0.0787766564595581
0.917448598806616,0.0825514011933838
0.362245096261318,0.637754903738682
0.818804912517935,0.181195087482065
0.936260036232762,0.0637399637672378
0.947660601396167,0.0523393986038326
0.9599953894559,0.0400046105441003
0.958487889982562,0.0415121100174379
0.865529847430266,0.134470152569734
0.959995817528466,0.0400041824715344
0.9390099349726,0.0609900650273998
0.652860922428952,0.347139077571048
0.926460168950769,0.0735398310492308
0.515663509546619,0.484336490453381
0.822094503821818,0.177905496178182
0.936003492488793,0.0639965075112068
0.83732798009233,0.16267201990767
0.755466404187955,0.244533595812045
0.93448010857407,0.06551989142593
0.940870897906728,0.0591291020932717
0.888296988495846,0.111703011504154
0.197123699769418,0.802876300230583
0.814423179243405,0.185576820756595
0.958507840454627,0.0414921595453734
0.838595879060088,0.161404120939912
0.920798026329506,0.0792019736704935
0.869705077626589,0.130294922373411
0.375656819873591,0.624343180126409
0.889143533753524,0.110856466246476
0.558788817955878,0.441211182044122
0.841227086084639,0.158772913915361
0.860291376187935,0.139708623812065
0.939297596772192,0.0607024032278082
0.688347618599908,0.311652381400092
0.644827129938616,0.355172870061384
0.622090835139501,0.377909164860499
0.926446104542344,0.0735538954576558
0.786921549181133,0.213078450818867
0.942440847392515,0.0575591526074847
0.948088129596914,0.0519118704030858
0.581068916426739,0.418931083573261
0.961594235025707,0.0384057649742929
0.794152413802455,0.205847586197545
0.944732871400268,0.0552671285997324
0.916998543976844,0.0830014560231561
0.88380210737523,0.11619789262477
0.821852983151924,0.178147016848076
0.722722532209855,0.277277467790145
0.948642585519072,0.051357414480928
0.932083401446798,0.0679165985532022
0.362892199343213,0.637107800656787
0.533838792405675,0.466161207594325
0.876632410050899,0.123367589949101
0.956137520305035,0.0438624796949646
0.942983332692922,0.0570166673070779
0.337600957052643,0.662399042947357
0.939005309116054,0.0609946908839462
0.832914757282532,0.167085242717468
0.944945247196118,0.0550547528038819
0.947109294669716,0.0528907053302844
0.952815957553863,0.0471840424461367
0.960808011395463,0.0391919886045367
0.949988591286376,0.0500114087136235
0.954431310124513,0.045568689875487
0.937255153134487,0.0627448468655134
0.892713941736127,0.107286058263873
0.83706130727862,0.16293869272138
0.87071643651409,0.12928356348591
0.949327923539027,0.0506720764609733
0.381715386841756,0.618284613158244
0.684891210614788,0.315108789385212
0.920347604567366,0.0796523954326337
0.764213850275543,0.235786149724457
0.949791844860242,0.0502081551397575
0.952560940243534,0.0474390597564665
0.935721400822664,0.0642785991773364
0.93674036441187,0.0632596355881301
0.941805781769547,0.0581942182304527
0.924356514252612,0.075643485747388
0.825739858748071,0.174260141251929
0.96143267322944,0.0385673267705599
0.832040967121889,0.167959032878111
0.864036729216854,0.135963270783146
0.952862638304211,0.0471373616957889
0.907009193706528,0.0929908062934724
0.912567384490687,0.0874326155093131
0.308324963237416,0.691675036762584
0.532868095879466,0.467131904120534
0.634487266611752,0.365512733388248
0.464058450662979,0.535941549337021
0.954147861946516,0.0458521380534835
0.961323358450768,0.038676641549232
0.884390651946536,0.115609348053464
0.961681105188274,0.0383188948117263
0.808497838471517,0.191502161528483
0.886076150721446,0.113923849278554
0.64864753992486,0.35135246007514
0.942365635142122,0.0576343648578777
0.90764901926911,0.0923509807308898
0.943760757940185,0.056239242059815
0.952483468897678,0.0475165311023218
0.942155757053365,0.057844242946635
0.942304021133562,0.0576959788664382
0.959985715632709,0.040014284367291
0.896353243140622,0.103646756859378
0.861793362726883,0.138206637273117
0.955507553815846,0.0444924461841537
0.946162724886261,0.053837275113739
0.628614455139888,0.371385544860112
0.90223879499136,0.0977612050086399
0.923408713505572,0.0765912864944284
0.916134413317557,0.083865586682443
0.690306111658673,0.309693888341327
0.961664301794838,0.0383356982051624
0.950649380851741,0.049350619148259
0.925491168613205,0.0745088313867949
0.942621745467387,0.0573782545326126
0.961698477763367,0.0383015222366329
0.916441424837151,0.083558575162849
0.934318092723803,0.065681907276197
0.960644696589437,0.0393553034105635
0.463963565746218,0.536036434253782
0.961672871833358,0.0383271281666423
0.915287206072864,0.084712793927136
0.887658117089442,0.112341882910558
0.680585682253273,0.319414317746727
0.866200619410187,0.133799380589813
0.959446643187357,0.0405533568126434
0.961684249589643,0.038315750410357
0.915320000759775,0.0846799992402247
0.959632568156799,0.0403674318432014
0.955600761894135,0.044399238105865
0.924300923480661,0.075699076519339
0.948559947522332,0.0514400524776681
0.917635615122235,0.0823643848777649
0.95899780839665,0.0410021916033501
0.877665360338963,0.122334639661037
0.961272538598151,0.0387274614018487
0.769395155553317,0.230604844446683
0.961594617153832,0.0384053828461682
0.958662569160877,0.0413374308391233
0.879043808524149,0.120956191475851
0.950438116853408,0.0495618831465923
0.955579237339252,0.0444207626607477
0.9609714702872,0.0390285297128
0.931298434995978,0.0687015650040222
0.958676245239392,0.0413237547606082
0.940787157157959,0.0592128428420411
0.86964112830223,0.13035887169777
0.936701171652894,0.0632988283471063
0.956944101627181,0.0430558983728188
0.953698138095709,0.0463018619042909
0.957174166136136,0.0428258338638636
0.889020746846461,0.110979253153539
0.958203840423202,0.0417961595767982
0.925331908147643,0.0746680918523571
0.961482837562519,0.0385171624374808
0.666152446303514,0.333847553696486
0.930954928804062,0.0690450711959377
0.961340504745505,0.0386594952544953
0.704247475042701,0.295752524957299
0.94562498840879,0.0543750115912098
0.938928105708871,0.0610718942911295
0.926144844119322,0.0738551558806777
0.944844223319632,0.0551557766803676
0.944874951557267,0.0551250484427327
0.951621571033541,0.0483784289664593
0.935957172596379,0.0640428274036206
0.960496583696373,0.039503416303627
0.948518325892433,0.0514816741075671
0.939686059141333,0.0603139408586667
0.920593637353299,0.0794063626467014
0.932258592137462,0.0677414078625379
0.961372214200342,0.038627785799658
0.960731993084928,0.0392680069150723
0.950537843631334,0.0494621563686659
0.851493511894986,0.148506488105014
0.953347017144942,0.0466529828550584
0.885027459959161,0.114972540040839
0.961242652677133,0.0387573473228673
0.95803511907282,0.04196488092718
0.875800740655152,0.124199259344848
0.957414407051459,0.0425855929485407
0.893972970154426,0.106027029845574
0.948830708547129,0.0511692914528712
0.961620001738596,0.0383799982614044
0.957707525976413,0.0422924740235873
0.945978381962449,0.0540216180375515
0.915775339104019,0.0842246608959807
0.961535641509133,0.0384643584908668
0.959404922413299,0.0405950775867009
0.954358089815838,0.0456419101841617
0.879791162243564,0.120208837756436
0.92166376211992,0.0783362378800803
0.842299527001981,0.157700472998019
0.957918430923128,0.0420815690768716
0.95312336628312,0.0468766337168802
0.958131269055785,0.0418687309442147
0.961380242600999,0.038619757399001
0.936968460313924,0.0630315396860756
0.910632032864317,0.0893679671356831
0.960903243128826,0.039096756871174
0.961314796275518,0.0386852037244816
0.960059468027325,0.0399405319726754
0.956491029648239,0.0435089703517615
0.951383921991518,0.0486160780084823
0.483255246651481,0.516744753348519
0.952312156778627,0.047687843221373
0.952137667703904,0.0478623322960964
0.961620081681177,0.0383799183188235
0.961603542311194,0.0383964576888062
0.958292869527497,0.0417071304725031
0.933659224347653,0.0663407756523472
0.961291268768102,0.0387087312318978
0.95264973674383,0.0473502632561699
0.959661545926078,0.0403384540739218
0.955362344672658,0.0446376553273415
0.942038836360089,0.0579611636399112
0.917595488913206,0.0824045110867939
0.951813089337036,0.0481869106629639
0.929513713858172,0.0704862861418284
0.961269105191557,0.0387308948084432
0.961169309429528,0.0388306905704715
0.961506081839309,0.0384939181606906
0.957388030598965,0.0426119694010348
0.880590562849001,0.119409437150999
0.952348325300476,0.0476516746995244
0.948176596137421,0.051823403862579
0.903024782979121,0.0969752170208791
0.956065911719547,0.0439340882804531
0.959670329191511,0.0403296708084893
0.960121094385484,0.0398789056145162
0.889226522617856,0.110773477382144
0.961360109647725,0.0386398903522746
0.906136848612209,0.0938631513877913
0.956315439451315,0.043684560548685
0.876258752895559,0.123741247104441
0.946416267901198,0.0535837320988017
0.955792323038937,0.0442076769610632
0.958402512903669,0.0415974870963312
0.937999317424742,0.0620006825752583
0.937575233929732,0.0624247660702685
0.941827172592366,0.0581728274076335
0.959963286601435,0.0400367133985647
0.935681975782168,0.0643180242178324
0.919664231323592,0.0803357686764078
0.928770839714547,0.0712291602854533
0.949132293755174,0.0508677062448262
0.961153215755645,0.0388467842443546
0.961373854757682,0.0386261452423176
0.957804566164064,0.0421954338359357
0.819248058167742,0.180751941832258
0.961034432328725,0.0389655676712749
0.920905272538294,0.0790947274617056
0.949306120459799,0.0506938795402012
0.961031173083538,0.038968826916462
0.941958401284206,0.0580415987157935
0.961488859087289,0.0385111409127114
0.961015704141429,0.0389842958585709
0.961322769327727,0.0386772306722731
0.960992141020295,0.0390078589797052
0.958279275624331,0.0417207243756691
0.940668919600875,0.0593310803991253
0.961512677886849,0.038487322113151
0.919798595000273,0.0802014049997269
0.960506427823815,0.0394935721761845
0.961528890708444,0.0384711092915556
0.9576859992603,0.0423140007397004
0.954067574749206,0.0459324252507942
0.959699709365612,0.0403002906343882
0.959604981318677,0.0403950186813227
0.951140012144421,0.0488599878555793
0.950353422058127,0.0496465779418729
0.955877971589749,0.0441220284102515
0.949528304442559,0.0504716955574415
0.912193413150844,0.0878065868491564
0.955146106327607,0.044853893672393
0.961090377168033,0.0389096228319671
0.955585087451452,0.0444149125485479
0.960530692125889,0.0394693078741107
0.953571347547659,0.0464286524523412
0.949384250272745,0.050615749727255
0.937143384724712,0.0628566152752879
0.961361029140677,0.0386389708593234
0.954069927774978,0.0459300722250219
0.958869214505739,0.041130785494261
0.959342432841257,0.0406575671587434
0.961515273774582,0.038484726225418
0.958149484850671,0.0418505151493291
0.862342420578619,0.137657579421381
0.923428026702793,0.0765719732972071
0.960246056232354,0.0397539437676463
0.912232443819055,0.0877675561809452
0.959812387313446,0.0401876126865544
0.952839091679003,0.0471609083209965
0.950137223672523,0.0498627763274773
0.957359769221783,0.0426402307782165
0.954851930118362,0.0451480698816377
0.96149407070557,0.0385059292944296
0.916636909654576,0.0833630903454238
0.953208212326554,0.0467917876734465
0.935416097262501,0.0645839027374994
0.961125940478842,0.0388740595211584
0.832660342752981,0.167339657247019
0.954848211080595,0.0451517889194046
0.95897851858377,0.0410214814162296
0.857915209150844,0.142084790849156
0.957474536515283,0.0425254634847166
0.930462592082054,0.0695374079179463
0.959749777526949,0.0402502224730512
0.956813244777795,0.0431867552222054
0.930773213644085,0.0692267863559153
0.959409719442495,0.040590280557505
0.961080884766348,0.038919115233652
0.947506409988654,0.052493590011346
0.848820083096153,0.151179916903847
0.961531797991312,0.0384682020086875
0.937849699980688,0.0621503000193124
0.784282363942729,0.215717636057271
0.956480405861275,0.0435195941387252
0.893151690099315,0.106848309900685
0.922215439622015,0.0777845603779845
0.960692214425986,0.0393077855740138
0.958438717421796,0.0415612825782045
0.888984197037108,0.111015802962892
0.95898364717198,0.0410163528280196
0.948138053594109,0.0518619464058914
0.959777033169525,0.0402229668304751
0.685535164842541,0.314464835157459
0.960933184923717,0.0390668150762834
0.932290743445825,0.0677092565541754
0.891225629877431,0.108774370122569
0.885758603468429,0.114241396531571
0.8461782853751,0.1538217146249
0.96146933242523,0.0385306675747695
0.961423395418991,0.0385766045810093
0.883900291915627,0.116099708084373
0.505386115795685,0.494613884204315
0.721858505294376,0.278141494705624
0.922554774638608,0.0774452253613924
0.960429326981575,0.0395706730184248
0.942877662404643,0.0571223375953567
0.913422785036361,0.0865772149636393
0.910236154205091,0.0897638457949089
0.956058251470933,0.0439417485290672
0.850649979725583,0.149350020274417
0.918136958711265,0.0818630412887353
0.563993315569761,0.436006684430239
0.944562166316133,0.0554378336838672
0.952956470459795,0.0470435295402049
0.740738568901438,0.259261431098562
0.932236993858634,0.0677630061413661
0.768704472789684,0.231295527210316
0.767089597786866,0.232910402213134
0.91409029399064,0.0859097060093595
0.94404005781296,0.0559599421870403
0.959167320367116,0.0408326796328837
0.961463265934243,0.038536734065757
0.958571616201092,0.0414283837989078
0.958503778701733,0.0414962212982669
0.961436295354137,0.0385637046458631
0.957655737934502,0.0423442620654978
0.957387939342698,0.0426120606573025
0.952985117930216,0.047014882069784
0.961481956104363,0.0385180438956366
0.96146175472715,0.0385382452728495
0.906531165284697,0.0934688347153031
0.944350507293707,0.055649492706293
0.953696470222139,0.0463035297778608
0.930315703770742,0.0696842962292579
0.861872160036757,0.138127839963243
0.953998352124907,0.0460016478750929
0.889116893315027,0.110883106684973
0.840523907566986,0.159476092433014
0.907996750775651,0.0920032492243485
0.956783406939486,0.0432165930605143
0.936758536340418,0.0632414636595823
0.958597619594966,0.041402380405034
0.943958617734802,0.0560413822651981
0.673873325448063,0.326126674551937
0.946669019372932,0.0533309806270684
0.439400944419382,0.560599055580618
0.955472008981565,0.0445279910184351
0.96084916661738,0.0391508333826198
0.933612090031112,0.066387909968888
0.959693121372813,0.0403068786271868
0.961460374813698,0.0385396251863023
0.860334333754647,0.139665666245353
0.959889577621393,0.0401104223786073
0.919842531249739,0.0801574687502609
0.956806578523742,0.0431934214762584
0.960982545736303,0.0390174542636966
0.138501505961224,0.861498494038776
0.955253986981588,0.044746013018412
0.928535716441467,0.0714642835585326
0.941907521648329,0.058092478351671
0.941833667719671,0.0581663322803285
0.820097093628849,0.179902906371151
0.930177209063119,0.0698227909368815
0.95546886426048,0.0445311357395202
0.675142128695587,0.324857871304413
0.9533282923099,0.0466717076901003
0.945462622309982,0.0545373776900181
0.867725465322601,0.132274534677399
0.898316420326394,0.101683579673606
0.905112009188402,0.0948879908115977
0.917220260844986,0.0827797391550137
0.902519997675062,0.0974800023249383
0.847230940513194,0.152769059486806
0.957775220086174,0.0422247799138259
0.957418874718169,0.042581125281831
0.950099267477076,0.0499007325229243
0.924792633644273,0.0752073663557273
0.960825486054348,0.0391745139456519
0.960361147167287,0.0396388528327127
0.954105491593344,0.0458945084066555
0.603154911481262,0.396845088518738
0.910320646322698,0.0896793536773016
0.953834244890642,0.0461657551093582
0.960333963210401,0.0396660367895991
0.961371601634652,0.0386283983653485
0.957290511115567,0.0427094888844335
0.954162486644675,0.0458375133553252
0.909228196284949,0.0907718037150512
0.551172659947483,0.448827340052517
0.960420472077463,0.0395795279225374
0.892745447906517,0.107254552093483
0.953346111776755,0.0466538882232452
0.950684406336767,0.0493155936632328
0.961214994897392,0.0387850051026077
0.961360939228512,0.0386390607714884
0.960658712281289,0.0393412877187113
0.904956647042561,0.095043352957439
0.907035117292968,0.0929648827070321
0.915175597061193,0.0848244029388067
