----------------------------------------
Start task prologue Thu Oct  2 15:59:45 CEST 2025
----------------------------------------
Step ID:         49127220.
Username:        wenlou
Group:           mpla
Asked resources: walltime=1-00:00:00,nodes=1,cpus=4,mem=2G
Queue:           gpu
Compute nodes:   dccn-c054
----------------------------------------
End task prologue Thu Oct  2 15:59:45 CEST 2025
----------------------------------------
CUDA version:
nvcc: NVIDIA (R) Cuda compiler driver
Copyright (c) 2005-2024 NVIDIA Corporation
Built on Thu_Mar_28_02:18:24_PDT_2024
Cuda compilation tools, release 12.4, V12.4.131
Build cuda_12.4.r12.4/compiler.34097967_0

[WARNING] Please note the interface change for (de-)activating conda environment:

  - DO NOT use `conda activate` to enter the conda environment as it requires extra step to modify your ~/.bashrc file, which will force you to use this Anaconda version (2024.06).  Therefore keep using `source activate` instead.

  - DO use `conda deactivate` to leave your conda environment as `source deactivate` will be deprecated in future release.

Running model for expriment=eccent, m_id=1, method=bads
device is : cuda
['eccent', '1', '3,5,6,11,15,20,25', 'bads', '2']

 ------- Start Optimization for Subject 3 ---------- 

 Cross Validation fold 0/1

 -- Start Optimization: method BADS --

 Optimization Run 1/2
Initial params: [0.389, 2.0653, 8.5657, 5.67, 3.7856, 0.0591, 13.6282, 0.4261, 0.1236, 0.5607, 0.7157, 0.5949]
bads:TooCloseBounds: For each variable, hard and plausible bounds should not be too close. Moving plausible bounds.
Variables (index) internally transformed to log coordinates: [[ 0  0]
 [ 0  3]
 [ 0  5]
 [ 0  9]
 [ 0 10]
 [ 0 11]]
Beginning optimization of a STOCHASTIC objective function

 Iteration    f-count      E[f(x)]        SD[f(x)]           MeshScale          Method              Actions
     0           1         28062.6             nan               1                                  
     0          27         27523.1             nan               1          Initial mesh            Initial points
     0          40         25582.1         1.00955               1        Successful poll           Train
     1          41         24564.1         1.00957               1      Successful search (ES-wcm)        
     1          42         23375.5         1.00956               1      Successful search (ES-wcm)        
     1          44         23242.8         1.00956               1      Successful search (ES-wcm)        
     1          48         23084.1         1.00956               1      Successful search (ES-wcm)        
     1          51         22798.1         1.00955               1      Successful search (ES-wcm)        
     1          56         22340.1         1.02228               1      Successful search (ES-wcm)        
     1          57         22172.1         1.02232               1      Successful search (ES-ell)        
     1          66         21977.5         1.02232               1      Successful search (ES-wcm)        
     1          67         21972.2         1.02222               1      Successful search (ES-wcm)        
     1          71         21608.4         1.02205               1      Successful search (ES-wcm)        
     1          72         21581.6         1.02222               1      Successful search (ES-ell)        
     1          75         21573.8          1.0221               1      Successful search (ES-wcm)        
     1          80         21517.3        0.994657               1      Successful search (ES-ell)        
     1          81         21446.1        0.994581               1      Successful search (ES-ell)        
     1          84         21319.2        0.994333               1      Successful search (ES-ell)        
     1          85         21308.4        0.994857               1      Successful search (ES-ell)        
     1         117         20875.8         1.05631               1        Successful poll           Train
     2         122         20603.4          1.0563               1      Successful search (ES-ell)        
     2         123         20508.3          1.0563               1      Successful search (ES-ell)        
     2         124         20501.2         1.05631               1      Successful search (ES-ell)        
     2         129         20484.8         1.04185               1      Successful search (ES-ell)        
     2         130         20089.5         1.04197               1      Successful search (ES-ell)        
     2         135         20008.6         1.04195               1      Successful search (ES-ell)        
     2         136         19985.5         1.04195               1      Successful search (ES-ell)        
     2         170         19852.4         1.02078               1        Successful poll           Train
     3         201         19852.4         1.02078             0.5          Refine grid             Train
     4         233         19853.1          1.0182            0.25          Refine grid             Train
     5         234         19823.4         1.02009            0.25      Successful search (ES-wcm)        
     5         278         19227.5         66.3986             0.5        Successful poll           
     6         282           19216         62.1193             0.5      Successful search (ES-wcm)        
     6         284         19161.8         60.0523             0.5      Successful search (ES-wcm)        
     6         285         19157.1         64.1546             0.5      Successful search (ES-wcm)        
     6         286         19120.4         63.5533             0.5      Successful search (ES-wcm)        
     6         288         19119.7         58.3428             0.5      Successful search (ES-ell)        
     6         290         19113.1         57.9593             0.5      Successful search (ES-ell)        
     6         292           19099         53.8809             0.5      Successful search (ES-ell)        
     6         293         19001.2         61.3648             0.5      Successful search (ES-ell)        
     6         294         18865.6         63.8625             0.5      Successful search (ES-ell)        
     6         295         18783.6         65.5254             0.5      Successful search (ES-ell)        
     6         298         18756.1          62.557             0.5      Successful search (ES-ell)        
     6         299         18740.1         63.8213             0.5      Successful search (ES-ell)        
     6         304         18652.3         51.6009             0.5      Successful search (ES-ell)        
     6         305         18524.9         57.8723             0.5      Successful search (ES-ell)        
     6         306         18422.9         62.3402             0.5      Successful search (ES-ell)        
     6         345         18422.9         62.3402            0.25          Refine grid             
     7         346         18491.8         34.9028            0.25      Successful search (ES-ell)        
     7         347         18486.5         40.1721            0.25      Successful search (ES-ell)        
     7         378         18475.2         45.5684             0.5        Successful poll           Train
     8         409         18382.6         47.5317            0.25          Refine grid             Train
     9         410         18436.3         31.8263            0.25      Successful search (ES-wcm)        
     9         411         18389.1         44.4658            0.25      Successful search (ES-wcm)        
     9         413         18331.3          50.811            0.25      Successful search (ES-wcm)        
     9         415           18240         50.9757            0.25      Successful search (ES-wcm)        
     9         419         18229.1         39.0027            0.25      Successful search (ES-wcm)        
     9         421         18214.4         34.9423            0.25      Successful search (ES-wcm)        
     9         422         18188.4         39.9627            0.25      Successful search (ES-wcm)        
     9         434         18159.6         37.1592            0.25      Successful search (ES-ell)        
     9         437         18150.9         29.0416            0.25      Successful search (ES-wcm)        
     9         438         18122.8         36.3096            0.25      Successful search (ES-wcm)        
     9         440         18097.1         31.8229            0.25      Successful search (ES-wcm)        
     9         441         18085.4         37.6888            0.25      Successful search (ES-wcm)        
     9         476         18085.4         37.6888           0.125          Refine grid             
    10         477           18104         13.9363           0.125      Successful search (ES-wcm)        
    10         478         18086.7         19.1916           0.125      Successful search (ES-wcm)        
    10         520         18086.7         19.1916          0.0625          Refine grid             Train
    11         521         18100.5         15.5379          0.0625      Successful search (ES-wcm)        
    11         522         18070.4         23.7522          0.0625      Successful search (ES-wcm)        
    11         523         18047.7         23.2897          0.0625      Successful search (ES-ell)        
    11         524         18026.9          28.564          0.0625      Successful search (ES-ell)        
    11         527         18023.2          20.465          0.0625      Successful search (ES-ell)        
    11         565         18023.2          20.465         0.03125          Refine grid             Train
    12         566           18056          7.0514         0.03125      Successful search (ES-ell)        
    12         567         18054.1          7.7502         0.03125      Successful search (ES-ell)        
    12         568         18045.2         10.4367         0.03125      Successful search (ES-wcm)        
    12         569         18032.1         22.3326         0.03125      Successful search (ES-wcm)        
    12         610         18032.1         22.3326        0.015625          Refine grid             
    13         611           18059         5.87442        0.015625      Successful search (ES-wcm)        
    13         612           18054         5.88935        0.015625      Successful search (ES-wcm)        
    13         613         18048.7         6.49387        0.015625      Successful search (ES-wcm)        
    13         614         18044.9         7.80103        0.015625      Successful search (ES-wcm)        
    13         616         18042.6         9.51073        0.015625      Successful search (ES-wcm)        
    13         617         18041.3         13.1759        0.015625      Successful search (ES-wcm)        
    13         626         18039.6         8.77457        0.015625      Successful search (ES-wcm)        
    13         668         18039.6         8.77457       0.0078125          Refine grid             
    14         669         18043.7         5.31812       0.0078125      Successful search (ES-wcm)        
    14         670         18041.9          5.2711       0.0078125      Successful search (ES-wcm)        
    14         671         18038.3         5.90279       0.0078125      Successful search (ES-wcm)        
    14         672         18035.9           7.458       0.0078125      Successful search (ES-wcm)        
    14         673         18029.8         12.3108       0.0078125      Successful search (ES-wcm)        
    14         714         18029.1         7.11094        0.015625        Successful poll           
    15         744         18031.6         10.9866         0.03125        Successful poll           Train
    16         745         18036.4         6.72898         0.03125      Successful search (ES-wcm)        
    16         746         18029.7         10.5669         0.03125      Successful search (ES-wcm)        
    16         789         18029.7         10.5669        0.015625          Refine grid             
    17         790           18043         7.14054        0.015625      Successful search (ES-wcm)        
    17         791         18032.1         12.1918        0.015625      Successful search (ES-wcm)        
    17         835         18032.1         12.1918       0.0078125          Refine grid             
    18         836         18044.5          5.9056       0.0078125      Successful search (ES-wcm)        
    18         839         18039.2         6.28016       0.0078125      Successful search (ES-wcm)        
    18         841         18032.3         6.72233       0.0078125      Successful search (ES-ell)        
    18         842         18030.3         7.49708       0.0078125      Successful search (ES-ell)        
    18         844         18026.9         7.95035       0.0078125      Successful search (ES-ell)        
    18         845         18022.4         10.1456       0.0078125      Successful search (ES-ell)        
    18         881         18022.4         10.1456      0.00390625          Refine grid             Train
    19         882         18047.6         4.88559      0.00390625      Successful search (ES-ell)        
    19         883         18045.4         5.68301      0.00390625      Successful search (ES-ell)        
    19         893         18044.8         5.24572      0.00390625      Successful search (ES-wcm)        
    19         895         18044.7         5.82515      0.00390625      Successful search (ES-ell)        
    19         896         18043.1         6.74216      0.00390625      Successful search (ES-ell)        
    19         897         18041.1         8.12406      0.00390625      Successful search (ES-ell)        
    19         901         18039.5          8.5263      0.00390625      Successful search (ES-wcm)        
    19         941         18039.5          8.5263      0.00195312          Refine grid             Train
    20         942         18043.1         4.75278      0.00195312      Successful search (ES-ell)        
    20         943         18042.4         5.00285      0.00195312      Successful search (ES-ell)        
    20         944         18039.6         5.25057      0.00195312      Successful search (ES-ell)        
    20         945         18038.9         6.54689      0.00195312      Successful search (ES-wcm)        
    20         946         18037.4         8.06568      0.00195312      Successful search (ES-ell)        
    20         947         18032.7         9.97374      0.00195312      Successful search (ES-ell)        
    20         948         18025.4         13.6313      0.00195312      Successful search (ES-ell)        
    20         949         18024.5         16.7196      0.00195312      Successful search (ES-ell)        
    20         988         18024.5         16.7196     0.000976562          Refine grid             Train
Optimization terminated: change in the function value less than options['tol_mesh']
Estimated function value at minimum: 18050.329215497582 ± 4.083577566615047 (mean ± SEM from 100 samples)
BADS minimum at: x_min = [ 4.03040e+00  1.01598e+01  9.97320e+00  0.00000e+00 -6.24700e-01
  1.70000e-03  1.01646e+01  4.85000e-01  3.99200e-01  0.00000e+00
  1.34920e+00  2.72300e-01], training NLL = 18050.3292
total f-count: 1088, time: 55.27 min

 Optimization Run 2/2
Initial params: [1.3945, 4.5961, 5.8813, 6.1267, -4.3577, 0.0995, 24.23, 0.5553, 0.2815, 0.2438, 0.3202, 0.6104]
bads:TooCloseBounds: For each variable, hard and plausible bounds should not be too close. Moving plausible bounds.
Variables (index) internally transformed to log coordinates: [[ 0  0]
 [ 0  3]
 [ 0  5]
 [ 0  9]
 [ 0 10]
 [ 0 11]]
Beginning optimization of a STOCHASTIC objective function

 Iteration    f-count      E[f(x)]        SD[f(x)]           MeshScale          Method              Actions
     0           1         26920.2             nan               1                                  
     0          27         26920.2             nan               1          Initial mesh            Initial points
     0          28         25925.4        0.997747               1        Successful poll           Train
     1          29         24707.2        0.997748               1      Successful search (ES-wcm)        
     1          31         24056.3        0.997747               1      Successful search (ES-wcm)        
     1          37         24039.8        0.997678               1      Successful search (ES-wcm)        
     1          38         23630.5        0.997674               1      Successful search (ES-wcm)        
     1          39         23555.3        0.997658               1      Successful search (ES-wcm)        
     1          41         23396.4        0.997658               1      Successful search (ES-wcm)        
     1          54         23290.7         1.01171               1      Successful search (ES-wcm)        
     1          55         22303.9         1.01171               1      Successful search (ES-ell)        
     1          58         21937.2         1.01171               1      Successful search (ES-ell)        
     1          60         21706.3         1.01171               1      Successful search (ES-wcm)        
     1          62           20710         1.01171               1      Successful search (ES-ell)        
     1          71         20604.5         1.01147               1      Successful search (ES-ell)        
     1          73         20555.6         1.01103               1      Successful search (ES-ell)        
     1          74         20494.2          1.0116               1      Successful search (ES-wcm)        
     1          76         20483.7         1.01154               1      Successful search (ES-ell)        
     1          77         20481.5         1.01154               1      Successful search (ES-ell)        
     1          78         19838.7          1.0817               1      Successful search (ES-ell)        
     1          85         19758.4         1.08166               1      Successful search (ES-ell)        
     1          86         19705.6         1.08169               1      Successful search (ES-ell)        
     1          91         19700.9         1.08169               1      Successful search (ES-ell)        
     1          95         19686.4         1.08168               1      Successful search (ES-ell)        
     1          99         19636.5         1.08152               1      Successful search (ES-ell)        
     1         106         19569.2         1.03899               1      Successful search (ES-ell)        
     1         110         19537.1         1.03786               1      Successful search (ES-ell)        
     1         138         19537.1         1.03786             0.5          Refine grid             Train
     2         165         19537.6         1.04793            0.25          Refine grid             Train
     3         197         19551.9         1.05644           0.125          Refine grid             Train
     4         230         19553.2        0.976468          0.0625          Refine grid             Train
     5         264         19551.4        0.892394         0.03125          Refine grid             Train
     6         271         19593.6        0.853664         0.03125      Successful search (ES-ell)        
     6         310         19593.6        0.853664        0.015625          Refine grid             
     7         311         19590.6        0.957315        0.015625      Successful search (ES-ell)        
     7         357         19590.6        0.957315       0.0078125          Refine grid             
     8         358         19638.3        0.862616       0.0078125      Successful search (ES-ell)        
     8         361         19610.1        0.874136       0.0078125      Successful search (ES-ell)        
     8         404         19610.1        0.874136      0.00390625          Refine grid             
     9         439         19639.3        0.368335      0.00195312          Refine grid             
    10         440         19648.4        0.257295      0.00195312      Successful search (ES-ell)        
    10         441         19648.1        0.375922      0.00195312      Successful search (ES-wcm)        
    10         486         19648.1        0.375922     0.000976562          Refine grid             
Optimization terminated: change in the function value less than options['tol_mesh']
Estimated function value at minimum: 19662.38722498747 ± 5.4059295341424445 (mean ± SEM from 100 samples)
BADS minimum at: x_min = [ 2.0517  7.5859  9.7632 19.4803 -9.917   0.1636 10.7373  0.5078  0.3659
  0.5304  1.9974  0.4886], training NLL = 19662.3872
total f-count: 586, time: 29.21 min

 ------- Finish Optimization for Subject 3 ---------- 

 ------- Start Optimization for Subject 5 ---------- 

 Cross Validation fold 0/1

 -- Start Optimization: method BADS --

 Optimization Run 1/2
Initial params: [1.0351, 5.1497, 2.8652, 17.4726, -0.9942, 0.0738, 6.6891, 0.5507, 0.1546, 0.4721, 0.5558, 0.6912]
bads:TooCloseBounds: For each variable, hard and plausible bounds should not be too close. Moving plausible bounds.
Variables (index) internally transformed to log coordinates: [[ 0  0]
 [ 0  3]
 [ 0  5]
 [ 0  9]
 [ 0 10]
 [ 0 11]]
Beginning optimization of a STOCHASTIC objective function

 Iteration    f-count      E[f(x)]        SD[f(x)]           MeshScale          Method              Actions
     0           1         30783.1             nan               1                                  
     0          27         28018.7             nan               1          Initial mesh            Initial points
     0          28         27692.6         1.01235               1        Successful poll           Train
     1          29         26525.5         1.01235               1      Successful search (ES-wcm)        
     1          31           25530         1.01234               1      Successful search (ES-wcm)        
     1          32         24145.4         1.01235               1      Successful search (ES-wcm)        
     1          34         24113.3         1.01235               1      Successful search (ES-wcm)        
     1          35         22790.1         1.01235               1      Successful search (ES-ell)        
     1          42         22520.4         1.01233               1      Successful search (ES-ell)        
     1          45         21240.9          1.0123               1      Successful search (ES-ell)        
     1          46         20974.6         1.01232               1      Successful search (ES-wcm)        
     1          53         20761.6         1.03699               1      Successful search (ES-ell)        
     1          56         20491.8         1.03698               1      Successful search (ES-ell)        
     1          62         20486.3         1.03687               1      Successful search (ES-ell)        
     1          68         20363.8         1.03688               1      Successful search (ES-ell)        
     1          70         20028.6         1.03674               1      Successful search (ES-ell)        
     1          71         19994.8         1.03692               1      Successful search (ES-ell)        
     1          73         19539.7         1.03691               1      Successful search (ES-ell)        
     1          75         19497.9          1.0369               1      Successful search (ES-ell)        
     1          84         19349.9         1.00819               1      Successful search (ES-ell)        
     1          88           19302        0.995449               1      Successful search (ES-ell)        
     1          94         19279.9          1.0066               1      Successful search (ES-ell)        
     1          95         19276.9         1.00694               1      Successful search (ES-ell)        
     1          97         19208.6         1.00806               1      Successful search (ES-wcm)        
     1          98           19194         1.00708               1      Successful search (ES-wcm)        
     1         103         18909.6        0.952774               1      Successful search (ES-wcm)        
     1         107           18719        0.952778               1      Successful search (ES-wcm)        
     1         120         18686.7        0.952508               1      Successful search (ES-wcm)        
     1         133         18655.1         1.04975               1      Successful search (ES-wcm)        
     1         145         18597.3         1.04773               1      Successful search (ES-ell)        
     1         176         18597.3         1.04773             0.5          Refine grid             
     2         208         18604.4          1.8296               1        Successful poll           
     3         236         18604.4          1.8296             0.5          Refine grid             
     4         241         18655.3         1.82804             0.5      Successful search (ES-ell)        
     4         254         18637.3         1.82381             0.5      Successful search (ES-ell)        
     4         256         18579.2         1.82565             0.5      Successful search (ES-ell)        
     4         264         18560.2         1.82713             0.5      Successful search (ES-ell)        
     4         271         18539.2         1.76718             0.5      Successful search (ES-ell)        
     4         305         18539.2         1.76718            0.25          Refine grid             
     5         306         18600.3         19.0401            0.25      Successful search (ES-ell)        
     5         307         18599.9         45.3397            0.25      Successful search (ES-wcm)        
     5         310           18555         42.7481            0.25      Successful search (ES-ell)        
     5         312           18533          41.101            0.25      Successful search (ES-ell)        
     5         313         18519.5         44.9363            0.25      Successful search (ES-ell)        
     5         315         18373.6         46.5046            0.25      Successful search (ES-ell)        
     5         350         18373.6         46.5046           0.125          Refine grid             Train
     6         351         18425.2         20.9393           0.125      Successful search (ES-ell)        
     6         352         18391.6         33.4336           0.125      Successful search (ES-ell)        
     6         358           18387         24.4184           0.125      Successful search (ES-wcm)        
     6         360         18379.6         20.8268           0.125      Successful search (ES-ell)        
     6         361         18376.6         39.7055           0.125      Successful search (ES-wcm)        
     6         366         18372.1         19.0194           0.125      Successful search (ES-wcm)        
     6         367         18344.9         21.7225           0.125      Successful search (ES-ell)        
     6         369           18342         27.1611           0.125      Successful search (ES-wcm)        
     6         371         18339.7         22.9551           0.125      Successful search (ES-wcm)        
     6         377         18318.5         16.6295           0.125      Successful search (ES-wcm)        
     6         387         18316.3          29.939           0.125      Successful search (ES-wcm)        
     6         432         18316.3          29.939          0.0625          Refine grid             
     7         433         18333.6         9.77347          0.0625      Successful search (ES-wcm)        
     7         434         18327.8         14.8093          0.0625      Successful search (ES-wcm)        
     7         435         18321.5         27.4746          0.0625      Successful search (ES-wcm)        
     7         440         18314.3         17.2506          0.0625      Successful search (ES-wcm)        
     7         441         18301.5         20.2662          0.0625      Successful search (ES-wcm)        
     7         442         18296.9         28.1802          0.0625      Successful search (ES-wcm)        
     7         478         18296.9         28.1802         0.03125          Refine grid             Train
     8         479         18320.7         7.98631         0.03125      Successful search (ES-wcm)        
     8         480         18311.5         8.45711         0.03125      Successful search (ES-wcm)        
     8         481         18306.5         12.6939         0.03125      Successful search (ES-wcm)        
     8         524         18306.5         12.6939        0.015625          Refine grid             Train
     9         525         18324.3         5.42284        0.015625      Successful search (ES-wcm)        
     9         526         18321.8         5.56935        0.015625      Successful search (ES-wcm)        
     9         527         18318.1         5.81351        0.015625      Successful search (ES-wcm)        
     9         528         18313.4         8.03383        0.015625      Successful search (ES-wcm)        
     9         530         18310.3         10.0962        0.015625      Successful search (ES-wcm)        
     9         532         18303.4         10.4414        0.015625      Successful search (ES-ell)        
     9         533         18290.4         12.5837        0.015625      Successful search (ES-ell)        
     9         534         18288.5         16.1418        0.015625      Successful search (ES-ell)        
     9         535           18288         21.9898        0.015625      Successful search (ES-ell)        
     9         537         18284.3         17.6549        0.015625      Successful search (ES-ell)        
     9         538         18280.4         17.2852        0.015625      Successful search (ES-ell)        
     9         582         18280.4         17.2852       0.0078125          Refine grid             Train
    10         583         18294.6         7.05318       0.0078125      Successful search (ES-ell)        
    10         584         18290.3         7.55197       0.0078125      Successful search (ES-ell)        
    10         585         18281.9         8.70219       0.0078125      Successful search (ES-ell)        
    10         586         18273.5         10.9557       0.0078125      Successful search (ES-ell)        
    10         587         18266.2         15.2787       0.0078125      Successful search (ES-ell)        
    10         630         18266.2         15.2787      0.00390625          Refine grid             
    11         631           18303         6.53141      0.00390625      Successful search (ES-wcm)        
    11         632         18301.3          6.4642      0.00390625      Successful search (ES-wcm)        
    11         633         18297.2         6.57051      0.00390625      Successful search (ES-wcm)        
    11         634         18284.6         7.56417      0.00390625      Successful search (ES-ell)        
    11         635         18272.5         9.61345      0.00390625      Successful search (ES-ell)        
    11         636         18256.9         13.2155      0.00390625      Successful search (ES-ell)        
    11         637         18243.4         17.2528      0.00390625      Successful search (ES-ell)        
    11         638         18236.7         22.1633      0.00390625      Successful search (ES-ell)        
    11         677         18236.7         22.1633      0.00195312          Refine grid             
    12         678         18315.6         7.41985      0.00195312      Successful search (ES-ell)        
    12         679         18310.4         7.38703      0.00195312      Successful search (ES-ell)        
    12         680         18306.3         7.33789      0.00195312      Successful search (ES-ell)        
    12         681         18301.3          7.2799      0.00195312      Successful search (ES-ell)        
    12         682         18292.3         7.29527      0.00195312      Successful search (ES-ell)        
    12         683         18281.1         7.55786      0.00195312      Successful search (ES-ell)        
    12         684         18265.9         7.94916      0.00195312      Successful search (ES-ell)        
    12         685         18244.3         8.92401      0.00195312      Successful search (ES-ell)        
    12         686         18220.3         10.1309      0.00195312      Successful search (ES-ell)        
    12         687         18186.9         11.8993      0.00195312      Successful search (ES-ell)        
    12         688         18169.5         16.1303      0.00195312      Successful search (ES-ell)        
    12         689         18156.6         19.0871      0.00195312      Successful search (ES-ell)        
    12         723         18156.6         19.0871     0.000976562          Refine grid             Train
Optimization terminated: change in the function value less than options['tol_mesh']
Estimated function value at minimum: 18311.748309855702 ± 4.650327574594486 (mean ± SEM from 100 samples)
BADS minimum at: x_min = [2.82270e+00 5.01580e+00 4.71940e+00 9.37670e+00 6.47100e+00 1.00000e-04
 3.74429e+01 2.29700e-01 4.99800e-01 1.54000e-02 1.91190e+00 2.29300e-01], training NLL = 18311.7483
total f-count: 823, time: 41.22 min

 Optimization Run 2/2
Initial params: [0.6373, 7.0725, 3.0741, 14.6896, -2.5177, 0.0313, 9.0225, 0.3473, 0.2041, 0.8928, 0.6868, 0.9413]
bads:TooCloseBounds: For each variable, hard and plausible bounds should not be too close. Moving plausible bounds.
Variables (index) internally transformed to log coordinates: [[ 0  0]
 [ 0  3]
 [ 0  5]
 [ 0  9]
 [ 0 10]
 [ 0 11]]
Beginning optimization of a STOCHASTIC objective function

 Iteration    f-count      E[f(x)]        SD[f(x)]           MeshScale          Method              Actions
     0           1         29974.4             nan               1                                  
     0          27         27962.3             nan               1          Initial mesh            Initial points
     0          28         27744.2         1.00496               1        Successful poll           Train
     1          31           25615         1.00495               1      Successful search (ES-ell)        
     1          32         24153.2         1.00495               1      Successful search (ES-ell)        
     1          35         22620.4         1.00495               1      Successful search (ES-ell)        
     1          36           22184         1.00495               1      Successful search (ES-wcm)        
     1          37         21593.5         1.00495               1      Successful search (ES-ell)        
     1          46         21592.1         1.00463               1      Successful search (ES-ell)        
     1          49         21301.9         1.00031               1      Successful search (ES-wcm)        
     1          50         21254.9         1.00087               1      Successful search (ES-ell)        
     1          52         21148.9          1.0018               1      Successful search (ES-ell)        
     1          54         20886.6         1.00593               1      Successful search (ES-ell)        
     1          57           20645         1.00593               1      Successful search (ES-ell)        
     1          63         20578.3         1.00585               1      Successful search (ES-wcm)        
     1          64         20437.5         1.00588               1      Successful search (ES-wcm)        
     1          70         20386.9         1.00555               1      Successful search (ES-wcm)        
     1          72           20343         1.00586               1      Successful search (ES-wcm)        
     1          75         20236.4         1.00578               1      Successful search (ES-wcm)        
     1          76         20178.6         1.00555               1      Successful search (ES-wcm)        
     1          80         20068.3         1.06819               1      Successful search (ES-wcm)        
     1          82         20036.9         1.06821               1      Successful search (ES-wcm)        
     1          88         20024.5         1.06809               1      Successful search (ES-wcm)        
     1          90         19675.7          1.0682               1      Successful search (ES-ell)        
     1          99         19674.6         1.06622               1      Successful search (ES-ell)        
     1         100         19575.4         1.06707               1      Successful search (ES-ell)        
     1         103         19230.5          1.0575               1      Successful search (ES-wcm)        
     1         104         19031.8         1.05751               1      Successful search (ES-wcm)        
     1         111         18970.4         1.05739               1      Successful search (ES-wcm)        
     1         117         18846.8         1.05746               1      Successful search (ES-ell)        
     1         118         18841.6         1.05748               1      Successful search (ES-ell)        
     1         122         18701.7         1.05739               1      Successful search (ES-ell)        
     1         125         18636.7         1.05747               1      Successful search (ES-ell)        
     1         132         18597.8         1.00126               1      Successful search (ES-ell)        
     1         135         18573.9         1.00117               1      Successful search (ES-ell)        
     1         141         18450.6         1.00128               1      Successful search (ES-ell)        
     1         143         18436.6         1.00128               1      Successful search (ES-ell)        
     1         176         18431.9         1.01755               1        Successful poll           
     2         183         18422.8         31.8309               1      Successful search (ES-ell)        
     2         217         18422.8         31.8309             0.5          Refine grid             
     3         221         18469.2         22.3282             0.5      Successful search (ES-ell)        
     3         222         18440.4         26.9005             0.5      Successful search (ES-ell)        
     3         226         18431.9         16.6467             0.5      Successful search (ES-ell)        
     3         227           18423         23.3207             0.5      Successful search (ES-ell)        
     3         237         18419.6         15.2735             0.5      Successful search (ES-wcm)        
     3         238         18418.4         18.1427             0.5      Successful search (ES-ell)        
     3         239         18334.2         25.4095             0.5      Successful search (ES-ell)        
     3         244         18332.2         30.7293             0.5      Successful search (ES-wcm)        
     3         247         18331.3         26.0502             0.5      Successful search (ES-wcm)        
     3         286         18331.3         26.0502            0.25          Refine grid             
     4         287         18295.6         23.8311            0.25      Successful search (ES-ell)        
     4         331         18295.6         23.8311           0.125          Refine grid             
     5         334         18352.7         11.1205           0.125      Successful search (ES-wcm)        
     5         335         18340.1         17.2958           0.125      Successful search (ES-ell)        
     5         336         18325.8          27.812           0.125      Successful search (ES-ell)        
     5         377         18325.8          27.812          0.0625          Refine grid             Train
     6         378         18354.8         8.41413          0.0625      Successful search (ES-ell)        
     6         379         18336.8         14.7711          0.0625      Successful search (ES-ell)        
     6         380         18336.7         22.1593          0.0625      Successful search (ES-ell)        
     6         383         18327.6          18.866          0.0625      Successful search (ES-ell)        
     6         384         18308.2         27.7075          0.0625      Successful search (ES-ell)        
     6         421         18304.4          26.956           0.125        Successful poll           Train
     7         422           18010         13.4836           0.125      Successful search (ES-ell)        
     7         423         17920.7         19.6183           0.125      Successful search (ES-ell)        
     7         468         17920.7         19.6183          0.0625          Refine grid             
     8         469         18347.5         11.1495          0.0625      Successful search (ES-ell)        
     8         470         18334.4         16.8927          0.0625      Successful search (ES-ell)        
     8         472         18332.5         19.4771          0.0625      Successful search (ES-ell)        
     8         473         18316.5         33.2248          0.0625      Successful search (ES-wcm)        
     8         515         18316.5         33.2248         0.03125          Refine grid             
     9         516           18364         8.11946         0.03125      Successful search (ES-ell)        
     9         517         18342.4         8.58257         0.03125      Successful search (ES-wcm)        
     9         518         18327.3         9.74985         0.03125      Successful search (ES-wcm)        
     9         519           18315         13.0395         0.03125      Successful search (ES-wcm)        
     9         522         18310.9         15.1414         0.03125      Successful search (ES-wcm)        
     9         563         18310.9         15.1414        0.015625          Refine grid             Train
    10         564         18345.5         6.27441        0.015625      Successful search (ES-wcm)        
    10         565         18340.6         6.67445        0.015625      Successful search (ES-wcm)        
    10         566         18340.1         8.35788        0.015625      Successful search (ES-wcm)        
    10         567         18334.8         11.8458        0.015625      Successful search (ES-wcm)        
    10         568         18313.7         19.3153        0.015625      Successful search (ES-wcm)        
    10         605         18313.1         9.11673         0.03125        Successful poll           Train
    11         606         18170.5          13.271         0.03125      Successful search (ES-ell)        
    11         607         18077.1         14.5412         0.03125      Successful search (ES-ell)        
    11         608         17979.5          16.765         0.03125      Successful search (ES-ell)        
    11         653         17979.5          16.765        0.015625          Refine grid             
    12         654         18336.1         10.6155        0.015625      Successful search (ES-ell)        
    12         701         18336.1         10.6155       0.0078125          Refine grid             
    13         702         18330.6         6.08562       0.0078125      Successful search (ES-ell)        
    13         703         18314.2         6.24729       0.0078125      Successful search (ES-ell)        
    13         704         18295.8         6.65653       0.0078125      Successful search (ES-ell)        
    13         705         18269.4         8.59471       0.0078125      Successful search (ES-ell)        
    13         706         18231.1         11.6108       0.0078125      Successful search (ES-ell)        
    13         707         18196.4         13.0853       0.0078125      Successful search (ES-ell)        
    13         708         18159.1         18.0574       0.0078125      Successful search (ES-wcm)        
    13         749         18159.1         18.0574      0.00390625          Refine grid             Train
    14         785         18341.3         5.80757      0.00195312          Refine grid             Train
    15         821         18341.4         5.77321     0.000488281          Refine grid             Train
Optimization terminated: change in the function value less than options['tol_mesh']
Estimated function value at minimum: 18361.387782679343 ± 4.914848653519928 (mean ± SEM from 100 samples)
BADS minimum at: x_min = [2.6752e+00 4.1879e+00 3.9381e+00 1.3300e-01 5.1620e-01 1.1000e-03
 9.6845e+00 4.2140e-01 6.2890e-01 5.1000e-03 1.7430e+00 3.2790e-01], training NLL = 18361.3878
total f-count: 921, time: 46.41 min

 ------- Finish Optimization for Subject 5 ---------- 

 ------- Start Optimization for Subject 6 ---------- 

 Cross Validation fold 0/1

 -- Start Optimization: method BADS --

 Optimization Run 1/2
Initial params: [0.6542, 7.1698, 4.5568, 17.8572, -0.1699, 0.0551, 25.4885, 0.479, 0.1937, 0.6432, 0.2002, 0.9165]
bads:TooCloseBounds: For each variable, hard and plausible bounds should not be too close. Moving plausible bounds.
Variables (index) internally transformed to log coordinates: [[ 0  0]
 [ 0  3]
 [ 0  5]
 [ 0  9]
 [ 0 10]
 [ 0 11]]
Beginning optimization of a STOCHASTIC objective function

 Iteration    f-count      E[f(x)]        SD[f(x)]           MeshScale          Method              Actions
     0           1         27107.3             nan               1                                  
     0          27         26874.6             nan               1          Initial mesh            Initial points
     0          28         26018.4        0.999998               1        Successful poll           Train
     1          29         23063.6               1               1      Successful search (ES-wcm)        
     1          31           22543        0.999996               1      Successful search (ES-wcm)        
     1          33         22010.4        0.999993               1      Successful search (ES-wcm)        
     1          37         21871.8        0.999992               1      Successful search (ES-wcm)        
     1          38         21606.7        0.999945               1      Successful search (ES-wcm)        
     1          46         21603.1        0.997573               1      Successful search (ES-wcm)        
     1          48         21585.2        0.997793               1      Successful search (ES-wcm)        
     1          51         21543.7        0.998381               1      Successful search (ES-wcm)        
     1          52         21434.7        0.998004               1      Successful search (ES-wcm)        
     1          53         20455.7        0.988043               1      Successful search (ES-wcm)        
     1          61         20322.9        0.988018               1      Successful search (ES-wcm)        
     1          68         20210.7        0.988009               1      Successful search (ES-ell)        
     1          72         20173.6        0.986601               1      Successful search (ES-ell)        
     1          77         18971.5        0.987986               1      Successful search (ES-ell)        
     1          95         18919.9         1.01061               1      Successful search (ES-wcm)        
     1          96         18772.3         1.01059               1      Successful search (ES-wcm)        
     1         112         18767.7         1.01964               1      Successful search (ES-wcm)        
     1         119         18723.4         1.02358               1      Successful search (ES-wcm)        
     1         153         18477.3        0.936392               1        Successful poll           Train
     2         157         18134.6         1.01945               1      Successful search (ES-wcm)        
     2         160         18112.8         1.01945               1      Successful search (ES-wcm)        
     2         163         17846.3         1.01943               1      Successful search (ES-ell)        
     2         164           17602         1.01944               1      Successful search (ES-ell)        
     2         167         17491.7         1.01945               1      Successful search (ES-wcm)        
     2         170         17452.7         1.01944               1      Successful search (ES-ell)        
     2         173         17400.3         1.01945               1      Successful search (ES-wcm)        
     2         184         17355.3         1.04976               1      Successful search (ES-wcm)        
     2         185         17323.4         1.04972               1      Successful search (ES-wcm)        
     2         189         17252.4         1.04966               1      Successful search (ES-wcm)        
     2         217         17252.4         1.04966             0.5          Refine grid             Train
     3         227         17239.5         1.05502             0.5      Successful search (ES-wcm)        
     3         260         17239.5         1.05502            0.25          Refine grid             
     4         267           17273         1.02101            0.25      Successful search (ES-wcm)        
     4         268         17266.1         1.05848            0.25      Successful search (ES-wcm)        
     4         269         17257.2         1.06559            0.25      Successful search (ES-wcm)        
     4         278         17247.1         1.67774            0.25      Successful search (ES-wcm)        
     4         282         17203.2         1.67773            0.25      Successful search (ES-wcm)        
     4         316         17203.2         1.67773           0.125          Refine grid             
     5         350         17204.1         1.66139          0.0625          Refine grid             
     6         351         17248.2         10.9867          0.0625      Successful search (ES-wcm)        
     6         352         17230.2         27.2891          0.0625      Successful search (ES-wcm)        
     6         354         17204.6         32.2724          0.0625      Successful search (ES-wcm)        
     6         355         17172.2         35.9336          0.0625      Successful search (ES-ell)        
     6         396         17172.2         35.9336         0.03125          Refine grid             Train
     7         397         17219.6         10.6625         0.03125      Successful search (ES-ell)        
     7         398         17209.8         18.2257         0.03125      Successful search (ES-ell)        
     7         399         17183.7         27.5682         0.03125      Successful search (ES-ell)        
     7         400         17147.9         30.9171         0.03125      Successful search (ES-ell)        
     7         402         17140.5         25.9445         0.03125      Successful search (ES-ell)        
     7         444         17140.5         25.9445        0.015625          Refine grid             
     8         445         17172.7         7.85316        0.015625      Successful search (ES-ell)        
     8         446         17166.1         11.5162        0.015625      Successful search (ES-ell)        
     8         492         17166.1         11.5162       0.0078125          Refine grid             
     9         493         17177.8         6.37319       0.0078125      Successful search (ES-ell)        
     9         494         17175.4         8.50377       0.0078125      Successful search (ES-wcm)        
     9         540         17175.4         8.50377      0.00390625          Refine grid             
    10         541           17181          5.5196      0.00390625      Successful search (ES-wcm)        
    10         542         17179.7         5.99025      0.00390625      Successful search (ES-wcm)        
    10         543         17178.1         6.84553      0.00390625      Successful search (ES-wcm)        
    10         544         17176.2         8.12666      0.00390625      Successful search (ES-wcm)        
    10         545           17174         11.7968      0.00390625      Successful search (ES-wcm)        
    10         546         17172.4         17.7516      0.00390625      Successful search (ES-wcm)        
    10         555         17171.4         10.2441      0.00390625      Successful search (ES-wcm)        
    10         557         17170.4          10.192      0.00390625      Successful search (ES-wcm)        
    10         558         17170.1         10.4538      0.00390625      Successful search (ES-wcm)        
    10         564         17169.3          9.0646      0.00390625      Successful search (ES-wcm)        
    10         565         17169.1         9.24029      0.00390625      Successful search (ES-wcm)        
    10         566           17166         9.50587      0.00390625      Successful search (ES-wcm)        
    10         612         17164.4         5.18996       0.0078125        Successful poll           
    11         613         17160.8         6.03821       0.0078125      Successful search (ES-ell)        
    11         614         17155.4         8.37647       0.0078125      Successful search (ES-ell)        
    11         615         17154.7         11.8801       0.0078125      Successful search (ES-ell)        
    11         660         17154.7         11.8801      0.00390625          Refine grid             
    12         661         17166.2         5.08255      0.00390625      Successful search (ES-ell)        
    12         662         17163.6         6.00009      0.00390625      Successful search (ES-ell)        
    12         663         17162.3         8.04099      0.00390625      Successful search (ES-ell)        
    12         664         17153.7         10.7314      0.00390625      Successful search (ES-ell)        
    12         665         17140.1         14.4993      0.00390625      Successful search (ES-ell)        
    12         708         17140.1         14.4993      0.00195312          Refine grid             Train
    13         709         17150.6         5.33062      0.00195312      Successful search (ES-wcm)        
    13         710         17147.7         5.70382      0.00195312      Successful search (ES-wcm)        
    13         711         17143.7         6.27533      0.00195312      Successful search (ES-wcm)        
    13         712         17141.2          7.2339      0.00195312      Successful search (ES-ell)        
    13         713         17140.4         9.06846      0.00195312      Successful search (ES-ell)        
    13         714         17137.7         11.8895      0.00195312      Successful search (ES-ell)        
    13         715         17126.5         14.9534      0.00195312      Successful search (ES-ell)        
    13         716         17122.5         20.2049      0.00195312      Successful search (ES-wcm)        
    13         756         17122.5         20.2049     0.000976562          Refine grid             Train
Optimization terminated: change in the function value less than options['tol_mesh']
Estimated function value at minimum: 17122.491776415587 ± 3.9870182578113242 (mean ± SEM from 100 samples)
BADS minimum at: x_min = [2.5153e+00 3.5794e+00 4.3789e+00 1.8392e+00 1.0147e+00 1.7900e-02
 6.4849e+00 4.8380e-01 4.5140e-01 1.0000e-04 1.2790e+00 2.1190e-01], training NLL = 17122.4918
total f-count: 856, time: 42.85 min

 Optimization Run 2/2
Initial params: [0.625, 4.8889, 7.7771, 7.4016, -4.0249, 0.0104, 21.5076, 0.6836, 0.2223, 0.4874, 0.4368, 0.2585]
bads:TooCloseBounds: For each variable, hard and plausible bounds should not be too close. Moving plausible bounds.
Variables (index) internally transformed to log coordinates: [[ 0  0]
 [ 0  3]
 [ 0  5]
 [ 0  9]
 [ 0 10]
 [ 0 11]]
Beginning optimization of a STOCHASTIC objective function

 Iteration    f-count      E[f(x)]        SD[f(x)]           MeshScale          Method              Actions
     0           1           25951             nan               1                                  
     0          27           25951             nan               1          Initial mesh            Initial points
     0          44         24861.5        0.999979               1        Successful poll           Train
     1          46           22820        0.999966               1      Successful search (ES-wcm)        
     1          52         22755.5        0.999637               1      Successful search (ES-wcm)        
     1          55         22402.4        0.996974               1      Successful search (ES-wcm)        
     1          56         22296.2        0.997037               1      Successful search (ES-wcm)        
     1          58           22184        0.997049               1      Successful search (ES-wcm)        
     1          63         21952.9        0.997056               1      Successful search (ES-wcm)        
     1          65         21536.7        0.996955               1      Successful search (ES-ell)        
     1          66         20721.1        0.996993               1      Successful search (ES-ell)        
     1          70           19962        0.997033               1      Successful search (ES-ell)        
     1          75           19917         0.99668               1      Successful search (ES-ell)        
     1          76         19809.8         0.99681               1      Successful search (ES-ell)        
     1          88         19794.6         1.00788               1      Successful search (ES-wcm)        
     1          90         19693.1         1.00608               1      Successful search (ES-ell)        
     1          92         19684.1         1.00483               1      Successful search (ES-wcm)        
     1         103           19635        0.865314               1      Successful search (ES-ell)        
     1         107           19532           0.867               1      Successful search (ES-wcm)        
     1         124         19518.2        0.866964               1      Successful search (ES-wcm)        
     1         134         19444.2         1.10635               1      Successful search (ES-wcm)        
     1         136         19363.3         1.10635               1      Successful search (ES-wcm)        
     1         169         19363.3         1.10635             0.5          Refine grid             Train
     2         173         19305.9         1.17085             0.5      Successful search (ES-ell)        
     2         175         19271.8         1.17082             0.5      Successful search (ES-ell)        
     2         177         19219.2         1.17083             0.5      Successful search (ES-ell)        
     2         188         19201.7         1.34495             0.5      Successful search (ES-wcm)        
     2         190         19181.2         1.34467             0.5      Successful search (ES-ell)        
     2         191         19159.8         1.34484             0.5      Successful search (ES-ell)        
     2         192         19066.9         1.34493             0.5      Successful search (ES-ell)        
     2         193         19015.7         1.34497             0.5      Successful search (ES-ell)        
     2         203         18917.3         1.34241             0.5      Successful search (ES-ell)        
     2         238         18917.3         1.34241            0.25          Refine grid             
     3         272           18952         2.31228           0.125          Refine grid             Train
     4         273         18941.1         19.4814           0.125      Successful search (ES-ell)        
     4         274         18777.1         39.3229           0.125      Successful search (ES-ell)        
     4         275         18696.9          53.307           0.125      Successful search (ES-ell)        
     4         279         18686.7         38.9559           0.125      Successful search (ES-ell)        
     4         282         18668.6         30.7463           0.125      Successful search (ES-wcm)        
     4         283         18664.1         34.3998           0.125      Successful search (ES-wcm)        
     4         286           18643         32.3198           0.125      Successful search (ES-ell)        
     4         331           18643         32.3198          0.0625          Refine grid             Train
     5         332         18670.9         12.3638          0.0625      Successful search (ES-ell)        
     5         333           18640          20.431          0.0625      Successful search (ES-wcm)        
     5         334         18633.5         32.7421          0.0625      Successful search (ES-ell)        
     5         335         18579.9         45.5574          0.0625      Successful search (ES-ell)        
     5         378         18579.9         45.5574         0.03125          Refine grid             Train
     6         379           18569         10.5632         0.03125      Successful search (ES-ell)        
     6         380         18547.6         11.7976         0.03125      Successful search (ES-wcm)        
     6         381         18454.6          19.197         0.03125      Successful search (ES-ell)        
     6         382         18402.8         28.6157         0.03125      Successful search (ES-ell)        
     6         425         18402.8         28.6157        0.015625          Refine grid             
     7         426         18610.3         7.89758        0.015625      Successful search (ES-wcm)        
     7         427         18603.2         8.13104        0.015625      Successful search (ES-ell)        
     7         428         18580.5         9.03041        0.015625      Successful search (ES-wcm)        
     7         429         18543.6         11.5806        0.015625      Successful search (ES-wcm)        
     7         430         18509.6         17.7275        0.015625      Successful search (ES-wcm)        
     7         472         18509.6         17.7275       0.0078125          Refine grid             
     8         473         18618.1          8.5304       0.0078125      Successful search (ES-wcm)        
     8         474         18616.1         8.51925       0.0078125      Successful search (ES-wcm)        
     8         475         18613.4         8.55869       0.0078125      Successful search (ES-ell)        
     8         476           18612         9.57767       0.0078125      Successful search (ES-ell)        
     8         477         18605.6          11.066       0.0078125      Successful search (ES-ell)        
     8         478         18599.2         14.0003       0.0078125      Successful search (ES-ell)        
     8         479         18592.5         18.5992       0.0078125      Successful search (ES-ell)        
     8         480         18590.5          23.765       0.0078125      Successful search (ES-ell)        
     8         519         18590.5          23.765      0.00390625          Refine grid             
     9         520         18625.7         7.99562      0.00390625      Successful search (ES-ell)        
     9         521         18624.5         8.09163      0.00390625      Successful search (ES-wcm)        
     9         522         18623.3         8.43477      0.00390625      Successful search (ES-wcm)        
     9         523         18617.9         9.27741      0.00390625      Successful search (ES-wcm)        
     9         524         18614.4          10.025      0.00390625      Successful search (ES-ell)        
     9         525         18610.4         11.0764      0.00390625      Successful search (ES-ell)        
     9         526         18606.8         13.7323      0.00390625      Successful search (ES-ell)        
     9         566         18606.8         13.7323      0.00195312          Refine grid             Train
    10         567           18629         6.51018      0.00195312      Successful search (ES-ell)        
    10         568         18627.9         6.61258      0.00195312      Successful search (ES-ell)        
    10         569         18626.8         6.77248      0.00195312      Successful search (ES-wcm)        
    10         570         18624.6          6.9615      0.00195312      Successful search (ES-wcm)        
    10         571         18624.2         7.54557      0.00195312      Successful search (ES-wcm)        
    10         573         18624.1         8.19733      0.00195312      Successful search (ES-wcm)        
    10         574         18622.9         9.07005      0.00195312      Successful search (ES-ell)        
    10         575         18619.8         10.1333      0.00195312      Successful search (ES-ell)        
    10         576         18616.3         11.9198      0.00195312      Successful search (ES-ell)        
    10         577           18612         18.0224      0.00195312      Successful search (ES-wcm)        
    10         613           18612         18.0224     0.000976562          Refine grid             
Optimization terminated: change in the function value less than options['tol_mesh']
Estimated function value at minimum: 18619.928778678892 ± 5.116879375661839 (mean ± SEM from 100 samples)
BADS minimum at: x_min = [5.0000e+00 7.3511e+00 6.9656e+00 8.9740e-01 2.3960e-01 1.3600e-02
 1.7660e+01 3.8580e-01 2.6390e-01 1.3000e-03 1.1411e+00 2.1750e-01], training NLL = 18619.9288
total f-count: 713, time: 38.27 min

 ------- Finish Optimization for Subject 6 ---------- 

 ------- Start Optimization for Subject 11 ---------- 

 Cross Validation fold 0/1

 -- Start Optimization: method BADS --

 Optimization Run 1/2
Initial params: [1.4649, 8.7623, 7.3085, 2.5119, -2.7034, 0.0391, 25.0928, 0.531, 0.1431, 0.4502, 0.2877, 0.7679]
bads:TooCloseBounds: For each variable, hard and plausible bounds should not be too close. Moving plausible bounds.
Variables (index) internally transformed to log coordinates: [[ 0  0]
 [ 0  3]
 [ 0  5]
 [ 0  9]
 [ 0 10]
 [ 0 11]]
Beginning optimization of a STOCHASTIC objective function

 Iteration    f-count      E[f(x)]        SD[f(x)]           MeshScale          Method              Actions
     0           1         27135.8             nan               1                                  
     0          27         27135.8             nan               1          Initial mesh            Initial points
     0          28         24920.9         1.00069               1        Successful poll           Train
     1          29         24564.4         1.00069               1      Successful search (ES-wcm)        
     1          30         23712.3         1.00069               1      Successful search (ES-wcm)        
     1          34         23089.2         1.00069               1      Successful search (ES-wcm)        
     1          35         22332.2         1.00069               1      Successful search (ES-wcm)        
     1          36         22000.2         1.00069               1      Successful search (ES-wcm)        
     1          38         21592.6         1.00069               1      Successful search (ES-wcm)        
     1          39         21534.5         1.00069               1      Successful search (ES-wcm)        
     1          40         21503.5         1.00069               1      Successful search (ES-wcm)        
     1          41         21393.4         1.00068               1      Successful search (ES-wcm)        
     1          43         20921.7         1.00067               1      Successful search (ES-wcm)        
     1          45         20622.3         1.00069               1      Successful search (ES-wcm)        
     1          49         20530.3         1.00036               1      Successful search (ES-wcm)        
     1          55           20265        0.958369               1      Successful search (ES-wcm)        
     1          59         20193.7        0.958288               1      Successful search (ES-wcm)        
     1          61         20151.7        0.958254               1      Successful search (ES-wcm)        
     1          74         20055.2        0.956257               1      Successful search (ES-wcm)        
     1          86         20013.4        0.988839               1      Successful search (ES-wcm)        
     1         112         19961.4         1.09201               1        Successful poll           Train
     2         117         19920.9         1.09201               1      Successful search (ES-wcm)        
     2         128           19902         1.09703               1      Successful search (ES-wcm)        
     2         129         19220.3         1.09703               1      Successful search (ES-wcm)        
     2         134         19111.5         1.09687               1      Successful search (ES-ell)        
     2         140         19047.1         1.09695               1      Successful search (ES-ell)        
     2         146         18985.6         1.09678               1      Successful search (ES-wcm)        
     2         152         18847.9         1.09701               1      Successful search (ES-wcm)        
     2         166         18793.4         1.01666               1      Successful search (ES-wcm)        
     2         179         18788.3         1.01615               1      Successful search (ES-wcm)        
     2         183         18756.2         1.01637               1      Successful search (ES-wcm)        
     2         184         18694.5         1.01643               1      Successful search (ES-wcm)        
     2         194         18646.4         1.01633               1      Successful search (ES-ell)        
     2         196         18634.4         1.01608               1      Successful search (ES-wcm)        
     2         200         18523.9         1.01645               1      Successful search (ES-ell)        
     2         202         18434.6         1.01645               1      Successful search (ES-ell)        
     2         235         18434.6         1.01645             0.5          Refine grid             
     3         267         18435.4         1.01266            0.25          Refine grid             Train
     4         273         18425.4         1.07663            0.25      Successful search (ES-ell)        
     4         309         18019.5         1.07684             0.5        Successful poll           
     5         310         17957.2         1.07683             0.5      Successful search (ES-ell)        
     5         318         17907.9        0.993665             0.5      Successful search (ES-ell)        
     5         319         17893.9        0.993673             0.5      Successful search (ES-wcm)        
     5         332         17889.2        0.993668             0.5      Successful search (ES-wcm)        
     5         333         17828.9         0.99367             0.5      Successful search (ES-wcm)        
     5         366         17828.9         0.99367            0.25          Refine grid             Train
     6         401         17828.9         1.04106           0.125          Refine grid             Train
     7         407         17819.1         1.04112           0.125      Successful search (ES-wcm)        
     7         448           17793         1.05167            0.25        Successful poll           
     8         483           17793         1.05167           0.125          Refine grid             
     9         519         17793.3         1.18252          0.0625          Refine grid             Train
    10         555           17797         4.29942         0.03125          Refine grid             Train
    11         591           17829         1.03934        0.015625          Refine grid             Train
    12         627         17829.2         1.03928       0.0078125          Refine grid             Train
    13         628         17857.7         1.17746       0.0078125      Successful search (ES-wcm)        
    13         675         17857.7         1.17746      0.00390625          Refine grid             
    14         676         17889.2        0.693978      0.00390625      Successful search (ES-wcm)        
    14         677         17863.1        0.971665      0.00390625      Successful search (ES-wcm)        
    14         680           17862        0.984046      0.00390625      Successful search (ES-wcm)        
    14         723           17862        0.984046      0.00195312          Refine grid             
    15         759         17894.8         8.05299      0.00390625        Successful poll           
    16         760           17893         12.0379      0.00390625      Successful search (ES-ell)        
    16         762         17890.3         12.6594      0.00390625      Successful search (ES-ell)        
    16         763         17879.2         14.8235      0.00390625      Successful search (ES-ell)        
    16         764         17875.1          15.216      0.00390625      Successful search (ES-ell)        
    16         765         17870.7         17.6796      0.00390625      Successful search (ES-ell)        
    16         767         17870.1         17.3968      0.00390625      Successful search (ES-ell)        
    16         768           17854         21.1155      0.00390625      Successful search (ES-ell)        
    16         807           17854         21.1155      0.00195312          Refine grid             Train
    17         814           17893         6.14746      0.00195312      Successful search (ES-wcm)        
    17         815         17892.8         6.19282      0.00195312      Successful search (ES-wcm)        
    17         855         17892.8         6.19282     0.000976562          Refine grid             Train
Optimization terminated: change in the function value less than options['tol_mesh']
Estimated function value at minimum: 17910.736001540696 ± 4.787885623652796 (mean ± SEM from 100 samples)
BADS minimum at: x_min = [ 1.3665  4.3948  5.2212  4.795   3.2322  0.0861 13.68    0.4001  0.4119
  0.6772  1.2938  0.2596], training NLL = 17910.736
total f-count: 955, time: 50.67 min

 Optimization Run 2/2
Initial params: [0.7468, 8.3496, 10.6333, 14.2186, -1.4115, 0.0336, 14.3375, 0.613, 0.151, 0.2351, 0.4775, 0.5099]
bads:TooCloseBounds: For each variable, hard and plausible bounds should not be too close. Moving plausible bounds.
Variables (index) internally transformed to log coordinates: [[ 0  0]
 [ 0  3]
 [ 0  5]
 [ 0  9]
 [ 0 10]
 [ 0 11]]
Beginning optimization of a STOCHASTIC objective function

 Iteration    f-count      E[f(x)]        SD[f(x)]           MeshScale          Method              Actions
     0           1         26356.2             nan               1                                  
     0          27         26356.2             nan               1          Initial mesh            Initial points
     0          36         24394.5        0.993482               1        Successful poll           Train
     1          38         23876.6         0.99349               1      Successful search (ES-wcm)        
     1          40         22364.8        0.993489               1      Successful search (ES-wcm)        
     1          42         22286.7        0.993483               1      Successful search (ES-wcm)        
     1          43         22175.3        0.993486               1      Successful search (ES-wcm)        
     1          44         21652.6        0.993483               1      Successful search (ES-wcm)        
     1          47         21430.1         0.99347               1      Successful search (ES-wcm)        
     1          50         21425.5        0.993469               1      Successful search (ES-wcm)        
     1          56         21018.2         1.01139               1      Successful search (ES-wcm)        
     1          68         21004.9         1.00988               1      Successful search (ES-ell)        
     1          69         20935.4         1.00629               1      Successful search (ES-ell)        
     1          70         20928.7         1.00976               1      Successful search (ES-ell)        
     1          71         20842.9         1.00746               1      Successful search (ES-ell)        
     1          78         20704.2         1.06532               1      Successful search (ES-wcm)        
     1          80         20501.2         1.06532               1      Successful search (ES-wcm)        
     1          82           20472         1.06533               1      Successful search (ES-wcm)        
     1          83         20404.5         1.06536               1      Successful search (ES-wcm)        
     1          85         20207.1         1.06538               1      Successful search (ES-wcm)        
     1          95         20167.1         1.06514               1      Successful search (ES-wcm)        
     1          98         20086.6         1.06532               1      Successful search (ES-wcm)        
     1         133         19895.8         1.48049               1        Successful poll           Train
     2         134         19890.3         1.48051               1      Successful search (ES-ell)        
     2         142           19809         1.48027               1      Successful search (ES-ell)        
     2         143         19683.6         1.48038               1      Successful search (ES-ell)        
     2         144           19523         1.48045               1      Successful search (ES-ell)        
     2         152         19469.4         1.48006               1      Successful search (ES-ell)        
     2         153         19426.3         1.17952               1      Successful search (ES-wcm)        
     2         154         19406.8         1.17952               1      Successful search (ES-wcm)        
     2         161           19382         1.17952               1      Successful search (ES-wcm)        
     2         163         19345.1         1.17953               1      Successful search (ES-wcm)        
     2         166           19121         1.17953               1      Successful search (ES-wcm)        
     2         167         18988.7         1.17953               1      Successful search (ES-wcm)        
     2         173         18742.8         1.17953               1      Successful search (ES-wcm)        
     2         186           18488         1.25569               1      Successful search (ES-wcm)        
     2         197         18410.5         1.25571               1      Successful search (ES-wcm)        
     2         201         18399.6         1.25568               1      Successful search (ES-wcm)        
     2         203         18364.1          1.2557               1      Successful search (ES-wcm)        
     2         205         18191.1         1.25552               1      Successful search (ES-ell)        
     2         234         18191.1         1.25552             0.5          Refine grid             
     3         267         18217.6          1.4747            0.25          Refine grid             Train
     4         268         18235.1         37.5018            0.25      Successful search (ES-ell)        
     4         271         18229.8         32.4877            0.25      Successful search (ES-ell)        
     4         274         18173.7         27.2204            0.25      Successful search (ES-ell)        
     4         275         18158.8         40.0749            0.25      Successful search (ES-ell)        
     4         290         18156.3         13.8945            0.25      Successful search (ES-ell)        
     4         291         18149.9         13.7928            0.25      Successful search (ES-ell)        
     4         294         18112.5         31.8583            0.25      Successful search (ES-wcm)        
     4         337         18112.5         31.8583           0.125          Refine grid             
     5         338         18108.5         22.8816           0.125      Successful search (ES-wcm)        
     5         340         18074.8         30.0251           0.125      Successful search (ES-ell)        
     5         341         18005.2          39.326           0.125      Successful search (ES-ell)        
     5         385         18005.2          39.326          0.0625          Refine grid             Train
     6         386         18023.1         11.6739          0.0625      Successful search (ES-ell)        
     6         387         18012.8         22.2129          0.0625      Successful search (ES-ell)        
     6         433         18012.8         22.2129         0.03125          Refine grid             
     7         434           18033         7.27756         0.03125      Successful search (ES-ell)        
     7         435         18024.3         10.6434         0.03125      Successful search (ES-ell)        
     7         436         18015.1          16.682         0.03125      Successful search (ES-ell)        
     7         438         18014.3          21.687         0.03125      Successful search (ES-ell)        
     7         439         17988.3         29.6232         0.03125      Successful search (ES-ell)        
     7         444         17985.4         15.9649         0.03125      Successful search (ES-wcm)        
     7         445         17983.4         18.3377         0.03125      Successful search (ES-ell)        
     7         481         17983.4         18.3377        0.015625          Refine grid             
     8         482         18010.7         7.88865        0.015625      Successful search (ES-ell)        
     8         483         18004.7         9.66968        0.015625      Successful search (ES-ell)        
     8         484         18000.6         9.49058        0.015625      Successful search (ES-wcm)        
     8         485         17991.8         14.9278        0.015625      Successful search (ES-ell)        
     8         486         17988.5         21.1534        0.015625      Successful search (ES-ell)        
     8         529         17988.5         21.1534       0.0078125          Refine grid             
     9         530         18012.7          7.1064       0.0078125      Successful search (ES-wcm)        
     9         531         18009.4         7.26515       0.0078125      Successful search (ES-wcm)        
     9         532         18006.8         7.47151       0.0078125      Successful search (ES-wcm)        
     9         533         18004.6          8.1123       0.0078125      Successful search (ES-wcm)        
     9         534         18000.4         11.3413       0.0078125      Successful search (ES-ell)        
     9         535         17997.1         16.2588       0.0078125      Successful search (ES-ell)        
     9         577         17997.1         16.2588      0.00390625          Refine grid             Train
    10         578         18019.6         7.06951      0.00390625      Successful search (ES-ell)        
    10         579         18018.6         7.43412      0.00390625      Successful search (ES-ell)        
    10         580         18016.9         8.08053      0.00390625      Successful search (ES-ell)        
    10         581         18016.3          9.8566      0.00390625      Successful search (ES-ell)        
    10         582         18013.5         12.9576      0.00390625      Successful search (ES-ell)        
    10         583         18009.7         17.0412      0.00390625      Successful search (ES-ell)        
    10         584           18000         20.9243      0.00390625      Successful search (ES-ell)        
    10         585         17981.3         25.9652      0.00390625      Successful search (ES-ell)        
    10         587         17980.1         23.5818      0.00390625      Successful search (ES-ell)        
    10         589         17972.1         24.2858      0.00390625      Successful search (ES-ell)        
    10         590         17966.7          22.331      0.00390625      Successful search (ES-ell)        
    10         637         17966.7          22.331      0.00195312          Refine grid             Train
    11         638         17993.4         6.29034      0.00195312      Successful search (ES-ell)        
    11         639         17991.8         6.27199      0.00195312      Successful search (ES-ell)        
    11         640         17989.5         6.25851      0.00195312      Successful search (ES-ell)        
    11         641           17988         6.38917      0.00195312      Successful search (ES-wcm)        
    11         642         17984.2         6.53163      0.00195312      Successful search (ES-wcm)        
    11         643         17979.3         6.81064      0.00195312      Successful search (ES-wcm)        
    11         644         17978.4         7.45726      0.00195312      Successful search (ES-wcm)        
    11         645         17962.5         8.05164      0.00195312      Successful search (ES-ell)        
    11         646         17946.9         9.32419      0.00195312      Successful search (ES-ell)        
    11         647         17926.4         11.4685      0.00195312      Successful search (ES-ell)        
    11         648         17912.6         14.3966      0.00195312      Successful search (ES-ell)        
    11         649         17907.7         18.5616      0.00195312      Successful search (ES-ell)        
    11         685         17907.7         18.5616     0.000976562          Refine grid             Train
Optimization terminated: change in the function value less than options['tol_mesh']
Estimated function value at minimum: 17995.05246502385 ± 4.573374139129838 (mean ± SEM from 100 samples)
BADS minimum at: x_min = [1.8117 7.2199 6.9012 0.5884 0.285  0.0162 9.3438 0.4454 0.362  0.0393
 1.1571 0.2779], training NLL = 17995.0525
total f-count: 785, time: 40.98 min

 ------- Finish Optimization for Subject 11 ---------- 

 ------- Start Optimization for Subject 15 ---------- 

 Cross Validation fold 0/1

 -- Start Optimization: method BADS --

 Optimization Run 1/2
Initial params: [0.5688, 9.3835, 5.3319, 13.1311, 2.308, 0.0428, 17.4751, 0.6778, 0.2643, 0.6396, 0.3636, 0.4334]
bads:TooCloseBounds: For each variable, hard and plausible bounds should not be too close. Moving plausible bounds.
Variables (index) internally transformed to log coordinates: [[ 0  0]
 [ 0  3]
 [ 0  5]
 [ 0  9]
 [ 0 10]
 [ 0 11]]
Beginning optimization of a STOCHASTIC objective function

 Iteration    f-count      E[f(x)]        SD[f(x)]           MeshScale          Method              Actions
     0           1         25205.1             nan               1                                  
     0          27         23958.7             nan               1          Initial mesh            Initial points
     0          38           21662         1.00623               1        Successful poll           Train
     1          40         21075.8         1.00623               1      Successful search (ES-wcm)        
     1          41         20928.7         1.00623               1      Successful search (ES-wcm)        
     1          42         19355.9         1.00623               1      Successful search (ES-wcm)        
     1          43         19295.3         1.00623               1      Successful search (ES-wcm)        
     1          49         18479.6         1.00622               1      Successful search (ES-wcm)        
     1          50         18223.5         1.00622               1      Successful search (ES-wcm)        
     1          52           18204         1.00622               1      Successful search (ES-wcm)        
     1          53         17235.3         1.00153               1      Successful search (ES-ell)        
     1          62         17184.2         1.00112               1      Successful search (ES-ell)        
     1          68         17116.9         1.00039               1      Successful search (ES-ell)        
     1          71         17110.5         0.99822               1      Successful search (ES-ell)        
     1          72         17086.4        0.999725               1      Successful search (ES-ell)        
     1          73           17048          1.0003               1      Successful search (ES-ell)        
     1          81         17038.4        0.965441               1      Successful search (ES-ell)        
     1          83         17036.6         0.96458               1      Successful search (ES-ell)        
     1          95           17025        0.866192               1      Successful search (ES-ell)        
     1         110         16984.1         1.06467               1      Successful search (ES-ell)        
     1         138         16984.1         1.06467             0.5          Refine grid             Train
     2         139         16990.7         38.3331             0.5      Successful search (ES-ell)        
     2         181         16990.7         38.3331            0.25          Refine grid             Train
     3         182           17030         18.8797            0.25      Successful search (ES-ell)        
     3         183         16990.5         29.2069            0.25      Successful search (ES-ell)        
     3         184         16985.5         43.4826            0.25      Successful search (ES-ell)        
     3         228         16985.5         43.4826           0.125          Refine grid             
     4         229         17005.1           10.73           0.125      Successful search (ES-ell)        
     4         230         16975.4         13.8189           0.125      Successful search (ES-ell)        
     4         231         16969.6         24.4764           0.125      Successful search (ES-ell)        
     4         275         16969.6         24.4764          0.0625          Refine grid             
     5         276         17016.2         7.33726          0.0625      Successful search (ES-ell)        
     5         277         17006.7         9.04362          0.0625      Successful search (ES-ell)        
     5         278           16995         11.3007          0.0625      Successful search (ES-ell)        
     5         279         16982.9         15.5109          0.0625      Successful search (ES-ell)        
     5         280           16956         20.7614          0.0625      Successful search (ES-ell)        
     5         281         16948.6         29.6336          0.0625      Successful search (ES-ell)        
     5         282           16930         35.7362          0.0625      Successful search (ES-ell)        
     5         284         16928.8         32.0549          0.0625      Successful search (ES-ell)        
     5         285         16924.4         35.9286          0.0625      Successful search (ES-ell)        
     5         288         16901.1         25.3491          0.0625      Successful search (ES-ell)        
     5         334         16901.1         25.3491         0.03125          Refine grid             
     6         335         16917.9         7.03338         0.03125      Successful search (ES-ell)        
     6         336         16913.1         7.37887         0.03125      Successful search (ES-ell)        
     6         337         16908.4         8.38189         0.03125      Successful search (ES-ell)        
     6         338         16902.9         9.75502         0.03125      Successful search (ES-ell)        
     6         339         16893.8         13.3715         0.03125      Successful search (ES-ell)        
     6         341         16892.6         15.7951         0.03125      Successful search (ES-ell)        
     6         362           16812         7.23541          0.0625        Successful poll           Train
     7         363         16586.5         9.02634          0.0625      Successful search (ES-ell)        
     7         364         16378.4         11.5714          0.0625      Successful search (ES-ell)        
     7         365         16324.3         14.5882          0.0625      Successful search (ES-wcm)        
     7         366           16158         19.9005          0.0625      Successful search (ES-ell)        
     7         409           16158         19.9005         0.03125          Refine grid             
     8         410         16924.5         6.56529         0.03125      Successful search (ES-ell)        
     8         411         16921.8         6.92629         0.03125      Successful search (ES-ell)        
     8         412           16918          7.7397         0.03125      Successful search (ES-ell)        
     8         413         16915.7          9.4802         0.03125      Successful search (ES-ell)        
     8         414         16909.7         12.6476         0.03125      Successful search (ES-ell)        
     8         415         16900.1         16.4032         0.03125      Successful search (ES-wcm)        
     8         454         16888.2         6.86593          0.0625        Successful poll           
     9         455         16870.6         7.68367          0.0625      Successful search (ES-ell)        
     9         456         16859.1         9.21185          0.0625      Successful search (ES-wcm)        
     9         501         16859.1         9.21185         0.03125          Refine grid             Train
    10         502           16914         4.76191         0.03125      Successful search (ES-wcm)        
    10         503         16907.1         5.44413         0.03125      Successful search (ES-wcm)        
    10         504         16876.9         8.03818         0.03125      Successful search (ES-ell)        
    10         505         16835.1         12.2324         0.03125      Successful search (ES-ell)        
    10         506         16823.4         19.6845         0.03125      Successful search (ES-ell)        
    10         548         16823.4         19.6845        0.015625          Refine grid             Train
    11         549         16924.1         6.16451        0.015625      Successful search (ES-ell)        
    11         550         16922.2         6.35303        0.015625      Successful search (ES-ell)        
    11         551         16920.6         6.76258        0.015625      Successful search (ES-ell)        
    11         552         16915.7         6.50767        0.015625      Successful search (ES-wcm)        
    11         553         16910.7         7.81146        0.015625      Successful search (ES-wcm)        
    11         554         16906.5         8.55696        0.015625      Successful search (ES-ell)        
    11         555         16885.8         11.6177        0.015625      Successful search (ES-wcm)        
    11         595         16885.8         11.6177       0.0078125          Refine grid             
    12         600         16913.2         6.40906       0.0078125      Successful search (ES-wcm)        
    12         608           16913         4.73121       0.0078125      Successful search (ES-ell)        
    12         654         16907.1         4.89329        0.015625        Successful poll           
    13         655         16901.5         5.35909        0.015625      Successful search (ES-ell)        
    13         656         16897.5         6.23285        0.015625      Successful search (ES-wcm)        
    13         657           16895          8.6196        0.015625      Successful search (ES-wcm)        
    13         658         16885.9         9.35083        0.015625      Successful search (ES-ell)        
    13         659         16880.8         11.2755        0.015625      Successful search (ES-ell)        
    13         701         16880.8         11.2755       0.0078125          Refine grid             
    14         702         16915.5         4.67189       0.0078125      Successful search (ES-wcm)        
    14         703         16914.3         4.65767       0.0078125      Successful search (ES-wcm)        
    14         704         16912.5         4.68989       0.0078125      Successful search (ES-wcm)        
    14         705         16910.9         4.81655       0.0078125      Successful search (ES-wcm)        
    14         708         16909.7         5.00037       0.0078125      Successful search (ES-wcm)        
    14         709         16906.3         6.05406       0.0078125      Successful search (ES-ell)        
    14         710         16903.2         8.14211       0.0078125      Successful search (ES-ell)        
    14         711         16899.1         12.0958       0.0078125      Successful search (ES-ell)        
    14         727         16898.1          15.168        0.015625        Successful poll           Train
    15         728         16905.4         9.70514        0.015625      Successful search (ES-wcm)        
    15         729         16902.1         12.5241        0.015625      Successful search (ES-wcm)        
    15         774         16897.2         10.8541         0.03125        Successful poll           
    16         775         16898.1         10.2428         0.03125      Successful search (ES-ell)        
    16         821           16893         17.0476          0.0625        Successful poll           
    17         849         16884.7         19.5614           0.125        Successful poll           Train
    18         874         16890.3         13.2598            0.25        Successful poll           Train
    19         897         16891.7         15.5582             0.5        Successful poll           Train
    20         920         16874.3         17.1493               1        Successful poll           Train
    21         939         16846.2         21.8477               1        Successful poll           Train
    22         970         16904.9         4.68391             0.5          Refine grid             Train
    23        1002         16902.4         5.99248            0.25          Refine grid             Train
    24        1036         16904.2         5.50918           0.125          Refine grid             Train
    25        1071         16906.7         3.43854          0.0625          Refine grid             Train
    26        1106         16906.7         3.43854         0.03125          Refine grid             Train
    27        1141         16891.9         6.19578        0.015625          Refine grid             Train
    28        1142         16889.2          7.2947        0.015625      Successful search (ES-wcm)        
    28        1154         16889.1         7.93005        0.015625      Successful search (ES-ell)        
    28        1155         16878.1         10.8336        0.015625      Successful search (ES-ell)        
    28        1156         16877.6         14.3562        0.015625      Successful search (ES-ell)        
    28        1157         16870.1         21.1969        0.015625      Successful search (ES-ell)        
    28        1200         16870.1         21.1969       0.0078125          Refine grid             
    29        1201         16889.1         5.46653       0.0078125      Successful search (ES-ell)        
    29        1202         16886.5         6.83062       0.0078125      Successful search (ES-ell)        
    29        1204         16882.9         7.51503       0.0078125      Successful search (ES-wcm)        
    29        1205         16878.6         8.91407       0.0078125      Successful search (ES-wcm)        
    29        1206         16873.3         11.0299       0.0078125      Successful search (ES-wcm)        
    29        1207         16864.6         13.7363       0.0078125      Successful search (ES-wcm)        
    29        1208         16861.4         16.6571       0.0078125      Successful search (ES-wcm)        
    29        1247         16861.4         16.6571      0.00390625          Refine grid             
    30        1248         16891.8          5.1187      0.00390625      Successful search (ES-wcm)        
    30        1249         16889.6         5.36945      0.00390625      Successful search (ES-ell)        
    30        1250         16883.8         5.75213      0.00390625      Successful search (ES-ell)        
    30        1251         16876.8         7.25013      0.00390625      Successful search (ES-ell)        
    30        1253           16875         7.55671      0.00390625      Successful search (ES-wcm)        
    30        1254         16872.6          8.7227      0.00390625      Successful search (ES-wcm)        
    30        1255         16866.6         10.8145      0.00390625      Successful search (ES-wcm)        
    30        1256         16863.1         16.2426      0.00390625      Successful search (ES-ell)        
    30        1294         16861.5         6.40181       0.0078125        Successful poll           
    31        1295         16863.7           5.548       0.0078125      Successful search (ES-ell)        
    31        1296         16861.5          6.0457       0.0078125      Successful search (ES-ell)        
    31        1297         16859.4          6.9783       0.0078125      Successful search (ES-ell)        
    31        1298         16855.4         8.76747       0.0078125      Successful search (ES-ell)        
    31        1300           16852         10.3162       0.0078125      Successful search (ES-ell)        
    31        1301         16846.9          12.792       0.0078125      Successful search (ES-ell)        
    31        1341         16846.9          12.792      0.00390625          Refine grid             Train
    32        1342           16876         4.93837      0.00390625      Successful search (ES-ell)        
    32        1343         16874.1         5.26547      0.00390625      Successful search (ES-ell)        
    32        1344         16870.6          5.6663      0.00390625      Successful search (ES-ell)        
    32        1345         16867.2         5.94203      0.00390625      Successful search (ES-wcm)        
    32        1346         16863.7         6.47506      0.00390625      Successful search (ES-wcm)        
    32        1347         16858.6         7.58729      0.00390625      Successful search (ES-wcm)        
    32        1348         16847.3         9.00502      0.00390625      Successful search (ES-wcm)        
    32        1349         16831.8         11.7017      0.00390625      Successful search (ES-ell)        
    32        1388         16831.8         11.7017      0.00195312          Refine grid             Train
    33        1390         16871.8         5.28651      0.00195312      Successful search (ES-ell)        
    33        1391         16870.6         5.24567      0.00195312      Successful search (ES-ell)        
    33        1392         16869.5         5.23038      0.00195312      Successful search (ES-ell)        
    33        1393         16866.5         5.20603      0.00195312      Successful search (ES-ell)        
    33        1394         16864.1         5.22787      0.00195312      Successful search (ES-ell)        
    33        1395         16860.6         5.40506      0.00195312      Successful search (ES-ell)        
    33        1396         16858.2         5.83281      0.00195312      Successful search (ES-ell)        
    33        1397         16856.7         6.59841      0.00195312      Successful search (ES-ell)        
    33        1398         16854.2         7.40901      0.00195312      Successful search (ES-ell)        
    33        1399         16852.9          9.6139      0.00195312      Successful search (ES-ell)        
    33        1400         16849.1         11.2165      0.00195312      Successful search (ES-ell)        
    33        1435         16849.1         11.2165     0.000976562          Refine grid             
Optimization terminated: change in the function value less than options['tol_mesh']
Estimated function value at minimum: 16875.306225962682 ± 3.471564744093442 (mean ± SEM from 100 samples)
BADS minimum at: x_min = [ 2.55480e+00  1.09602e+01  1.10431e+01  6.70000e-03 -2.66520e+00
  3.00000e-04  1.53161e+01  4.61500e-01  3.79400e-01  0.00000e+00
  1.99490e+00  3.80200e-01], training NLL = 16875.3062
total f-count: 1535, time: 77.75 min

 Optimization Run 2/2
Initial params: [1.7399, 8.5907, 10.0421, 6.1202, 0.8548, 0.071, 24.822, 0.3462, 0.1265, 0.8747, 0.2814, 0.2632]
bads:TooCloseBounds: For each variable, hard and plausible bounds should not be too close. Moving plausible bounds.
Variables (index) internally transformed to log coordinates: [[ 0  0]
 [ 0  3]
 [ 0  5]
 [ 0  9]
 [ 0 10]
 [ 0 11]]
Beginning optimization of a STOCHASTIC objective function

 Iteration    f-count      E[f(x)]        SD[f(x)]           MeshScale          Method              Actions
     0           1           26641             nan               1                                  
     0          27         23946.6             nan               1          Initial mesh            Initial points
     0          37         21651.9        0.999998               1        Successful poll           Train
     1          39         20903.8        0.999996               1      Successful search (ES-wcm)        
     1          40         19641.2        0.999999               1      Successful search (ES-wcm)        
     1          42         19418.6        0.999997               1      Successful search (ES-wcm)        
     1          44         18931.6        0.999993               1      Successful search (ES-wcm)        
     1          46         18429.8        0.999997               1      Successful search (ES-wcm)        
     1          50         18422.5        0.999998               1      Successful search (ES-ell)        
     1          52           18008        0.999994               1      Successful search (ES-ell)        
     1          59         17959.1         1.02722               1      Successful search (ES-ell)        
     1          67         17957.3         1.02689               1      Successful search (ES-ell)        
     1          69         17915.6          1.0248               1      Successful search (ES-ell)        
     1          73         17847.3         1.01387               1      Successful search (ES-ell)        
     1          75         17601.6         1.02709               1      Successful search (ES-ell)        
     1          78         17393.7         1.14365               1      Successful search (ES-ell)        
     1          81         17148.8         1.14364               1      Successful search (ES-ell)        
     1          91           17113         1.14022               1      Successful search (ES-ell)        
     1          94         17100.6          1.1386               1      Successful search (ES-ell)        
     1          95         17077.3         1.13968               1      Successful search (ES-ell)        
     1          97           16983         1.13986               1      Successful search (ES-ell)        
     1         100         16943.2         1.14344               1      Successful search (ES-ell)        
     1         103           16783         1.05444               1      Successful search (ES-wcm)        
     1         107         16744.6         1.05422               1      Successful search (ES-ell)        
     1         136         16744.6         1.05422             0.5          Refine grid             Train
     2         139         16793.3         24.1831             0.5      Successful search (ES-wcm)        
     2         144         16790.8         15.0458             0.5      Successful search (ES-wcm)        
     2         178         16790.8         15.0458            0.25          Refine grid             Train
     3         181         16808.2         8.30101            0.25      Successful search (ES-wcm)        
     3         183         16798.5         12.5299            0.25      Successful search (ES-wcm)        
     3         184         16784.4         14.5372            0.25      Successful search (ES-ell)        
     3         185           16777         20.0055            0.25      Successful search (ES-ell)        
     3         222           16777         20.0055           0.125          Refine grid             
     4         223         16786.3         6.03014           0.125      Successful search (ES-ell)        
     4         224         16769.8         12.8062           0.125      Successful search (ES-wcm)        
     4         225         16769.3         21.0196           0.125      Successful search (ES-wcm)        
     4         228         16754.6         11.8128           0.125      Successful search (ES-wcm)        
     4         267         16754.6         11.8128          0.0625          Refine grid             
     5         268           16786         5.69002          0.0625      Successful search (ES-wcm)        
     5         269         16779.7         5.79204          0.0625      Successful search (ES-wcm)        
     5         270         16775.1         7.90918          0.0625      Successful search (ES-wcm)        
     5         272         16773.6         10.4234          0.0625      Successful search (ES-wcm)        
     5         274         16765.8         10.6003          0.0625      Successful search (ES-ell)        
     5         312         16765.8         10.6003         0.03125          Refine grid             Train
     6         313         16780.3         5.55621         0.03125      Successful search (ES-wcm)        
     6         359         16780.3         5.55621        0.015625          Refine grid             
     7         360         16779.3         4.32858        0.015625      Successful search (ES-wcm)        
     7         406         16779.3         4.32858       0.0078125          Refine grid             
     8         407         16782.8         4.20788       0.0078125      Successful search (ES-wcm)        
     8         408         16782.5         4.68371       0.0078125      Successful search (ES-wcm)        
     8         409         16781.9         4.95147       0.0078125      Successful search (ES-ell)        
     8         410           16781         5.49226       0.0078125      Successful search (ES-ell)        
     8         422         16777.9         3.98967       0.0078125      Successful search (ES-ell)        
     8         423         16775.8         3.99173       0.0078125      Successful search (ES-ell)        
     8         424         16773.7         4.16693       0.0078125      Successful search (ES-wcm)        
     8         425         16769.3         4.40997       0.0078125      Successful search (ES-wcm)        
     8         426         16763.4         4.84859       0.0078125      Successful search (ES-wcm)        
     8         427         16753.3         5.47825       0.0078125      Successful search (ES-wcm)        
     8         428         16742.2         6.56893       0.0078125      Successful search (ES-wcm)        
     8         429         16726.6         8.94785       0.0078125      Successful search (ES-wcm)        
     8         430         16710.6         13.5661       0.0078125      Successful search (ES-wcm)        
     8         463         16710.6         13.5661      0.00390625          Refine grid             
     9         464         16785.1         3.60652      0.00390625      Successful search (ES-wcm)        
     9         465         16784.6         3.69396      0.00390625      Successful search (ES-wcm)        
     9         466         16783.8         3.81381      0.00390625      Successful search (ES-wcm)        
     9         467         16782.6         4.09188      0.00390625      Successful search (ES-wcm)        
     9         468         16780.9         4.63342      0.00390625      Successful search (ES-wcm)        
     9         469         16778.7         5.79369      0.00390625      Successful search (ES-wcm)        
     9         470         16776.9         6.83651      0.00390625      Successful search (ES-ell)        
     9         471         16773.1         8.80678      0.00390625      Successful search (ES-ell)        
     9         510         16773.1         8.80678      0.00195312          Refine grid             
    10         545         16786.6         3.62937     0.000488281          Refine grid             Train
Optimization terminated: change in the function value less than options['tol_mesh']
Estimated function value at minimum: 16786.729937561275 ± 3.6040898815945157 (mean ± SEM from 100 samples)
BADS minimum at: x_min = [ 1.85930e+00  1.10267e+01  9.52220e+00  4.68732e+01 -9.39780e+00
  9.00000e-04  1.15004e+01  4.83200e-01  4.50100e-01  8.79100e-01
  2.00000e+00  4.18100e-01], training NLL = 16786.7299
total f-count: 645, time: 32.64 min

 ------- Finish Optimization for Subject 15 ---------- 

 ------- Start Optimization for Subject 20 ---------- 

 Cross Validation fold 0/1

 -- Start Optimization: method BADS --

 Optimization Run 1/2
Initial params: [0.3751, 2.616, 3.2739, 2.3916, 2.3727, 0.0773, 29.634, 0.4888, 0.1189, 0.3072, 0.8849, 0.0177]
bads:TooCloseBounds: For each variable, hard and plausible bounds should not be too close. Moving plausible bounds.
Variables (index) internally transformed to log coordinates: [[ 0  0]
 [ 0  3]
 [ 0  5]
 [ 0  9]
 [ 0 10]
 [ 0 11]]
Beginning optimization of a STOCHASTIC objective function

 Iteration    f-count      E[f(x)]        SD[f(x)]           MeshScale          Method              Actions
     0           1         30093.3             nan               1                                  
     0          27         26793.4             nan               1          Initial mesh            Initial points
     0          39           25188         1.03262               1        Successful poll           Train
     1          40           23175         1.03262               1      Successful search (ES-wcm)        
     1          41         21274.5         1.03262               1      Successful search (ES-wcm)        
     1          49         20747.6         1.03254               1      Successful search (ES-wcm)        
     1          50         20119.3         1.03253               1      Successful search (ES-wcm)        
     1          54         20118.2          1.0054               1      Successful search (ES-wcm)        
     1          62         20094.6         1.00482               1      Successful search (ES-wcm)        
     1          63         20075.1         1.00502               1      Successful search (ES-wcm)        
     1          66           20036         1.00529               1      Successful search (ES-wcm)        
     1         103           19607        0.968871               1        Successful poll           Train
     2         104         19470.8          1.1804               1      Successful search (ES-wcm)        
     2         106         19218.4          1.1804               1      Successful search (ES-wcm)        
     2         110         19164.7         1.18039               1      Successful search (ES-wcm)        
     2         115         18989.8         1.18039               1      Successful search (ES-wcm)        
     2         144         18989.8         1.18039             0.5          Refine grid             Train
     3         146         18875.8         1.02317             0.5      Successful search (ES-wcm)        
     3         187         18787.7         1.09152               1        Successful poll           Train
     4         188         18712.5         1.09159               1      Successful search (ES-wcm)        
     4         198         18712.2         1.09159               1      Incremental search (ES-wcm)        
     4         199         18697.9         1.09159               1      Successful search (ES-wcm)        
     4         208           18580         1.09159               1      Successful search (ES-wcm)        
     4         215         18550.5         1.09159               1      Successful search (ES-wcm)        
     4         216         18491.8         1.09159               1      Successful search (ES-ell)        
     4         218         18473.3         1.09159               1      Successful search (ES-ell)        
     4         221         18370.7         1.09159               1      Successful search (ES-ell)        
     4         227         18311.7         1.09159               1      Successful search (ES-ell)        
     4         229         18208.1         1.09159               1      Successful search (ES-ell)        
     4         238           18141         1.09159               1      Successful search (ES-ell)        
     4         245         18087.6         1.16366               1      Successful search (ES-ell)        
     4         254         18079.6         1.16369               1      Successful search (ES-wcm)        
     4         287         18079.6         1.16369             0.5          Refine grid             Train
     5         319           18080         1.17897            0.25          Refine grid             Train
     6         330         18035.2         1.12492            0.25      Successful search (ES-wcm)        
     6         336         18032.4         1.13169            0.25      Successful search (ES-wcm)        
     6         376         18032.4         1.13169           0.125          Refine grid             Train
     7         411         18032.9         1.01658          0.0625          Refine grid             Train
     8         446         18047.4        0.958614         0.03125          Refine grid             Train
     9         482           18078         1.10181        0.015625          Refine grid             Train
    10         484           18124        0.829735        0.015625      Successful search (ES-wcm)        
    10         485         18121.1         1.10561        0.015625      Successful search (ES-wcm)        
    10         530         18121.1         1.10561       0.0078125          Refine grid             Train
    11         531         18123.9        0.889013       0.0078125      Successful search (ES-wcm)        
    11         533         18092.9         1.01543       0.0078125      Successful search (ES-wcm)        
    11         578         18092.9         1.01543      0.00390625          Refine grid             Train
    12         597         18091.7         1.02177       0.0078125        Successful poll           Train
    13         613         18066.1         1.02707        0.015625        Successful poll           Train
    14         615         18090.5         1.02706        0.015625      Successful search (ES-wcm)        
    14         617         18071.2         1.02701        0.015625      Successful search (ES-ell)        
    14         618         18064.2         1.02703        0.015625      Successful search (ES-ell)        
    14         625           18035         1.02449        0.015625      Successful search (ES-ell)        
    14         646         18027.6         1.02707         0.03125        Successful poll           Train
    15         647         18130.7         16.2207         0.03125      Successful search (ES-ell)        
    15         649         18125.2         16.0832         0.03125      Successful search (ES-ell)        
    15         650         18113.9         21.9212         0.03125      Successful search (ES-ell)        
    15         694           18053         35.6497          0.0625        Successful poll           
    16         695         18091.2         17.1858          0.0625      Successful search (ES-ell)        
    16         696         18055.2         24.1261          0.0625      Successful search (ES-ell)        
    16         742         18055.2         24.1261         0.03125          Refine grid             
    17         743           18131         13.4422         0.03125      Successful search (ES-ell)        
    17         744           18111          17.771         0.03125      Successful search (ES-ell)        
    17         745         18101.1         24.5583         0.03125      Successful search (ES-ell)        
    17         769         18058.7         40.0327          0.0625        Successful poll           Train
    18         770         18082.5         28.7678          0.0625      Successful search (ES-ell)        
    18         816         18082.5         28.7678         0.03125          Refine grid             
    19         851           18136         5.96407        0.015625          Refine grid             Train
    20         852         18112.2         11.5839        0.015625      Successful search (ES-ell)        
    20         853         18097.9         19.3429        0.015625      Successful search (ES-ell)        
    20         854         18046.5         26.8683        0.015625      Successful search (ES-ell)        
    20         855         17993.5         31.3247        0.015625      Successful search (ES-ell)        
    20         858         17981.6         22.3505        0.015625      Successful search (ES-ell)        
    20         899         17981.6         22.3505       0.0078125          Refine grid             Train
    21         900         18014.1         6.90454       0.0078125      Successful search (ES-ell)        
    21         901         17980.2         8.41909       0.0078125      Successful search (ES-wcm)        
    21         902         17937.9         11.1935       0.0078125      Successful search (ES-wcm)        
    21         903         17930.7          17.375       0.0078125      Successful search (ES-wcm)        
    21         947         17930.7          17.375      0.00390625          Refine grid             
    22         948           18097         5.17299      0.00390625      Successful search (ES-wcm)        
    22         949         18091.1         5.24233      0.00390625      Successful search (ES-ell)        
    22         950         18082.3         5.42496      0.00390625      Successful search (ES-ell)        
    22         951         18069.3          5.9479      0.00390625      Successful search (ES-ell)        
    22         952         18013.7         13.3783      0.00390625      Successful search (ES-ell)        
    22         953           17999         15.7215      0.00390625      Successful search (ES-ell)        
    22         955         17995.2          17.198      0.00390625      Successful search (ES-ell)        
    22         956         17975.8         23.2195      0.00390625      Successful search (ES-ell)        
    22         995         17975.8         23.2195      0.00195312          Refine grid             
    23         996         18036.1         7.25202      0.00195312      Successful search (ES-ell)        
    23         997         18034.1         7.12511      0.00195312      Successful search (ES-ell)        
    23         998         18033.5         7.08459      0.00195312      Successful search (ES-ell)        
    23         999         18028.7         7.42699      0.00195312      Successful search (ES-ell)        
    23        1000           18027         8.73383      0.00195312      Successful search (ES-ell)        
    23        1001         18021.2          11.513      0.00195312      Successful search (ES-ell)        
    23        1002         18014.9         14.0245      0.00195312      Successful search (ES-ell)        
    23        1003         18014.9         17.2312      0.00195312      Successful search (ES-ell)        
    23        1043         18014.9         17.2312     0.000976562          Refine grid             
Optimization terminated: change in the function value less than options['tol_mesh']
Estimated function value at minimum: 18026.348560429124 ± 4.548277724658398 (mean ± SEM from 100 samples)
BADS minimum at: x_min = [4.70570e+00 7.11860e+00 8.34690e+00 4.69600e+00 2.52260e+00 1.50000e-03
 1.04438e+01 5.34900e-01 3.39700e-01 7.00000e-04 9.70400e-01 1.99500e-01], training NLL = 18026.3486
total f-count: 1143, time: 57.82 min

 Optimization Run 2/2
Initial params: [0.9485, 5.9646, 5.6666, 11.2656, -4.6895, 0.0954, 22.5998, 0.3995, 0.2368, 0.204, 0.6321, 0.4748]
bads:TooCloseBounds: For each variable, hard and plausible bounds should not be too close. Moving plausible bounds.
Variables (index) internally transformed to log coordinates: [[ 0  0]
 [ 0  3]
 [ 0  5]
 [ 0  9]
 [ 0 10]
 [ 0 11]]
Beginning optimization of a STOCHASTIC objective function

 Iteration    f-count      E[f(x)]        SD[f(x)]           MeshScale          Method              Actions
     0           1         26243.9             nan               1                                  
     0          27         26243.9             nan               1          Initial mesh            Initial points
     0          28         23698.9         1.01382               1        Successful poll           Train
     1          29         22215.2         1.01382               1      Successful search (ES-ell)        
     1          33         21449.6         1.01382               1      Successful search (ES-ell)        
     1          38         21352.3         1.01377               1      Successful search (ES-ell)        
     1          47         21343.6         1.01255               1      Successful search (ES-ell)        
     1          50         21049.4         1.01327               1      Successful search (ES-ell)        
     1          53         20986.5         1.02932               1      Successful search (ES-ell)        
     1          55           20755         1.02932               1      Successful search (ES-ell)        
     1          61         20751.1          1.0293               1      Successful search (ES-wcm)        
     1          62         20641.4         1.02919               1      Successful search (ES-ell)        
     1          73         20504.1         1.01288               1      Successful search (ES-ell)        
     1          76         20405.4        0.979993               1      Successful search (ES-ell)        
     1         103         20348.3         1.18224               1        Successful poll           Train
     2         123           20267         1.10818               1        Successful poll           Train
     3         151           20267         1.10818             0.5          Refine grid             Train
     4         153           20365          30.666             0.5      Successful search (ES-ell)        
     4         154         20309.1         54.9375             0.5      Successful search (ES-wcm)        
     4         155         20248.4         59.2236             0.5      Successful search (ES-ell)        
     4         156         20117.1         62.1285             0.5      Successful search (ES-ell)        
     4         157         20051.1         70.2271             0.5      Successful search (ES-ell)        
     4         159         19974.7         67.9884             0.5      Successful search (ES-ell)        
     4         161         19360.5         69.3641             0.5      Successful search (ES-ell)        
     4         178         19287.2         67.9354               1        Successful poll           Train
     5         207         19109.4         81.6381               1        Successful poll           Train
     6         209         18540.4         82.5228               1      Successful search (ES-wcm)        
     6         213         18502.1         62.6068               1      Successful search (ES-wcm)        
     6         214           18453         71.0237               1      Successful search (ES-wcm)        
     6         245           18453         71.0237             0.5          Refine grid             Train
     7         246         18777.2         53.4429             0.5      Successful search (ES-wcm)        
     7         247         18645.8         57.8462             0.5      Successful search (ES-ell)        
     7         250         18543.7          42.999             0.5      Successful search (ES-ell)        
     7         251         18335.2         56.8656             0.5      Successful search (ES-ell)        
     7         258         18305.7         43.7382             0.5      Successful search (ES-ell)        
     7         259         18211.7         57.8379             0.5      Successful search (ES-ell)        
     7         266         18208.6         25.9793             0.5      Successful search (ES-ell)        
     7         267         18153.5         33.1614             0.5      Successful search (ES-ell)        
     7         268         18076.2          42.483             0.5      Successful search (ES-ell)        
     7         269         18027.3         47.5041             0.5      Successful search (ES-ell)        
     7         298         18027.3         47.5041            0.25          Refine grid             Train
     8         299         18008.9         25.1863            0.25      Successful search (ES-ell)        
     8         300         17955.9         42.4455            0.25      Successful search (ES-ell)        
     8         302         17952.7         42.7961            0.25      Successful search (ES-ell)        
     8         341         17952.7         42.7961           0.125          Refine grid             
     9         342         17983.2         13.2061           0.125      Successful search (ES-ell)        
     9         343         17978.4         21.0475           0.125      Successful search (ES-ell)        
     9         346         17975.5         20.1203           0.125      Successful search (ES-ell)        
     9         347         17974.7         28.1434           0.125      Successful search (ES-ell)        
     9         388         17974.7         28.1434          0.0625          Refine grid             
    10         389           17992         10.1056          0.0625      Successful search (ES-ell)        
    10         390         17979.7         11.9031          0.0625      Successful search (ES-ell)        
    10         391         17965.5         15.0945          0.0625      Successful search (ES-ell)        
    10         434         17965.5         15.0945         0.03125          Refine grid             Train
    11         435         17987.7         6.38296         0.03125      Successful search (ES-ell)        
    11         436         17967.1         6.19561         0.03125      Successful search (ES-wcm)        
    11         437         17950.8           9.374         0.03125      Successful search (ES-ell)        
    11         438         17929.8         13.9287         0.03125      Successful search (ES-ell)        
    11         439         17909.7         19.2644         0.03125      Successful search (ES-ell)        
    11         440         17869.3         24.6272         0.03125      Successful search (ES-ell)        
    11         482         17869.3         24.6272        0.015625          Refine grid             Train
    12         483         17941.1         6.97045        0.015625      Successful search (ES-wcm)        
    12         484         17936.1         7.12842        0.015625      Successful search (ES-wcm)        
    12         485         17929.2         9.11735        0.015625      Successful search (ES-wcm)        
    12         486         17913.7         12.0482        0.015625      Successful search (ES-wcm)        
    12         487         17895.3         17.6368        0.015625      Successful search (ES-wcm)        
    12         488         17806.1         19.3692        0.015625      Successful search (ES-ell)        
    12         529         17806.1         19.3692       0.0078125          Refine grid             
    13         530         17949.9           6.564       0.0078125      Successful search (ES-ell)        
    13         531         17945.4         6.72309       0.0078125      Successful search (ES-ell)        
    13         532         17942.1         7.17934       0.0078125      Successful search (ES-ell)        
    13         533         17933.7         8.08387       0.0078125      Successful search (ES-ell)        
    13         534         17926.3         9.70827       0.0078125      Successful search (ES-ell)        
    13         535         17909.9         12.6749       0.0078125      Successful search (ES-ell)        
    13         577         17909.9         12.6749      0.00390625          Refine grid             
    14         578         17938.1          6.1387      0.00390625      Successful search (ES-ell)        
    14         579         17929.6         6.46411      0.00390625      Successful search (ES-ell)        
    14         580         17917.2         7.07886      0.00390625      Successful search (ES-ell)        
    14         581         17894.4           8.412      0.00390625      Successful search (ES-ell)        
    14         582         17873.9         9.99094      0.00390625      Successful search (ES-ell)        
    14         583         17843.5         12.9321      0.00390625      Successful search (ES-ell)        
    14         584         17815.9         15.9122      0.00390625      Successful search (ES-ell)        
    14         625         17815.9         15.9122      0.00195312          Refine grid             Train
    15         626         17963.9         5.27227      0.00195312      Successful search (ES-ell)        
    15         627         17963.7         5.28615      0.00195312      Successful search (ES-wcm)        
    15         628         17962.2         5.39016      0.00195312      Successful search (ES-wcm)        
    15         629         17958.9         5.49555      0.00195312      Successful search (ES-wcm)        
    15         630         17955.5         5.85379      0.00195312      Successful search (ES-wcm)        
    15         631         17952.8         6.48341      0.00195312      Successful search (ES-wcm)        
    15         632           17944          7.8241      0.00195312      Successful search (ES-ell)        
    15         633         17933.4         10.9476      0.00195312      Successful search (ES-wcm)        
    15         634           17933         16.8901      0.00195312      Successful search (ES-wcm)        
    15         673           17933         16.8901     0.000976562          Refine grid             Train
Optimization terminated: change in the function value less than options['tol_mesh']
Estimated function value at minimum: 17952.0283113656 ± 4.79441303406482 (mean ± SEM from 100 samples)
BADS minimum at: x_min = [ 3.4045e+00  5.9552e+00  6.2998e+00  0.0000e+00 -5.1120e-01  2.0000e-04
  8.9605e+00  5.2740e-01  4.2440e-01  0.0000e+00  1.0431e+00  2.5270e-01], training NLL = 17952.0283
total f-count: 773, time: 38.82 min

 ------- Finish Optimization for Subject 20 ---------- 

 ------- Start Optimization for Subject 25 ---------- 

 Cross Validation fold 0/1

 -- Start Optimization: method BADS --

 Optimization Run 1/2
Initial params: [0.7447, 4.5878, 6.5126, 13.9006, -0.2819, 0.0498, 23.5299, 0.633, 0.1668, 0.9775, 0.8255, 0.4808]
bads:TooCloseBounds: For each variable, hard and plausible bounds should not be too close. Moving plausible bounds.
Variables (index) internally transformed to log coordinates: [[ 0  0]
 [ 0  3]
 [ 0  5]
 [ 0  9]
 [ 0 10]
 [ 0 11]]
Beginning optimization of a STOCHASTIC objective function

 Iteration    f-count      E[f(x)]        SD[f(x)]           MeshScale          Method              Actions
     0           1         26944.5             nan               1                                  
     0          27         26944.5             nan               1          Initial mesh            Initial points
     0          43         26018.5         1.00031               1        Successful poll           Train
     1          45         24869.1         1.00031               1      Successful search (ES-wcm)        
     1          46         22774.9         1.00031               1      Successful search (ES-ell)        
     1          48         22743.3         1.00031               1      Successful search (ES-ell)        
     1          50         21654.9          1.0003               1      Successful search (ES-wcm)        
     1          60         21395.7         0.95068               1      Successful search (ES-ell)        
     1          61         21386.9        0.950667               1      Successful search (ES-ell)        
     1          63           21112        0.950695               1      Successful search (ES-ell)        
     1          65           20950         0.95039               1      Successful search (ES-ell)        
     1          68         20703.6        0.950745               1      Successful search (ES-ell)        
     1          76         20682.4         0.95004               1      Successful search (ES-ell)        
     1          77         20651.6        0.949532               1      Successful search (ES-ell)        
     1          78           20506         1.03342               1      Successful search (ES-ell)        
     1         107           20506         1.03342             0.5          Refine grid             Train
     2         109         20502.8         1.06592             0.5      Successful search (ES-ell)        
     2         115         20490.6         1.06578             0.5      Successful search (ES-ell)        
     2         118         20451.6         1.06551             0.5      Successful search (ES-ell)        
     2         122         20436.9         1.06588             0.5      Successful search (ES-ell)        
     2         125         20219.7         1.06584             0.5      Successful search (ES-ell)        
     2         160         20219.7         1.06584            0.25          Refine grid             Train
     3         192         20221.6         1.12644           0.125          Refine grid             Train
     4         193         20237.2         30.4684           0.125      Successful search (ES-wcm)        
     4         195         20230.6         42.8669           0.125      Successful search (ES-wcm)        
     4         197         20215.8         48.7428           0.125      Successful search (ES-wcm)        
     4         199         20194.4         47.6604           0.125      Successful search (ES-wcm)        
     4         200         20146.7         54.1102           0.125      Successful search (ES-wcm)        
     4         201           20132         57.3258           0.125      Successful search (ES-ell)        
     4         204           20112         53.8853           0.125      Successful search (ES-wcm)        
     4         206         20093.8         41.4849           0.125      Successful search (ES-wcm)        
     4         248         20093.8         41.4849          0.0625          Refine grid             Train
     5         249         20127.3         19.1366          0.0625      Successful search (ES-ell)        
     5         250         20084.1         26.5885          0.0625      Successful search (ES-ell)        
     5         251         20059.3         31.5049          0.0625      Successful search (ES-ell)        
     5         253         19999.7         36.5243          0.0625      Successful search (ES-ell)        
     5         292         19999.7         36.5243         0.03125          Refine grid             
     6         293         20040.1         11.1041         0.03125      Successful search (ES-ell)        
     6         294         20029.6         16.9025         0.03125      Successful search (ES-ell)        
     6         295         20023.1         25.6481         0.03125      Successful search (ES-ell)        
     6         296           20018         28.7213         0.03125      Successful search (ES-wcm)        
     6         297         19993.6         34.2299         0.03125      Successful search (ES-wcm)        
     6         299         19976.2         32.2989         0.03125      Successful search (ES-wcm)        
     6         300         19957.9         37.9336         0.03125      Successful search (ES-wcm)        
     6         302         19933.8         26.0404         0.03125      Successful search (ES-wcm)        
     6         336         19933.8         26.0404        0.015625          Refine grid             
     7         337         19974.5         9.17569        0.015625      Successful search (ES-wcm)        
     7         342         19974.2         8.59891        0.015625      Successful search (ES-wcm)        
     7         343         19972.1         9.16449        0.015625      Successful search (ES-ell)        
     7         344         19969.3         10.4023        0.015625      Successful search (ES-ell)        
     7         345         19965.5         11.9415        0.015625      Successful search (ES-ell)        
     7         346         19963.3          14.095        0.015625      Successful search (ES-ell)        
     7         347         19952.8         18.4697        0.015625      Successful search (ES-ell)        
     7         355         19949.4         13.0501        0.015625      Successful search (ES-wcm)        
     7         356         19946.6         12.9262        0.015625      Successful search (ES-wcm)        
     7         362           19946         11.1731        0.015625      Successful search (ES-wcm)        
     7         363         19940.1         12.3537        0.015625      Successful search (ES-wcm)        
     7         364         19932.9         13.0857        0.015625      Successful search (ES-wcm)        
     7         365         19925.3          15.604        0.015625      Successful search (ES-ell)        
     7         368         19913.5         16.3725        0.015625      Successful search (ES-ell)        
     7         369         19890.8         19.5475        0.015625      Successful search (ES-ell)        
     7         404         19890.8         19.5475       0.0078125          Refine grid             
     8         405         19916.6         8.36374       0.0078125      Successful search (ES-wcm)        
     8         406         19909.9         8.73675       0.0078125      Successful search (ES-ell)        
     8         407         19908.3         10.0958       0.0078125      Successful search (ES-ell)        
     8         408         19896.9         11.3174       0.0078125      Successful search (ES-ell)        
     8         409         19884.8         13.9293       0.0078125      Successful search (ES-ell)        
     8         410         19868.8         18.6108       0.0078125      Successful search (ES-ell)        
     8         411           19839         27.3216       0.0078125      Successful search (ES-wcm)        
     8         448           19839         27.3216      0.00390625          Refine grid             
     9         449         19886.1         7.89058      0.00390625      Successful search (ES-wcm)        
     9         450         19884.1         7.92665      0.00390625      Successful search (ES-wcm)        
     9         451         19878.5         8.14855      0.00390625      Successful search (ES-wcm)        
     9         452         19875.8          9.0265      0.00390625      Successful search (ES-wcm)        
     9         453         19867.7         11.5169      0.00390625      Successful search (ES-ell)        
     9         454           19864         18.1655      0.00390625      Successful search (ES-ell)        
     9         455           19860         24.4949      0.00390625      Successful search (ES-ell)        
     9         493           19860         24.4949      0.00195312          Refine grid             Train
    10         494         19891.1         7.49747      0.00195312      Successful search (ES-ell)        
    10         495         19885.4         7.79112      0.00195312      Successful search (ES-ell)        
    10         496         19881.7         7.68746      0.00195312      Successful search (ES-wcm)        
    10         497         19875.3         7.64976      0.00195312      Successful search (ES-wcm)        
    10         498         19872.9          7.8011      0.00195312      Successful search (ES-wcm)        
    10         499         19866.4         8.32592      0.00195312      Successful search (ES-wcm)        
    10         500         19860.1         9.37094      0.00195312      Successful search (ES-wcm)        
    10         501         19850.2         11.0464      0.00195312      Successful search (ES-wcm)        
    10         502         19838.2          13.135      0.00195312      Successful search (ES-wcm)        
    10         503         19829.7         17.5497      0.00195312      Successful search (ES-wcm)        
    10         504         19820.1         25.4471      0.00195312      Successful search (ES-wcm)        
    10         539         19820.1         25.4471     0.000976562          Refine grid             
Optimization terminated: change in the function value less than options['tol_mesh']
Estimated function value at minimum: 19893.051796405132 ± 5.526297775954263 (mean ± SEM from 100 samples)
BADS minimum at: x_min = [1.00580e+00 3.63700e+00 1.21835e+01 7.27210e+00 3.24680e+00 5.00000e-01
 1.22161e+01 4.99100e-01 4.03400e-01 7.70000e-03 2.00000e+00 4.14400e-01], training NLL = 19893.0518
total f-count: 639, time: 32.15 min

 Optimization Run 2/2
Initial params: [1.39, 8.2973, 12.7269, 1.4009, -0.1696, 0.0114, 12.7351, 0.3787, 0.1292, 0.5114, 0.1669, 0.3205]
bads:TooCloseBounds: For each variable, hard and plausible bounds should not be too close. Moving plausible bounds.
Variables (index) internally transformed to log coordinates: [[ 0  0]
 [ 0  3]
 [ 0  5]
 [ 0  9]
 [ 0 10]
 [ 0 11]]
Beginning optimization of a STOCHASTIC objective function

 Iteration    f-count      E[f(x)]        SD[f(x)]           MeshScale          Method              Actions
     0           1         29933.6             nan               1                                  
     0          27         26972.2             nan               1          Initial mesh            Initial points
     0          28         26674.2        0.999986               1        Successful poll           Train
     1          30         26369.7        0.999983               1      Successful search (ES-wcm)        
     1          31         26063.3        0.999986               1      Successful search (ES-wcm)        
     1          33         24374.1        0.999986               1      Successful search (ES-wcm)        
     1          34           22559        0.999986               1      Successful search (ES-wcm)        
     1          35         21581.4        0.999985               1      Successful search (ES-wcm)        
     1          39         20993.7        0.999971               1      Successful search (ES-wcm)        
     1          42           20958        0.999933               1      Successful search (ES-wcm)        
     1          45         20877.9        0.999975               1      Successful search (ES-ell)        
     1          46         20741.1        0.999876               1      Successful search (ES-wcm)        
     1          49         20561.7        0.999915               1      Successful search (ES-ell)        
     1          50         20428.4         0.99994               1      Successful search (ES-ell)        
     1          51         20419.2        0.999619               1      Successful search (ES-wcm)        
     1          57         20368.3         1.00305               1      Successful search (ES-ell)        
     1          63         20356.6        0.989838               1      Successful search (ES-ell)        
     1          71         20288.2        0.972797               1      Successful search (ES-ell)        
     1          74         20229.6        0.972052               1      Successful search (ES-ell)        
     1          76         20158.3        0.967248               1      Successful search (ES-ell)        
     1         100         20128.3         1.00425               1        Successful poll           
     2         128         20128.2         1.00425             0.5          Refine grid             Train
     3         129         20219.1         22.5185             0.5      Successful search (ES-ell)        
     3         132         20199.4          38.483             0.5      Successful search (ES-wcm)        
     3         153         20178.3         35.3828               1        Successful poll           Train
     4         156         20126.2         35.2976               1      Successful search (ES-ell)        
     4         157         20106.8         41.9811               1      Successful search (ES-ell)        
     4         160           20089         29.8578               1      Successful search (ES-ell)        
     4         192           20089         29.8578             0.5          Refine grid             Train
     5         221         20112.3         12.1087            0.25          Refine grid             Train
     6         223         20106.9         9.66661            0.25      Successful search (ES-ell)        
     6         224         20094.2         11.2221            0.25      Successful search (ES-ell)        
     6         225         20080.2         15.3873            0.25      Successful search (ES-ell)        
     6         227         20078.6         19.5385            0.25      Successful search (ES-ell)        
     6         264         20078.6         19.5385           0.125          Refine grid             
     7         266         20116.6         8.75839           0.125      Successful search (ES-wcm)        
     7         267         20110.9         9.12231           0.125      Successful search (ES-wcm)        
     7         268         20102.2         10.3926           0.125      Successful search (ES-ell)        
     7         271         20102.2          10.939           0.125      Incremental search (ES-ell)        
     7         272         20099.5         14.1758           0.125      Successful search (ES-ell)        
     7         275         20096.2         15.4799           0.125      Successful search (ES-ell)        
     7         276         20093.9         17.8863           0.125      Successful search (ES-ell)        
     7         277         20082.9         19.1749           0.125      Successful search (ES-ell)        
     7         280         20078.6         17.2105           0.125      Successful search (ES-ell)        
     7         290         20078.3         12.8177           0.125      Successful search (ES-ell)        
     7         301         20074.7         11.3763           0.125      Successful search (ES-ell)        
     7         302         20071.2         13.7631           0.125      Successful search (ES-ell)        
     7         304         20063.9           22.06           0.125      Successful search (ES-wcm)        
     7         309           20059         14.1991           0.125      Successful search (ES-ell)        
     7         343           20059         14.1991          0.0625          Refine grid             
     8         344         20071.4         8.61965          0.0625      Successful search (ES-ell)        
     8         345         20069.1         9.97011          0.0625      Successful search (ES-wcm)        
     8         353         20066.6          8.9742          0.0625      Successful search (ES-wcm)        
     8         354         20065.1         9.31228          0.0625      Successful search (ES-wcm)        
     8         355         20061.6         10.0014          0.0625      Successful search (ES-wcm)        
     8         356         20058.5         13.7287          0.0625      Successful search (ES-wcm)        
     8         357         20051.2         20.7987          0.0625      Successful search (ES-wcm)        
     8         358         20015.6         33.3861          0.0625      Successful search (ES-wcm)        
     8         359           20006         32.5128          0.0625      Successful search (ES-ell)        
     8         361         20000.7         27.8435          0.0625      Successful search (ES-ell)        
     8         362         19995.3         27.8019          0.0625      Successful search (ES-ell)        
     8         363         19992.6         31.0446          0.0625      Successful search (ES-ell)        
     8         399         19992.6         31.0446         0.03125          Refine grid             
     9         400         20068.1         7.86802         0.03125      Successful search (ES-ell)        
     9         401         20060.9          8.4381         0.03125      Successful search (ES-wcm)        
     9         402         20052.5         8.51524         0.03125      Successful search (ES-wcm)        
     9         403           20040         10.7721         0.03125      Successful search (ES-wcm)        
     9         404         20033.5         16.0937         0.03125      Successful search (ES-wcm)        
     9         420         20032.5         10.1564         0.03125      Successful search (ES-ell)        
     9         424         20031.7         9.63503         0.03125      Successful search (ES-ell)        
     9         426         20030.6         10.8713         0.03125      Successful search (ES-ell)        
     9         427         20027.9         13.7328         0.03125      Successful search (ES-ell)        
     9         430         20013.2         14.4704         0.03125      Successful search (ES-ell)        
     9         431         19991.9          18.181         0.03125      Successful search (ES-ell)        
     9         437         19985.2          16.118         0.03125      Successful search (ES-wcm)        
     9         439           19983         15.9513         0.03125      Successful search (ES-wcm)        
     9         440         19973.4         18.6285         0.03125      Successful search (ES-wcm)        
     9         442         19972.9         19.8825         0.03125      Successful search (ES-wcm)        
     9         479         19972.9         19.8825        0.015625          Refine grid             
    10         480         20008.2         8.44118        0.015625      Successful search (ES-ell)        
    10         481           20006         8.50888        0.015625      Successful search (ES-ell)        
    10         482         20002.2         9.01463        0.015625      Successful search (ES-ell)        
    10         484         20000.4         9.43645        0.015625      Successful search (ES-ell)        
    10         485         19985.9         13.1835        0.015625      Successful search (ES-ell)        
    10         486         19984.6         19.7308        0.015625      Successful search (ES-ell)        
    10         488         19984.5         18.8756        0.015625      Successful search (ES-ell)        
    10         524         19984.5         18.8756       0.0078125          Refine grid             
    11         558         20005.3         7.53812      0.00390625          Refine grid             Train
    12         559         20004.4         6.97727      0.00390625      Successful search (ES-ell)        
    12         560           20002         7.13531      0.00390625      Successful search (ES-ell)        
    12         561         20001.5          7.0638      0.00390625      Successful search (ES-wcm)        
    12         562         19999.1         7.28584      0.00390625      Successful search (ES-wcm)        
    12         563         19994.1         7.66902      0.00390625      Successful search (ES-wcm)        
    12         564         19990.6         8.58916      0.00390625      Successful search (ES-wcm)        
    12         565         19984.9         9.82796      0.00390625      Successful search (ES-wcm)        
    12         566         19980.1         11.9192      0.00390625      Successful search (ES-wcm)        
    12         567         19973.1         17.6569      0.00390625      Successful search (ES-wcm)        
    12         603         19973.1         17.6569      0.00195312          Refine grid             
    13         607         20001.2         7.21429      0.00195312      Successful search (ES-ell)        
    13         608         20000.3         7.18733      0.00195312      Successful search (ES-ell)        
    13         609         19999.9         7.18402      0.00195312      Successful search (ES-ell)        
    13         610         19998.9         7.21816      0.00195312      Successful search (ES-ell)        
    13         611         19997.9         7.35106      0.00195312      Successful search (ES-wcm)        
    13         612         19995.9         7.54669      0.00195312      Successful search (ES-wcm)        
    13         613         19995.5         7.50278      0.00195312      Successful search (ES-wcm)        
    13         614         19992.3         7.50977      0.00195312      Successful search (ES-wcm)        
    13         615         19989.8         7.59551      0.00195312      Successful search (ES-wcm)        
    13         616         19989.7         7.59994      0.00195312      Successful search (ES-wcm)        
bads:es_search: Something went wrong with the acquisition function, random search is performed
Fri Oct  3 02:15:50 2025       
+---------------------------------------------------------------------------------------+
| NVIDIA-SMI 535.113.01             Driver Version: 535.113.01   CUDA Version: 12.2     |
|-----------------------------------------+----------------------+----------------------+
| GPU  Name                 Persistence-M | Bus-Id        Disp.A | Volatile Uncorr. ECC |
| Fan  Temp   Perf          Pwr:Usage/Cap |         Memory-Usage | GPU-Util  Compute M. |
|                                         |                      |               MIG M. |
|=========================================+======================+======================|
|   0  Tesla P100-PCIE-16GB           On  | 00000000:82:00.0 Off |                    0 |
| N/A   34C    P0              41W / 250W |      0MiB / 16384MiB |     37%      Default |
|                                         |                      |                  N/A |
+-----------------------------------------+----------------------+----------------------+
                                                                                         
+---------------------------------------------------------------------------------------+
| Processes:                                                                            |
|  GPU   GI   CI        PID   Type   Process name                            GPU Memory |
|        ID   ID                                                             Usage      |
|=======================================================================================|
|  No running processes found                                                           |
+---------------------------------------------------------------------------------------+
----------------------------------------
Start job epilogue Fri Oct  3 02:15:50 CEST 2025
----------------------------------------
Job ID:          49127220
Job Exit Code:   0:0
Username:        wenlou
Group:           mpla
Queue:           gpu
Compute nodes:   dccn-c054
Asked resources: walltime=1-00:00:00,nodes=1,cpus=4,mem=2G
Used resources:  cputime=1-17:04:24,walltime=10:16:06,memory=0
----------------------------------------
End job epilogue Fri Oct  3 02:15:51 CEST 2025
----------------------------------------
