----------------------------------------
Start task prologue Sat Nov  8 21:22:15 CET 2025
----------------------------------------
Step ID:         49461216.
Username:        wenlou
Group:           mpla
Asked resources: walltime=1-00:00:00,nodes=1,cpus=8,mem=2G
Queue:           gpu
Compute nodes:   dccn-c088
----------------------------------------
End task prologue Sat Nov  8 21:22:15 CET 2025
----------------------------------------
CUDA version:
nvcc: NVIDIA (R) Cuda compiler driver
Copyright (c) 2005-2024 NVIDIA Corporation
Built on Thu_Mar_28_02:18:24_PDT_2024
Cuda compilation tools, release 12.4, V12.4.131
Build cuda_12.4.r12.4/compiler.34097967_0

[WARNING] Please note the interface change for (de-)activating conda environment:

  - DO NOT use `conda activate` to enter the conda environment as it requires extra step to modify your ~/.bashrc file, which will force you to use this Anaconda version (2024.06).  Therefore keep using `source activate` instead.

  - DO use `conda deactivate` to leave your conda environment as `source deactivate` will be deprecated in future release.

Running model for expriment=split_data, m_id=1, method=bads
device is : cuda
['split_data', '1', 'all', 'bads', '2']

 ------- Start Optimization for Subject 2 ---------- 

 Cross Validation fold 0/1

 -- Start Optimization: method BADS --

 Optimization Run 1/2
Initial params: [9.086, 8.897, 5.5333, -4.472, 0.0229, 16.4637, 0.3292, 0.1686, 0.2722, 0.2528, 0.3026, 0.113]
bads:TooCloseBounds: For each variable, hard and plausible bounds should not be too close. Moving plausible bounds.
Variables (index) internally transformed to log coordinates: [[ 0  2]
 [ 0  4]
 [ 0  9]
 [ 0 10]
 [ 0 11]]
Beginning optimization of a STOCHASTIC objective function

 Iteration    f-count      E[f(x)]        SD[f(x)]           MeshScale          Method              Actions
     0           1         13071.6             nan               1                                  
     0          33         11719.4             nan               1          Initial mesh            Initial points
     0          35         11547.6        0.990057               1        Successful poll           Train
     1          37         11307.4        0.990037               1      Successful search (ES-wcm)        
     1          43         11264.2        0.989616               1      Successful search (ES-wcm)        
     1          44         11192.6        0.989847               1      Successful search (ES-wcm)        
     1          48         11160.1        0.990001               1      Successful search (ES-wcm)        
     1          50         10844.5         0.98998               1      Successful search (ES-wcm)        
     1          56         10718.7        0.989287               1      Successful search (ES-wcm)        
     1          57         10563.7         0.98959               1      Successful search (ES-wcm)        
     1          63         10515.5        0.988039               1      Successful search (ES-wcm)        
     1          67           10483        0.987873               1      Successful search (ES-wcm)        
     1          68         10478.5        0.987936               1      Successful search (ES-wcm)        
     1          79         10409.8        0.980648               1      Successful search (ES-wcm)        
     1          86         10358.4          1.0377               1      Successful search (ES-wcm)        
     1          89         10318.4         1.03749               1      Successful search (ES-wcm)        
     1          92         10252.6         1.03751               1      Successful search (ES-wcm)        
     1         100         10234.3         1.03724               1      Successful search (ES-wcm)        
     1         104         10229.1         1.03638               1      Successful search (ES-wcm)        
     1         110           10169         1.05872               1      Successful search (ES-ell)        
     1         113         10014.1         1.05869               1      Successful search (ES-ell)        
     1         120         10001.6         1.05871               1      Successful search (ES-ell)        
     1         123         9964.77         1.05868               1      Successful search (ES-ell)        
     1         124          9840.1         1.05869               1      Successful search (ES-ell)        
     1         126         9784.83         1.05867               1      Successful search (ES-ell)        
     1         161         9784.83         1.05867             0.5          Refine grid             Train
     2         162         9853.22         22.8302             0.5      Successful search (ES-ell)        
     2         163         9765.17         25.7504             0.5      Successful search (ES-ell)        
     2         165         9655.36         26.3267             0.5      Successful search (ES-ell)        
     2         167         9604.12         26.0834             0.5      Successful search (ES-ell)        
     2         170         9591.17         25.9965             0.5      Successful search (ES-wcm)        
     2         175         9572.71         23.4098             0.5      Successful search (ES-ell)        
     2         176         9537.63         24.1175             0.5      Successful search (ES-ell)        
     2         219         9537.63         24.1175            0.25          Refine grid             
     3         220         9533.41         11.9334            0.25      Successful search (ES-ell)        
     3         266         9533.41         11.9334           0.125          Refine grid             Train
     4         267         9544.04         7.16104           0.125      Successful search (ES-wcm)        
     4         268         9529.99         11.8484           0.125      Successful search (ES-wcm)        
     4         269         9526.08         19.8416           0.125      Successful search (ES-wcm)        
     4         270         9523.05         19.6782           0.125      Successful search (ES-wcm)        
     4         271         9507.73         21.0562           0.125      Successful search (ES-wcm)        
     4         273         9502.53         20.8389           0.125      Successful search (ES-wcm)        
     4         274         9500.93         26.3045           0.125      Successful search (ES-wcm)        
     4         275         9483.21         27.0313           0.125      Successful search (ES-wcm)        
     4         278         9472.56         23.7642           0.125      Successful search (ES-wcm)        
     4         313         9472.56         23.7642          0.0625          Refine grid             Train
     5         314         9517.35         6.30038          0.0625      Successful search (ES-ell)        
     5         315         9505.62         9.21218          0.0625      Successful search (ES-ell)        
     5         316          9491.9          10.197          0.0625      Successful search (ES-wcm)        
     5         317         9481.76         11.8531          0.0625      Successful search (ES-wcm)        
     5         318         9455.22         14.1139          0.0625      Successful search (ES-ell)        
     5         319          9450.1          20.885          0.0625      Successful search (ES-ell)        
     5         323         9449.71         18.7717          0.0625      Successful search (ES-ell)        
     5         361         9447.64          14.812           0.125        Successful poll           
     6         396         9449.61         8.50931            0.25        Successful poll           
     7         397         9417.36         16.9681            0.25      Successful search (ES-ell)        
     7         443         9417.36         16.9681           0.125          Refine grid             Train
     8         444         9416.62         7.78549           0.125      Successful search (ES-ell)        
     8         445         9395.14         12.2414           0.125      Successful search (ES-ell)        
     8         446         9393.17         18.6125           0.125      Successful search (ES-ell)        
     8         490         9393.17         18.6125          0.0625          Refine grid             Train
     9         491         9397.24         6.86132          0.0625      Successful search (ES-wcm)        
     9         492         9389.57         7.02366          0.0625      Successful search (ES-ell)        
     9         493         9385.77         10.1044          0.0625      Successful search (ES-ell)        
     9         538         9380.69         10.6821           0.125        Successful poll           
    10         541         9374.91         9.71749           0.125      Successful search (ES-wcm)        
    10         544         9374.76         7.77852           0.125      Successful search (ES-wcm)        
    10         549         9374.65         6.74493           0.125      Successful search (ES-wcm)        
    10         551         9369.81         8.90075           0.125      Successful search (ES-ell)        
    10         553         9369.21         10.7493           0.125      Successful search (ES-ell)        
    10         569          9368.9         4.99778           0.125      Successful search (ES-ell)        
    10         575         9364.23          6.6947           0.125      Successful search (ES-ell)        
    10         576         9363.11         13.1055           0.125      Successful search (ES-ell)        
    10         586          9360.9          6.3378           0.125      Successful search (ES-ell)        
    10         587         9358.83         8.29567           0.125      Successful search (ES-ell)        
    10         588         9357.32         11.5187           0.125      Successful search (ES-ell)        
    10         633         9356.39         21.6564            0.25        Successful poll           Train
    11         637          9363.5         9.56292            0.25      Successful search (ES-wcm)        
    11         638         9353.03         12.0911            0.25      Successful search (ES-ell)        
    11         646         9344.64         16.1244            0.25      Successful search (ES-ell)        
    11         650         9342.38         10.1854            0.25      Successful search (ES-wcm)        
    11         652         9338.72         12.0642            0.25      Successful search (ES-wcm)        
    11         655         9336.29          9.8832            0.25      Successful search (ES-wcm)        
    11         659         9335.72         9.19704            0.25      Successful search (ES-wcm)        
    11         663         9332.47         8.19925            0.25      Successful search (ES-wcm)        
    11         704         9329.63         9.38833             0.5        Successful poll           
    12         736         9217.24         8.56117               1        Successful poll           Train
    13         742         9255.26         15.3868               1      Successful search (ES-wcm)        
    13         779         9255.26         15.3868             0.5          Refine grid             Train
    14         780         9352.68         16.8266             0.5      Successful search (ES-wcm)        
    14         784         9348.79         11.7498             0.5      Successful search (ES-wcm)        
    14         786         9312.21         11.4206             0.5      Successful search (ES-wcm)        
    14         788         9302.26         11.5701             0.5      Successful search (ES-wcm)        
    14         791         9288.29         9.87232             0.5      Successful search (ES-wcm)        
    14         794         9277.18           12.05             0.5      Successful search (ES-ell)        
    14         837         9277.18           12.05            0.25          Refine grid             Train
    15         872         9375.62         5.40896           0.125          Refine grid             Train
    16         873         9359.43          9.1845           0.125      Successful search (ES-ell)        
    16         874         9351.67          15.034           0.125      Successful search (ES-ell)        
    16         875          9333.7         17.6766           0.125      Successful search (ES-ell)        
    16         920          9333.7         17.6766          0.0625          Refine grid             Train
    17         921          9374.5          5.6012          0.0625      Successful search (ES-ell)        
    17         922         9367.41         8.06993          0.0625      Successful search (ES-ell)        
    17         968         9367.41         8.06993         0.03125          Refine grid             
    18         969         9379.69         4.27474         0.03125      Successful search (ES-ell)        
    18         970         9373.28         4.99046         0.03125      Successful search (ES-ell)        
    18         971         9366.22         5.97857         0.03125      Successful search (ES-ell)        
    18         972         9356.96         8.17179         0.03125      Successful search (ES-ell)        
    18         976         9355.73         6.45752         0.03125      Successful search (ES-wcm)        
    18        1015         9351.84         11.3928          0.0625        Successful poll           
    19        1016         9346.75         6.19877          0.0625      Successful search (ES-wcm)        
    19        1017         9338.85         6.39346          0.0625      Successful search (ES-wcm)        
    19        1019         9313.86         7.02015          0.0625      Successful search (ES-ell)        
    19        1020         9297.54         9.07133          0.0625      Successful search (ES-ell)        
    19        1063         9297.54         9.07133         0.03125          Refine grid             
    20        1064         9356.08         5.84426         0.03125      Successful search (ES-ell)        
    20        1065          9343.3         6.12876         0.03125      Successful search (ES-ell)        
    20        1066         9326.41         7.06509         0.03125      Successful search (ES-ell)        
    20        1067         9320.61         9.10043         0.03125      Successful search (ES-ell)        
    20        1111         9320.61         9.10043        0.015625          Refine grid             Train
    21        1112          9380.1         4.01886        0.015625      Successful search (ES-ell)        
    21        1113         9376.14         3.81432        0.015625      Successful search (ES-wcm)        
    21        1114         9369.88         3.84948        0.015625      Successful search (ES-wcm)        
    21        1115         9366.54         5.69189        0.015625      Successful search (ES-ell)        
    21        1116         9357.31         8.48831        0.015625      Successful search (ES-ell)        
    21        1159         9357.31         8.48831       0.0078125          Refine grid             
    22        1195         9367.24         7.13543        0.015625        Successful poll           
    23        1196         9370.01         2.60653        0.015625      Successful search (ES-wcm)        
    23        1197         9366.61         2.92737        0.015625      Successful search (ES-wcm)        
    23        1198         9361.54         3.31217        0.015625      Successful search (ES-wcm)        
    23        1199         9356.36         4.46829        0.015625      Successful search (ES-wcm)        
    23        1201         9347.78         5.12914        0.015625      Successful search (ES-ell)        
    23        1203         9345.79         6.57272        0.015625      Successful search (ES-ell)        
    23        1243         9345.79         6.57272       0.0078125          Refine grid             Train
    24        1244         9359.22         3.40335       0.0078125      Successful search (ES-ell)        
    24        1245         9355.64         3.40927       0.0078125      Successful search (ES-ell)        
    24        1246         9352.13         3.46006       0.0078125      Successful search (ES-ell)        
    24        1247         9346.19         3.48693       0.0078125      Successful search (ES-ell)        
    24        1253          9345.6         3.29983       0.0078125      Successful search (ES-ell)        
    24        1254         9343.11         3.32377       0.0078125      Successful search (ES-ell)        
    24        1255         9340.78         3.37015       0.0078125      Successful search (ES-ell)        
    24        1263         9340.61         3.12825       0.0078125      Successful search (ES-ell)        
    24        1265         9340.41         3.07609       0.0078125      Successful search (ES-ell)        
    24        1266         9339.11         3.05872       0.0078125      Successful search (ES-ell)        
    24        1267         9338.62         3.04093       0.0078125      Successful search (ES-ell)        
    24        1268          9336.5         3.08034       0.0078125      Successful search (ES-ell)        
    24        1269          9332.5         3.17474       0.0078125      Successful search (ES-ell)        
    24        1270         9328.44         3.28839       0.0078125      Successful search (ES-ell)        
    24        1271         9324.56         3.49717       0.0078125      Successful search (ES-ell)        
    24        1273         9322.67         3.77713       0.0078125      Successful search (ES-ell)        
    24        1276         9320.49         3.76591       0.0078125      Successful search (ES-ell)        
    24        1279         9316.48         3.80776       0.0078125      Successful search (ES-ell)        
    24        1280          9314.6         3.87037       0.0078125      Successful search (ES-ell)        
    24        1327          9314.6         3.87037      0.00390625          Refine grid             
    25        1328         9337.44         3.40617      0.00390625      Successful search (ES-ell)        
    25        1329         9336.22         3.44957      0.00390625      Successful search (ES-wcm)        
    25        1330         9334.43         3.48867      0.00390625      Successful search (ES-wcm)        
    25        1331         9332.34         3.82627      0.00390625      Successful search (ES-wcm)        
    25        1332         9331.47         4.43427      0.00390625      Successful search (ES-wcm)        
    25        1333         9328.44         5.38436      0.00390625      Successful search (ES-wcm)        
    25        1375         9328.44         5.38436      0.00195312          Refine grid             
    26        1376         9338.63         2.80412      0.00195312      Successful search (ES-ell)        
    26        1377         9338.07         2.82823      0.00195312      Successful search (ES-ell)        
    26        1378         9337.59         2.90437      0.00195312      Successful search (ES-ell)        
    26        1379         9337.42         3.03433      0.00195312      Successful search (ES-ell)        
    26        1380         9336.37         3.25472      0.00195312      Successful search (ES-ell)        
    26        1381         9335.77          3.8642      0.00195312      Successful search (ES-ell)        
    26        1382         9334.72         4.69021      0.00195312      Successful search (ES-ell)        
    26        1404         9332.29         3.58367      0.00390625        Successful poll           Train
    27        1440         9330.93         3.51408      0.00195312          Refine grid             Train
    28        1441         9336.23         2.85365      0.00195312      Successful search (ES-wcm)        
    28        1442         9335.61           2.864      0.00195312      Successful search (ES-ell)        
    28        1488         9335.61           2.864     0.000976562          Refine grid             Train
Optimization terminated: change in the function value less than options['tol_mesh']
Estimated function value at minimum: 9340.28392813546 ± 2.3022310210587382 (mean ± SEM from 100 samples)
BADS minimum at: x_min = [1.4855 7.1679 4.6017 2.3852 0.011  7.9336 0.4699 0.3328 0.5379 0.02
 1.3971 0.2593], training NLL = 9340.2839
total f-count: 1588, time: 20.19 min

 Optimization Run 2/2
Initial params: [3.5802, 5.6826, 16.9423, -1.6984, 0.0263, 5.9741, 0.696, 0.2444, 0.1819, 0.8233, 0.6251, 0.5556]
bads:TooCloseBounds: For each variable, hard and plausible bounds should not be too close. Moving plausible bounds.
Variables (index) internally transformed to log coordinates: [[ 0  2]
 [ 0  4]
 [ 0  9]
 [ 0 10]
 [ 0 11]]
Beginning optimization of a STOCHASTIC objective function

 Iteration    f-count      E[f(x)]        SD[f(x)]           MeshScale          Method              Actions
     0           1         11372.2             nan               1                                  
     0          33         11372.2             nan               1          Initial mesh            Initial points
     0          34         10675.2        0.995956               1        Successful poll           Train
     1          39         10587.6        0.995797               1      Successful search (ES-wcm)        
     1          42         10514.8        0.995711               1      Successful search (ES-ell)        
     1          44         10454.7        0.995654               1      Successful search (ES-ell)        
     1          46         10374.5         0.99556               1      Successful search (ES-ell)        
     1          53         10367.6        0.994254               1      Successful search (ES-ell)        
     1          57         10346.1        0.955819               1      Successful search (ES-ell)        
     1          84         10226.4         1.02032               1        Successful poll           Train
     2          91         10209.1         1.39324               1      Successful search (ES-ell)        
     2         104         10192.7         1.37156               1      Successful search (ES-ell)        
     2         105         10192.2         1.38261               1      Incremental search (ES-ell)        
     2         106         10022.2         1.39261               1      Successful search (ES-ell)        
     2         110         9880.56         1.28247               1      Successful search (ES-ell)        
     2         115         9865.68         1.28244               1      Successful search (ES-ell)        
     2         116         9766.15         1.28246               1      Successful search (ES-ell)        
     2         121         9681.04         1.28247               1      Successful search (ES-ell)        
     2         126         9662.23         1.28245               1      Successful search (ES-ell)        
     2         129         9554.28         1.28246               1      Successful search (ES-wcm)        
     2         132         9521.76         1.28246               1      Successful search (ES-wcm)        
     2         163         9521.76         1.28246             0.5          Refine grid             Train
     3         167         9548.91         11.8189             0.5      Successful search (ES-ell)        
     3         168         9518.56         17.0733             0.5      Successful search (ES-ell)        
     3         176         9506.23          20.925             0.5      Successful search (ES-ell)        
     3         220         9506.23          20.925            0.25          Refine grid             
     4         221         9485.08         17.8578            0.25      Successful search (ES-wcm)        
     4         223          9483.8         22.6694            0.25      Successful search (ES-wcm)        
     4         233         9478.48         17.5454            0.25      Successful search (ES-wcm)        
     4         237         9469.01         14.6658            0.25      Successful search (ES-wcm)        
     4         238         9466.21         22.8214            0.25      Successful search (ES-wcm)        
     4         240         9446.29         19.9935            0.25      Successful search (ES-ell)        
     4         242         9439.37         16.9247            0.25      Successful search (ES-wcm)        
     4         279         9439.37         16.9247           0.125          Refine grid             
     5         280         9440.41         6.15416           0.125      Successful search (ES-ell)        
     5         281         9428.57         8.39457           0.125      Successful search (ES-ell)        
     5         282         9415.88         12.1384           0.125      Successful search (ES-ell)        
     5         326         9415.88         12.1384          0.0625          Refine grid             Train
     6         327         9460.13         4.12926          0.0625      Successful search (ES-wcm)        
     6         328         9455.08          4.8482          0.0625      Successful search (ES-wcm)        
     6         329         9449.79          5.6017          0.0625      Successful search (ES-wcm)        
     6         331         9449.55         8.37773          0.0625      Successful search (ES-wcm)        
     6         334         9448.95         7.36252          0.0625      Successful search (ES-ell)        
     6         336         9447.75         7.67494          0.0625      Successful search (ES-ell)        
     6         374         9447.75         7.67494         0.03125          Refine grid             Train
     7         375         9454.17         3.60418         0.03125      Successful search (ES-ell)        
     7         376         9443.66         4.62116         0.03125      Successful search (ES-ell)        
     7         377         9425.36         6.78746         0.03125      Successful search (ES-ell)        
     7         378         9423.02         9.73602         0.03125      Successful search (ES-ell)        
     7         422         9423.02         9.73602        0.015625          Refine grid             
     8         423          9462.7         3.42943        0.015625      Successful search (ES-wcm)        
     8         424         9460.78         3.38759        0.015625      Successful search (ES-wcm)        
     8         425          9460.2         3.91942        0.015625      Successful search (ES-wcm)        
     8         427          9458.3          4.0371        0.015625      Successful search (ES-ell)        
     8         428          9457.9         3.79608        0.015625      Successful search (ES-ell)        
     8         429         9450.49         4.21516        0.015625      Successful search (ES-ell)        
     8         430         9440.99          5.7246        0.015625      Successful search (ES-ell)        
     8         470         9440.99          5.7246       0.0078125          Refine grid             
     9         471          9464.2         3.56255       0.0078125      Successful search (ES-ell)        
     9         472         9463.64         3.53455       0.0078125      Successful search (ES-ell)        
     9         473         9463.49         3.51917       0.0078125      Successful search (ES-ell)        
     9         474         9462.68          3.5661       0.0078125      Successful search (ES-ell)        
     9         475         9460.63         3.83972       0.0078125      Successful search (ES-ell)        
     9         477         9460.59         4.12652       0.0078125      Successful search (ES-ell)        
     9         478         9459.06         4.76178       0.0078125      Successful search (ES-ell)        
     9         479         9456.56         5.98916       0.0078125      Successful search (ES-ell)        
     9         480         9446.31         7.59027       0.0078125      Successful search (ES-ell)        
     9         481         9437.79          9.5977       0.0078125      Successful search (ES-ell)        
     9         482         9421.66         11.9281       0.0078125      Successful search (ES-ell)        
     9         483         9407.56         10.9558       0.0078125      Successful search (ES-wcm)        
     9         530         9407.56         10.9558      0.00390625          Refine grid             
    10         531         9415.73         3.48606      0.00390625      Successful search (ES-wcm)        
    10         532         9415.34         3.51501      0.00390625      Successful search (ES-wcm)        
    10         533         9414.54          3.5523      0.00390625      Successful search (ES-wcm)        
    10         534         9412.63         3.65214      0.00390625      Successful search (ES-wcm)        
    10         535         9408.75          3.7601      0.00390625      Successful search (ES-ell)        
    10         536          9404.2         4.08127      0.00390625      Successful search (ES-ell)        
    10         537         9399.85         4.78186      0.00390625      Successful search (ES-ell)        
    10         538         9396.27         6.12621      0.00390625      Successful search (ES-ell)        
    10         539         9391.37         7.86586      0.00390625      Successful search (ES-ell)        
    10         540         9385.47         9.41181      0.00390625      Successful search (ES-wcm)        
    10         578         9385.47         9.41181      0.00195312          Refine grid             
    11         579         9419.93         3.00958      0.00195312      Successful search (ES-wcm)        
    11         583         9419.86         2.93801      0.00195312      Successful search (ES-wcm)        
    11         584         9419.41           2.926      0.00195312      Successful search (ES-wcm)        
    11         611          9416.7          2.7065      0.00390625        Successful poll           Train
    12         612         9415.79         2.69569      0.00390625      Successful search (ES-ell)        
    12         613         9415.08         2.75467      0.00390625      Successful search (ES-ell)        
    12         614         9413.24          2.8596      0.00390625      Successful search (ES-ell)        
    12         615         9410.65         3.16655      0.00390625      Successful search (ES-ell)        
    12         616         9408.16         3.28349      0.00390625      Successful search (ES-wcm)        
    12         617         9405.26         3.46865      0.00390625      Successful search (ES-wcm)        
    12         618         9400.81         3.81706      0.00390625      Successful search (ES-wcm)        
    12         619         9393.74         4.40285      0.00390625      Successful search (ES-wcm)        
    12         620         9385.92         5.11086      0.00390625      Successful search (ES-wcm)        
    12         621          9376.5         6.60971      0.00390625      Successful search (ES-wcm)        
    12         622         9376.46         9.03363      0.00390625      Successful search (ES-wcm)        
    12         659         9376.46         9.03363      0.00195312          Refine grid             
    13         695         9420.65         2.43477     0.000976562          Refine grid             Train
Optimization terminated: change in the function value less than options['tol_mesh']
Estimated function value at minimum: 9426.01228031727 ± 2.3766824208221573 (mean ± SEM from 100 samples)
BADS minimum at: x_min = [1.5588e+00 7.1368e+00 9.5820e-01 2.3450e-01 2.2000e-03 7.2287e+00
 4.7670e-01 3.5640e-01 4.4900e-01 6.0000e-04 1.5511e+00 2.8170e-01], training NLL = 9426.0123
total f-count: 795, time: 9.95 min

 Cross Validation fold 0/1

 -- Start Optimization: method BADS --

 Optimization Run 1/2
Initial params: [7.1954, 13.5003, 14.9916, -2.1964, 0.0021, 17.682, 0.6312, 0.1156, 0.2617, 0.5564, 0.0125, 0.2585]
bads:TooCloseBounds: For each variable, hard and plausible bounds should not be too close. Moving plausible bounds.
Variables (index) internally transformed to log coordinates: [[ 0  2]
 [ 0  4]
 [ 0  9]
 [ 0 10]
 [ 0 11]]
Beginning optimization of a STOCHASTIC objective function

 Iteration    f-count      E[f(x)]        SD[f(x)]           MeshScale          Method              Actions
     0           1         13121.1             nan               1                                  
     0          33         12205.9             nan               1          Initial mesh            Initial points
     0          34         11960.4        0.996985               1        Successful poll           Train
     1          41         11907.9        0.994736               1      Successful search (ES-wcm)        
     1          43         11907.3        0.994903               1      Incremental search (ES-wcm)        
     1          44         11873.8        0.996087               1      Successful search (ES-wcm)        
     1          51         11850.8        0.991868               1      Successful search (ES-wcm)        
     1          67         11840.1          1.0476               1      Successful search (ES-wcm)        
     1          70         11838.5         1.04533               1      Successful search (ES-wcm)        
     1          71         11794.2         1.04954               1      Successful search (ES-wcm)        
     1          77           11678          1.0495               1      Successful search (ES-wcm)        
     1          80         11664.5         1.04931               1      Successful search (ES-wcm)        
     1          87         11610.5         1.14636               1      Successful search (ES-wcm)        
     1          90         11574.9         1.14543               1      Successful search (ES-wcm)        
     1         129         11474.8         2.53218               1        Successful poll           Train
     2         134         11395.1         4.89475               1      Successful search (ES-wcm)        
     2         135         11007.7         4.89631               1      Successful search (ES-wcm)        
     2         136         10204.7         4.89768               1      Successful search (ES-wcm)        
     2         143         10186.5         4.86434               1      Successful search (ES-wcm)        
     2         149         10183.5         4.72981               1      Successful search (ES-wcm)        
     2         151           10171         4.63828               1      Successful search (ES-wcm)        
     2         152         10092.1         4.73975               1      Successful search (ES-wcm)        
     2         182         9959.83         11.2244               1        Successful poll           
     3         185         9949.33         23.8809               1      Successful search (ES-wcm)        
     3         189         9893.38         23.7486               1      Successful search (ES-wcm)        
     3         192         9890.68         22.1268               1      Successful search (ES-wcm)        
     3         194         9854.01         19.3605               1      Successful search (ES-ell)        
     3         195         9654.12         23.7335               1      Successful search (ES-ell)        
     3         197         9624.14         23.7604               1      Successful search (ES-ell)        
     3         201         9619.98         22.9322               1      Successful search (ES-ell)        
     3         203         9518.85         23.2317               1      Successful search (ES-ell)        
     3         211          9505.3         15.3733               1      Successful search (ES-ell)        
     3         221          9495.5         18.2743               1      Successful search (ES-wcm)        
     3         222         9490.71         17.9091               1      Successful search (ES-wcm)        
     3         224         9486.55         15.9403               1      Successful search (ES-wcm)        
     3         226         9486.21         16.0036               1      Incremental search (ES-wcm)        
     3         227         9452.63          18.014               1      Successful search (ES-wcm)        
     3         231            9426         15.9401               1      Successful search (ES-wcm)        
     3         236         9424.77         18.7814               1      Successful search (ES-wcm)        
     3         238         9392.25         15.4984               1      Successful search (ES-wcm)        
     3         245         9380.59          19.657               1      Successful search (ES-ell)        
     3         248         9331.79         19.2386               1      Successful search (ES-wcm)        
     3         253         9324.24         13.4339               1      Successful search (ES-wcm)        
     3         259         9311.86         18.4921               1      Successful search (ES-ell)        
     3         261         9292.47         19.7396               1      Successful search (ES-wcm)        
     3         269         9275.04         19.6008               1      Successful search (ES-ell)        
     3         275         9273.45         15.4505               1      Successful search (ES-wcm)        
     3         276         9262.83         17.4952               1      Successful search (ES-ell)        
     3         282         9256.69         17.4852               1      Successful search (ES-ell)        
     3         286         9234.05         16.0871               1      Successful search (ES-ell)        
     3         294         9231.34         16.4678               1      Successful search (ES-ell)        
     3         297         9215.65         14.2098               1      Successful search (ES-wcm)        
     3         302         9214.43         11.7667               1      Successful search (ES-wcm)        
     3         304         9199.43         20.1471               1      Successful search (ES-ell)        
     3         311         9192.28         13.0802               1      Successful search (ES-ell)        
     3         314         9187.29         10.3135               1      Successful search (ES-ell)        
     3         321          9172.3          9.6615               1      Successful search (ES-ell)        
     3         322         9152.24         12.5436               1      Successful search (ES-ell)        
     3         359         9152.24         12.5436             0.5          Refine grid             
     4         362         9159.36         9.83651             0.5      Successful search (ES-ell)        
     4         364         9151.26         12.5989             0.5      Successful search (ES-ell)        
     4         368         9116.49         11.9445             0.5      Successful search (ES-ell)        
     4         406         9116.49         11.9445            0.25          Refine grid             
     5         407         9162.95         10.3967            0.25      Successful search (ES-ell)        
     5         410         9159.46         10.7079            0.25      Successful search (ES-wcm)        
     5         412         9148.94         11.7982            0.25      Successful search (ES-ell)        
     5         453         9148.94         11.7982           0.125          Refine grid             
     6         454         9147.54          6.6249           0.125      Successful search (ES-ell)        
     6         500         9147.54          6.6249          0.0625          Refine grid             Train
     7         501         9154.91         3.79051          0.0625      Successful search (ES-wcm)        
     7         502         9148.82         6.85543          0.0625      Successful search (ES-wcm)        
     7         547         9148.82         6.85543         0.03125          Refine grid             
     8         548         9152.95         3.36617         0.03125      Successful search (ES-wcm)        
     8         549         9149.92         4.16893         0.03125      Successful search (ES-ell)        
     8         560         9144.54         4.10337         0.03125      Successful search (ES-ell)        
     8         561         9125.01         5.30202         0.03125      Successful search (ES-ell)        
     8         562         9105.88         7.85084         0.03125      Successful search (ES-ell)        
     8         607         9105.88         7.85084        0.015625          Refine grid             
     9         608          9156.9         3.11807        0.015625      Successful search (ES-ell)        
     9         609         9153.34         3.32223        0.015625      Successful search (ES-ell)        
     9         610         9149.99         4.18106        0.015625      Successful search (ES-ell)        
     9         612         9143.47         4.63496        0.015625      Successful search (ES-ell)        
     9         613          9129.3         5.83104        0.015625      Successful search (ES-ell)        
     9         614         9118.62         8.34181        0.015625      Successful search (ES-ell)        
     9         617         9108.79         9.08358        0.015625      Successful search (ES-wcm)        
     9         655         9108.79         9.08358       0.0078125          Refine grid             
    10         656         9124.01         3.63851       0.0078125      Successful search (ES-wcm)        
    10         657         9122.39         4.04916       0.0078125      Successful search (ES-wcm)        
    10         658         9120.77         4.85165       0.0078125      Successful search (ES-wcm)        
    10         659         9119.59         5.17288       0.0078125      Successful search (ES-ell)        
    10         660         9117.21         5.94022       0.0078125      Successful search (ES-ell)        
    10         661         9113.45         7.63173       0.0078125      Successful search (ES-ell)        
    10         702         9106.32         4.23256        0.015625        Successful poll           
    11         703         9109.61         4.46205        0.015625      Successful search (ES-wcm)        
    11         704         9102.58         5.59719        0.015625      Successful search (ES-wcm)        
    11         750         9102.58         5.59719       0.0078125          Refine grid             Train
    12         751         9127.27         3.30677       0.0078125      Successful search (ES-wcm)        
    12         765         9127.21          2.9449       0.0078125      Successful search (ES-wcm)        
    12         766         9126.56         3.03249       0.0078125      Successful search (ES-ell)        
    12         767         9125.15         3.18167       0.0078125      Successful search (ES-ell)        
    12         768         9123.62         3.74058       0.0078125      Successful search (ES-ell)        
    12         769         9122.73         4.87799       0.0078125      Successful search (ES-wcm)        
    12         773         9122.21         4.84457       0.0078125      Successful search (ES-ell)        
    12         774         9121.38         5.64496       0.0078125      Successful search (ES-ell)        
    12         775         9121.08         6.05729       0.0078125      Successful search (ES-ell)        
    12         776            9120         6.70185       0.0078125      Successful search (ES-ell)        
    12         777         9118.88         8.74001       0.0078125      Successful search (ES-wcm)        
    12         822         9118.88         8.74001      0.00390625          Refine grid             
    13         823         9127.55         1.99184      0.00390625      Successful search (ES-wcm)        
    13         824         9126.45         2.07716      0.00390625      Successful search (ES-wcm)        
    13         825         9124.59          2.3421      0.00390625      Successful search (ES-wcm)        
    13         826         9123.53         3.08105      0.00390625      Successful search (ES-ell)        
    13         827         9119.24         4.34808      0.00390625      Successful search (ES-ell)        
    13         828         9116.87         6.97921      0.00390625      Successful search (ES-ell)        
    13         870         9116.87         6.97921      0.00195312          Refine grid             Train
    14         871         9128.87         2.97149      0.00195312      Successful search (ES-ell)        
    14         872         9128.18         3.05252      0.00195312      Successful search (ES-ell)        
    14         873         9126.36         3.27073      0.00195312      Successful search (ES-ell)        
    14         874         9125.02         3.45512      0.00195312      Successful search (ES-wcm)        
    14         875         9123.94         3.99729      0.00195312      Successful search (ES-wcm)        
    14         876          9119.8         4.60811      0.00195312      Successful search (ES-wcm)        
    14         918          9119.8         4.60811     0.000976562          Refine grid             Train
Optimization terminated: change in the function value less than options['tol_mesh']
Estimated function value at minimum: 9129.459705798808 ± 2.2831720159856292 (mean ± SEM from 100 samples)
BADS minimum at: x_min = [7.40450e+00 6.78790e+00 1.15940e+00 2.90700e-01 1.11000e-02 1.18915e+01
 4.63600e-01 4.90600e-01 4.94200e-01 3.00000e-04 1.74440e+00 2.60000e-01], training NLL = 9129.4597
total f-count: 1018, time: 12.92 min

 Optimization Run 2/2
Initial params: [7.6425, 11.9498, 8.6983, -3.4887, 0.0618, 6.1029, 0.6179, 0.2161, 0.1576, 0.7518, 0.0356, 0.5509]
bads:TooCloseBounds: For each variable, hard and plausible bounds should not be too close. Moving plausible bounds.
Variables (index) internally transformed to log coordinates: [[ 0  2]
 [ 0  4]
 [ 0  9]
 [ 0 10]
 [ 0 11]]
Beginning optimization of a STOCHASTIC objective function

 Iteration    f-count      E[f(x)]        SD[f(x)]           MeshScale          Method              Actions
     0           1           13294             nan               1                                  
     0          33         12188.6             nan               1          Initial mesh            Initial points
     0          34         11943.7        0.965595               1        Successful poll           Train
     1          37         11859.4        0.965518               1      Successful search (ES-wcm)        
     1          40         11757.4        0.965233               1      Successful search (ES-wcm)        
     1          41         11752.2        0.965486               1      Successful search (ES-wcm)        
     1          42         11709.5        0.965547               1      Successful search (ES-wcm)        
     1          46         11617.6         0.96517               1      Successful search (ES-wcm)        
     1          59         11586.3         7.37047               1        Successful poll           Train
     2          62         11576.1         7.36666               1      Successful search (ES-wcm)        
     2          66         11497.3         7.31922               1      Successful search (ES-wcm)        
     2          70         11455.4         7.14845               1      Successful search (ES-wcm)        
     2          71         11430.6         7.27888               1      Successful search (ES-wcm)        
     2          73         11286.9         7.35575               1      Successful search (ES-wcm)        
     2          77         11177.3         7.27003               1      Successful search (ES-wcm)        
     2          78         11034.8         7.36455               1      Successful search (ES-wcm)        
     2          80         11034.4         7.33199               1      Incremental search (ES-wcm)        
     2          83         10949.6         7.18273               1      Successful search (ES-wcm)        
     2          84         10851.5         7.90762               1      Successful search (ES-wcm)        
     2          87         10789.3         7.86771               1      Successful search (ES-wcm)        
     2          92         10663.6         7.66655               1      Successful search (ES-ell)        
     2          93         10553.4         7.64733               1      Successful search (ES-ell)        
     2          96         10094.5         7.87406               1      Successful search (ES-ell)        
     2          98         10064.7         7.86541               1      Successful search (ES-ell)        
     2          99         9829.03         7.79343               1      Successful search (ES-ell)        
     2         101          9816.5         7.77289               1      Successful search (ES-ell)        
     2         107         9790.07         7.08215               1      Successful search (ES-ell)        
     2         129         9718.17         4.18715               1        Successful poll           
     3         134         9625.66         1.66595               1      Successful search (ES-ell)        
     3         135         9539.04         1.66612               1      Successful search (ES-ell)        
     3         149         9526.06          1.6011               1      Successful search (ES-ell)        
     3         150            9476         1.62165               1      Successful search (ES-ell)        
     3         160         9463.15         2.00568               1      Successful search (ES-ell)        
     3         197         9422.99         27.9361               1        Successful poll           Train
     4         203         9420.87         22.0501               1      Successful search (ES-ell)        
     4         204          9348.1         23.6855               1      Successful search (ES-ell)        
     4         215          9344.6         18.6653               1      Successful search (ES-wcm)        
     4         217         9340.66         21.0808               1      Successful search (ES-wcm)        
     4         218         9328.81         25.7971               1      Successful search (ES-wcm)        
     4         226         9295.29         23.1457               1      Successful search (ES-wcm)        
     4         227         9284.35         27.3052               1      Successful search (ES-wcm)        
     4         228            9217         27.4252               1      Successful search (ES-ell)        
     4         230         9191.45         27.2707               1      Successful search (ES-ell)        
     4         237         9090.31         25.1255               1      Successful search (ES-ell)        
     4         246         9075.48         28.4858               1      Successful search (ES-ell)        
     4         250         9037.01         24.1258               1      Successful search (ES-ell)        
     4         255         9031.39          17.826               1      Successful search (ES-ell)        
     4         287         9031.39          17.826             0.5          Refine grid             
     5         289         9037.93         11.0269             0.5      Successful search (ES-wcm)        
     5         292         9027.96         14.2319             0.5      Successful search (ES-ell)        
     5         294         9024.31         15.0767             0.5      Successful search (ES-ell)        
     5         333         9024.31         15.0767            0.25          Refine grid             
     6         334         9002.43         8.89992            0.25      Successful search (ES-ell)        
     6         335         8976.62         17.5173            0.25      Successful search (ES-ell)        
     6         337         8970.26         22.4955            0.25      Successful search (ES-wcm)        
     6         341         8962.07         15.4202            0.25      Successful search (ES-wcm)        
     6         380         8962.07         15.4202           0.125          Refine grid             Train
     7         381         8980.08         5.68867           0.125      Successful search (ES-wcm)        
     7         382         8970.75         7.70602           0.125      Successful search (ES-wcm)        
     7         383         8957.24         14.6021           0.125      Successful search (ES-wcm)        
     7         427         8957.24         14.6021          0.0625          Refine grid             
     8         428          8971.2         3.11064          0.0625      Successful search (ES-wcm)        
     8         429         8966.66         3.66721          0.0625      Successful search (ES-wcm)        
     8         430         8962.75         5.62411          0.0625      Successful search (ES-wcm)        
     8         431         8959.25         12.5507          0.0625      Successful search (ES-ell)        
     8         432          8953.7         16.5682          0.0625      Successful search (ES-ell)        
     8         474          8953.7         16.5682         0.03125          Refine grid             
     9         475         8963.89          3.7125         0.03125      Successful search (ES-ell)        
     9         476         8960.77         4.59077         0.03125      Successful search (ES-ell)        
     9         477         8958.02         6.58656         0.03125      Successful search (ES-ell)        
     9         490         8957.09         3.62343         0.03125      Successful search (ES-ell)        
     9         492         8956.94         3.65006         0.03125      Successful search (ES-ell)        
     9         493         8954.38         3.88309         0.03125      Successful search (ES-ell)        
     9         494         8952.16         4.36028         0.03125      Successful search (ES-ell)        
     9         533         8952.16         4.36028        0.015625          Refine grid             
    10         534         8964.81         2.46471        0.015625      Successful search (ES-ell)        
    10         535         8964.06         2.71111        0.015625      Successful search (ES-ell)        
    10         536         8962.76         3.32381        0.015625      Successful search (ES-ell)        
    10         537         8960.34            4.27        0.015625      Successful search (ES-ell)        
    10         539         8957.61         5.33884        0.015625      Successful search (ES-ell)        
    10         548          8956.3         4.16704        0.015625      Successful search (ES-wcm)        
    10         549         8955.52         4.42702        0.015625      Successful search (ES-wcm)        
    10         550         8954.39         5.29377        0.015625      Successful search (ES-wcm)        
    10         552         8953.57         5.58921        0.015625      Successful search (ES-wcm)        
    10         593         8953.57         5.58921       0.0078125          Refine grid             
    11         629         8965.59         2.64598      0.00390625          Refine grid             Train
    12         630            8965         3.56047      0.00390625      Successful search (ES-wcm)        
    12         631            8964         3.45943      0.00390625      Successful search (ES-wcm)        
    12         632         8963.18         3.28359      0.00390625      Successful search (ES-wcm)        
    12         633         8961.43         3.42296      0.00390625      Successful search (ES-ell)        
    12         634         8959.08         3.74059      0.00390625      Successful search (ES-ell)        
    12         635         8956.78         4.44677      0.00390625      Successful search (ES-ell)        
    12         636          8955.4         5.48215      0.00390625      Successful search (ES-ell)        
    12         637         8945.97         7.75414      0.00390625      Successful search (ES-ell)        
    12         639         8941.62         8.80641      0.00390625      Successful search (ES-wcm)        
    12         640         8941.58         13.6271      0.00390625      Successful search (ES-wcm)        
    12         677         8941.58         13.6271      0.00195312          Refine grid             Train
    13         680         8951.62         2.95058      0.00195312      Successful search (ES-wcm)        
    13         681         8951.48          2.9372      0.00195312      Successful search (ES-wcm)        
    13         685         8951.44          2.8229      0.00195312      Successful search (ES-wcm)        
    13         686         8951.01         2.81022      0.00195312      Successful search (ES-wcm)        
    13         687         8950.85         2.80823      0.00195312      Successful search (ES-wcm)        
    13         688         8950.67         2.80546      0.00195312      Successful search (ES-wcm)        
    13         689         8949.31         2.78321      0.00195312      Successful search (ES-ell)        
    13         690         8948.47          2.7592      0.00195312      Successful search (ES-ell)        
    13         691         8948.04         2.74408      0.00195312      Successful search (ES-ell)        
    13         692         8946.92         2.73708      0.00195312      Successful search (ES-ell)        
    13         693         8945.44         2.72741      0.00195312      Successful search (ES-ell)        
    13         694          8943.6          2.7806      0.00195312      Successful search (ES-ell)        
    13         695         8940.84         2.90407      0.00195312      Successful search (ES-ell)        
    13         696         8937.71           3.131      0.00195312      Successful search (ES-ell)        
    13         697         8932.45         3.33302      0.00195312      Successful search (ES-ell)        
    13         698         8924.93         3.79497      0.00195312      Successful search (ES-ell)        
    13         699         8917.94         5.29889      0.00195312      Successful search (ES-ell)        
    13         700         8914.18         6.90526      0.00195312      Successful search (ES-ell)        
    13         737         8914.18         6.90526     0.000976562          Refine grid             Train
Optimization terminated: change in the function value less than options['tol_mesh']
Estimated function value at minimum: 8950.821638788519 ± 2.0324952179309403 (mean ± SEM from 100 samples)
BADS minimum at: x_min = [5.3667e+00 5.7044e+00 2.8736e+00 1.3818e+00 2.0000e-04 9.0551e+00
 4.8080e-01 5.4880e-01 5.9980e-01 1.0990e-01 1.8659e+00 2.3530e-01], training NLL = 8950.8216
total f-count: 837, time: 10.6 min

 ------- Finish Optimization for Subject 2 ---------- 

 ------- Start Optimization for Subject 3 ---------- 

 Cross Validation fold 0/1

 -- Start Optimization: method BADS --

 Optimization Run 1/2
Initial params: [9.929, 13.6897, 4.4733, -4.1149, 0.0937, 14.3956, 0.67, 0.1372, 0.2451, 0.4445, 0.5282, 0.386]
bads:TooCloseBounds: For each variable, hard and plausible bounds should not be too close. Moving plausible bounds.
Variables (index) internally transformed to log coordinates: [[ 0  2]
 [ 0  4]
 [ 0  9]
 [ 0 10]
 [ 0 11]]
Beginning optimization of a STOCHASTIC objective function

 Iteration    f-count      E[f(x)]        SD[f(x)]           MeshScale          Method              Actions
     0           1         11808.7             nan               1                                  
     0          33         11344.7             nan               1          Initial mesh            Initial points
     0          55         11114.6        0.999896               1        Successful poll           Train
     1          57         10699.5        0.999912               1      Successful search (ES-wcm)        
     1          58           10361        0.999902               1      Successful search (ES-wcm)        
     1          59         10174.2        0.965567               1      Successful search (ES-wcm)        
     1          64         10151.1        0.965544               1      Successful search (ES-wcm)        
     1          66         10109.9        0.965445               1      Successful search (ES-wcm)        
     1          68         10068.2        0.965535               1      Successful search (ES-wcm)        
     1          71         9971.76        0.965487               1      Successful search (ES-wcm)        
     1          76         9916.08        0.963459               1      Successful search (ES-wcm)        
     1          83         9871.83        0.962787               1      Successful search (ES-wcm)        
     1          85         9870.45         1.06549               1      Successful search (ES-wcm)        
     1          87         9846.67         1.06575               1      Successful search (ES-ell)        
     1          89          9815.4         1.06521               1      Successful search (ES-ell)        
     1          92         9805.81         1.06596               1      Successful search (ES-ell)        
     1          93         9765.87         1.06601               1      Successful search (ES-ell)        
     1         103         9757.28         1.06143               1      Successful search (ES-ell)        
     1         134         9701.25         1.08241               1        Successful poll           Train
     2         136         9676.26         27.3749               1      Successful search (ES-ell)        
     2         141         9672.84          16.164               1      Successful search (ES-wcm)        
     2         142         9654.64         19.3091               1      Successful search (ES-wcm)        
     2         143         9643.65         23.7554               1      Successful search (ES-wcm)        
     2         180         9643.65         23.7554             0.5          Refine grid             Train
     3         181         9640.17         8.97317             0.5      Successful search (ES-wcm)        
     3         227         9640.17         8.97317            0.25          Refine grid             
     4         228         9649.46         6.97993            0.25      Successful search (ES-wcm)        
     4         274         9649.46         6.97993           0.125          Refine grid             
     5         275         9649.97         3.66866           0.125      Successful search (ES-wcm)        
     5         276         9643.29         7.26648           0.125      Successful search (ES-wcm)        
     5         277          9640.2         11.3261           0.125      Successful search (ES-ell)        
     5         278         9635.09         14.7233           0.125      Successful search (ES-ell)        
     5         279         9619.88         19.4184           0.125      Successful search (ES-ell)        
     5         280          9589.9         21.4143           0.125      Successful search (ES-ell)        
     5         285         9583.95         16.1392           0.125      Successful search (ES-ell)        
     5         321         9583.95         16.1392          0.0625          Refine grid             Train
     6         322         9588.35         4.80289          0.0625      Successful search (ES-ell)        
     6         323         9576.92         6.18184          0.0625      Successful search (ES-ell)        
     6         324          9567.4         9.38331          0.0625      Successful search (ES-ell)        
     6         325         9566.43         12.3046          0.0625      Successful search (ES-ell)        
     6         326         9558.51          14.671          0.0625      Successful search (ES-ell)        
     6         368         9558.51          14.671         0.03125          Refine grid             Train
     7         369         9597.95         4.01033         0.03125      Successful search (ES-ell)        
     7         370         9593.76         4.54074         0.03125      Successful search (ES-wcm)        
     7         415         9591.49         5.80011          0.0625        Successful poll           
     8         416            9592         6.04903          0.0625      Successful search (ES-wcm)        
     8         420         9591.78         5.36201          0.0625      Successful search (ES-ell)        
     8         421         9589.18         5.75847          0.0625      Successful search (ES-ell)        
     8         422          9582.5         5.88953          0.0625      Successful search (ES-ell)        
     8         462          9582.5         5.88953         0.03125          Refine grid             
     9         463         9586.48         3.12366         0.03125      Successful search (ES-wcm)        
     9         464          9580.2         4.65556         0.03125      Successful search (ES-wcm)        
     9         465         9580.15         7.54045         0.03125      Successful search (ES-wcm)        
     9         466          9578.4           10.47         0.03125      Successful search (ES-wcm)        
     9         510          9578.4           10.47        0.015625          Refine grid             Train
    10         511         9586.33         3.36412        0.015625      Successful search (ES-wcm)        
    10         512         9585.03         3.46395        0.015625      Successful search (ES-wcm)        
    10         513          9584.1         4.02827        0.015625      Successful search (ES-wcm)        
    10         514         9581.59         4.83472        0.015625      Successful search (ES-ell)        
    10         558         9581.59         4.83472       0.0078125          Refine grid             Train
    11         559         9587.65         2.72057       0.0078125      Successful search (ES-wcm)        
    11         563         9587.41         2.67608       0.0078125      Successful search (ES-wcm)        
    11         564         9587.04         2.67903       0.0078125      Successful search (ES-wcm)        
    11         567         9586.76         2.66271       0.0078125      Successful search (ES-wcm)        
    11         568         9586.44         2.68194       0.0078125      Successful search (ES-wcm)        
    11         569         9585.94          2.7327       0.0078125      Successful search (ES-wcm)        
    11         570         9585.28         2.82139       0.0078125      Successful search (ES-wcm)        
    11         571         9584.97         2.96914       0.0078125      Successful search (ES-ell)        
    11         572         9584.29         3.30063       0.0078125      Successful search (ES-ell)        
    11         611         9583.82         4.30645        0.015625        Successful poll           Train
    12         612         9583.47         4.30066        0.015625      Successful search (ES-ell)        
    12         613         9582.07         5.06377        0.015625      Successful search (ES-wcm)        
    12         614          9580.3         5.70281        0.015625      Successful search (ES-ell)        
    12         615         9578.97         6.91171        0.015625      Successful search (ES-ell)        
    12         616         9575.67         8.17671        0.015625      Successful search (ES-ell)        
    12         659         9575.67         8.17671       0.0078125          Refine grid             
    13         672          9588.5         4.15098        0.015625        Successful poll           Train
    14         673          9587.1         4.41044        0.015625      Successful search (ES-ell)        
    14         674         9582.32         5.35244        0.015625      Successful search (ES-ell)        
    14         675         9574.07         7.16395        0.015625      Successful search (ES-ell)        
    14         676          9565.6         9.56218        0.015625      Successful search (ES-ell)        
    14         677         9558.07         11.2904        0.015625      Successful search (ES-ell)        
    14         678         9539.47         13.1826        0.015625      Successful search (ES-ell)        
    14         720         9539.47         13.1826       0.0078125          Refine grid             
    15         721         9574.59         3.50396       0.0078125      Successful search (ES-ell)        
    15         722         9574.54         3.76393       0.0078125      Successful search (ES-ell)        
    15         723         9574.31         4.24877       0.0078125      Successful search (ES-ell)        
    15         724         9573.38         5.27282       0.0078125      Successful search (ES-wcm)        
    15         768         9573.38         5.27282      0.00390625          Refine grid             
    16         769         9584.63         2.57862      0.00390625      Successful search (ES-wcm)        
    16         770         9584.24         2.68174      0.00390625      Successful search (ES-wcm)        
    16         771         9583.06         2.84346      0.00390625      Successful search (ES-wcm)        
    16         772         9581.79         3.42384      0.00390625      Successful search (ES-wcm)        
    16         773         9579.52         4.30342      0.00390625      Successful search (ES-wcm)        
    16         816         9579.52         4.30342      0.00195312          Refine grid             Train
    17         852         9586.73         3.00077     0.000976562          Refine grid             Train
Optimization terminated: change in the function value less than options['tol_mesh']
Estimated function value at minimum: 9574.896339993935 ± 2.4958300140833614 (mean ± SEM from 100 samples)
BADS minimum at: x_min = [ 4.16830e+00  6.88400e+00  1.15000e-02 -8.93700e-01  1.50000e-02
  3.02664e+01  3.66500e-01  3.34300e-01  2.72500e-01  0.00000e+00
  1.62770e+00  2.39000e-01], training NLL = 9574.8963
total f-count: 952, time: 11.86 min

 Optimization Run 2/2
Initial params: [7.2143, 5.4821, 2.5727, -0.0559, 0.0599, 15.5781, 0.4441, 0.2379, 0.1023, 0.2704, 0.3953, 0.3322]
bads:TooCloseBounds: For each variable, hard and plausible bounds should not be too close. Moving plausible bounds.
Variables (index) internally transformed to log coordinates: [[ 0  2]
 [ 0  4]
 [ 0  9]
 [ 0 10]
 [ 0 11]]
Beginning optimization of a STOCHASTIC objective function

 Iteration    f-count      E[f(x)]        SD[f(x)]           MeshScale          Method              Actions
     0           1         12228.5             nan               1                                  
     0          33           11306             nan               1          Initial mesh            Initial points
     0          55         11134.6        0.999864               1        Successful poll           Train
     1          56         10897.7        0.999892               1      Successful search (ES-wcm)        
     1          58         10530.2        0.999898               1      Successful search (ES-wcm)        
     1          63         10277.5         0.97502               1      Successful search (ES-wcm)        
     1          64         10159.1        0.975087               1      Successful search (ES-ell)        
     1          66         10024.9        0.975054               1      Successful search (ES-ell)        
     1         100         9856.22        0.935923               1        Successful poll           Train
     2         106         9838.75        0.935796               1      Successful search (ES-ell)        
     2         107         9829.76        0.935917               1      Successful search (ES-wcm)        
     2         118         9809.41         1.02214               1      Successful search (ES-ell)        
     2         127         9807.35         1.02231               1      Successful search (ES-ell)        
     2         145         9792.71         1.27931               1      Successful search (ES-wcm)        
     2         153         9761.47         1.27932               1      Successful search (ES-wcm)        
     2         158         9733.91         1.27932               1      Successful search (ES-wcm)        
     2         159            9720         15.0251               1      Successful search (ES-ell)        
     2         160         9698.64         15.3664               1      Successful search (ES-ell)        
     2         162         9587.32         15.6015               1      Successful search (ES-ell)        
     2         175         9487.65         15.5527               1      Successful search (ES-ell)        
     2         179         9439.24         15.6037               1      Successful search (ES-wcm)        
     2         181         9421.61         15.4637               1      Successful search (ES-ell)        
     2         189          9409.9         22.5258               1      Successful search (ES-wcm)        
     2         190            9302         25.7128               1      Successful search (ES-wcm)        
     2         198         9293.93          25.917               1      Successful search (ES-ell)        
     2         199         9289.97         27.7401               1      Successful search (ES-ell)        
     2         240         9289.97         27.7401             0.5          Refine grid             
     3         242         9270.36         19.8794             0.5      Successful search (ES-wcm)        
     3         243         9243.87         21.2222             0.5      Successful search (ES-wcm)        
     3         287         9243.87         21.2222            0.25          Refine grid             Train
     4         288         9237.54         9.54252            0.25      Successful search (ES-wcm)        
     4         289         9222.52         19.1208            0.25      Successful search (ES-wcm)        
     4         291         9189.89         20.0038            0.25      Successful search (ES-wcm)        
     4         301         9188.38         9.55654            0.25      Successful search (ES-wcm)        
     4         302         9167.32         15.1907            0.25      Successful search (ES-ell)        
     4         303         9158.77         19.5136            0.25      Successful search (ES-ell)        
     4         346         9158.77         19.5136           0.125          Refine grid             
     5         347          9161.8          5.2813           0.125      Successful search (ES-wcm)        
     5         348         9149.16         11.2849           0.125      Successful search (ES-wcm)        
     5         349         9139.52         13.1376           0.125      Successful search (ES-ell)        
     5         350         9131.72         16.0308           0.125      Successful search (ES-ell)        
     5         393         9126.14         12.2657            0.25        Successful poll           
     6         409         9119.97         17.6253             0.5        Successful poll           Train
     7         441         9115.21         16.7685            0.25          Refine grid             Train
     8         442         9108.58         7.79197            0.25      Successful search (ES-ell)        
     8         443         9095.43         11.4156            0.25      Successful search (ES-ell)        
     8         444         9088.65         13.2072            0.25      Successful search (ES-ell)        
     8         445         9078.11         15.2895            0.25      Successful search (ES-ell)        
     8         488         9078.11         15.2895           0.125          Refine grid             Train
     9         489         9075.62         6.72362           0.125      Successful search (ES-ell)        
     9         490         9064.39         13.7833           0.125      Successful search (ES-wcm)        
     9         535         9064.39         13.7833          0.0625          Refine grid             Train
    10         536         9104.51         3.07507          0.0625      Successful search (ES-wcm)        
    10         537         9103.01         3.21608          0.0625      Successful search (ES-wcm)        
    10         538         9100.28         3.74705          0.0625      Successful search (ES-wcm)        
    10         539         9100.05         5.18011          0.0625      Successful search (ES-wcm)        
    10         541         9087.73         5.68222          0.0625      Successful search (ES-ell)        
    10         542          9081.3          7.6118          0.0625      Successful search (ES-ell)        
    10         583          9081.3          7.6118         0.03125          Refine grid             
    11         584         9103.75         3.71891         0.03125      Successful search (ES-ell)        
    11         585         9098.47         3.98773         0.03125      Successful search (ES-ell)        
    11         586          9093.6         4.89309         0.03125      Successful search (ES-ell)        
    11         631          9093.6         4.89309        0.015625          Refine grid             
    12         633         9108.43         2.21335        0.015625      Successful search (ES-wcm)        
    12         634         9107.83         2.15993        0.015625      Successful search (ES-wcm)        
    12         657          9096.8         1.90822         0.03125        Successful poll           
    13         658          9084.5         2.10615         0.03125      Successful search (ES-ell)        
    13         659         9066.17         2.53237         0.03125      Successful search (ES-ell)        
    13         660         9046.49         3.13351         0.03125      Successful search (ES-ell)        
    13         661          9025.5         3.84663         0.03125      Successful search (ES-wcm)        
    13         662         8994.71         4.96929         0.03125      Successful search (ES-wcm)        
    13         663         8991.89          7.0384         0.03125      Successful search (ES-wcm)        
    13         705         8991.89          7.0384        0.015625          Refine grid             
    14         706         9109.71         1.96908        0.015625      Successful search (ES-wcm)        
    14         707         9108.96         2.05355        0.015625      Successful search (ES-wcm)        
    14         709         9108.52         2.15417        0.015625      Successful search (ES-ell)        
    14         710         9107.75         2.39787        0.015625      Successful search (ES-ell)        
    14         711         9105.01          2.8776        0.015625      Successful search (ES-ell)        
    14         712            9104         3.79921        0.015625      Successful search (ES-ell)        
    14         713         9102.76          4.9864        0.015625      Successful search (ES-ell)        
    14         732         9099.74         3.55443         0.03125        Successful poll           
    15         733         9094.13         3.56147         0.03125      Successful search (ES-ell)        
    15         734         9083.28         3.95194         0.03125      Successful search (ES-ell)        
    15         735         9079.52         4.72591         0.03125      Successful search (ES-wcm)        
    15         736         9059.58         5.68646         0.03125      Successful search (ES-wcm)        
    15         737         9049.06         7.56434         0.03125      Successful search (ES-wcm)        
    15         780         9049.06         7.56434        0.015625          Refine grid             Train
    16         781          9107.2         2.91005        0.015625      Successful search (ES-ell)        
    16         782         9104.87         3.20571        0.015625      Successful search (ES-ell)        
    16         783         9102.39         3.63658        0.015625      Successful search (ES-ell)        
    16         784         9097.94         4.29657        0.015625      Successful search (ES-ell)        
    16         785          9094.3         5.78444        0.015625      Successful search (ES-ell)        
    16         786         9091.57         8.19151        0.015625      Successful search (ES-wcm)        
    16         828         9091.57         8.19151       0.0078125          Refine grid             
    17         864         9109.85         2.57994      0.00390625          Refine grid             
    18         865         9111.01         1.85248      0.00390625      Successful search (ES-wcm)        
    18         866         9110.98         1.82921      0.00390625      Successful search (ES-wcm)        
    18         867         9110.25         1.79587      0.00390625      Successful search (ES-wcm)        
    18         868          9109.9         1.75243      0.00390625      Successful search (ES-wcm)        
    18         869         9109.45         1.73141      0.00390625      Successful search (ES-wcm)        
    18         870         9108.64         1.76565      0.00390625      Successful search (ES-wcm)        
    18         871         9107.36         2.08755      0.00390625      Successful search (ES-ell)        
    18         872         9105.67         2.78735      0.00390625      Successful search (ES-ell)        
    18         873         9102.81         4.09666      0.00390625      Successful search (ES-ell)        
    18         874         9099.57         5.53659      0.00390625      Successful search (ES-ell)        
    18         875         9093.64         8.40648      0.00390625      Successful search (ES-ell)        
    18         897         9092.84         3.77609       0.0078125        Successful poll           Train
    19         902         9093.79         3.35397       0.0078125      Successful search (ES-ell)        
    19         903         9093.16         3.32898       0.0078125      Successful search (ES-ell)        
    19         904         9092.54         3.33448       0.0078125      Successful search (ES-ell)        
    19         905          9091.9          3.3375       0.0078125      Successful search (ES-ell)        
    19         906         9091.12         3.33889       0.0078125      Successful search (ES-ell)        
    19         907         9089.79         3.40907       0.0078125      Successful search (ES-ell)        
    19         908          9089.5           3.567       0.0078125      Successful search (ES-ell)        
    19         909         9087.66         3.75576       0.0078125      Successful search (ES-ell)        
    19         910         9086.44         3.83585       0.0078125      Successful search (ES-wcm)        
    19         911         9086.06         3.90394       0.0078125      Successful search (ES-ell)        
    19         912          9084.6         4.06204       0.0078125      Successful search (ES-ell)        
    19         913         9082.79         4.38763       0.0078125      Successful search (ES-ell)        
    19         914         9081.48         4.84385       0.0078125      Successful search (ES-ell)        
    19         915         9077.19          5.8313       0.0078125      Successful search (ES-ell)        
    19         916         9069.97         7.14296       0.0078125      Successful search (ES-ell)        
    19         917         9060.09         8.10875       0.0078125      Successful search (ES-ell)        
    19         957         9060.09         8.10875      0.00390625          Refine grid             
    20         993         9089.19         3.10968       0.0078125        Successful poll           
    21         994         9091.04         2.89701       0.0078125      Successful search (ES-wcm)        
    21         995         9089.96         3.10396       0.0078125      Successful search (ES-wcm)        
    21         996          9088.6         3.39746       0.0078125      Successful search (ES-wcm)        
    21         997         9086.42         3.84743       0.0078125      Successful search (ES-wcm)        
    21         998         9084.14         4.46178       0.0078125      Successful search (ES-wcm)        
    21         999         9081.39         5.10543       0.0078125      Successful search (ES-ell)        
    21        1000         9079.02          6.2878       0.0078125      Successful search (ES-ell)        
    21        1041         9079.02          6.2878      0.00390625          Refine grid             Train
    22        1042         9093.13         2.94231      0.00390625      Successful search (ES-wcm)        
    22        1043         9092.75         2.91888      0.00390625      Successful search (ES-ell)        
    22        1044         9092.35         2.95068      0.00390625      Successful search (ES-ell)        
    22        1045         9091.16         2.98017      0.00390625      Successful search (ES-ell)        
    22        1046          9090.3         3.04045      0.00390625      Successful search (ES-ell)        
    22        1047         9088.86         3.20133      0.00390625      Successful search (ES-ell)        
    22        1048          9087.7         3.65893      0.00390625      Successful search (ES-ell)        
    22        1049         9085.56         4.31326      0.00390625      Successful search (ES-ell)        
    22        1051          9085.5         4.68687      0.00390625      Successful search (ES-ell)        
    22        1052         9083.53         5.52758      0.00390625      Successful search (ES-ell)        
    22        1089         9083.53         5.52758      0.00195312          Refine grid             Train
    23        1090         9093.05         2.49327      0.00195312      Successful search (ES-wcm)        
    23        1091          9092.8         2.51271      0.00195312      Successful search (ES-ell)        
    23        1092         9092.64         2.54723      0.00195312      Successful search (ES-ell)        
    23        1093         9092.37         2.57996      0.00195312      Successful search (ES-ell)        
    23        1095         9091.74         2.64332      0.00195312      Successful search (ES-wcm)        
    23        1097         9091.11         2.69125      0.00195312      Successful search (ES-ell)        
    23        1098         9090.46         2.74316      0.00195312      Successful search (ES-ell)        
    23        1137         9090.46         2.74316     0.000976562          Refine grid             
Optimization terminated: change in the function value less than options['tol_mesh']
Estimated function value at minimum: 9091.032615795471 ± 2.1328858675457787 (mean ± SEM from 100 samples)
BADS minimum at: x_min = [ 3.3695e+00  7.6196e+00  0.0000e+00 -1.1235e+00  9.0000e-04  6.8995e+00
  5.8680e-01  4.4290e-01  4.9870e-01  0.0000e+00  1.4479e+00  2.3900e-01], training NLL = 9091.0326
total f-count: 1237, time: 15.52 min

 Cross Validation fold 0/1

 -- Start Optimization: method BADS --

 Optimization Run 1/2
Initial params: [7.5946, 10.369, 19.7421, -2.7545, 0.0396, 14.4665, 0.532, 0.1624, 0.2077, 0.5559, 0.5956, 0.4061]
bads:TooCloseBounds: For each variable, hard and plausible bounds should not be too close. Moving plausible bounds.
Variables (index) internally transformed to log coordinates: [[ 0  2]
 [ 0  4]
 [ 0  9]
 [ 0 10]
 [ 0 11]]
Beginning optimization of a STOCHASTIC objective function

 Iteration    f-count      E[f(x)]        SD[f(x)]           MeshScale          Method              Actions
     0           1         12720.6             nan               1                                  
     0          33         12022.9             nan               1          Initial mesh            Initial points
     0          34         12004.6        0.989998               1        Successful poll           Train
     1          37         11832.5            0.99               1      Successful search (ES-wcm)        
     1          41         11797.3        0.989615               1      Successful search (ES-wcm)        
     1          42         11667.7        0.989752               1      Successful search (ES-wcm)        
     1          48         11625.4        0.989856               1      Successful search (ES-wcm)        
     1          53           11614         0.98562               1      Successful search (ES-wcm)        
     1          69         11608.6         1.02098               1      Successful search (ES-wcm)        
     1          78         11593.2         1.04262               1      Successful search (ES-wcm)        
     1         109         11568.5         15.4309               1        Successful poll           Train
     2         111         11431.5         15.1913               1      Successful search (ES-wcm)        
     2         114           11431         14.4676               1      Incremental search (ES-wcm)        
     2         118         11423.4         10.4041               1      Successful search (ES-wcm)        
     2         121         11411.3         8.48978               1      Successful search (ES-wcm)        
     2         123         11409.6         11.4134               1      Successful search (ES-wcm)        
     2         125         11380.5         10.3911               1      Successful search (ES-wcm)        
     2         129         11357.9         12.1446               1      Successful search (ES-wcm)        
     2         135         11333.5         14.9039               1      Successful search (ES-ell)        
     2         138         11326.6         13.5916               1      Successful search (ES-ell)        
     2         139         11325.5           14.32               1      Successful search (ES-ell)        
     2         148         11300.4         11.5496               1      Successful search (ES-ell)        
     2         151         11290.8         10.5304               1      Successful search (ES-ell)        
     2         153         11290.1         10.8275               1      Incremental search (ES-ell)        
     2         192         11290.1         10.8275             0.5          Refine grid             Train
     3         193         11301.2         11.6982             0.5      Successful search (ES-ell)        
     3         194         11287.5         17.4459             0.5      Successful search (ES-ell)        
     3         196         11276.1         19.8839             0.5      Successful search (ES-ell)        
     3         200         11269.1         16.4082             0.5      Successful search (ES-ell)        
     3         201         11261.4         21.0848             0.5      Successful search (ES-wcm)        
     3         204         11240.9         21.4707             0.5      Successful search (ES-wcm)        
     3         209         11234.2         15.3856             0.5      Successful search (ES-wcm)        
     3         210         11226.2         15.9177             0.5      Successful search (ES-wcm)        
     3         219         11217.1         13.2425             0.5      Successful search (ES-ell)        
     3         220         11195.8         18.4365             0.5      Successful search (ES-wcm)        
     3         223         11181.4         19.8072             0.5      Successful search (ES-wcm)        
     3         228         11180.3         12.4651             0.5      Successful search (ES-ell)        
     3         229         11167.5         19.2226             0.5      Successful search (ES-ell)        
     3         232         11131.1         18.3061             0.5      Successful search (ES-ell)        
     3         241         11100.5         16.3751             0.5      Successful search (ES-ell)        
     3         245         11080.8          12.502             0.5      Successful search (ES-ell)        
     3         246         11069.5         14.7529             0.5      Successful search (ES-ell)        
     3         247         11010.5          16.128             0.5      Successful search (ES-ell)        
     3         288         11010.5          16.128            0.25          Refine grid             
     4         306         11026.9         9.60949             0.5        Successful poll           Train
     5         309         11002.2         10.9602             0.5      Successful search (ES-ell)        
     5         354         11002.2         10.9602            0.25          Refine grid             
     6         357         11015.4         5.37697            0.25      Successful search (ES-ell)        
     6         365         11015.2         4.23831            0.25      Incremental search (ES-wcm)        
     6         367         11014.1         8.61672            0.25      Successful search (ES-ell)        
     6         414         11014.1         8.61672           0.125          Refine grid             
     7         415         11016.4         4.61371           0.125      Successful search (ES-ell)        
     7         416           11014         5.35434           0.125      Successful search (ES-ell)        
     7         462           11014         5.35434          0.0625          Refine grid             
     8         463         11016.6         3.15578          0.0625      Successful search (ES-wcm)        
     8         464         11014.4         3.82865          0.0625      Successful search (ES-ell)        
     8         465         11012.2          5.0732          0.0625      Successful search (ES-ell)        
     8         509         11007.6         6.28935           0.125        Successful poll           Train
     9         510         11001.8         8.06003           0.125      Successful search (ES-ell)        
     9         557         11001.8         8.06003          0.0625          Refine grid             Train
    10         558         11012.3         3.78468          0.0625      Successful search (ES-ell)        
    10         559         11007.3         5.36024          0.0625      Successful search (ES-ell)        
    10         566         11005.8         3.63838          0.0625      Successful search (ES-wcm)        
    10         567         11005.6         3.72599          0.0625      Successful search (ES-wcm)        
    10         568         11003.7          3.8826          0.0625      Successful search (ES-ell)        
    10         571         11002.7         3.40899          0.0625      Successful search (ES-wcm)        
    10         572         11000.6         4.35772          0.0625      Successful search (ES-wcm)        
    10         573         10998.3         5.42327          0.0625      Successful search (ES-ell)        
    10         617         10998.3         5.42327         0.03125          Refine grid             Train
    11         618         11003.7          2.0861         0.03125      Successful search (ES-wcm)        
    11         619         11000.9         2.86581         0.03125      Successful search (ES-wcm)        
    11         632         11000.5         2.31969         0.03125      Successful search (ES-ell)        
    11         633           10997         2.42295         0.03125      Successful search (ES-ell)        
    11         672         10986.2         2.99977          0.0625        Successful poll           Train
    12         673         11002.9         2.09964          0.0625      Successful search (ES-wcm)        
    12         674         11000.9         3.82632          0.0625      Successful search (ES-wcm)        
    12         676         10990.5         4.88333          0.0625      Successful search (ES-ell)        
    12         720         10990.5         4.88333         0.03125          Refine grid             
    13         721         11002.7         6.48763         0.03125      Successful search (ES-ell)        
    13         723           11001         5.49756         0.03125      Successful search (ES-ell)        
    13         724         10997.9         5.53611         0.03125      Successful search (ES-ell)        
    13         725         10997.8         6.36043         0.03125      Successful search (ES-ell)        
    13         768         10997.8         6.36043        0.015625          Refine grid             
    14         769         11008.7         1.74582        0.015625      Successful search (ES-wcm)        
    14         770         11003.6         1.67694        0.015625      Successful search (ES-wcm)        
    14         771         11002.6         1.78432        0.015625      Successful search (ES-wcm)        
    14         772         10999.1         1.96543        0.015625      Successful search (ES-wcm)        
    14         773           10996         3.30423        0.015625      Successful search (ES-wcm)        
    14         816           10996         3.30423       0.0078125          Refine grid             Train
    15         817         11000.8         1.99797       0.0078125      Successful search (ES-ell)        
    15         818         10998.2          2.0773       0.0078125      Successful search (ES-wcm)        
    15         819         10996.5         2.43726       0.0078125      Successful search (ES-ell)        
    15         820         10995.7          3.0128       0.0078125      Successful search (ES-ell)        
    15         821           10995         3.64577       0.0078125      Successful search (ES-ell)        
    15         822         10990.4          4.4423       0.0078125      Successful search (ES-ell)        
    15         864         10990.4          4.4423      0.00390625          Refine grid             Train
    16         865         10997.1         2.07627      0.00390625      Successful search (ES-ell)        
    16         866         10996.3         2.07639      0.00390625      Successful search (ES-ell)        
    16         867         10991.9         2.10492      0.00390625      Successful search (ES-ell)        
    16         868         10987.6         2.15138      0.00390625      Successful search (ES-ell)        
    16         869         10984.8         2.19411      0.00390625      Successful search (ES-ell)        
    16         870         10979.9          2.3889      0.00390625      Successful search (ES-ell)        
    16         871           10974         2.77312      0.00390625      Successful search (ES-ell)        
    16         912           10974         2.77312      0.00195312          Refine grid             
    17         913         10994.1         1.87841      0.00195312      Successful search (ES-ell)        
    17         914         10993.6         1.88994      0.00195312      Successful search (ES-ell)        
    17         915         10993.5         1.92961      0.00195312      Successful search (ES-ell)        
    17         960         10993.5         1.92961     0.000976562          Refine grid             
Optimization terminated: change in the function value less than options['tol_mesh']
Estimated function value at minimum: 10991.486454656919 ± 1.3736926961009994 (mean ± SEM from 100 samples)
BADS minimum at: x_min = [ 7.19810e+00  1.14027e+01  6.23000e-02 -1.66600e-01  1.24000e-02
  1.23340e+01  5.18700e-01  3.35700e-01  4.31600e-01  7.00000e-04
  0.00000e+00  2.38300e-01], training NLL = 10991.4865
total f-count: 1060, time: 13.43 min

 Optimization Run 2/2
Initial params: [8.1593, 3.6133, 16.4828, 2.8415, 0.0718, 27.6999, 0.6424, 0.1029, 0.1857, 0.0968, 0.1212, 0.5755]
bads:TooCloseBounds: For each variable, hard and plausible bounds should not be too close. Moving plausible bounds.
Variables (index) internally transformed to log coordinates: [[ 0  2]
 [ 0  4]
 [ 0  9]
 [ 0 10]
 [ 0 11]]
Beginning optimization of a STOCHASTIC objective function

 Iteration    f-count      E[f(x)]        SD[f(x)]           MeshScale          Method              Actions
     0           1         12845.6             nan               1                                  
     0          33         12026.2             nan               1          Initial mesh            Initial points
     0          34         12013.6        0.918029               1        Successful poll           Train
     1          37         11755.4        0.918028               1      Successful search (ES-wcm)        
     1          38         11543.7        0.918032               1      Successful search (ES-wcm)        
     1          40         11514.7        0.918027               1      Successful search (ES-wcm)        
     1          43         11465.6        0.918013               1      Successful search (ES-wcm)        
     1          50         11440.8        0.917612               1      Successful search (ES-wcm)        
     1          54         11426.7        0.911325               1      Successful search (ES-wcm)        
     1          57         11426.5        0.879993               1      Incremental search (ES-wcm)        
     1          61         11376.5        0.983813               1      Successful search (ES-wcm)        
     1          72         11375.3        0.984029               1      Successful search (ES-wcm)        
     1          77         11318.3        0.981954               1      Successful search (ES-wcm)        
     1         109         11310.2         4.97888               1        Successful poll           Train
     2         116         11309.2         1.12104               1      Incremental search (ES-ell)        
----------------------------------------
Start job epilogue Sun Nov  9 21:23:11 CET 2025
----------------------------------------
Job ID:          49461216
Job Exit Code:   0:0
Username:        wenlou
Group:           mpla
Queue:           gpu
Compute nodes:   dccn-c088
Asked resources: walltime=1-00:00:00,nodes=1,cpus=8,mem=2G
Used resources:  cputime=8-00:03:12,walltime=1-00:00:24,memory=2G
----------------------------------------
End job epilogue Sun Nov  9 21:23:11 CET 2025
----------------------------------------
