----------------------------------------
Start task prologue Sat Aug  2 17:38:42 CEST 2025
----------------------------------------
Step ID:         48430954.
Username:        wenlou
Group:           mpla
Asked resources: walltime=20:00:00,nodes=1,cpus=8,mem=4G
Queue:           batch
Compute nodes:   dccn-c058
----------------------------------------
End task prologue Sat Aug  2 17:38:42 CEST 2025
----------------------------------------
CUDA version:
nvcc: NVIDIA (R) Cuda compiler driver
Copyright (c) 2005-2024 NVIDIA Corporation
Built on Thu_Mar_28_02:18:24_PDT_2024
Cuda compilation tools, release 12.4, V12.4.131
Build cuda_12.4.r12.4/compiler.34097967_0
Running model for sub_id=20, m_id=10, method=bads
device is : cpu

 ------- Start Optimization for Subject 20 ---------- 

 -- Start Optimization: method BADS --

 Optimization Run 1/10
Initial params: [1.9789, 4.1672, 9.7562, 0.4692, 0.3196, 0.2907, 37.6854, 4.5062, 2.0091]
bads:TooCloseBounds: For each variable, hard and plausible bounds should not be too close. Moving plausible bounds.
Variables (index) internally transformed to log coordinates: [[0 0]
 [0 3]
 [0 4]
 [0 5]
 [0 6]
 [0 7]
 [0 8]]
Beginning optimization of a STOCHASTIC objective function

 Iteration    f-count      E[f(x)]        SD[f(x)]           MeshScale          Method              Actions
     0           1           24425             nan               1                                  
     0          33         22985.3             nan               1          Initial mesh            Initial points
     0          34         22984.2         0.99965               1        Successful poll           Train
     1          35         22880.7        0.999636               1      Successful search (ES-wcm)        
     1          41         22746.1        0.999077               1      Successful search (ES-wcm)        
     1          43         22612.5        0.999044               1      Successful search (ES-wcm)        
     1          46         22597.4          0.9994               1      Successful search (ES-wcm)        
     1          52         22541.6        0.993341               1      Successful search (ES-wcm)        
     1          54         22294.1        0.990917               1      Successful search (ES-ell)        
     1          56         21341.9        0.990928               1      Successful search (ES-ell)        
     1          63         21262.1        0.990905               1      Successful search (ES-ell)        
     1          66         20764.8        0.990877               1      Successful search (ES-wcm)        
     1          69         20631.6        0.990668               1      Successful search (ES-wcm)        
     1          70           20407        0.990701               1      Successful search (ES-wcm)        
     1          71           20335        0.990803               1      Successful search (ES-wcm)        
     1          81         20108.9          1.0252               1      Successful search (ES-wcm)        
     1          85         20107.4         1.02501               1      Successful search (ES-ell)        
     1          87         20104.4         1.02504               1      Successful search (ES-wcm)        
     1          89         20052.7         1.02477               1      Successful search (ES-wcm)        
     1          91         19831.3        0.995689               1      Successful search (ES-wcm)        
     1          93           19750        0.995696               1      Successful search (ES-ell)        
     1          96         19729.6        0.995608               1      Successful search (ES-ell)        
     1         100         19723.7        0.995532               1      Successful search (ES-ell)        
     1         103         19700.7        0.995369               1      Successful search (ES-ell)        
     1         105         19679.1        0.995105               1      Successful search (ES-ell)        
     1         128         19679.1        0.995105             0.5          Refine grid             
     2         135         19693.5          0.9724             0.5      Successful search (ES-ell)        
     2         137         19690.3         1.00598             0.5      Successful search (ES-wcm)        
     2         162         19690.3         1.00598            0.25          Refine grid             Train
     3         164         19686.3         1.65143            0.25      Successful search (ES-ell)        
     3         165         19669.5         1.65304            0.25      Successful search (ES-ell)        
     3         167         19658.7         1.75707            0.25      Successful search (ES-wcm)        
     3         197         19658.7         1.75707           0.125          Refine grid             Train
     4         201           19684         1.56125           0.125      Successful search (ES-wcm)        
     4         203         19676.1         1.60487           0.125      Successful search (ES-ell)        
     4         205         19659.7         1.58702           0.125      Successful search (ES-ell)        
     4         207         19658.5         1.64811           0.125      Successful search (ES-ell)        
     4         213           19635         1.57298           0.125      Successful search (ES-ell)        
     4         214         19624.5         1.60633           0.125      Successful search (ES-ell)        
     4         241         19624.5         1.60633          0.0625          Refine grid             Train
     5         267           19629         1.43735         0.03125          Refine grid             Train
     6         269         19644.5         2.55452         0.03125      Successful search (ES-ell)        
     6         276         19641.5         2.55202         0.03125      Successful search (ES-wcm)        
     6         302         19641.5         2.55202        0.015625          Refine grid             
     7         323         19637.7         2.55552         0.03125        Successful poll           
     8         349         19637.7         2.55551        0.015625          Refine grid             
     9         368         19643.9         2.55531         0.03125        Successful poll           
    10         372         19640.4          2.5554         0.03125      Successful search (ES-wcm)        
    10         403         19640.4          2.5554        0.015625          Refine grid             
    11         429         19643.9         2.55427       0.0078125          Refine grid             Train
    12         431         19644.3         2.52063       0.0078125      Successful search (ES-ell)        
    12         464         19644.3         2.52063      0.00390625          Refine grid             
    13         465         19639.4         2.49021      0.00390625      Successful search (ES-ell)        
    13         499         19639.4         2.49021      0.00195312          Refine grid             
    14         525         19651.6         1.80763     0.000976562          Refine grid             Train
    15         543         19664.7         1.14099      0.00195312        Successful poll           Train
    16         557         19656.4         2.49931      0.00390625        Successful poll           Train
    17         558         19667.4         5.80396      0.00390625      Successful search (ES-ell)        
    17         559         19666.3         6.14068      0.00390625      Successful search (ES-ell)        
    17         592         19666.3         6.14068      0.00195312          Refine grid             
    18         594         19650.3         2.19257      0.00195312      Successful search (ES-wcm)        
    18         595         19643.4         2.45187      0.00195312      Successful search (ES-wcm)        
    18         627         19643.4         2.45187     0.000976562          Refine grid             
    19         628         19672.7         1.47633     0.000976562      Successful search (ES-wcm)        
    19         629         19667.5         1.55477     0.000976562      Successful search (ES-ell)        
    19         649         19657.5         2.43941      0.00195312        Successful poll           Train
    20         650         19673.7         3.65354      0.00195312      Successful search (ES-ell)        
    20         652         19673.4         3.70747      0.00195312      Successful search (ES-ell)        
    20         663         19673.3         3.43307      0.00195312      Successful search (ES-wcm)        
    20         664         19673.2          3.6015      0.00195312      Successful search (ES-wcm)        
    20         665         19672.7         3.83853      0.00195312      Successful search (ES-wcm)        
    20         666           19672         4.25461      0.00195312      Successful search (ES-wcm)        
    20         694         19659.6         15.5391      0.00390625        Successful poll           
    21         695         19674.8         5.14344      0.00390625      Successful search (ES-wcm)        
    21         705         19673.5         5.75208      0.00390625      Successful search (ES-wcm)        
    21         706         19670.7         8.13941      0.00390625      Successful search (ES-wcm)        
    21         728         19640.1         13.8633       0.0078125        Successful poll           
    22         729         19654.4         14.4986       0.0078125      Successful search (ES-wcm)        
    22         731         19652.2         10.6497       0.0078125      Successful search (ES-wcm)        
    22         763         19652.2         10.6497      0.00390625          Refine grid             
    23         788         19659.5         4.68747       0.0078125        Successful poll           Train
    24         789         19659.8         4.29732       0.0078125      Successful search (ES-ell)        
    24         790         19652.1         6.27585       0.0078125      Successful search (ES-ell)        
    24         791         19641.8         9.06521       0.0078125      Successful search (ES-ell)        
    24         823         19641.8         9.06521      0.00390625          Refine grid             
    25         826         19665.4         3.83565      0.00390625      Successful search (ES-wcm)        
    25         834         19657.2         3.59306      0.00390625      Successful search (ES-wcm)        
    25         835         19650.1         4.55936      0.00390625      Successful search (ES-wcm)        
    25         836         19647.1         6.14899      0.00390625      Successful search (ES-wcm)        
    25         867         19647.1         6.14899      0.00195312          Refine grid             
    26         868         19650.6         3.59219      0.00195312      Successful search (ES-wcm)        
    26         877         19650.3         3.41925      0.00195312      Successful search (ES-ell)        
    26         878           19648         4.33593      0.00195312      Successful search (ES-ell)        
    26         879         19645.9         5.60249      0.00195312      Successful search (ES-ell)        
    26         900         19645.9         5.60249     0.000976562          Refine grid             
Optimization terminated: reached maximum number of function evaluations options['max_fun_evals'].
Estimated function value at minimum: 19652.407052339306 ± 2.6015830768015045 (mean ± SEM from 100 samples)
BADS minimum at: x_min = [4.9749e+00 4.8361e+00 5.5478e+00 0.0000e+00 1.0000e-04 2.3180e-01
 3.8524e+00 6.1000e-03 5.9100e-01], NLL = 19652.4071
total f-count: 1000, time: 60.97 min

 Optimization Run 2/10
Initial params: [1.2322, 2.5108, 6.1242, 0.2662, 0.3193, 0.0408, 7.5904, 3.053, 6.4798]
bads:TooCloseBounds: For each variable, hard and plausible bounds should not be too close. Moving plausible bounds.
Variables (index) internally transformed to log coordinates: [[0 0]
 [0 3]
 [0 4]
 [0 5]
 [0 6]
 [0 7]
 [0 8]]
Beginning optimization of a STOCHASTIC objective function

 Iteration    f-count      E[f(x)]        SD[f(x)]           MeshScale          Method              Actions
     0           1         24412.2             nan               1                                  
     0          33         22971.1             nan               1          Initial mesh            Initial points
     0          42         22673.7        0.999571               1        Successful poll           Train
     1          45         22640.1        0.999596               1      Successful search (ES-wcm)        
     1          47         22326.8        0.999479               1      Successful search (ES-wcm)        
     1          50         22187.9        0.999198               1      Successful search (ES-wcm)        
     1          53         22157.7        0.964551               1      Successful search (ES-wcm)        
     1          55         21869.7        0.964543               1      Successful search (ES-wcm)        
     1          56         20541.7        0.964548               1      Successful search (ES-wcm)        
     1          59         20331.2        0.964516               1      Successful search (ES-ell)        
     1          60         20005.9        0.964498               1      Successful search (ES-ell)        
     1          62         19933.8        0.964365               1      Successful search (ES-ell)        
     1          64           19818        0.964294               1      Successful search (ES-ell)        
     1          67         19751.9        0.964023               1      Successful search (ES-ell)        
     1          69         19664.8        0.963431               1      Successful search (ES-ell)        
     1          92         19664.8        0.963431             0.5          Refine grid             Train
     2          93         19654.9         1.02654             0.5      Successful search (ES-ell)        
     2         111         19638.6         1.27542               1        Successful poll           Train
     3         118         19629.1         1.27486               1      Successful search (ES-ell)        
     3         139           19592         1.17946               1        Successful poll           Train
     4         162           19592         1.17946             0.5          Refine grid             Train
     5         187         19592.3         1.20246            0.25          Refine grid             Train
     6         188         19576.9         1.20715            0.25      Successful search (ES-wcm)        
     6         196         19568.4         1.20661            0.25      Successful search (ES-wcm)        
     6         222         19568.4         1.20661           0.125          Refine grid             Train
     7         228         19608.3        0.897805           0.125      Successful search (ES-wcm)        
     7         229         19598.1         1.19478           0.125      Successful search (ES-wcm)        
     7         230         19588.4         1.18553           0.125      Successful search (ES-wcm)        
     7         231         19569.3         1.16789           0.125      Successful search (ES-wcm)        
     7         257         19569.3         1.16789          0.0625          Refine grid             
     8         258         19574.7         1.17639          0.0625      Successful search (ES-wcm)        
     8         292         19574.7         1.17639         0.03125          Refine grid             
     9         305         19595.1         7.23827          0.0625        Successful poll           
    10         306         19586.5         8.37247          0.0625      Successful search (ES-wcm)        
    10         307           19571         15.2236          0.0625      Successful search (ES-wcm)        
    10         309         19562.5         12.7527          0.0625      Successful search (ES-wcm)        
    10         340         19562.5         12.7527         0.03125          Refine grid             
    11         341         19592.5         4.87319         0.03125      Successful search (ES-ell)        
    11         342         19584.4         5.71291         0.03125      Successful search (ES-ell)        
    11         343         19573.8          6.3619         0.03125      Successful search (ES-ell)        
    11         344         19567.9         6.75923         0.03125      Successful search (ES-ell)        
    11         345         19564.2         7.80474         0.03125      Successful search (ES-ell)        
    11         353         19563.5         5.58728         0.03125      Successful search (ES-ell)        
    11         354         19562.2         5.61501         0.03125      Successful search (ES-ell)        
    11         355         19560.3         5.71137         0.03125      Successful search (ES-ell)        
    11         384         19560.3         5.71137        0.015625          Refine grid             
    12         385         19567.8         3.75435        0.015625      Successful search (ES-ell)        
    12         388         19567.1         3.62832        0.015625      Successful search (ES-ell)        
    12         389           19566         3.88699        0.015625      Successful search (ES-ell)        
    12         390         19565.2          4.4173        0.015625      Successful search (ES-ell)        
    12         394         19563.9         5.04575        0.015625      Successful search (ES-wcm)        
    12         395         19562.4         5.74345        0.015625      Successful search (ES-ell)        
    12         428         19562.4         5.74345       0.0078125          Refine grid             
    13         454         19567.1         3.22416      0.00390625          Refine grid             
    14         455         19566.5         3.63134      0.00390625      Successful search (ES-wcm)        
    14         458           19566          3.5002      0.00390625      Successful search (ES-ell)        
    14         459         19564.9         3.55102      0.00390625      Successful search (ES-ell)        
    14         460         19563.6         3.66395      0.00390625      Successful search (ES-ell)        
    14         461         19561.5         3.94601      0.00390625      Successful search (ES-ell)        
    14         462         19559.5         4.35873      0.00390625      Successful search (ES-wcm)        
    14         463         19558.8         5.39821      0.00390625      Successful search (ES-wcm)        
    14         489         19558.8         5.39821      0.00195312          Refine grid             Train
    15         490         19566.7         3.36007      0.00195312      Successful search (ES-wcm)        
    15         491         19565.8         3.56283      0.00195312      Successful search (ES-wcm)        
    15         492         19565.5         3.77789      0.00195312      Successful search (ES-wcm)        
    15         493         19564.7         4.02291      0.00195312      Successful search (ES-wcm)        
    15         497         19564.5         3.82882      0.00195312      Successful search (ES-ell)        
    15         524         19564.5         3.82882     0.000976562          Refine grid             
    16         525         19566.9         3.03139     0.000976562      Successful search (ES-ell)        
    16         559         19566.9         3.03139     0.000488281          Refine grid             
    17         560           19567         2.56487     0.000488281      Successful search (ES-ell)        
    17         561         19566.7         2.54767     0.000488281      Successful search (ES-ell)        
    17         562         19566.2          2.5721     0.000488281      Successful search (ES-ell)        
    17         563         19565.2         2.73515     0.000488281      Successful search (ES-ell)        
    17         564           19564         3.04986     0.000488281      Successful search (ES-ell)        
    17         565           19562         3.69794     0.000488281      Successful search (ES-ell)        
    17         566         19560.5         4.74603     0.000488281      Successful search (ES-ell)        
    17         567         19560.2         6.13372     0.000488281      Successful search (ES-ell)        
    17         568         19558.3         8.17145     0.000488281      Successful search (ES-ell)        
    17         595         19558.3         8.17145     0.000244141          Refine grid             
    18         596           19568         2.49476     0.000244141      Successful search (ES-ell)        
    18         597         19567.9         2.48968     0.000244141      Successful search (ES-ell)        
    18         598         19567.7         2.47703     0.000244141      Successful search (ES-ell)        
    18         599         19567.7         2.48856     0.000244141      Successful search (ES-ell)        
    18         600           19567         2.49256     0.000244141      Successful search (ES-ell)        
    18         601           19567         2.53072     0.000244141      Successful search (ES-wcm)        
    18         602         19566.8         2.52105     0.000244141      Successful search (ES-wcm)        
    18         603         19565.9          2.7038     0.000244141      Successful search (ES-ell)        
    18         604         19565.1         3.29112     0.000244141      Successful search (ES-ell)        
    18         605         19564.4         3.43529     0.000244141      Successful search (ES-ell)        
    18         606         19564.3         3.46737     0.000244141      Successful search (ES-ell)        
    18         607         19564.3         3.53111     0.000244141      Successful search (ES-ell)        
    18         608         19563.8         3.66462     0.000244141      Successful search (ES-ell)        
    18         609         19563.2         3.76363     0.000244141      Successful search (ES-ell)        
    18         639         19563.2         3.76363      0.00012207          Refine grid             
    19         641         19566.3         3.22743      0.00012207      Successful search (ES-wcm)        
    19         644         19566.2         3.14405      0.00012207      Successful search (ES-ell)        
    19         647         19565.8         3.07168      0.00012207      Successful search (ES-wcm)        
    19         650         19565.7         3.01985      0.00012207      Successful search (ES-wcm)        
    19         652         19565.6         2.98866      0.00012207      Successful search (ES-wcm)        
    19         683         19565.6         2.98866     6.10352e-05          Refine grid             
    20         709         19565.9         2.34937     3.05176e-05          Refine grid             
    21         711         19566.4          2.1299     3.05176e-05      Successful search (ES-ell)        
    21         718           19566         2.07326     3.05176e-05      Successful search (ES-ell)        
    21         719           19566          2.0673     3.05176e-05      Successful search (ES-ell)        
    21         720           19566         2.06095     3.05176e-05      Successful search (ES-ell)        
    21         753           19566         2.06095     1.52588e-05          Refine grid             
    22         754         19566.6         1.82031     1.52588e-05      Successful search (ES-wcm)        
    22         789         19566.6         1.82031     7.62939e-06          Refine grid             
    23         790         19567.5         1.63032     7.62939e-06      Successful search (ES-wcm)        
    23         791         19567.5         1.62747     7.62939e-06      Successful search (ES-wcm)        
    23         792         19567.5         1.62617     7.62939e-06      Successful search (ES-wcm)        
    23         793         19567.5         1.62727     7.62939e-06      Successful search (ES-wcm)        
    23         825         19567.5         1.62727      3.8147e-06          Refine grid             
    24         826         19567.8         1.68671      3.8147e-06      Incremental search (ES-wcm)        
    24         827         19567.6         1.68822      3.8147e-06      Successful search (ES-wcm)        
    24         828         19567.6         1.68859      3.8147e-06      Successful search (ES-ell)        
    24         832         19567.5         1.68777      3.8147e-06      Successful search (ES-ell)        
    24         838         19567.5         1.68613      3.8147e-06      Incremental search (ES-wcm)        
    24         849         19567.1         2.84163     7.62939e-06        Successful poll           Train
    25         850         19565.9         2.89221     7.62939e-06      Successful search (ES-ell)        
    25         851         19564.8         3.02022     7.62939e-06      Successful search (ES-ell)        
    25         852         19563.6         3.40149     7.62939e-06      Successful search (ES-ell)        
    25         853         19561.5         4.16274     7.62939e-06      Successful search (ES-ell)        
    25         854         19559.7         4.97252     7.62939e-06      Successful search (ES-ell)        
    25         855         19554.2         6.39607     7.62939e-06      Successful search (ES-ell)        
    25         856         19551.4         6.19215     7.62939e-06      Successful search (ES-wcm)        
    25         857         19548.3         9.16896     7.62939e-06      Successful search (ES-ell)        
    25         885         19548.3         9.16896      3.8147e-06          Refine grid             
    26         887         19566.9         1.68378      3.8147e-06      Successful search (ES-wcm)        
Optimization terminated: reached maximum number of function evaluations options['max_fun_evals'].
Estimated function value at minimum: 19566.903747854823 ± 2.5246308410463003 (mean ± SEM from 100 samples)
BADS minimum at: x_min = [4.9998e+00 4.6761e+00 5.5990e+00 1.0000e-04 9.0000e-04 2.5110e-01
 3.4584e+00 7.1790e-01 6.7330e-01], NLL = 19566.9037
total f-count: 1000, time: 61.39 min

 Optimization Run 3/10
Initial params: [0.4897, 6.5992, 2.365, 0.0966, 0.1313, 0.105, 18.2487, 3.4926, 11.5963]
bads:TooCloseBounds: For each variable, hard and plausible bounds should not be too close. Moving plausible bounds.
Variables (index) internally transformed to log coordinates: [[0 0]
 [0 3]
 [0 4]
 [0 5]
 [0 6]
 [0 7]
 [0 8]]
Beginning optimization of a STOCHASTIC objective function

 Iteration    f-count      E[f(x)]        SD[f(x)]           MeshScale          Method              Actions
     0           1           24425             nan               1                                  
     0          33         22975.8             nan               1          Initial mesh            Initial points
     0          34         22956.9        0.999674               1        Successful poll           Train
     1          39         22801.1         0.99957               1      Successful search (ES-wcm)        
     1          43         22778.8        0.997114               1      Successful search (ES-wcm)        
     1          47         22587.3        0.998947               1      Successful search (ES-wcm)        
     1          49         22526.7        0.997349               1      Successful search (ES-wcm)        
     1          56         22426.5         1.00759               1      Successful search (ES-ell)        
     1          62         22330.2         1.00786               1      Successful search (ES-ell)        
     1          65         22322.5         1.00693               1      Successful search (ES-ell)        
     1          69           21780         1.00658               1      Successful search (ES-ell)        
     1          70         20941.5         1.00702               1      Successful search (ES-ell)        
     1          72         20873.9        0.996756               1      Successful search (ES-ell)        
     1          76         20776.1        0.996622               1      Successful search (ES-ell)        
     1          77         20478.5        0.996695               1      Successful search (ES-ell)        
     1          85         20394.9        0.995086               1      Successful search (ES-wcm)        
     1          86         20384.8        0.995633               1      Successful search (ES-wcm)        
     1          88         20268.7        0.980736               1      Successful search (ES-wcm)        
     1          89         20102.3        0.996739               1      Successful search (ES-wcm)        
     1          92         19904.4         1.03657               1      Successful search (ES-wcm)        
     1          94           19873         1.03661               1      Successful search (ES-ell)        
     1          95         19849.7         1.03655               1      Successful search (ES-ell)        
     1          98         19844.1         1.03655               1      Successful search (ES-ell)        
     1         101           19800         1.03626               1      Successful search (ES-ell)        
     1         105         19789.2         1.03436               1      Successful search (ES-ell)        
     1         110         19769.5         1.16713               1      Successful search (ES-ell)        
     1         111         19701.1         1.16691               1      Successful search (ES-wcm)        
     1         113         19700.1         1.16765               1      Successful search (ES-wcm)        
     1         114         19685.7         1.16803               1      Successful search (ES-wcm)        
     1         116         19667.4         1.16817               1      Successful search (ES-wcm)        
     1         119         19650.9         1.16554               1      Successful search (ES-wcm)        
     1         121         19632.6         1.15732               1      Successful search (ES-wcm)        
     1         125         19612.4         1.15682               1      Successful search (ES-wcm)        
     1         155         19612.4         1.15682             0.5          Refine grid             Train
     2         159         19630.8          5.9569             0.5      Successful search (ES-ell)        
     2         188         19630.8          5.9569            0.25          Refine grid             Train
     3         189         19639.3          13.795            0.25      Successful search (ES-wcm)        
     3         191         19622.4         14.2837            0.25      Successful search (ES-ell)        
     3         222         19622.4         14.2837           0.125          Refine grid             
     4         223         19628.4         5.46515           0.125      Successful search (ES-ell)        
     4         224         19615.4         13.3857           0.125      Successful search (ES-wcm)        
     4         257         19615.4         13.3857          0.0625          Refine grid             
     5         258         19616.8         6.18556          0.0625      Successful search (ES-wcm)        
     5         260         19606.2         10.2533          0.0625      Successful search (ES-wcm)        
     5         261         19597.5         18.2243          0.0625      Successful search (ES-wcm)        
     5         263         19595.4         11.8519          0.0625      Successful search (ES-wcm)        
     5         291         19595.4         11.8519         0.03125          Refine grid             Train
     6         292         19631.3         4.66517         0.03125      Successful search (ES-ell)        
     6         293         19626.8         4.72711         0.03125      Successful search (ES-ell)        
     6         294         19623.9         5.79816         0.03125      Successful search (ES-ell)        
     6         295         19620.6         7.47708         0.03125      Successful search (ES-ell)        
     6         296         19617.5         9.73774         0.03125      Successful search (ES-ell)        
     6         324         19615.8         6.73532          0.0625        Successful poll           Train
     7         325         19609.7         5.71709          0.0625      Successful search (ES-wcm)        
     7         328         19608.9          3.8156          0.0625      Successful search (ES-wcm)        
     7         329         19606.4         4.27068          0.0625      Successful search (ES-wcm)        
     7         332         19606.3         5.13614          0.0625      Successful search (ES-wcm)        
     7         334         19604.1         8.37145          0.0625      Successful search (ES-wcm)        
     7         336         19602.9         5.82901          0.0625      Successful search (ES-wcm)        
     7         340         19601.9         5.25757          0.0625      Successful search (ES-wcm)        
     7         367         19601.9         5.25757         0.03125          Refine grid             
     8         368         19607.5         4.08321         0.03125      Successful search (ES-wcm)        
     8         369         19605.9          8.3889         0.03125      Successful search (ES-wcm)        
     8         371         19605.9         11.6395         0.03125      Successful search (ES-wcm)        
     8         373         19605.1         7.06658         0.03125      Successful search (ES-wcm)        
     8         374         19599.6         7.07627         0.03125      Successful search (ES-wcm)        
     8         375         19589.8         9.31449         0.03125      Successful search (ES-wcm)        
     8         402         19589.8         9.31449        0.015625          Refine grid             
     9         403         19597.5         3.75086        0.015625      Successful search (ES-wcm)        
     9         404         19595.6         4.05585        0.015625      Successful search (ES-wcm)        
     9         405           19595         4.81518        0.015625      Successful search (ES-wcm)        
     9         409         19594.9         4.48744        0.015625      Successful search (ES-wcm)        
     9         414         19594.6         4.15851        0.015625      Successful search (ES-ell)        
     9         446         19594.6         4.15851       0.0078125          Refine grid             
    10         447         19598.6         2.94966       0.0078125      Successful search (ES-wcm)        
    10         448         19597.9         3.23199       0.0078125      Successful search (ES-wcm)        
    10         450         19596.8         4.18131       0.0078125      Successful search (ES-wcm)        
    10         453         19596.1         4.88413       0.0078125      Successful search (ES-wcm)        
    10         455         19595.9         5.58924       0.0078125      Successful search (ES-wcm)        
    10         482         19594.7         5.59931        0.015625        Successful poll           
    11         483         19591.5         5.79565        0.015625      Successful search (ES-ell)        
    11         484         19589.1         7.86898        0.015625      Successful search (ES-ell)        
    11         485         19582.3         11.5103        0.015625      Successful search (ES-ell)        
    11         517         19582.3         11.5103       0.0078125          Refine grid             Train
    12         518         19594.6         4.96513       0.0078125      Successful search (ES-ell)        
    12         519           19591         5.74752       0.0078125      Successful search (ES-ell)        
    12         520         19586.7         6.69724       0.0078125      Successful search (ES-ell)        
    12         521           19583         8.11182       0.0078125      Successful search (ES-ell)        
    12         522         19580.5         10.5596       0.0078125      Successful search (ES-ell)        
    12         553         19580.5         10.5596      0.00390625          Refine grid             
    13         580         19597.6         3.07202      0.00195312          Refine grid             
    14         607           19603         4.06853     0.000976562          Refine grid             Train
    15         608           19600         3.57846     0.000976562      Successful search (ES-wcm)        
    15         609         19599.4         3.46381     0.000976562      Successful search (ES-wcm)        
    15         610         19598.9         3.41487     0.000976562      Successful search (ES-wcm)        
    15         611         19598.4         3.39583     0.000976562      Successful search (ES-wcm)        
    15         612           19597         3.60153     0.000976562      Successful search (ES-ell)        
    15         613         19596.4          4.0604     0.000976562      Successful search (ES-ell)        
    15         614         19594.9         4.65349     0.000976562      Successful search (ES-ell)        
    15         615         19593.3         5.89165     0.000976562      Successful search (ES-ell)        
    15         616         19588.9         7.54392     0.000976562      Successful search (ES-ell)        
    15         617         19587.6         7.28664     0.000976562      Successful search (ES-ell)        
    15         651         19587.6         7.28664     0.000488281          Refine grid             Train
    16         652         19598.9         3.05153     0.000488281      Successful search (ES-wcm)        
    16         659         19597.7         2.92599     0.000488281      Successful search (ES-wcm)        
    16         661         19597.5          2.9203     0.000488281      Successful search (ES-ell)        
    16         662         19597.1         2.94268     0.000488281      Successful search (ES-ell)        
    16         664           19597         2.95764     0.000488281      Successful search (ES-ell)        
    16         665         19596.5         3.03619     0.000488281      Successful search (ES-ell)        
    16         666         19596.2         3.22215     0.000488281      Successful search (ES-ell)        
    16         696         19596.2         3.22215     0.000244141          Refine grid             Train
    17         697         19597.8         2.47116     0.000244141      Successful search (ES-wcm)        
    17         698         19597.6         2.46301     0.000244141      Successful search (ES-wcm)        
    17         699         19597.1         2.44915     0.000244141      Successful search (ES-wcm)        
    17         700         19596.9         2.42838     0.000244141      Successful search (ES-wcm)        
    17         701         19596.3         2.40536     0.000244141      Successful search (ES-wcm)        
    17         702         19595.8          2.4472     0.000244141      Successful search (ES-wcm)        
    17         703         19595.1          2.5903     0.000244141      Successful search (ES-ell)        
    17         704         19593.5         2.65399     0.000244141      Successful search (ES-ell)        
    17         705         19590.6           2.846     0.000244141      Successful search (ES-ell)        
    17         706         19590.4          2.8451     0.000244141      Successful search (ES-ell)        
    17         707         19590.2         2.84049     0.000244141      Successful search (ES-ell)        
    17         708         19589.9         2.85543     0.000244141      Successful search (ES-ell)        
    17         710         19589.8         2.84603     0.000244141      Successful search (ES-ell)        
    17         711         19589.6         2.84374     0.000244141      Successful search (ES-ell)        
    17         712           19589         2.88579     0.000244141      Successful search (ES-ell)        
    17         713         19587.3         2.96666     0.000244141      Successful search (ES-ell)        
    17         714         19586.5          3.0408     0.000244141      Successful search (ES-ell)        
    17         741         19586.5          3.0408      0.00012207          Refine grid             Train
    18         743         19596.1         3.84067      0.00012207      Successful search (ES-wcm)        
    18         744         19595.8         3.81641      0.00012207      Successful search (ES-wcm)        
    18         745         19595.6         3.79921      0.00012207      Successful search (ES-wcm)        
    18         750           19594         3.60263      0.00012207      Successful search (ES-ell)        
    18         751         19593.8         3.56305      0.00012207      Successful search (ES-ell)        
    18         752         19593.2         3.52438      0.00012207      Successful search (ES-ell)        
    18         753         19592.9         3.48889      0.00012207      Successful search (ES-ell)        
    18         754         19592.8         3.46405      0.00012207      Successful search (ES-ell)        
    18         755         19592.5         3.44902      0.00012207      Successful search (ES-ell)        
    18         756           19591         3.45185      0.00012207      Successful search (ES-ell)        
    18         757           19590         3.46799      0.00012207      Successful search (ES-ell)        
    18         786           19590         3.46799     6.10352e-05          Refine grid             Train
    19         788         19595.6         2.68924     6.10352e-05      Successful search (ES-ell)        
    19         800         19595.5          2.4976     6.10352e-05      Successful search (ES-ell)        
    19         802         19595.5         2.46893     6.10352e-05      Successful search (ES-ell)        
    19         803         19595.4         2.45543     6.10352e-05      Successful search (ES-ell)        
    19         804         19595.1         2.44246     6.10352e-05      Successful search (ES-ell)        
    19         805           19595         2.43002     6.10352e-05      Successful search (ES-ell)        
    19         806         19594.9         2.41777     6.10352e-05      Successful search (ES-ell)        
    19         810         19594.9         2.36694     6.10352e-05      Successful search (ES-ell)        
    19         811         19594.7         2.35621     6.10352e-05      Successful search (ES-ell)        
    19         840         19594.7         2.35621     3.05176e-05          Refine grid             Train
    20         867         19594.5         2.06704     7.62939e-06          Refine grid             Train
    21         868         19594.2         2.36641     7.62939e-06      Successful search (ES-wcm)        
    21         869         19593.9         2.35744     7.62939e-06      Successful search (ES-wcm)        
    21         870         19593.8         2.35143     7.62939e-06      Successful search (ES-wcm)        
    21         871         19593.5         2.34824     7.62939e-06      Successful search (ES-wcm)        
    21         873         19593.4         2.32966     7.62939e-06      Successful search (ES-wcm)        
    21         874         19593.1         2.33166     7.62939e-06      Successful search (ES-wcm)        
    21         877         19592.7         2.62246     7.62939e-06      Successful search (ES-ell)        
    21         900         19592.7         2.62246      3.8147e-06          Refine grid             
Optimization terminated: reached maximum number of function evaluations options['max_fun_evals'].
Estimated function value at minimum: 19594.774026847033 ± 2.5058308748804636 (mean ± SEM from 100 samples)
BADS minimum at: x_min = [4.9435e+00 4.4284e+00 5.3248e+00 3.7000e-03 0.0000e+00 2.4000e-01
 3.6685e+00 4.5890e-01 6.9140e-01], NLL = 19594.774
total f-count: 1000, time: 61.93 min

 Optimization Run 4/10
Initial params: [0.5573, 4.6095, 6.1561, 0.2361, 0.2666, 0.4543, 4.097, 2.093, 10.2871]
bads:TooCloseBounds: For each variable, hard and plausible bounds should not be too close. Moving plausible bounds.
Variables (index) internally transformed to log coordinates: [[0 0]
 [0 3]
 [0 4]
 [0 5]
 [0 6]
 [0 7]
 [0 8]]
Beginning optimization of a STOCHASTIC objective function

 Iteration    f-count      E[f(x)]        SD[f(x)]           MeshScale          Method              Actions
     0           1         22659.5             nan               1                                  
     0          33         22659.5             nan               1          Initial mesh            Initial points
     0          43         22487.8        0.999745               1        Successful poll           Train
     1          48         21682.4        0.999632               1      Successful search (ES-wcm)        
     1          50         21647.4        0.999459               1      Successful search (ES-wcm)        
     1          51         21618.5        0.999708               1      Successful search (ES-wcm)        
     1          54         20836.8        0.978496               1      Successful search (ES-wcm)        
     1          55         19828.4        0.978489               1      Successful search (ES-wcm)        
     1          57         19754.1        0.978497               1      Successful search (ES-wcm)        
     1          64         19726.6        0.978371               1      Successful search (ES-wcm)        
     1          65           19346        0.978456               1      Successful search (ES-wcm)        
     1          72         18940.2        0.983126               1      Successful search (ES-wcm)        
     1          73         18572.3        0.983119               1      Successful search (ES-wcm)        
     1          74         18099.8        0.983116               1      Successful search (ES-wcm)        
     1          83         18080.1        0.982582               1      Successful search (ES-wcm)        
     1          84         18049.1        0.981447               1      Successful search (ES-wcm)        
     1          87         18041.4        0.982147               1      Successful search (ES-wcm)        
     1          93         18031.1         1.01049               1      Successful search (ES-wcm)        
     1         102         17986.7         1.01059               1      Successful search (ES-wcm)        
     1         105           17941         1.01067               1      Successful search (ES-wcm)        
     1         108           17926         1.01067               1      Successful search (ES-ell)        
     1         118         17829.4         1.04029               1      Successful search (ES-ell)        
     1         146         17829.4         1.04029             0.5          Refine grid             
     2         169           17832         1.03187            0.25          Refine grid             Train
     3         170         17809.9         19.3746            0.25      Successful search (ES-wcm)        
     3         171         17785.2         21.9009            0.25      Successful search (ES-ell)        
     3         174         17762.4         20.2322            0.25      Successful search (ES-ell)        
     3         176           17739         21.5875            0.25      Successful search (ES-ell)        
     3         180         17710.1         20.7356            0.25      Successful search (ES-ell)        
     3         182         17702.7         21.6966            0.25      Successful search (ES-wcm)        
     3         188         17675.2         19.1794            0.25      Successful search (ES-ell)        
     3         192         17671.4         17.9582            0.25      Successful search (ES-ell)        
     3         194         17650.9         17.1333            0.25      Successful search (ES-ell)        
     3         195         17639.1         18.9893            0.25      Successful search (ES-ell)        
     3         199         17637.6           19.87            0.25      Successful search (ES-wcm)        
     3         202           17620         18.3636            0.25      Successful search (ES-wcm)        
     3         203         17608.2         18.7808            0.25      Successful search (ES-wcm)        
     3         208         17599.8         16.5185            0.25      Successful search (ES-wcm)        
     3         218         17587.7          16.038            0.25      Successful search (ES-ell)        
     3         226         17567.6         14.9999            0.25      Successful search (ES-ell)        
     3         256         17567.6         14.9999           0.125          Refine grid             
     4         257         17548.6         9.41498           0.125      Successful search (ES-ell)        
     4         290         17548.6         9.41498          0.0625          Refine grid             Train
     5         291         17577.6         7.15246          0.0625      Successful search (ES-ell)        
     5         293         17576.1          6.8787          0.0625      Successful search (ES-ell)        
     5         325         17576.1          6.8787         0.03125          Refine grid             Train
     6         326         17575.7         3.71148         0.03125      Successful search (ES-wcm)        
     6         327         17570.8         5.64027         0.03125      Successful search (ES-wcm)        
     6         328         17565.5         11.3717         0.03125      Successful search (ES-wcm)        
     6         330         17564.2         8.69999         0.03125      Successful search (ES-ell)        
     6         331         17562.5         10.8193         0.03125      Successful search (ES-ell)        
     6         333         17562.4         10.9505         0.03125      Successful search (ES-ell)        
     6         360         17562.4         10.9505        0.015625          Refine grid             
     7         386         17572.9         3.68529       0.0078125          Refine grid             Train
     8         387         17576.9         3.03694       0.0078125      Successful search (ES-wcm)        
     8         388         17576.8         3.26414       0.0078125      Successful search (ES-wcm)        
     8         389         17576.7         3.73805       0.0078125      Successful search (ES-wcm)        
     8         390         17576.5         5.12308       0.0078125      Successful search (ES-wcm)        
     8         392         17574.2         5.08113       0.0078125      Successful search (ES-ell)        
     8         421         17574.2         5.08113      0.00390625          Refine grid             Train
     9         422           17578         2.64997      0.00390625      Successful search (ES-ell)        
     9         423         17577.2         2.69945      0.00390625      Successful search (ES-ell)        
     9         424           17577         2.89732      0.00390625      Successful search (ES-ell)        
     9         425         17576.3         3.21775      0.00390625      Successful search (ES-ell)        
     9         426           17574         3.78366      0.00390625      Successful search (ES-ell)        
     9         456           17574         3.78366      0.00195312          Refine grid             
    10         457         17576.3         2.88397      0.00195312      Successful search (ES-wcm)        
    10         458         17575.9         2.87564      0.00195312      Successful search (ES-wcm)        
    10         459         17575.7         2.87987      0.00195312      Successful search (ES-wcm)        
    10         460         17574.9         2.94182      0.00195312      Successful search (ES-wcm)        
    10         461           17574         3.03884      0.00195312      Successful search (ES-wcm)        
    10         462         17571.1         2.70572      0.00195312      Successful search (ES-ell)        
    10         463           17550         3.15596      0.00195312      Successful search (ES-ell)        
    10         464         17525.8         4.51294      0.00195312      Successful search (ES-ell)        
    10         491         17525.8         4.51294     0.000976562          Refine grid             
    11         492         17575.8         2.69962     0.000976562      Successful search (ES-ell)        
    11         493         17575.8         2.66831     0.000976562      Successful search (ES-ell)        
    11         494         17575.6         2.66585     0.000976562      Successful search (ES-wcm)        
    11         495         17575.6         2.66735     0.000976562      Successful search (ES-wcm)        
    11         524         17565.2         2.55971      0.00195312        Successful poll           
    12         525         17560.2         2.60649      0.00195312      Successful search (ES-ell)        
    12         526         17557.4         2.65874      0.00195312      Successful search (ES-ell)        
    12         527         17543.1         2.76593      0.00195312      Successful search (ES-ell)        
    12         559         17543.1         2.76593     0.000976562          Refine grid             Train
    13         560         17575.6         2.05412     0.000976562      Successful search (ES-ell)        
    13         561         17575.1         2.16519     0.000976562      Successful search (ES-ell)        
    13         562         17575.1         2.34073     0.000976562      Successful search (ES-ell)        
    13         563         17574.2         2.70909     0.000976562      Successful search (ES-ell)        
    13         564         17573.2         3.36931     0.000976562      Successful search (ES-ell)        
    13         594         17572.9          3.0107      0.00195312        Successful poll           
    14         595         17571.2         2.95394      0.00195312      Successful search (ES-wcm)        
    14         596           17571         3.30504      0.00195312      Successful search (ES-wcm)        
    14         597         17569.9          3.9006      0.00195312      Successful search (ES-wcm)        
    14         629         17569.9          3.9006     0.000976562          Refine grid             
    15         655         17577.2         2.57695     0.000244141          Refine grid             Train
    16         656         17575.3         3.41996     0.000244141      Successful search (ES-wcm)        
    16         657         17575.1         3.65442     0.000244141      Successful search (ES-wcm)        
    16         658         17575.1         3.70232     0.000244141      Successful search (ES-ell)        
    16         659         17574.7         3.76354     0.000244141      Successful search (ES-ell)        
    16         660         17573.3         3.84539     0.000244141      Successful search (ES-ell)        
    16         671           17573         3.58257     0.000244141      Successful search (ES-ell)        
    16         672         17572.6         3.54857     0.000244141      Successful search (ES-ell)        
    16         673         17571.9         3.51856     0.000244141      Successful search (ES-ell)        
    16         674         17571.7         3.50371     0.000244141      Successful search (ES-ell)        
    16         708         17571.7         3.50371      0.00012207          Refine grid             Train
    17         709         17573.9         2.98408      0.00012207      Successful search (ES-wcm)        
    17         710         17573.5         3.03171      0.00012207      Successful search (ES-wcm)        
    17         711         17573.5         3.00848      0.00012207      Successful search (ES-ell)        
    17         712         17573.2          3.0719      0.00012207      Successful search (ES-ell)        
    17         713           17573         3.10183      0.00012207      Successful search (ES-ell)        
    17         714         17572.4         3.47616      0.00012207      Successful search (ES-wcm)        
    17         715         17571.5         3.46902      0.00012207      Successful search (ES-ell)        
    17         716         17569.7         3.82495      0.00012207      Successful search (ES-ell)        
    17         717         17567.3         5.08432      0.00012207      Successful search (ES-wcm)        
    17         744         17567.3         5.08432     6.10352e-05          Refine grid             Train
    18         745         17575.2         3.64902     6.10352e-05      Successful search (ES-ell)        
    18         779         17575.2         3.64902     3.05176e-05          Refine grid             
    19         780         17576.6         2.82289     3.05176e-05      Successful search (ES-wcm)        
    19         815         17576.6         2.82289     1.52588e-05          Refine grid             
    20         816         17576.8         2.83001     1.52588e-05      Successful search (ES-wcm)        
    20         850         17576.8         2.83001     7.62939e-06          Refine grid             
    21         851         17577.1         4.14232     7.62939e-06      Successful search (ES-ell)        
    21         852         17575.3         4.08484     7.62939e-06      Successful search (ES-wcm)        
    21         854         17575.2         3.96885     7.62939e-06      Successful search (ES-wcm)        
    21         865         17574.6         3.46016     7.62939e-06      Successful search (ES-wcm)        
    21         866         17574.1          3.4267     7.62939e-06      Successful search (ES-wcm)        
    21         867         17574.1         3.39233     7.62939e-06      Successful search (ES-wcm)        
    21         894         17574.1         3.39233      3.8147e-06          Refine grid             
    22         895         17576.9         2.43972      3.8147e-06      Successful search (ES-ell)        
Optimization terminated: reached maximum number of function evaluations options['max_fun_evals'].
Estimated function value at minimum: 17581.75418742107 ± 2.5306629955064457 (mean ± SEM from 100 samples)
BADS minimum at: x_min = [3.8586 3.3777 4.6726 0.0355 1.     0.2099 0.1564 5.8387 0.7937], NLL = 17581.7542
total f-count: 1000, time: 61.08 min

 Optimization Run 5/10
Initial params: [0.6744, 5.9735, 5.1057, 0.1507, 0.1256, 0.4286, 29.9767, 0.6997, 10.0484]
bads:TooCloseBounds: For each variable, hard and plausible bounds should not be too close. Moving plausible bounds.
Variables (index) internally transformed to log coordinates: [[0 0]
 [0 3]
 [0 4]
 [0 5]
 [0 6]
 [0 7]
 [0 8]]
Beginning optimization of a STOCHASTIC objective function

 Iteration    f-count      E[f(x)]        SD[f(x)]           MeshScale          Method              Actions
     0           1           24425             nan               1                                  
     0          33         22961.7             nan               1          Initial mesh            Initial points
     0          42         22678.1         0.99958               1        Successful poll           Train
     1          44         22666.1         0.99959               1      Successful search (ES-wcm)        
     1          47         22652.1        0.999542               1      Successful search (ES-wcm)        
     1          53           22419        0.965599               1      Successful search (ES-wcm)        
     1          58         22157.4        0.965554               1      Successful search (ES-wcm)        
     1          63         22156.2        0.965478               1      Successful search (ES-wcm)        
     1          76         22152.8        0.973263               1      Successful search (ES-wcm)        
     1          78         22128.5         0.97043               1      Successful search (ES-wcm)        
     1          81         22121.1        0.975449               1      Successful search (ES-wcm)        
     1          87         22119.7        0.971125               1      Successful search (ES-wcm)        
     1         110         21834.7         1.08374               1        Successful poll           Train
     2         111         20296.9         6.54717               1      Successful search (ES-wcm)        
     2         114         20180.5         6.53997               1      Successful search (ES-wcm)        
     2         116         20157.6         6.52765               1      Successful search (ES-wcm)        
     2         117         19930.5         6.51698               1      Successful search (ES-wcm)        
     2         118         19808.7         6.53062               1      Successful search (ES-wcm)        
     2         120         19706.4          6.5341               1      Successful search (ES-ell)        
     2         123         19620.1         6.47258               1      Successful search (ES-wcm)        
     2         127         19589.2         6.14115               1      Successful search (ES-wcm)        
     2         128         19498.4         5.72187               1      Successful search (ES-wcm)        
     2         129         19294.9         8.44295               1      Successful search (ES-wcm)        
     2         131         19224.6         8.57331               1      Successful search (ES-wcm)        
     2         137         19223.1         7.85638               1      Successful search (ES-wcm)        
     2         138         19160.9         7.56144               1      Successful search (ES-ell)        
     2         140         19122.3         8.19651               1      Successful search (ES-ell)        
     2         167         19122.3         8.19651             0.5          Refine grid             Train
     3         168         19118.8         13.5365             0.5      Successful search (ES-ell)        
     3         171         19066.4         12.9167             0.5      Successful search (ES-wcm)        
     3         173         19061.6         15.4354             0.5      Successful search (ES-wcm)        
     3         177           19053         14.8347             0.5      Successful search (ES-wcm)        
     3         181         19050.2         9.75421             0.5      Successful search (ES-wcm)        
     3         183         19048.9         9.41195             0.5      Successful search (ES-wcm)        
     3         186         19040.2         9.67157             0.5      Successful search (ES-wcm)        
     3         189         19039.3         7.75167             0.5      Successful search (ES-ell)        
     3         193         19035.4         6.45335             0.5      Successful search (ES-wcm)        
     3         194         19033.5         7.40428             0.5      Successful search (ES-ell)        
     3         218         19033.5         7.40428            0.25          Refine grid             
     4         219         19031.2         10.4363            0.25      Successful search (ES-wcm)        
     4         221         19028.9         10.0856            0.25      Successful search (ES-wcm)        
     4         251         19028.9         10.0856           0.125          Refine grid             
     5         252         19032.6         4.00016           0.125      Successful search (ES-wcm)        
     5         253         19031.4         4.79914           0.125      Successful search (ES-wcm)        
     5         256         19030.6         4.62514           0.125      Successful search (ES-ell)        
     5         259         19030.2         4.36422           0.125      Successful search (ES-wcm)        
     5         284         19030.2         4.36422          0.0625          Refine grid             Train
     6         285           19037         3.95827          0.0625      Successful search (ES-wcm)        
     6         290         19036.8         3.74176          0.0625      Successful search (ES-wcm)        
     6         292         19036.4         3.58391          0.0625      Successful search (ES-wcm)        
     6         295         19036.4         3.71347          0.0625      Successful search (ES-wcm)        
     6         297         19034.8         3.77454          0.0625      Successful search (ES-wcm)        
     6         302         19034.8         3.68222          0.0625      Successful search (ES-wcm)        
     6         305         19034.7         3.74884          0.0625      Successful search (ES-wcm)        
     6         308         19033.7         3.80764          0.0625      Successful search (ES-wcm)        
     6         310         19033.7         3.91389          0.0625      Successful search (ES-wcm)        
     6         320         19033.6         3.46469          0.0625      Successful search (ES-wcm)        
     6         344         19033.6         3.46469         0.03125          Refine grid             
     7         352         19037.3         3.34836         0.03125      Successful search (ES-wcm)        
     7         353           19037          3.3481         0.03125      Successful search (ES-ell)        
     7         354         19036.2         3.48429         0.03125      Successful search (ES-wcm)        
     7         355         19035.9         3.80783         0.03125      Successful search (ES-wcm)        
     7         356         19035.5         4.37417         0.03125      Successful search (ES-wcm)        
     7         368         19035.1         3.93483         0.03125      Successful search (ES-wcm)        
     7         395         19035.1         3.93483        0.015625          Refine grid             
     8         396           19036             3.3        0.015625      Successful search (ES-wcm)        
     8         428           19036             3.3       0.0078125          Refine grid             Train
     9         452         19035.4         3.16216        0.015625        Successful poll           Train
    10         453         19034.2         4.03772        0.015625      Successful search (ES-ell)        
    10         454         19033.1         5.11718        0.015625      Successful search (ES-ell)        
    10         474         19017.8         8.34528         0.03125        Successful poll           
    11         475         19036.3         4.91071         0.03125      Successful search (ES-ell)        
    11         476         19032.9         6.19784         0.03125      Successful search (ES-wcm)        
    11         477         19025.5         9.73349         0.03125      Successful search (ES-wcm)        
    11         507         19025.5         9.73349        0.015625          Refine grid             
    12         531         19036.8         3.75664       0.0078125          Refine grid             
    13         554         19035.6         5.58631        0.015625        Successful poll           Train
    14         555         19035.6         4.15189        0.015625      Successful search (ES-ell)        
    14         556         19034.9         5.36669        0.015625      Successful search (ES-ell)        
    14         559         19034.8         5.65255        0.015625      Successful search (ES-ell)        
    14         562         19033.2         5.78566        0.015625      Successful search (ES-wcm)        
    14         564         19033.1         5.95256        0.015625      Successful search (ES-wcm)        
    14         565         19030.2         7.18787        0.015625      Successful search (ES-ell)        
    14         570         19030.1         6.39553        0.015625      Successful search (ES-ell)        
    14         571         19027.4         6.33019        0.015625      Successful search (ES-ell)        
    14         572         19026.6         7.12823        0.015625      Successful search (ES-ell)        
    14         579         19026.2         6.00393        0.015625      Successful search (ES-ell)        
    14         580         19025.8         6.01294        0.015625      Successful search (ES-ell)        
    14         605         19025.8         6.01294       0.0078125          Refine grid             Train
    15         606         19034.8         2.39901       0.0078125      Successful search (ES-wcm)        
    15         607         19033.7         2.69863       0.0078125      Successful search (ES-wcm)        
    15         608         19033.4         3.02442       0.0078125      Successful search (ES-wcm)        
    15         609         19032.8         3.34577       0.0078125      Successful search (ES-wcm)        
    15         610         19029.5         3.93999       0.0078125      Successful search (ES-wcm)        
    15         611           19027         4.96287       0.0078125      Successful search (ES-wcm)        
    15         612         19022.7         6.63492       0.0078125      Successful search (ES-wcm)        
    15         638         19022.7         6.63492      0.00390625          Refine grid             
    16         639         19025.7         4.31554      0.00390625      Successful search (ES-ell)        
    16         640         19025.1         4.47527      0.00390625      Successful search (ES-ell)        
    16         641         19024.7         4.73868      0.00390625      Successful search (ES-ell)        
    16         645         19024.6         4.61442      0.00390625      Successful search (ES-ell)        
    16         671         19024.6         4.61442      0.00195312          Refine grid             
    17         672         19028.4         3.24188      0.00195312      Successful search (ES-wcm)        
    17         673           19028         3.25143      0.00195312      Successful search (ES-wcm)        
    17         674           19028         3.35638      0.00195312      Successful search (ES-wcm)        
    17         675         19027.8         3.53444      0.00195312      Successful search (ES-wcm)        
    17         676         19027.5         3.75848      0.00195312      Successful search (ES-wcm)        
    17         677         19027.2         4.08147      0.00195312      Successful search (ES-wcm)        
    17         678         19026.2          4.4117      0.00195312      Successful search (ES-ell)        
    17         679         19025.4         4.74559      0.00195312      Successful search (ES-ell)        
    17         680         19022.4         5.77195      0.00195312      Successful search (ES-ell)        
    17         705         19022.4         5.77195     0.000976562          Refine grid             Train
    18         707         19027.3           4.153     0.000976562      Successful search (ES-ell)        
    18         708         19027.3         4.14591     0.000976562      Successful search (ES-ell)        
    18         714         19027.1         3.92123     0.000976562      Successful search (ES-wcm)        
    18         716         19026.6         3.87932     0.000976562      Successful search (ES-wcm)        
    18         717         19026.6         3.88397     0.000976562      Successful search (ES-wcm)        
    18         718         19025.6         3.89852     0.000976562      Successful search (ES-wcm)        
    18         719         19025.5         3.94823     0.000976562      Successful search (ES-wcm)        
    18         720         19025.1         4.00259     0.000976562      Successful search (ES-wcm)        
    18         738         19023.8         3.90322      0.00195312        Successful poll           Train
    19         740         19027.3         6.25533      0.00195312      Successful search (ES-wcm)        
    19         741         19027.2         6.27542      0.00195312      Successful search (ES-wcm)        
    19         742           19027         6.35283      0.00195312      Successful search (ES-wcm)        
    19         743         19026.9          6.4574      0.00195312      Successful search (ES-wcm)        
    19         746         19025.9         6.26083      0.00195312      Successful search (ES-wcm)        
    19         747         19025.6         6.36009      0.00195312      Successful search (ES-wcm)        
    19         750         19025.1         6.10019      0.00195312      Successful search (ES-wcm)        
    19         751         19024.3         6.07598      0.00195312      Successful search (ES-wcm)        
    19         781         19024.3         6.07598     0.000976562          Refine grid             
    20         782         19025.5         3.37733     0.000976562      Successful search (ES-wcm)        
    20         814         19025.5         3.37733     0.000488281          Refine grid             
    21         815         19026.4         2.85031     0.000488281      Successful search (ES-wcm)        
    21         847         19025.3         12.1094     0.000976562        Successful poll           
    22         848         19029.4          4.6545     0.000976562      Successful search (ES-wcm)        
    22         849         19028.3         4.72231     0.000976562      Successful search (ES-wcm)        
    22         857         19028.1         4.42504     0.000976562      Successful search (ES-wcm)        
    22         859         19027.9          4.2174     0.000976562      Successful search (ES-wcm)        
    22         860         19026.8         4.29868     0.000976562      Successful search (ES-wcm)        
    22         862           19026         4.33082     0.000976562      Successful search (ES-wcm)        
    22         864         19025.8         4.35937     0.000976562      Successful search (ES-wcm)        
    22         865         19025.4         4.40029     0.000976562      Successful search (ES-ell)        
    22         874         19024.6         4.05247     0.000976562      Successful search (ES-ell)        
    22         899         19022.4         3.41223      0.00195312        Successful poll           
    23         900         19023.1         3.45463      0.00195312      Successful search (ES-ell)        
Optimization terminated: reached maximum number of function evaluations options['max_fun_evals'].
Estimated function value at minimum: 19032.797862872605 ± 3.0055419935326855 (mean ± SEM from 100 samples)
BADS minimum at: x_min = [5.0000e+00 4.7497e+00 4.7375e+00 1.2000e-03 1.0000e+00 2.1290e-01
 3.4424e+00 0.0000e+00 6.4460e-01], NLL = 19032.7979
total f-count: 1000, time: 61.6 min

 Optimization Run 6/10
Initial params: [0.0452, 6.5801, 3.3934, 0.4657, 0.3188, 0.3528, 9.105, 2.4776, 17.5026]
bads:TooCloseBounds: For each variable, hard and plausible bounds should not be too close. Moving plausible bounds.
Variables (index) internally transformed to log coordinates: [[0 0]
 [0 3]
 [0 4]
 [0 5]
 [0 6]
 [0 7]
 [0 8]]
Beginning optimization of a STOCHASTIC objective function

 Iteration    f-count      E[f(x)]        SD[f(x)]           MeshScale          Method              Actions
     0           1           24401             nan               1                                  
     0          33         22975.6             nan               1          Initial mesh            Initial points
     0          42         22685.8        0.999558               1        Successful poll           Train
     1          46         22511.1        0.999439               1      Successful search (ES-wcm)        
     1          48         22170.5        0.999149               1      Successful search (ES-ell)        
     1          56         22161.5         1.03607               1      Successful search (ES-ell)        
     1          59         22158.7         1.03504               1      Successful search (ES-ell)        
     1          63         22150.1         1.03524               1      Successful search (ES-ell)        
     1          66         22105.8         1.03304               1      Successful search (ES-ell)        
     1          74         22083.8         1.05163               1      Successful search (ES-ell)        
     1          86         22080.9        0.967368               1      Successful search (ES-ell)        
     1         109         22023.2         5.37549               1        Successful poll           
     2         110         21390.3         14.2393               1      Successful search (ES-ell)        
     2         111         20570.1         14.5145               1      Successful search (ES-ell)        
     2         112         20215.8         14.5702               1      Successful search (ES-ell)        
     2         115           20157         14.4418               1      Successful search (ES-ell)        
     2         116         19912.3         14.2611               1      Successful search (ES-ell)        
     2         117         19564.7         14.3843               1      Successful search (ES-ell)        
     2         120         19502.6         13.6198               1      Successful search (ES-ell)        
     2         122         19433.1         12.8618               1      Successful search (ES-ell)        
     2         123         19326.2         14.0064               1      Successful search (ES-ell)        
     2         128         19318.6         10.5029               1      Successful search (ES-ell)        
     2         132         19278.3         10.2067               1      Successful search (ES-ell)        
     2         133         19242.1         14.0689               1      Successful search (ES-ell)        
     2         136         19199.2         13.6165               1      Successful search (ES-ell)        
     2         156         19199.2         13.6165             0.5          Refine grid             Train
     3         157         19421.6         19.2992             0.5      Successful search (ES-wcm)        
     3         160         19356.9         19.2855             0.5      Successful search (ES-wcm)        
     3         167         19146.3         19.5452             0.5      Successful search (ES-wcm)        
     3         171         19125.1         19.0567             0.5      Successful search (ES-ell)        
     3         178         19109.7         12.6183             0.5      Successful search (ES-wcm)        
     3         179         19056.5         16.1888             0.5      Successful search (ES-wcm)        
     3         181         19054.3         17.7133             0.5      Successful search (ES-ell)        
     3         183         19047.6         16.0378             0.5      Successful search (ES-wcm)        
     3         186         19042.7          17.023             0.5      Successful search (ES-ell)        
     3         187         19029.8         17.3609             0.5      Successful search (ES-ell)        
     3         192         19024.4         10.7637             0.5      Successful search (ES-ell)        
     3         196         19016.4          11.156             0.5      Successful search (ES-ell)        
     3         198           19015          9.5718             0.5      Successful search (ES-ell)        
     3         201         18998.3         13.7568             0.5      Successful search (ES-wcm)        
     3         206         18982.1         10.5369             0.5      Successful search (ES-ell)        
     3         207         18968.2         15.9833             0.5      Successful search (ES-ell)        
     3         208         18951.8         19.3137             0.5      Successful search (ES-ell)        
     3         209         18929.8         20.4753             0.5      Successful search (ES-ell)        
     3         234         18929.8         20.4753            0.25          Refine grid             Train
     4         235         18953.1         19.7084            0.25      Successful search (ES-ell)        
     4         236         18894.2         23.6176            0.25      Successful search (ES-ell)        
     4         238         18773.2         23.7752            0.25      Successful search (ES-ell)        
     4         241         18733.4         24.7202            0.25      Successful search (ES-ell)        
     4         242         18687.4         25.1448            0.25      Successful search (ES-ell)        
     4         244         18656.6         24.1817            0.25      Successful search (ES-ell)        
     4         246         18625.8         24.6709            0.25      Successful search (ES-ell)        
     4         249         18624.8         23.6415            0.25      Successful search (ES-ell)        
     4         250           18610         24.5603            0.25      Successful search (ES-ell)        
     4         251         18588.3         25.7358            0.25      Successful search (ES-ell)        
     4         252         18561.2         26.8046            0.25      Successful search (ES-ell)        
     4         253         18525.6         25.9193            0.25      Successful search (ES-ell)        
     4         256         18482.7         23.2458            0.25      Successful search (ES-ell)        
     4         258         18480.7         24.0244            0.25      Successful search (ES-ell)        
     4         259         18415.3         24.2727            0.25      Successful search (ES-ell)        
     4         261         18392.1         25.1639            0.25      Successful search (ES-ell)        
     4         264         18368.5         20.3976            0.25      Successful search (ES-ell)        
     4         265           18322         22.6092            0.25      Successful search (ES-ell)        
     4         266         18285.5         25.2667            0.25      Successful search (ES-ell)        
     4         267         18147.5         27.1233            0.25      Successful search (ES-wcm)        
     4         278         18139.6         16.0587            0.25      Successful search (ES-wcm)        
     4         279         18098.5         19.0833            0.25      Successful search (ES-wcm)        
     4         280         18062.6         29.2092            0.25      Successful search (ES-wcm)        
     4         281         17960.8         28.6076            0.25      Successful search (ES-wcm)        
     4         290         17955.5         18.7017            0.25      Successful search (ES-wcm)        
     4         292         17952.1         22.7091            0.25      Successful search (ES-wcm)        
     4         297         17946.4         12.7877            0.25      Successful search (ES-wcm)        
     4         300         17941.4          16.302            0.25      Successful search (ES-wcm)        
     4         301           17924         17.3939            0.25      Successful search (ES-wcm)        
     4         303         17922.3         17.4751            0.25      Successful search (ES-wcm)        
     4         306         17912.6         14.3002            0.25      Successful search (ES-wcm)        
     4         331         17912.6         14.3002           0.125          Refine grid             Train
     5         334         17918.4         10.7674           0.125      Successful search (ES-wcm)        
     5         335         17896.5         21.8339           0.125      Successful search (ES-wcm)        
     5         336         17832.9         24.7136           0.125      Successful search (ES-wcm)        
     5         337         17812.8         26.0087           0.125      Successful search (ES-wcm)        
     5         365         17812.8         26.0087          0.0625          Refine grid             
     6         366         17835.5         10.3342          0.0625      Successful search (ES-wcm)        
     6         367           17811         11.3115          0.0625      Successful search (ES-wcm)        
     6         368         17764.8         16.7701          0.0625      Successful search (ES-ell)        
     6         399         17764.8         16.7701         0.03125          Refine grid             
     7         400         17795.4         5.80299         0.03125      Successful search (ES-ell)        
     7         401         17778.3          6.9914         0.03125      Successful search (ES-ell)        
     7         402         17762.3          9.4448         0.03125      Successful search (ES-ell)        
     7         403           17761         14.5126         0.03125      Successful search (ES-ell)        
     7         433           17761         14.5126        0.015625          Refine grid             
     8         434         17768.3         4.74626        0.015625      Successful search (ES-ell)        
     8         435         17768.2         5.49553        0.015625      Successful search (ES-ell)        
     8         437         17767.3         5.83577        0.015625      Successful search (ES-ell)        
     8         438           17765          7.8623        0.015625      Successful search (ES-ell)        
     8         462         17755.2         6.61866         0.03125        Successful poll           Train
     9         463         17751.2         7.51245         0.03125      Successful search (ES-ell)        
     9         464         17747.2         9.71888         0.03125      Successful search (ES-ell)        
     9         466           17746         9.58651         0.03125      Successful search (ES-ell)        
     9         468         17740.4         8.44314         0.03125      Successful search (ES-ell)        
     9         469         17735.4         10.2554         0.03125      Successful search (ES-ell)        
     9         470         17727.7         12.2392         0.03125      Successful search (ES-ell)        
     9         496         17727.7         12.2392        0.015625          Refine grid             
    10         497         17736.9         4.85184        0.015625      Successful search (ES-ell)        
    10         498           17732         5.20298        0.015625      Successful search (ES-ell)        
    10         499           17727         6.83734        0.015625      Successful search (ES-ell)        
    10         500         17713.2         14.2336        0.015625      Successful search (ES-wcm)        
    10         501         17708.9         22.8413        0.015625      Successful search (ES-wcm)        
    10         502         17687.1         25.3218        0.015625      Successful search (ES-wcm)        
    10         504         17666.8         16.9812        0.015625      Successful search (ES-wcm)        
    10         530         17666.8         16.9812       0.0078125          Refine grid             
    11         531         17698.4         4.93239       0.0078125      Successful search (ES-wcm)        
    11         532         17693.5          5.9009       0.0078125      Successful search (ES-ell)        
    11         533         17688.1         8.28145       0.0078125      Successful search (ES-ell)        
    11         554         17672.5          8.5519        0.015625        Successful poll           Train
    12         561         17669.4         6.39866        0.015625      Successful search (ES-wcm)        
    12         564         17668.7          6.7821        0.015625      Successful search (ES-wcm)        
    12         565         17666.4         8.98265        0.015625      Successful search (ES-wcm)        
    12         597         17666.4         8.98265       0.0078125          Refine grid             
    13         598         17672.5         4.44278       0.0078125      Successful search (ES-wcm)        
    13         601         17671.7         4.41989       0.0078125      Successful search (ES-ell)        
    13         602         17670.1         4.83808       0.0078125      Successful search (ES-ell)        
    13         603         17666.2         5.78695       0.0078125      Successful search (ES-ell)        
    13         604         17664.4         7.32085       0.0078125      Successful search (ES-ell)        
    13         605           17659         9.66685       0.0078125      Successful search (ES-ell)        
    13         631           17659         9.66685      0.00390625          Refine grid             
    14         656         17666.7         4.51263      0.00195312          Refine grid             Train
    15         657           17670          3.4026      0.00195312      Successful search (ES-ell)        
    15         658           17668         3.46377      0.00195312      Successful search (ES-ell)        
    15         659         17667.8         3.58404      0.00195312      Successful search (ES-ell)        
    15         660         17667.2         3.85529      0.00195312      Successful search (ES-ell)        
    15         661           17667         4.40422      0.00195312      Successful search (ES-ell)        
    15         666         17666.8         4.38534      0.00195312      Successful search (ES-wcm)        
    15         667         17663.6         4.98494      0.00195312      Successful search (ES-wcm)        
    15         699         17663.6         4.98494     0.000976562          Refine grid             Train
    16         701           17669         3.54424     0.000976562      Successful search (ES-wcm)        
    16         709         17668.6         3.37192     0.000976562      Successful search (ES-wcm)        
    16         710         17667.3         3.25373     0.000976562      Successful search (ES-wcm)        
    16         713         17667.2         3.24932     0.000976562      Successful search (ES-ell)        
    16         714         17666.9         3.30733     0.000976562      Successful search (ES-ell)        
    16         715         17666.5         3.40133     0.000976562      Successful search (ES-ell)        
    16         716         17666.5         3.55658     0.000976562      Successful search (ES-ell)        
    16         717           17665         3.90463     0.000976562      Successful search (ES-ell)        
    16         742         17661.8         3.54116      0.00195312        Successful poll           Train
    17         743         17660.7         3.49531      0.00195312      Successful search (ES-ell)        
    17         744         17657.6         3.59632      0.00195312      Successful search (ES-ell)        
    17         745         17652.4         3.94968      0.00195312      Successful search (ES-ell)        
    17         776         17652.4         3.94968     0.000976562          Refine grid             
    18         777         17661.4         3.47888     0.000976562      Successful search (ES-wcm)        
    18         778         17661.3         3.65354     0.000976562      Successful search (ES-wcm)        
    18         783           17661         3.55336     0.000976562      Successful search (ES-wcm)        
    18         810           17661         3.55336     0.000488281          Refine grid             
    19         811         17661.6         3.33367     0.000488281      Successful search (ES-wcm)        
    19         812         17661.4         3.39722     0.000488281      Successful search (ES-wcm)        
    19         830         17660.4         3.63001     0.000976562        Successful poll           Train
    20         831           17659         3.95171     0.000976562      Successful search (ES-ell)        
    20         864           17659         3.95171     0.000488281          Refine grid             
    21         865         17665.5         3.15082     0.000488281      Successful search (ES-wcm)        
    21         866         17664.3         3.27623     0.000488281      Successful search (ES-wcm)        
    21         867         17663.7         3.40384     0.000488281      Successful search (ES-ell)        
    21         898         17663.7         3.40384     0.000244141          Refine grid             
    22         899         17664.2         3.58407     0.000244141      Successful search (ES-wcm)        
    22         900         17663.8         3.61513     0.000244141      Successful search (ES-ell)        
Optimization terminated: reached maximum number of function evaluations options['max_fun_evals'].
Estimated function value at minimum: 17666.790527334575 ± 2.173791978788465 (mean ± SEM from 100 samples)
BADS minimum at: x_min = [4.9968e+00 4.3301e+00 4.9051e+00 1.0000e-04 9.9960e-01 2.2320e-01
 3.8950e-01 5.3771e+00 5.8490e-01], NLL = 17666.7905
total f-count: 1000, time: 62.59 min

 Optimization Run 7/10
Initial params: [1.0075, 4.9679, 11.6565, 0.2898, 0.1188, 0.4299, 19.325, 0.2345, 15.4636]
bads:TooCloseBounds: For each variable, hard and plausible bounds should not be too close. Moving plausible bounds.
Variables (index) internally transformed to log coordinates: [[0 0]
 [0 3]
 [0 4]
 [0 5]
 [0 6]
 [0 7]
 [0 8]]
Beginning optimization of a STOCHASTIC objective function

 Iteration    f-count      E[f(x)]        SD[f(x)]           MeshScale          Method              Actions
     0           1           24425             nan               1                                  
     0          33         22991.3             nan               1          Initial mesh            Initial points
     0          34         22988.5        0.999629               1        Successful poll           Train
     1          41         22937.9        0.997713               1      Successful search (ES-wcm)        
     1          42           22702        0.999074               1      Successful search (ES-wcm)        
     1          44         22539.9        0.999593               1      Successful search (ES-wcm)        
     1          53         22478.7         1.01643               1      Successful search (ES-wcm)        
     1          57         22418.6         1.01629               1      Successful search (ES-wcm)        
     1          62         22406.2         1.01619               1      Successful search (ES-wcm)        
     1          67         22391.9         1.01617               1      Successful search (ES-wcm)        
     1          68         22357.5         1.01641               1      Successful search (ES-wcm)        
     1          69         21874.9         1.01638               1      Successful search (ES-wcm)        
     1          71         21428.9         1.01625               1      Successful search (ES-wcm)        
     1          74         21327.3         1.00125               1      Successful search (ES-ell)        
     1          75         20857.2         1.00127               1      Successful search (ES-ell)        
     1          79         20732.5         1.00106               1      Successful search (ES-ell)        
     1          80         20217.6         1.00125               1      Successful search (ES-ell)        
     1          82         19900.4         1.00121               1      Successful search (ES-ell)        
     1          86         19807.3         1.00102               1      Successful search (ES-ell)        
     1          89         19670.5         1.00055               1      Successful search (ES-wcm)        
     1          90         19441.2         1.00078               1      Successful search (ES-wcm)        
     1          96         19418.4        0.986427               1      Successful search (ES-wcm)        
     1         101         19364.8        0.986109               1      Successful search (ES-wcm)        
     1         106         19280.6        0.984225               1      Successful search (ES-wcm)        
     1         109         19253.8        0.986368               1      Successful search (ES-wcm)        
     1         111           19100        0.801193               1      Successful search (ES-wcm)        
     1         115         19073.4        0.800651               1      Successful search (ES-wcm)        
     1         122         19057.8        0.799082               1      Successful search (ES-wcm)        
     1         129         19025.8         1.56354               1      Successful search (ES-wcm)        
     1         132         18986.5         1.55051               1      Successful search (ES-ell)        
     1         140         18978.3          1.4291               1      Successful search (ES-ell)        
     1         149         18953.7         1.15344               1      Successful search (ES-ell)        
     1         173         18953.7         1.15344             0.5          Refine grid             Train
     2         186           18942         1.59509               1        Successful poll           Train
     3         208         18937.7         23.7319             0.5          Refine grid             Train
     4         213         18977.6         11.3669             0.5      Successful search (ES-ell)        
     4         215         18933.7         21.1723             0.5      Successful search (ES-wcm)        
     4         216           18875         20.9571             0.5      Successful search (ES-wcm)        
     4         217         18871.7          22.161             0.5      Successful search (ES-wcm)        
     4         218         18861.4         22.6884             0.5      Successful search (ES-wcm)        
     4         228         18833.4         20.4185             0.5      Successful search (ES-wcm)        
     4         233         18815.3         13.2741             0.5      Successful search (ES-wcm)        
     4         235         18767.1         18.4711             0.5      Successful search (ES-wcm)        
     4         236         18752.7         24.5522             0.5      Successful search (ES-wcm)        
     4         241         18673.1         19.2171             0.5      Successful search (ES-wcm)        
     4         243         18660.8         19.5105             0.5      Successful search (ES-wcm)        
     4         244         18645.5          18.931             0.5      Successful search (ES-wcm)        
     4         250           18600         18.5124             0.5      Successful search (ES-wcm)        
     4         251           18566         19.3138             0.5      Successful search (ES-ell)        
     4         253         18501.3            17.6             0.5      Successful search (ES-ell)        
     4         254         18463.7         24.1128             0.5      Successful search (ES-ell)        
     4         256         18418.2         23.8939             0.5      Successful search (ES-ell)        
     4         257         18388.2         24.4087             0.5      Successful search (ES-ell)        
     4         261         18362.8         22.0734             0.5      Successful search (ES-ell)        
     4         262           18252         24.4449             0.5      Successful search (ES-wcm)        
     4         286           18252         24.4449            0.25          Refine grid             Train
     5         287           18221         16.1481            0.25      Successful search (ES-wcm)        
     5         288         18189.9         21.3666            0.25      Successful search (ES-wcm)        
     5         290         18184.9         19.3034            0.25      Successful search (ES-wcm)        
     5         320         18184.9         19.3034           0.125          Refine grid             
     6         321         18180.3         16.2995           0.125      Successful search (ES-wcm)        
     6         322         18137.6         23.4384           0.125      Successful search (ES-wcm)        
     6         323         18090.8         26.7529           0.125      Successful search (ES-wcm)        
     6         324         17970.5         30.4351           0.125      Successful search (ES-wcm)        
     6         326         17962.9         28.9678           0.125      Successful search (ES-wcm)        
     6         351         17959.6          28.096            0.25        Successful poll           
     7         355         17949.4          13.074            0.25      Successful search (ES-ell)        
     7         357         17927.6         13.5947            0.25      Successful search (ES-ell)        
     7         358         17909.1         17.0685            0.25      Successful search (ES-ell)        
     7         359         17896.4         21.2369            0.25      Successful search (ES-ell)        
     7         362         17889.5         20.8037            0.25      Successful search (ES-ell)        
     7         364         17877.7         20.7195            0.25      Successful search (ES-ell)        
     7         365         17826.2         25.0775            0.25      Successful search (ES-ell)        
     7         367         17815.4         25.7288            0.25      Successful search (ES-ell)        
     7         394         17815.4         25.7288           0.125          Refine grid             
     8         395         17805.2         23.1488           0.125      Successful search (ES-wcm)        
     8         397         17779.8           19.72           0.125      Successful search (ES-wcm)        
     8         398           17778         25.3482           0.125      Successful search (ES-wcm)        
     8         399         17768.8          27.544           0.125      Successful search (ES-wcm)        
     8         403         17760.3         18.6259           0.125      Successful search (ES-wcm)        
     8         404         17747.4         18.4704           0.125      Successful search (ES-wcm)        
     8         406         17746.1         17.1738           0.125      Successful search (ES-wcm)        
     8         407         17730.1         23.6386           0.125      Successful search (ES-wcm)        
     8         408         17721.7         30.0597           0.125      Successful search (ES-wcm)        
     8         410           17677         25.8259           0.125      Successful search (ES-wcm)        
     8         412         17659.8         24.9942           0.125      Successful search (ES-wcm)        
     8         413         17646.3         22.7183           0.125      Successful search (ES-wcm)        
     8         414         17631.6         25.4102           0.125      Successful search (ES-wcm)        
     8         424         17630.8         11.4123           0.125      Successful search (ES-wcm)        
     8         425         17624.9         16.1054           0.125      Successful search (ES-wcm)        
     8         427         17621.2         16.1772           0.125      Successful search (ES-wcm)        
     8         455         17621.2         16.1772          0.0625          Refine grid             
     9         456           17640         9.02692          0.0625      Successful search (ES-wcm)        
     9         457         17620.6         8.64458          0.0625      Successful search (ES-wcm)        
     9         458         17608.8         12.8484          0.0625      Successful search (ES-wcm)        
     9         459         17581.2          18.759          0.0625      Successful search (ES-wcm)        
     9         490         17581.2          18.759         0.03125          Refine grid             
    10         491         17608.6         7.72765         0.03125      Successful search (ES-wcm)        
    10         492         17601.2         11.9198         0.03125      Successful search (ES-wcm)        
    10         493         17572.7         14.4624         0.03125      Successful search (ES-ell)        
    10         494         17530.6         20.7224         0.03125      Successful search (ES-ell)        
    10         495         17529.5          22.287         0.03125      Successful search (ES-ell)        
    10         525         17529.5          22.287        0.015625          Refine grid             Train
    11         526         17573.5         4.55176        0.015625      Successful search (ES-wcm)        
    11         527         17567.7           4.689        0.015625      Successful search (ES-wcm)        
    11         528         17560.8         4.89273        0.015625      Successful search (ES-wcm)        
    11         530         17557.6         5.79809        0.015625      Successful search (ES-wcm)        
    11         532         17555.7         7.17832        0.015625      Successful search (ES-wcm)        
    11         534           17554         7.89097        0.015625      Successful search (ES-wcm)        
    11         535         17553.4          9.0728        0.015625      Successful search (ES-wcm)        
    11         537         17551.9         9.16997        0.015625      Successful search (ES-ell)        
    11         538         17541.9         9.49906        0.015625      Successful search (ES-ell)        
    11         539         17538.2         10.7725        0.015625      Successful search (ES-ell)        
    11         569         17538.2         10.7725       0.0078125          Refine grid             Train
    12         570         17562.1         3.89715       0.0078125      Successful search (ES-wcm)        
    12         571           17562         4.07876       0.0078125      Successful search (ES-ell)        
    12         572         17560.3         4.60764       0.0078125      Successful search (ES-ell)        
    12         574           17560         5.03599       0.0078125      Successful search (ES-ell)        
    12         575         17557.8         6.11166       0.0078125      Successful search (ES-ell)        
    12         576         17556.6         8.90877       0.0078125      Successful search (ES-ell)        
    12         600         17550.5         3.81113        0.015625        Successful poll           Train
    13         601           17550         5.05377        0.015625      Successful search (ES-ell)        
    13         635           17550         5.05377       0.0078125          Refine grid             
    14         636         17554.1         3.35906       0.0078125      Successful search (ES-ell)        
    14         637         17552.5         4.20494       0.0078125      Successful search (ES-ell)        
    14         638         17550.9         5.90364       0.0078125      Successful search (ES-ell)        
    14         639           17549         8.45429       0.0078125      Successful search (ES-ell)        
    14         640         17544.9         11.4087       0.0078125      Successful search (ES-ell)        
    14         643         17541.9         9.42469       0.0078125      Successful search (ES-ell)        
    14         670         17541.9         9.42469      0.00390625          Refine grid             
    15         692         17542.5          5.8709       0.0078125        Successful poll           Train
    16         693         17543.9         6.24948       0.0078125      Successful search (ES-ell)        
    16         694         17538.5         7.06389       0.0078125      Successful search (ES-ell)        
    16         695         17535.8         9.36491       0.0078125      Successful search (ES-ell)        
    16         727         17535.8         9.36491      0.00390625          Refine grid             
    17         728         17547.6         3.58794      0.00390625      Successful search (ES-ell)        
    17         729         17545.4         4.19756      0.00390625      Successful search (ES-ell)        
    17         730           17543         5.66171      0.00390625      Successful search (ES-ell)        
    17         731         17540.1         7.04163      0.00390625      Successful search (ES-ell)        
    17         732           17538         8.95214      0.00390625      Successful search (ES-ell)        
    17         762           17538         8.95214      0.00195312          Refine grid             
    18         763         17549.4         3.98838      0.00195312      Successful search (ES-ell)        
    18         764         17548.3         3.95915      0.00195312      Successful search (ES-wcm)        
    18         765         17548.1         4.06932      0.00195312      Successful search (ES-wcm)        
    18         766         17545.5         4.13609      0.00195312      Successful search (ES-wcm)        
    18         767         17543.9         4.42546      0.00195312      Successful search (ES-wcm)        
    18         768         17539.9         4.87514      0.00195312      Successful search (ES-wcm)        
    18         797         17539.9         4.87514     0.000976562          Refine grid             Train
    19         824         17553.8         2.89158     0.000488281          Refine grid             Train
    20         825         17551.5          3.1384     0.000488281      Successful search (ES-wcm)        
    20         826         17550.7         3.17536     0.000488281      Successful search (ES-ell)        
    20         827           17550          3.2701     0.000488281      Successful search (ES-ell)        
    20         828         17548.7         3.41894     0.000488281      Successful search (ES-ell)        
    20         829         17546.3         3.59456     0.000488281      Successful search (ES-ell)        
    20         859         17546.3         3.59456     0.000244141          Refine grid             
    21         886         17541.5         7.05654      0.00012207          Refine grid             Train
    22         887         17545.9         2.53586      0.00012207      Successful search (ES-wcm)        
Optimization terminated: reached maximum number of function evaluations options['max_fun_evals'].
Estimated function value at minimum: 17549.451331274013 ± 2.3917997120073204 (mean ± SEM from 100 samples)
BADS minimum at: x_min = [3.2736 3.0628 4.6573 0.     0.9992 0.2202 0.1963 5.7092 1.0199], NLL = 17549.4513
total f-count: 1000, time: 62.39 min

 Optimization Run 8/10
Initial params: [0.3927, 3.7038, 12.5908, 0.4541, 0.1123, 0.1862, 47.6448, 2.8404, 8.1682]
bads:TooCloseBounds: For each variable, hard and plausible bounds should not be too close. Moving plausible bounds.
Variables (index) internally transformed to log coordinates: [[0 0]
 [0 3]
 [0 4]
 [0 5]
 [0 6]
 [0 7]
 [0 8]]
Beginning optimization of a STOCHASTIC objective function

 Iteration    f-count      E[f(x)]        SD[f(x)]           MeshScale          Method              Actions
     0           1           24425             nan               1                                  
     0          33         23013.9             nan               1          Initial mesh            Initial points
     0          34         22980.6         0.99963               1        Successful poll           Train
     1          39         22697.9        0.999511               1      Successful search (ES-wcm)        
     1          40         22640.4        0.999509               1      Successful search (ES-wcm)        
     1          47         22619.1        0.999339               1      Successful search (ES-wcm)        
     1          51         22557.8         0.99028               1      Successful search (ES-wcm)        
     1          57         22551.8        0.984796               1      Successful search (ES-ell)        
     1          61         22551.2        0.984325               1      Incremental search (ES-wcm)        
     1          66         22543.6         0.98365               1      Successful search (ES-wcm)        
     1          67         22472.2        0.984783               1      Successful search (ES-wcm)        
     1          70         22327.3        0.984667               1      Successful search (ES-ell)        
     1          73         22297.9        0.996267               1      Successful search (ES-ell)        
     1          74         22276.8        0.996557               1      Successful search (ES-ell)        
     1          75         22270.1        0.996658               1      Successful search (ES-ell)        
     1          76         22261.1        0.996698               1      Successful search (ES-ell)        
     1          78         22238.6        0.996734               1      Successful search (ES-ell)        
     1          80           22108        0.996437               1      Successful search (ES-ell)        
     1          81         20790.2        0.996695               1      Successful search (ES-ell)        
     1          86         20672.8        0.996485               1      Successful search (ES-wcm)        
     1          89         20478.4        0.996377               1      Successful search (ES-ell)        
     1          91         20005.4        0.903865               1      Successful search (ES-ell)        
     1          96           19902        0.903839               1      Successful search (ES-ell)        
     1          98         19859.3        0.903839               1      Successful search (ES-ell)        
     1         103         19767.5        0.903601               1      Successful search (ES-ell)        
     1         110         19737.5        0.979737               1      Successful search (ES-ell)        
     1         112         19735.1        0.978335               1      Successful search (ES-ell)        
     1         137         19735.1        0.978335             0.5          Refine grid             Train
     2         162         19737.2        0.933585            0.25          Refine grid             Train
     3         163           19767         1.08207            0.25      Successful search (ES-ell)        
     3         167         19757.2         8.82854            0.25      Successful search (ES-ell)        
     3         168         19738.2         8.04523            0.25      Successful search (ES-ell)        
     3         169         19722.6         9.04523            0.25      Successful search (ES-ell)        
     3         170         19715.6         11.7727            0.25      Successful search (ES-ell)        
     3         171         19707.5         14.0446            0.25      Successful search (ES-ell)        
     3         172         19705.3         14.0356            0.25      Successful search (ES-ell)        
     3         173         19703.1         14.6358            0.25      Successful search (ES-ell)        
     3         175         19699.8          12.483            0.25      Successful search (ES-ell)        
     3         176         19689.7         15.4836            0.25      Successful search (ES-ell)        
     3         177         19661.8           16.03            0.25      Successful search (ES-ell)        
     3         206         19661.8           16.03           0.125          Refine grid             
     4         207         19685.7         5.70739           0.125      Successful search (ES-ell)        
     4         208         19678.4         7.78939           0.125      Successful search (ES-ell)        
     4         241         19678.4         7.78939          0.0625          Refine grid             Train
     5         242         19691.1         4.16289          0.0625      Successful search (ES-ell)        
     5         243         19687.5         4.68478          0.0625      Successful search (ES-ell)        
     5         244         19687.2         6.19919          0.0625      Successful search (ES-ell)        
     5         245         19681.6         7.60706          0.0625      Successful search (ES-ell)        
     5         248         19680.4         7.68036          0.0625      Successful search (ES-ell)        
     5         276         19680.4         7.68036         0.03125          Refine grid             
     6         277         19684.5         4.19736         0.03125      Successful search (ES-wcm)        
     6         311         19684.5         4.19736        0.015625          Refine grid             
     7         312         19689.8         3.03871        0.015625      Successful search (ES-ell)        
     7         313         19687.8         2.98028        0.015625      Successful search (ES-ell)        
     7         314         19685.3         3.05335        0.015625      Successful search (ES-ell)        
     7         315         19681.8         3.22705        0.015625      Successful search (ES-ell)        
     7         316         19677.3         3.50215        0.015625      Successful search (ES-ell)        
     7         317         19673.3         4.11559        0.015625      Successful search (ES-ell)        
     7         318         19666.9         5.57921        0.015625      Successful search (ES-ell)        
     7         319         19656.6         7.52605        0.015625      Successful search (ES-ell)        
     7         320         19649.9         10.3842        0.015625      Successful search (ES-ell)        
     7         346         19649.9         10.3842       0.0078125          Refine grid             
     8         347         19690.1         2.96795       0.0078125      Successful search (ES-ell)        
     8         348         19689.5         2.96839       0.0078125      Successful search (ES-ell)        
     8         349         19688.8         2.95995       0.0078125      Successful search (ES-ell)        
     8         350         19688.1         2.97319       0.0078125      Successful search (ES-ell)        
     8         351         19686.2         3.05032       0.0078125      Successful search (ES-ell)        
     8         352         19684.2         3.14293       0.0078125      Successful search (ES-ell)        
     8         353         19681.9         3.56803       0.0078125      Successful search (ES-ell)        
     8         381         19681.9         3.56803      0.00390625          Refine grid             Train
     9         382         19685.8         2.90271      0.00390625      Successful search (ES-ell)        
     9         383         19682.3         2.89978      0.00390625      Successful search (ES-ell)        
     9         384           19677         2.91093      0.00390625      Successful search (ES-ell)        
     9         385         19669.7         3.09289      0.00390625      Successful search (ES-ell)        
     9         386         19659.3         3.46364      0.00390625      Successful search (ES-ell)        
     9         387         19647.9         3.92129      0.00390625      Successful search (ES-ell)        
     9         388           19633         4.69245      0.00390625      Successful search (ES-ell)        
     9         389         19616.3         6.07632      0.00390625      Successful search (ES-ell)        
     9         390           19608         8.27709      0.00390625      Successful search (ES-ell)        
     9         417           19608         8.27709      0.00195312          Refine grid             Train
    10         418           19690          2.6292      0.00195312      Successful search (ES-ell)        
    10         452           19690          2.6292     0.000976562          Refine grid             
    11         454         19691.6         2.47108     0.000976562      Successful search (ES-wcm)        
    11         467         19691.5         2.04763     0.000976562      Successful search (ES-wcm)        
    11         474         19690.8          2.0236     0.000976562      Successful search (ES-ell)        
    11         475         19690.1         2.02322     0.000976562      Successful search (ES-ell)        
    11         476         19688.6         2.02857     0.000976562      Successful search (ES-ell)        
    11         477         19687.5         2.02547     0.000976562      Successful search (ES-ell)        
    11         478         19685.6         2.06911     0.000976562      Successful search (ES-ell)        
    11         479         19682.6          2.0759     0.000976562      Successful search (ES-ell)        
    11         480         19681.6         2.07789     0.000976562      Successful search (ES-ell)        
    11         481         19680.1         2.09194     0.000976562      Successful search (ES-ell)        
    11         482           19677         2.12466     0.000976562      Successful search (ES-ell)        
    11         483         19673.3         2.16726     0.000976562      Successful search (ES-ell)        
    11         484           19667         2.20856     0.000976562      Successful search (ES-ell)        
    11         485         19659.9         2.35987     0.000976562      Successful search (ES-ell)        
    11         486         19646.8         2.60663     0.000976562      Successful search (ES-ell)        
    11         487         19630.3         3.02933     0.000976562      Successful search (ES-ell)        
    11         488         19613.7         3.73592     0.000976562      Successful search (ES-ell)        
    11         515         19613.7         3.73592     0.000488281          Refine grid             Train
    12         516         19686.6         5.96525     0.000488281      Successful search (ES-ell)        
    12         517         19686.5         5.82324     0.000488281      Successful search (ES-ell)        
    12         551         19686.2         3.63924     0.000976562        Successful poll           
    13         578         19687.2         3.53034     0.000488281          Refine grid             
    14         580         19687.3         2.84592     0.000488281      Successful search (ES-ell)        
    14         614         19687.3         2.84592     0.000244141          Refine grid             Train
    15         615         19689.7         2.19964     0.000244141      Successful search (ES-wcm)        
    15         650         19689.7         2.19964      0.00012207          Refine grid             Train
    16         651         19689.8         1.93583      0.00012207      Successful search (ES-ell)        
    16         652         19689.7         1.93025      0.00012207      Successful search (ES-ell)        
    16         653         19689.7         1.92437      0.00012207      Successful search (ES-ell)        
    16         655         19689.6         1.91342      0.00012207      Successful search (ES-ell)        
    16         686         19689.6         1.91342     6.10352e-05          Refine grid             
    17         687         19689.8         1.75815     6.10352e-05      Successful search (ES-ell)        
    17         722         19689.7         1.70521      0.00012207        Successful poll           
    18         723         19688.5         2.95651      0.00012207      Successful search (ES-wcm)        
    18         758         19688.5         2.95651     6.10352e-05          Refine grid             
    19         759           19689         3.89528     6.10352e-05      Successful search (ES-ell)        
    19         760         19686.8         4.30022     6.10352e-05      Successful search (ES-ell)        
    19         761         19685.1         4.50391     6.10352e-05      Successful search (ES-wcm)        
    19         762         19684.4         4.67946     6.10352e-05      Successful search (ES-wcm)        
    19         794         19684.4         4.67946     3.05176e-05          Refine grid             Train
    20         795         19690.6         1.71023     3.05176e-05      Successful search (ES-ell)        
    20         796         19690.5         1.71049     3.05176e-05      Successful search (ES-ell)        
    20         797         19690.3         1.71095     3.05176e-05      Successful search (ES-ell)        
    20         807         19690.2         1.71006     3.05176e-05      Successful search (ES-ell)        
    20         809         19690.1         1.70997     3.05176e-05      Successful search (ES-ell)        
    20         810           19690         1.70997     3.05176e-05      Successful search (ES-ell)        
    20         811           19690         1.71004     3.05176e-05      Successful search (ES-ell)        
    20         812         19689.9         1.71016     3.05176e-05      Successful search (ES-ell)        
    20         831           19689         2.37074     6.10352e-05        Successful poll           Train
    21         832         19687.6         2.67821     6.10352e-05      Successful search (ES-ell)        
    21         833         19686.3         3.43302     6.10352e-05      Successful search (ES-ell)        
    21         834         19683.8          4.8265     6.10352e-05      Successful search (ES-ell)        
    21         867         19683.8          4.8265     3.05176e-05          Refine grid             
    22         868         19689.4         3.20677     3.05176e-05      Successful search (ES-wcm)        
    22         900         19685.9         4.47821     6.10352e-05        Successful poll           
Optimization terminated: reached maximum number of function evaluations options['max_fun_evals'].
Estimated function value at minimum: 19690.807583863774 ± 2.6196604636283416 (mean ± SEM from 100 samples)
BADS minimum at: x_min = [4.6876e+00 4.0377e+00 5.1195e+00 3.7000e-03 0.0000e+00 2.3460e-01
 4.0694e+00 2.2600e-02 7.8910e-01], NLL = 19690.8076
total f-count: 1000, time: 62.29 min

 Optimization Run 9/10
Initial params: [1.1351, 8.9939, 10.8263, 0.1894, 0.0938, 0.1494, 24.4424, 2.8791, 15.9231]
bads:TooCloseBounds: For each variable, hard and plausible bounds should not be too close. Moving plausible bounds.
Variables (index) internally transformed to log coordinates: [[0 0]
 [0 3]
 [0 4]
 [0 5]
 [0 6]
 [0 7]
 [0 8]]
Beginning optimization of a STOCHASTIC objective function

 Iteration    f-count      E[f(x)]        SD[f(x)]           MeshScale          Method              Actions
     0           1           24425             nan               1                                  
     0          33         22968.2             nan               1          Initial mesh            Initial points
     0          42         22683.7        0.999596               1        Successful poll           Train
     1          45         22599.1        0.999521               1      Successful search (ES-ell)        
     1          48         22593.1        0.999081               1      Successful search (ES-ell)        
     1          53         22364.2        0.572818               1      Successful search (ES-ell)        
     1          55         22329.3        0.572818               1      Successful search (ES-ell)        
     1          57         22167.1        0.572819               1      Successful search (ES-ell)        
     1          60         22129.9        0.572791               1      Successful search (ES-ell)        
     1          72         21842.3        0.519155               1        Successful poll           Train
     2          73         20881.4        0.519149               1      Successful search (ES-ell)        
     2          74         19921.1        0.519152               1      Successful search (ES-ell)        
     2          78           19737        0.519125               1      Successful search (ES-ell)        
     2          89         19696.5        0.484242               1      Successful search (ES-ell)        
     2          95         19691.4        0.496551               1      Successful search (ES-wcm)        
     2         122         19691.4        0.496551             0.5          Refine grid             Train
     3         125         19664.6          1.7134             0.5      Successful search (ES-ell)        
     3         156         19664.6          1.7134            0.25          Refine grid             Train
     4         162         19688.6         1.35784            0.25      Successful search (ES-wcm)        
     4         191         19688.6         1.35784           0.125          Refine grid             Train
     5         192           19695         9.37273           0.125      Successful search (ES-wcm)        
     5         194         19689.7         10.3249           0.125      Successful search (ES-wcm)        
     5         226         19689.7         10.3249          0.0625          Refine grid             
     6         227         19696.7         3.46408          0.0625      Successful search (ES-ell)        
     6         228           19688          4.0707          0.0625      Successful search (ES-ell)        
     6         229         19682.3           5.727          0.0625      Successful search (ES-ell)        
     6         230         19671.4          8.0753          0.0625      Successful search (ES-ell)        
     6         261         19671.4          8.0753         0.03125          Refine grid             
     7         262         19674.9         3.52784         0.03125      Successful search (ES-ell)        
     7         263           19672         3.56923         0.03125      Successful search (ES-ell)        
     7         264         19668.5           3.914         0.03125      Successful search (ES-ell)        
     7         265         19661.5         7.07088         0.03125      Successful search (ES-wcm)        
     7         266         19656.4         15.0206         0.03125      Successful search (ES-wcm)        
     7         267         19646.7         13.7422         0.03125      Successful search (ES-ell)        
     7         268         19635.1         13.8987         0.03125      Successful search (ES-ell)        
     7         296         19635.1         13.8987        0.015625          Refine grid             
     8         297         19646.1         4.39999        0.015625      Successful search (ES-wcm)        
     8         298         19645.5         4.29236        0.015625      Successful search (ES-wcm)        
     8         306         19644.4         3.86237        0.015625      Successful search (ES-wcm)        
     8         307         19643.3         3.97664        0.015625      Successful search (ES-ell)        
     8         308         19642.6         4.39505        0.015625      Successful search (ES-ell)        
     8         309         19642.3         4.86574        0.015625      Successful search (ES-ell)        
     8         310         19639.4         5.96593        0.015625      Successful search (ES-ell)        
     8         340         19639.4         5.96593       0.0078125          Refine grid             Train
     9         341         19648.7          3.4875       0.0078125      Successful search (ES-wcm)        
     9         342         19648.3          3.5853       0.0078125      Successful search (ES-wcm)        
     9         375         19648.3          3.5853      0.00390625          Refine grid             Train
    10         378         19649.1         2.73983      0.00390625      Successful search (ES-ell)        
    10         379         19648.4         2.73326      0.00390625      Successful search (ES-ell)        
    10         380         19647.9         2.73512      0.00390625      Successful search (ES-ell)        
    10         381         19647.8         2.76161      0.00390625      Successful search (ES-ell)        
    10         382         19647.7         2.81352      0.00390625      Successful search (ES-ell)        
    10         384         19647.6         2.73966      0.00390625      Successful search (ES-wcm)        
    10         387         19647.4         2.71122      0.00390625      Successful search (ES-ell)        
    10         419         19647.4         2.71122      0.00195312          Refine grid             Train
    11         445         19650.7         3.50908     0.000488281          Refine grid             Train
    12         446         19651.6         3.68022     0.000488281      Successful search (ES-ell)        
    12         448         19650.8         3.59293     0.000488281      Successful search (ES-ell)        
    12         449         19650.2         3.55791     0.000488281      Successful search (ES-ell)        
    12         450         19650.2          3.5264     0.000488281      Successful search (ES-ell)        
    12         480         19650.2          3.5264     0.000244141          Refine grid             
    13         506           19651         2.94307     0.000488281        Successful poll           
    14         532         19645.7         4.93709     0.000976562        Successful poll           
    15         533         19645.4         5.53436     0.000976562      Successful search (ES-wcm)        
    15         534         19645.1         5.57447     0.000976562      Successful search (ES-wcm)        
    15         537         19644.6         5.29337     0.000976562      Successful search (ES-wcm)        
    15         539         19644.3         5.15238     0.000976562      Successful search (ES-wcm)        
    15         554         19642.1         8.97352      0.00195312        Successful poll           Train
    16         580           19643         6.78768     0.000976562          Refine grid             Train
    17         581         19651.1         2.13314     0.000976562      Successful search (ES-ell)        
    17         582         19650.5         2.16428     0.000976562      Successful search (ES-ell)        
    17         583         19649.9         2.20701     0.000976562      Successful search (ES-ell)        
    17         584         19649.5         2.29176     0.000976562      Successful search (ES-ell)        
    17         615         19649.5         2.29176     0.000488281          Refine grid             Train
    18         641         19651.3         1.90177     0.000976562        Successful poll           Train
    19         667         19649.8         2.97083     0.000488281          Refine grid             Train
    20         693         19650.6         2.08372     0.000244141          Refine grid             Train
    21         719           19652         3.35067      0.00012207          Refine grid             Train
    22         720         19652.2          3.2805      0.00012207      Successful search (ES-ell)        
    22         721         19652.1         3.39993      0.00012207      Successful search (ES-wcm)        
    22         754         19652.1         3.39993     6.10352e-05          Refine grid             Train
Optimization terminated: change in the function value less than options['tol_fun'].
Estimated function value at minimum: 19655.82023053163 ± 2.2043644310911277 (mean ± SEM from 100 samples)
BADS minimum at: x_min = [5.0000e+00 4.7836e+00 5.4348e+00 3.1000e-03 0.0000e+00 2.2760e-01
 3.8665e+00 3.2000e-03 5.9860e-01], NLL = 19655.8202
total f-count: 855, time: 52.61 min

 Optimization Run 10/10
Initial params: [0.8439, 6.7849, 9.375, 0.4719, 0.0611, 0.4209, 46.9492, 4.6462, 9.8506]
bads:TooCloseBounds: For each variable, hard and plausible bounds should not be too close. Moving plausible bounds.
Variables (index) internally transformed to log coordinates: [[0 0]
 [0 3]
 [0 4]
 [0 5]
 [0 6]
 [0 7]
 [0 8]]
Beginning optimization of a STOCHASTIC objective function

 Iteration    f-count      E[f(x)]        SD[f(x)]           MeshScale          Method              Actions
     0           1           24425             nan               1                                  
     0          33         22969.1             nan               1          Initial mesh            Initial points
     0          34         22962.7        0.999741               1        Successful poll           Train
     1          35         22783.1        0.999728               1      Successful search (ES-ell)        
     1          36         21231.5        0.999734               1      Successful search (ES-ell)        
     1          40         21131.9        0.999646               1      Successful search (ES-ell)        
     1          48         20429.3        0.998406               1      Successful search (ES-ell)        
     1          50         20152.1        0.992815               1      Successful search (ES-ell)        
     1          53         20014.2         1.04512               1      Successful search (ES-ell)        
     1          54         19833.4         1.04511               1      Successful search (ES-ell)        
     1          55         19472.6         1.04511               1      Successful search (ES-ell)        
     1          57         19393.1         1.04511               1      Successful search (ES-wcm)        
     1          58         19067.6         1.04511               1      Successful search (ES-ell)        
     1          67           19049         1.04378               1      Successful search (ES-ell)        
     1          81         19011.8        0.952638               1        Successful poll           
     2         103         19011.8        0.952638             0.5          Refine grid             Train
     3         105         19050.3         12.5402             0.5      Successful search (ES-ell)        
     3         107         19045.3         13.9812             0.5      Successful search (ES-ell)        
     3         110         19035.1         13.9332             0.5      Successful search (ES-ell)        
     3         111         19034.4         16.6709             0.5      Successful search (ES-ell)        
     3         136         19034.4         16.6709            0.25          Refine grid             Train
     4         137         18949.2         22.7889            0.25      Successful search (ES-ell)        
     4         170         18949.2         22.7889           0.125          Refine grid             Train
     5         171         18972.8         14.6001           0.125      Successful search (ES-wcm)        
     5         204         18972.8         14.6001          0.0625          Refine grid             
     6         206           18990         8.72398          0.0625      Successful search (ES-wcm)        
     6         207         18984.2         8.24265          0.0625      Successful search (ES-wcm)        
     6         211           18984         7.27235          0.0625      Successful search (ES-ell)        
     6         212         18980.9         8.58441          0.0625      Successful search (ES-ell)        
     6         215         18980.3         8.14126          0.0625      Successful search (ES-wcm)        
     6         216         18969.8          10.995          0.0625      Successful search (ES-ell)        
     6         217         18969.1         14.3893          0.0625      Successful search (ES-ell)        
     6         219         18955.1         15.6556          0.0625      Successful search (ES-ell)        
     6         223         18954.9         12.5583          0.0625      Successful search (ES-ell)        
     6         225         18953.1         13.7313          0.0625      Successful search (ES-ell)        
     6         227         18948.7         14.1474          0.0625      Successful search (ES-ell)        
     6         230         18948.3         11.7844          0.0625      Successful search (ES-ell)        
     6         232         18941.1         11.8484          0.0625      Successful search (ES-ell)        
     6         265         18941.1         11.8484         0.03125          Refine grid             
     7         266         18946.5          8.4965         0.03125      Successful search (ES-wcm)        
     7         268         18942.9         14.4796         0.03125      Successful search (ES-wcm)        
     7         269         18926.2         19.3093         0.03125      Successful search (ES-wcm)        
     7         270         18876.8         24.4246         0.03125      Successful search (ES-wcm)        
     7         271         18784.4          27.156         0.03125      Successful search (ES-wcm)        
     7         299         18784.4          27.156        0.015625          Refine grid             
     8         300         18798.2         7.70857        0.015625      Successful search (ES-wcm)        
     8         324         18790.9         24.8243         0.03125        Successful poll           Train
     9         325         18748.8         12.9475         0.03125      Successful search (ES-ell)        
     9         326         18717.9         14.3828         0.03125      Successful search (ES-ell)        
     9         358         18717.9         14.3828        0.015625          Refine grid             
    10         359         18730.4         5.03709        0.015625      Successful search (ES-ell)        
    10         360         18727.1         5.56026        0.015625      Successful search (ES-ell)        
    10         361         18721.6         6.05531        0.015625      Successful search (ES-ell)        
    10         362         18718.6          8.0094        0.015625      Successful search (ES-ell)        
    10         392         18718.6          8.0094       0.0078125          Refine grid             
    11         417         18739.9         7.10156      0.00195312          Refine grid             Train
    12         418         18758.9         3.76322      0.00195312      Successful search (ES-ell)        
    12         419         18757.3         3.81152      0.00195312      Successful search (ES-ell)        
    12         420         18755.4         3.93417      0.00195312      Successful search (ES-ell)        
    12         421         18751.8         4.12185      0.00195312      Successful search (ES-ell)        
    12         422         18749.5          4.4789      0.00195312      Successful search (ES-ell)        
    12         423         18738.5         6.18862      0.00195312      Successful search (ES-wcm)        
    12         424         18727.1         8.93961      0.00195312      Successful search (ES-wcm)        
    12         451         18727.1         8.93961     0.000976562          Refine grid             
    13         455         18748.7          4.3695     0.000976562      Successful search (ES-wcm)        
    13         457         18748.1         4.32567     0.000976562      Successful search (ES-wcm)        
    13         458           18748         4.33615     0.000976562      Successful search (ES-wcm)        
    13         459         18746.9         4.38901     0.000976562      Successful search (ES-wcm)        
    13         460         18746.4         4.45008     0.000976562      Successful search (ES-wcm)        
    13         485         18746.4         4.45008     0.000488281          Refine grid             
    14         493         18754.5         3.36255     0.000488281      Successful search (ES-wcm)        
    14         508           18754          3.1167     0.000976562        Successful poll           Train
    15         533         18750.7         3.90008     0.000488281          Refine grid             Train
    16         534         18748.9         4.26315     0.000488281      Successful search (ES-ell)        
    16         535         18746.8         4.26886     0.000488281      Successful search (ES-ell)        
    16         536         18746.7          4.2619     0.000488281      Successful search (ES-ell)        
    16         537         18742.7         4.53966     0.000488281      Successful search (ES-ell)        
    16         538         18741.8         4.61004     0.000488281      Successful search (ES-ell)        
    16         539         18738.9         5.09174     0.000488281      Successful search (ES-wcm)        
    16         542         18737.6         5.30352     0.000488281      Successful search (ES-wcm)        
    16         543         18735.9         5.35171     0.000488281      Successful search (ES-wcm)        
    16         548         18735.9          5.0088     0.000488281      Successful search (ES-wcm)        
    16         549         18734.9         4.99125     0.000488281      Successful search (ES-wcm)        
    16         550         18734.4         4.97723     0.000488281      Successful search (ES-ell)        
    16         576         18734.4         4.97723     0.000244141          Refine grid             
    17         577         18742.4         3.34279     0.000244141      Successful search (ES-ell)        
    17         578         18741.5         3.33161     0.000244141      Successful search (ES-ell)        
    17         579         18740.4         3.33959     0.000244141      Successful search (ES-wcm)        
    17         580         18738.6          3.3463     0.000244141      Successful search (ES-wcm)        
    17         581         18737.4         3.38755     0.000244141      Successful search (ES-wcm)        
    17         582         18734.4         3.47296     0.000244141      Successful search (ES-wcm)        
    17         583         18730.9         3.64875     0.000244141      Successful search (ES-wcm)        
    17         584         18726.5         3.90024     0.000244141      Successful search (ES-wcm)        
    17         585         18722.2          4.2653     0.000244141      Successful search (ES-wcm)        
    17         586         18721.9         4.26719     0.000244141      Successful search (ES-wcm)        
    17         619         18721.9         4.26719      0.00012207          Refine grid             
    18         620         18737.9         4.20163      0.00012207      Successful search (ES-ell)        
    18         621         18737.9         4.17407      0.00012207      Successful search (ES-ell)        
    18         622         18737.1         4.15654      0.00012207      Successful search (ES-ell)        
    18         623         18736.6         4.13032      0.00012207      Successful search (ES-wcm)        
    18         625         18736.1         4.08033      0.00012207      Successful search (ES-ell)        
    18         626         18735.9         4.08481      0.00012207      Successful search (ES-ell)        
    18         628         18735.2         4.04603      0.00012207      Successful search (ES-ell)        
    18         629         18734.3         4.01703      0.00012207      Successful search (ES-ell)        
    18         630           18734         4.00716      0.00012207      Successful search (ES-ell)        
    18         632         18733.8         3.96166      0.00012207      Successful search (ES-ell)        
    18         633         18733.6          3.9552      0.00012207      Successful search (ES-ell)        
    18         636           18733         3.86589      0.00012207      Successful search (ES-wcm)        
    18         662           18733         3.86589     6.10352e-05          Refine grid             Train
    19         663           18738          3.3339     6.10352e-05      Successful search (ES-wcm)        
    19         696           18738          3.3339     3.05176e-05          Refine grid             Train
    20         697         18737.2         3.17079     3.05176e-05      Successful search (ES-ell)        
    20         698         18737.1         3.16608     3.05176e-05      Successful search (ES-ell)        
    20         699         18736.3         3.17105     3.05176e-05      Successful search (ES-wcm)        
    20         700         18735.4         3.18437     3.05176e-05      Successful search (ES-wcm)        
    20         701         18735.3         3.20382     3.05176e-05      Successful search (ES-wcm)        
    20         703           18735          3.4512     3.05176e-05      Successful search (ES-wcm)        
    20         704         18734.8         3.50086     3.05176e-05      Successful search (ES-wcm)        
    20         730         18734.8         3.50086     1.52588e-05          Refine grid             
    21         731         18738.4         2.85601     1.52588e-05      Successful search (ES-ell)        
    21         733         18738.4          2.8295     1.52588e-05      Successful search (ES-ell)        
    21         734         18737.8         2.81779     1.52588e-05      Successful search (ES-ell)        
    21         741         18737.7         2.85939     1.52588e-05      Successful search (ES-ell)        
    21         742         18737.6         2.84704     1.52588e-05      Successful search (ES-ell)        
    21         743         18737.4         2.83803     1.52588e-05      Successful search (ES-ell)        
    21         745         18737.3         2.81253     1.52588e-05      Successful search (ES-ell)        
    21         753         18737.2          2.7274     1.52588e-05      Successful search (ES-ell)        
    21         759         18737.2         2.66927     1.52588e-05      Successful search (ES-wcm)        
    21         760         18736.9         2.66001     1.52588e-05      Successful search (ES-wcm)        
    21         762         18736.8         2.64149     1.52588e-05      Successful search (ES-wcm)        
    21         763         18736.4         2.63268     1.52588e-05      Successful search (ES-wcm)        
    21         791         18736.4         2.63268     7.62939e-06          Refine grid             Train
    22         796         18736.8         2.30321     7.62939e-06      Successful search (ES-ell)        
    22         797         18736.6         2.29621     7.62939e-06      Successful search (ES-ell)        
    22         798         18736.6          2.2895     7.62939e-06      Successful search (ES-ell)        
    22         801         18736.5         2.26974     7.62939e-06      Successful search (ES-ell)        
    22         802         18736.3         2.26563     7.62939e-06      Successful search (ES-wcm)        
    22         806         18736.2          2.2415     7.62939e-06      Successful search (ES-wcm)        
    22         831         18735.8         2.46721     1.52588e-05        Successful poll           Train
    23         832         18735.6         2.46881     1.52588e-05      Successful search (ES-ell)        
    23         833         18735.4         2.48685     1.52588e-05      Successful search (ES-ell)        
    23         834         18735.1         2.49431     1.52588e-05      Successful search (ES-wcm)        
    23         835         18734.6         2.51676     1.52588e-05      Successful search (ES-ell)        
    23         836         18734.1         2.60534     1.52588e-05      Successful search (ES-ell)        
    23         837         18733.9         2.80577     1.52588e-05      Successful search (ES-ell)        
    23         838         18733.5         3.30748     1.52588e-05      Successful search (ES-ell)        
    23         839         18731.7         4.21459     1.52588e-05      Successful search (ES-ell)        
    23         840         18730.6         5.61363     1.52588e-05      Successful search (ES-ell)        
    23         866         18730.6         5.61363     7.62939e-06          Refine grid             
    24         892         18737.1         2.29882      3.8147e-06          Refine grid             Train
Optimization terminated: reached maximum number of function evaluations options['max_fun_evals'].
Estimated function value at minimum: 18734.155311619816 ± 2.8720321938503623 (mean ± SEM from 100 samples)
BADS minimum at: x_min = [5.0000e+00 5.0719e+00 5.7812e+00 2.0000e-04 1.0000e+00 2.6770e-01
 2.7602e+00 1.4036e+00 5.7520e-01], NLL = 18734.1553
total f-count: 1000, time: 61.99 min

 ------- Finish Optimization for Subject 20 ---------- 
----------------------------------------
Start job epilogue Sun Aug  3 03:47:46 CEST 2025
----------------------------------------
Job ID:          48430954
Job Exit Code:   0:0
Username:        wenlou
Group:           mpla
Queue:           batch
Compute nodes:   dccn-c058
Asked resources: walltime=20:00:00,nodes=1,cpus=8,mem=4G
Used resources:  cputime=3-09:12:32,walltime=10:09:04,memory=0
----------------------------------------
End job epilogue Sun Aug  3 03:47:46 CEST 2025
----------------------------------------
