----------------------------------------
Start task prologue Thu Jul 16 20:33:56 CEST 2026
----------------------------------------
Step ID:         54292405.
Username:        wenlou
Group:           mpla
Asked resources: walltime=1-00:00:00,nodes=1,cpus=8,mem=2G
Queue:           gpu
Compute nodes:   dccn-c084
----------------------------------------
End task prologue Thu Jul 16 20:33:56 CEST 2026
----------------------------------------
CUDA version:
nvcc: NVIDIA (R) Cuda compiler driver
Copyright (c) 2005-2024 NVIDIA Corporation
Built on Thu_Mar_28_02:18:24_PDT_2024
Cuda compilation tools, release 12.4, V12.4.131
Build cuda_12.4.r12.4/compiler.34097967_0

[WARNING] Please note the interface change for (de-)activating conda environment:

  - DO NOT use `conda activate` to enter the conda environment as it requires extra step to modify your ~/.bashrc file, which will force you to use this Anaconda version (2024.06).  Therefore keep using `source activate` instead.

  - DO use `conda deactivate` to leave your conda environment as `source deactivate` will be deprecated in future release.

Running model for expriment=with_dn_cc, m_id=2, method=bads
device is : cuda
['with_dn_cc', '2', 'all', 'bads', '2']

 ------- Start Optimization for Subject 2 ---------- 

 Cross Validation fold 0/1

 -- Start Optimization: method BADS --

 Optimization Run 1/2
Initial params: [1.8516, 6.6302, 4.8806, 14.6619, 0.2505, 41.2691, 4.5621, 0.4124, 26.1572, 16.4283, 0.3887, 0.7229, 0.2643, 0.1336, -0.3371]
bads:TooCloseBounds: For each variable, hard and plausible bounds should not be too close. Moving plausible bounds.
Variables (index) internally transformed to log coordinates: [[0 0]
 [0 3]
 [0 5]
 [0 6]]
Beginning optimization of a STOCHASTIC objective function

 Iteration    f-count      E[f(x)]        SD[f(x)]           MeshScale          Method              Actions
     0           1         26151.5             nan               1                                  
     0          33         25694.5             nan               1          Initial mesh            Initial points
     0          34         25688.2        0.992735               1        Successful poll           Train
     1          40         25635.6        0.988495               1      Successful search (ES-wcm)        
     1          44         25603.4        0.977277               1      Successful search (ES-ell)        
     1          46         25573.7        0.978331               1      Successful search (ES-ell)        
     1          58         25569.4        0.793089               1      Successful search (ES-ell)        
     1          96         25528.8         1.33066               1        Successful poll           Train
     2          97         25531.9         14.2622               1      Successful search (ES-ell)        
     2         100         25526.7         13.4549               1      Successful search (ES-ell)        
     2         116         25525.8         10.4809               1      Incremental search (ES-wcm)        
     2         118         25512.2          12.493               1      Successful search (ES-wcm)        
     2         122         25507.8         8.74259               1      Successful search (ES-ell)        
     2         123         25502.8         9.18328               1      Successful search (ES-ell)        
     2         133         25501.6         5.66143               1      Successful search (ES-ell)        
     2         135         25499.5          5.9146               1      Successful search (ES-ell)        
     2         137         25499.2         6.57391               1      Incremental search (ES-ell)        
     2         138         25498.4         8.38458               1      Incremental search (ES-ell)        
     2         178         25469.3         8.50989               1        Successful poll           Train
     3         180         25460.5         8.33301               1      Successful search (ES-ell)        
     3         181         25437.5         8.34294               1      Successful search (ES-ell)        
     3         185         25412.9         8.05874               1      Successful search (ES-ell)        
     3         196         25365.9         11.2008               1      Successful search (ES-ell)        
     3         200         25338.3         9.98124               1      Successful search (ES-ell)        
     3         202         25332.6          9.6875               1      Successful search (ES-ell)        
     3         203         25330.8         10.5272               1      Successful search (ES-ell)        
     3         206         25328.5         9.26569               1      Successful search (ES-ell)        
     3         247         25301.9         7.66884               1        Successful poll           Train
     4         249           25282         7.88887               1      Successful search (ES-ell)        
     4         254         25263.5         7.22164               1      Successful search (ES-ell)        
     4         255         25262.6         7.93811               1      Incremental search (ES-wcm)        
     4         257         25255.1         7.85613               1      Successful search (ES-wcm)        
     4         258         25219.7         7.89547               1      Successful search (ES-wcm)        
     4         262         25215.9            7.88               1      Successful search (ES-wcm)        
     4         263         25200.6         7.98937               1      Successful search (ES-wcm)        
     4         272         25185.7          5.8804               1      Successful search (ES-wcm)        
     4         279         25182.8         7.85926               1      Successful search (ES-ell)        
     4         281         25180.8         7.67863               1      Successful search (ES-ell)        
     4         284           25174         7.73339               1      Successful search (ES-wcm)        
     4         288         25159.8         7.66631               1      Successful search (ES-wcm)        
     4         289         25126.5         7.78798               1      Successful search (ES-wcm)        
     4         290         25110.6         7.82035               1      Successful search (ES-wcm)        
     4         291         25102.9         7.84136               1      Successful search (ES-wcm)        
     4         293         25066.5         8.02264               1      Successful search (ES-wcm)        
     4         294         25046.7         8.03659               1      Successful search (ES-wcm)        
     4         295         24996.9         8.08872               1      Successful search (ES-wcm)        
     4         297         24869.3         8.07126               1      Successful search (ES-wcm)        
     4         300         24827.7         7.75711               1      Successful search (ES-wcm)        
     4         301         24794.5         10.4274               1      Successful search (ES-wcm)        
     4         302         24775.9         10.4552               1      Successful search (ES-wcm)        
     4         309         24753.3         10.3102               1      Successful search (ES-wcm)        
     4         311         24725.4         9.88363               1      Successful search (ES-wcm)        
     4         312         24687.2         9.59477               1      Successful search (ES-wcm)        
     4         313         24647.7         10.0861               1      Successful search (ES-wcm)        
     4         314         24603.8         10.2528               1      Successful search (ES-wcm)        
     4         317         24465.5         10.2472               1      Successful search (ES-wcm)        
     4         344         24449.1         10.2333               1        Successful poll           
     5         347         24439.1         9.23858               1      Successful search (ES-wcm)        
     5         349         24435.3          8.5711               1      Successful search (ES-wcm)        
     5         354         24410.6         8.40006               1      Successful search (ES-ell)        
     5         356         24369.6         8.71038               1      Successful search (ES-ell)        
     5         398         24369.6         8.71038             0.5          Refine grid             Train
     6         441         24378.5         24.8259               1        Successful poll           Train
     7         453           24388         12.3892               1      Successful search (ES-ell)        
     7         454         24387.2         16.4224               1      Incremental search (ES-wcm)        
     7         494         24387.2         16.4224             0.5          Refine grid             
     8         529         24396.9         6.82402               1        Successful poll           Train
     9         539           24371         9.78786               1      Successful search (ES-wcm)        
     9         583           24371         9.78786             0.5          Refine grid             
    10         589         24373.1         8.32916             0.5      Successful search (ES-wcm)        
    10         590         24363.3         7.67614             0.5      Successful search (ES-ell)        
    10         642         24363.3         7.67614            0.25          Refine grid             
    11         645         24376.8          6.8163            0.25      Successful search (ES-ell)        
    11         646         24364.9         10.4153            0.25      Successful search (ES-ell)        
    11         647         24358.8         12.0127            0.25      Successful search (ES-ell)        
    11         702         24358.8         12.0127           0.125          Refine grid             Train
    12         703         24356.9         5.36378           0.125      Successful search (ES-wcm)        
    12         704         24355.4         8.98119           0.125      Successful search (ES-wcm)        
    12         707         24353.1         7.85042           0.125      Successful search (ES-wcm)        
    12         762         24353.1         7.85042          0.0625          Refine grid             Train
    13         763           24361         6.84726          0.0625      Successful search (ES-ell)        
    13         764         24348.9         8.72701          0.0625      Successful search (ES-ell)        
    13         820         24337.4         11.3176           0.125        Successful poll           
    14         822         24337.8         9.73122           0.125      Successful search (ES-ell)        
    14         838           24334         10.3197           0.125      Successful search (ES-wcm)        
    14         845         24318.2         8.56611           0.125      Successful search (ES-wcm)        
    14         856         24312.9         7.66051           0.125      Successful search (ES-wcm)        
    14         910         24312.9         7.66051          0.0625          Refine grid             Train
    15         911         24324.7         10.4221          0.0625      Successful search (ES-wcm)        
    15         912         24300.1         11.1797          0.0625      Successful search (ES-wcm)        
    15         916         24292.5         11.1499          0.0625      Successful search (ES-wcm)        
    15         921         24288.7         9.48705          0.0625      Successful search (ES-wcm)        
    15         970         24286.2         10.6736           0.125        Successful poll           
    16         971         24279.6         9.58551           0.125      Successful search (ES-ell)        
    16         972         24267.7         10.1542           0.125      Successful search (ES-ell)        
    16         978         24262.1          6.9204           0.125      Successful search (ES-ell)        
    16        1029         24259.6         5.95168            0.25        Successful poll           
    17        1074         24267.4         5.81688           0.125          Refine grid             Train
    18        1078         24260.9         9.11418           0.125      Successful search (ES-wcm)        
    18        1134         24260.9         9.11418          0.0625          Refine grid             
    19        1137         24259.6         4.51007          0.0625      Successful search (ES-ell)        
    19        1138         24255.4          6.6217          0.0625      Successful search (ES-ell)        
    19        1139         24247.5         7.48561          0.0625      Successful search (ES-ell)        
    19        1150         24245.6         6.00954          0.0625      Successful search (ES-ell)        
    19        1172           24245         5.81288          0.0625      Successful search (ES-wcm)        
    19        1173           24242         6.81221          0.0625      Successful search (ES-wcm)        
    19        1176           24240         4.49753          0.0625      Successful search (ES-wcm)        
    19        1183         24238.1         5.02026          0.0625      Successful search (ES-wcm)        
    19        1187         24237.9          4.4159          0.0625      Successful search (ES-wcm)        
    19        1188         24235.7         4.67852          0.0625      Successful search (ES-ell)        
    19        1239         24235.7         4.67852         0.03125          Refine grid             Train
    20        1240         24237.2         6.25742         0.03125      Successful search (ES-wcm)        
    20        1242           24237         5.58447         0.03125      Successful search (ES-ell)        
    20        1243         24232.1         5.74629         0.03125      Successful search (ES-ell)        
    20        1258         24231.7         2.54443         0.03125      Successful search (ES-wcm)        
    20        1259         24227.3         3.20377         0.03125      Successful search (ES-wcm)        
    20        1305         24220.4          9.1893          0.0625        Successful poll           Train
    21        1311         24217.9         8.22876          0.0625      Successful search (ES-wcm)        
    21        1328         24217.6          4.9415          0.0625      Successful search (ES-wcm)        
    21        1331         24215.8         5.14098          0.0625      Successful search (ES-wcm)        
    21        1347         24215.7         2.83245          0.0625      Successful search (ES-wcm)        
    21        1350         24215.2          2.4374          0.0625      Successful search (ES-ell)        
    21        1353         24207.9         4.77415          0.0625      Successful search (ES-ell)        
    21        1355         24207.5         5.64406          0.0625      Successful search (ES-ell)        
    21        1358         24204.8         6.04266          0.0625      Successful search (ES-ell)        
    21        1363         24204.7         3.47171          0.0625      Successful search (ES-ell)        
    21        1366         24202.3         6.20043          0.0625      Successful search (ES-ell)        
    21        1425         24201.5         4.65955           0.125        Successful poll           
    22        1442         24184.5         7.51324            0.25        Successful poll           Train
    23        1485         24193.7         6.53074             0.5        Successful poll           Train
    24        1526         24197.7         10.8412               1        Successful poll           Train
    25        1535         24188.2         8.83825               1      Successful search (ES-ell)        
    25        1579         24188.2         8.83825             0.5          Refine grid             Train
    26        1586         24188.2         8.51537             0.5      Successful search (ES-ell)        
    26        1600         24185.3         7.56075             0.5      Successful search (ES-ell)        
    26        1609         24184.7         9.75864             0.5      Successful search (ES-wcm)        
    26        1637         24171.6         10.9557               1        Successful poll           Train
    27        1639         24150.1         11.3406               1      Successful search (ES-wcm)        
    27        1654           24114         11.3045               1      Successful search (ES-wcm)        
    27        1655         24109.6         11.3401               1      Successful search (ES-wcm)        
    27        1656         24077.5         11.3233               1      Successful search (ES-wcm)        
    27        1658         24075.5         11.3268               1      Successful search (ES-wcm)        
    27        1661           24072         11.3132               1      Successful search (ES-wcm)        
    27        1664         24038.1         11.2844               1      Successful search (ES-wcm)        
    27        1665         24003.7         11.3082               1      Successful search (ES-wcm)        
    27        1672           23960         14.4096               1      Successful search (ES-wcm)        
    27        1677         23908.2         14.1786               1      Successful search (ES-wcm)        
    27        1693         23893.3         13.5187               1      Successful search (ES-wcm)        
    27        1735         23893.3         13.5187             0.5          Refine grid             
    28        1738         23938.9         14.3192             0.5      Successful search (ES-wcm)        
    28        1741         23935.8         14.3399             0.5      Successful search (ES-wcm)        
    28        1742         23910.1         14.0789             0.5      Successful search (ES-wcm)        
    28        1751         23871.1         32.2437             0.5      Successful search (ES-wcm)        
    28        1756         23835.4         24.6895             0.5      Successful search (ES-ell)        
    28        1766         23808.8          28.113             0.5      Successful search (ES-ell)        
    28        1784         23783.4         28.1191             0.5      Successful search (ES-wcm)        
    28        1788         23779.2         16.1201             0.5      Successful search (ES-ell)        
    28        1789         23768.4         17.7964             0.5      Successful search (ES-ell)        
    28        1790         23746.1         20.6791             0.5      Successful search (ES-ell)        
    28        1809         23745.6         7.49397             0.5      Successful search (ES-ell)        
    28        1810         23743.4         7.38325             0.5      Successful search (ES-ell)        
    28        1813         23738.7         15.2771             0.5      Successful search (ES-ell)        
    28        1827         23723.8         31.8872             0.5      Successful search (ES-wcm)        
    28        1831           23704         23.1784             0.5      Successful search (ES-ell)        
    28        1843         23698.9         20.7499             0.5      Successful search (ES-ell)        
    28        1845         23689.5          23.906             0.5      Successful search (ES-ell)        
    28        1847         23668.9         21.4099             0.5      Successful search (ES-ell)        
    28        1900         23664.2         19.9687               1        Successful poll           Train
    29        1906           23664         17.0823               1      Successful search (ES-ell)        
    29        1907         23650.4         18.4968               1      Successful search (ES-ell)        
    29        1916         23650.2         27.0379               1      Incremental search (ES-ell)        
    29        1951         23650.2         27.0379             0.5          Refine grid             Train
    30        1952         23639.9         18.4807             0.5      Successful search (ES-ell)        
    30        1953         23610.8         23.9743             0.5      Successful search (ES-ell)        
    30        2010         23610.8         23.9743            0.25          Refine grid             
    31        2011         23660.7         8.88709            0.25      Successful search (ES-ell)        
    31        2012         23658.5         16.4359            0.25      Successful search (ES-ell)        
    31        2069           23657         19.6533             0.5        Successful poll           
    32        2075           23615         17.5029             0.5      Successful search (ES-wcm)        
    32        2078           23579         16.5816             0.5      Successful search (ES-wcm)        
    32        2092         23568.4          7.9857             0.5      Successful search (ES-ell)        
    32        2093         23568.1         10.5871             0.5      Incremental search (ES-ell)        
    32        2095         23540.1         12.0879             0.5      Successful search (ES-ell)        
    32        2103         23539.5         12.7883             0.5      Successful search (ES-ell)        
    32        2158         23539.5         12.7883            0.25          Refine grid             
    33        2164         23567.1         9.26154            0.25      Successful search (ES-wcm)        
    33        2165         23538.6         11.8565            0.25      Successful search (ES-wcm)        
    33        2216         23522.7         17.2338             0.5        Successful poll           
    34        2261         23521.8         17.2189            0.25          Refine grid             Train
    35        2266         23522.9         8.88855            0.25      Successful search (ES-ell)        
    35        2321         23522.9         8.88855           0.125          Refine grid             Train
    36        2324         23543.7          6.4284           0.125      Successful search (ES-ell)        
    36        2325         23542.3         11.0107           0.125      Successful search (ES-ell)        
    36        2381         23542.3         11.0107          0.0625          Refine grid             
    37        2382           23539         8.29028          0.0625      Successful search (ES-ell)        
    37        2383         23526.5         12.7753          0.0625      Successful search (ES-ell)        
    37        2396         23490.6         5.82225          0.0625      Successful search (ES-wcm)        
    37        2404         23486.2         5.53735          0.0625      Successful search (ES-wcm)        
    37        2415         23485.4         8.29045          0.0625      Successful search (ES-wcm)        
    37        2471         23485.4         8.29045         0.03125          Refine grid             
    38        2474           23493          4.2708         0.03125      Successful search (ES-wcm)        
    38        2476         23489.5         4.70278         0.03125      Successful search (ES-wcm)        
    38        2478         23481.9         4.62495         0.03125      Successful search (ES-wcm)        
    38        2479         23480.7         6.02039         0.03125      Successful search (ES-wcm)        
    38        2480           23479         8.07096         0.03125      Successful search (ES-wcm)        
    38        2531           23479         8.07096        0.015625          Refine grid             
    39        2533         23493.5         2.75599        0.015625      Successful search (ES-wcm)        
    39        2534           23488         3.77087        0.015625      Successful search (ES-wcm)        
    39        2537           23488         3.76929        0.015625      Successful search (ES-ell)        
    39        2538           23484         5.20689        0.015625      Successful search (ES-ell)        
    39        2539         23480.1         5.90753        0.015625      Successful search (ES-ell)        
    39        2591         23480.1         5.90753       0.0078125          Refine grid             
    40        2592         23486.7         2.09479       0.0078125      Successful search (ES-ell)        
    40        2651         23486.7         2.09479      0.00390625          Refine grid             Train
    41        2652         23489.1         1.58782      0.00390625      Successful search (ES-ell)        
    41        2653         23487.9         2.33904      0.00390625      Successful search (ES-wcm)        
    41        2654         23487.8         3.81341      0.00390625      Successful search (ES-wcm)        
    41        2655         23487.6         6.33756      0.00390625      Successful search (ES-wcm)        
    41        2657         23487.5         4.49118      0.00390625      Successful search (ES-ell)        
    41        2658         23485.6         5.30282      0.00390625      Successful search (ES-ell)        
    41        2661         23474.1            2.68      0.00390625      Successful search (ES-wcm)        
    41        2662         23470.4         2.99466      0.00390625      Successful search (ES-wcm)        
    41        2711         23470.4         2.99466      0.00195312          Refine grid             
    42        2712         23480.1         1.58646      0.00195312      Successful search (ES-wcm)        
    42        2713         23479.4         1.66495      0.00195312      Successful search (ES-wcm)        
    42        2714         23478.1         1.94271      0.00195312      Successful search (ES-wcm)        
    42        2715           23477         2.45918      0.00195312      Successful search (ES-wcm)        
    42        2716         23476.3         3.03963      0.00195312      Successful search (ES-wcm)        
    42        2717         23474.4         4.05062      0.00195312      Successful search (ES-wcm)        
    42        2719         23474.2         3.98057      0.00195312      Successful search (ES-wcm)        
    42        2724         23472.2         2.81707      0.00195312      Successful search (ES-wcm)        
    42        2725         23472.1         2.82926      0.00195312      Successful search (ES-wcm)        
    42        2726         23471.1         3.16738      0.00195312      Successful search (ES-ell)        
    42        2771         23471.1         3.16738     0.000976562          Refine grid             
Optimization terminated: change in the function value less than options['tol_mesh']
Estimated function value at minimum: 23479.92789866205 ± 1.2720281835570884 (mean ± SEM from 100 samples)
BADS minimum at: x_min = [ 0.7108  3.065   4.0088  8.4506  5.2571  2.745   1.2887  0.2788 25.5164
 17.2623  0.5208  0.6672  0.2419  0.2726  0.03  ], training NLL = 23479.9279
total f-count: 2871, time: 124.61 min

 Optimization Run 2/2
Initial params: [1.6438, 6.1802, 3.5227, 12.2723, -3.9124, 35.2431, 0.0545, 0.6432, 27.6417, 22.0455, 0.2416, 0.7429, 0.199, 0.2267, 0.7404]
bads:TooCloseBounds: For each variable, hard and plausible bounds should not be too close. Moving plausible bounds.
Variables (index) internally transformed to log coordinates: [[0 0]
 [0 3]
 [0 5]
 [0 6]]
Beginning optimization of a STOCHASTIC objective function

 Iteration    f-count      E[f(x)]        SD[f(x)]           MeshScale          Method              Actions
     0           1         26151.5             nan               1                                  
     0          33         25689.4             nan               1          Initial mesh            Initial points
     0          58         25591.4        0.969475               1        Successful poll           Train
     1          60         25588.5         0.96966               1      Successful search (ES-wcm)        
     1          66         25573.1        0.953446               1      Successful search (ES-wcm)        
     1          67         25501.4        0.951293               1      Successful search (ES-ell)        
     1          69         25493.3        0.948846               1      Successful search (ES-ell)        
     1          70         25471.3        0.950921               1      Successful search (ES-ell)        
     1          83         25464.5        0.920217               1      Successful search (ES-wcm)        
     1          91         25459.8        0.948411               1      Successful search (ES-ell)        
     1          98           25434         1.13421               1      Successful search (ES-ell)        
     1         127         25369.8         1.14472               1        Successful poll           Train
     2         158         25248.7         6.38805               1        Successful poll           Train
     3         165         25241.6         6.66931               1      Successful search (ES-ell)        
     3         181         25233.7         4.66779               1      Successful search (ES-ell)        
     3         182         25216.3         7.64322               1      Successful search (ES-wcm)        
     3         184           25206         6.89421               1      Successful search (ES-wcm)        
     3         228           25206         6.89421             0.5          Refine grid             
     4         232         25222.9         5.20875             0.5      Successful search (ES-ell)        
     4         233         25213.4         7.73937             0.5      Successful search (ES-ell)        
     4         238         25211.1         5.03904             0.5      Successful search (ES-ell)        
     4         240         25208.5         5.19968             0.5      Successful search (ES-ell)        
     4         241           25203         5.96751             0.5      Successful search (ES-ell)        
     4         285         25077.7         12.9447               1        Successful poll           Train
     5         286           24851          12.686               1      Successful search (ES-ell)        
     5         287         24844.7         12.4337               1      Successful search (ES-ell)        
     5         303         24841.6         11.0333               1      Successful search (ES-wcm)        
     5         309         24838.1         7.48152               1      Successful search (ES-wcm)        
     5         311         24835.9         7.85553               1      Successful search (ES-ell)        
     5         314           24835         6.71666               1      Incremental search (ES-ell)        
     5         323         24831.5         7.14637               1      Successful search (ES-wcm)        
     5         325         24828.1         8.07075               1      Successful search (ES-wcm)        
     5         334           24826         5.96738               1      Successful search (ES-wcm)        
     5         342         24823.8         5.34364               1      Successful search (ES-ell)        
     5         344         24820.3         5.71148               1      Successful search (ES-ell)        
     5         349         24803.6         11.8982               1      Successful search (ES-wcm)        
     5         355         24797.9          7.7245               1      Successful search (ES-ell)        
     5         356         24789.6         9.33078               1      Successful search (ES-ell)        
     5         362         24758.6         13.0315               1      Successful search (ES-wcm)        
     5         367         24733.8         11.5714               1      Successful search (ES-wcm)        
     5         378         24705.6         11.2706               1      Successful search (ES-wcm)        
     5         382         24653.4         11.8144               1      Successful search (ES-wcm)        
     5         383         24649.3          12.463               1      Successful search (ES-wcm)        
     5         384         24639.9         12.1284               1      Successful search (ES-wcm)        
     5         387         24623.5         11.7434               1      Successful search (ES-wcm)        
     5         396         24593.5         10.8531               1      Successful search (ES-ell)        
     5         398         24580.9         10.7589               1      Successful search (ES-ell)        
     5         417         24560.6         4.63196               1      Successful search (ES-ell)        
     5         419           24556         4.77279               1      Successful search (ES-ell)        
     5         420         24550.8         5.45723               1      Successful search (ES-ell)        
     5         423         24543.4         10.9507               1      Successful search (ES-ell)        
     5         437         24515.8         10.5901               1      Successful search (ES-ell)        
     5         439         24512.4         11.0506               1      Successful search (ES-ell)        
     5         440         24407.7         11.2073               1      Successful search (ES-ell)        
     5         447         24375.4         10.0119               1      Successful search (ES-ell)        
     5         487         24355.4         10.7149               1        Successful poll           
     6         501         24354.9         3.02221               1      Successful search (ES-ell)        
     6         502         24351.1          3.6043               1      Successful search (ES-ell)        
     6         534         24294.7         7.40168               1        Successful poll           
     7         537         24240.2         7.92279               1      Successful search (ES-wcm)        
     7         545         24236.1         7.33169               1      Successful search (ES-wcm)        
     7         586         24236.1         7.33169             0.5          Refine grid             Train
     8         591         24253.3          8.4905             0.5      Successful search (ES-wcm)        
     8         592         24237.6         12.0551             0.5      Successful search (ES-wcm)        
     8         593         24230.2         13.9381             0.5      Successful search (ES-wcm)        
     8         645         24230.2         13.9381            0.25          Refine grid             Train
     9         649         24232.4         8.03404            0.25      Successful search (ES-ell)        
     9         705         24232.4         8.03404           0.125          Refine grid             
    10         708         24244.5         4.45779           0.125      Successful search (ES-ell)        
    10         709         24240.6         7.37129           0.125      Successful search (ES-ell)        
    10         712         24238.2         7.21477           0.125      Successful search (ES-ell)        
    10         718         24237.5         5.82473           0.125      Successful search (ES-wcm)        
    10         719           24236         6.01074           0.125      Successful search (ES-ell)        
    10         720         24223.9         7.12649           0.125      Successful search (ES-ell)        
    10         722         24215.7         9.99606           0.125      Successful search (ES-ell)        
    10         741         24208.4         10.7494           0.125      Successful search (ES-wcm)        
    10         742         24201.7         12.7765           0.125      Successful search (ES-wcm)        
    10         745         24185.8         12.8083           0.125      Successful search (ES-wcm)        
    10         795         24185.8         12.8083          0.0625          Refine grid             
    11         796           24198         9.41236          0.0625      Successful search (ES-wcm)        
    11         798         24191.7         9.04474          0.0625      Successful search (ES-wcm)        
    11         800         24174.1         8.11229          0.0625      Successful search (ES-wcm)        
    11         814         24173.9         4.30165          0.0625      Successful search (ES-ell)        
    11         818         24173.8         3.66009          0.0625      Successful search (ES-ell)        
    11         824         24173.4         3.43299          0.0625      Successful search (ES-wcm)        
    11         870         24170.9         5.40087           0.125        Successful poll           
    12         915         24170.8         4.97655          0.0625          Refine grid             
    13         921         24176.4         1.96323          0.0625      Successful search (ES-ell)        
    13         975         24176.4         1.96323         0.03125          Refine grid             Train
    14         976           24175         2.86569         0.03125      Successful search (ES-ell)        
    14         978         24173.4         4.64345         0.03125      Successful search (ES-ell)        
    14        1035         24173.4         4.64345        0.015625          Refine grid             Train
    15        1037         24176.3         1.63219        0.015625      Successful search (ES-ell)        
    15        1038         24174.1         2.36998        0.015625      Successful search (ES-ell)        
    15        1039         24171.3         3.21646        0.015625      Successful search (ES-ell)        
    15        1095         24171.3         3.21646       0.0078125          Refine grid             
    16        1096         24174.8         1.58306       0.0078125      Successful search (ES-wcm)        
    16        1098         24173.6         2.29541       0.0078125      Successful search (ES-wcm)        
    16        1154         24173.2         3.01861        0.015625        Successful poll           
    17        1199         24169.7         2.33877         0.03125        Successful poll           Train
    18        1244         24168.2         4.95144          0.0625        Successful poll           Train
    19        1246           24169         4.94504          0.0625      Successful search (ES-ell)        
    19        1302           24169         2.48162           0.125        Successful poll           
    20        1339         24134.1         8.94593            0.25        Successful poll           Train
    21        1340         24112.7         9.16376            0.25      Successful search (ES-ell)        
    21        1345         24089.9         8.75523            0.25      Successful search (ES-ell)        
    21        1349         24085.3         7.72981            0.25      Successful search (ES-ell)        
    21        1360         24078.9           6.819            0.25      Successful search (ES-ell)        
    21        1361         24070.3         8.42199            0.25      Successful search (ES-ell)        
    21        1401         24064.6         7.52717             0.5        Successful poll           Train
    22        1411         24059.4         8.41148             0.5      Successful search (ES-wcm)        
    22        1460         24059.4         8.41148            0.25          Refine grid             Train
    23        1463         24064.8         8.00736            0.25      Successful search (ES-wcm)        
    23        1469         24046.2          8.2913            0.25      Successful search (ES-wcm)        
    23        1480         24042.3         7.18641            0.25      Successful search (ES-ell)        
    23        1535         24042.3         7.18641           0.125          Refine grid             Train
    24        1540         24051.9         3.70951           0.125      Successful search (ES-ell)        
    24        1541         24042.3         5.98772           0.125      Successful search (ES-ell)        
    24        1595         24035.6         8.79413            0.25        Successful poll           Train
    25        1601         24032.1         8.04533            0.25      Successful search (ES-ell)        
    25        1655         24032.1         8.04533           0.125          Refine grid             Train
    26        1657         24050.7         7.13895           0.125      Successful search (ES-ell)        
    26        1659         24036.7           8.678           0.125      Successful search (ES-ell)        
    26        1660         24016.1         10.3654           0.125      Successful search (ES-ell)        
    26        1672         24004.3         8.46425           0.125      Successful search (ES-ell)        
    26        1687         24002.1         7.30939           0.125      Successful search (ES-ell)        
    26        1695         24001.3         4.06472           0.125      Successful search (ES-ell)        
    26        1696         24001.1         4.56207           0.125      Successful search (ES-ell)        
    26        1697         24000.7         5.36036           0.125      Successful search (ES-ell)        
    26        1745         24000.7         5.36036          0.0625          Refine grid             Train
    27        1746         23998.8         5.34344          0.0625      Successful search (ES-wcm)        
    27        1805         23998.8         5.34344         0.03125          Refine grid             Train
    28        1806         24008.4         2.94839         0.03125      Successful search (ES-ell)        
    28        1807         23996.1          4.4936         0.03125      Successful search (ES-ell)        
    28        1865         23996.1          4.4936        0.015625          Refine grid             
    29        1866         24048.7          2.7037        0.015625      Successful search (ES-ell)        
    29        1867         24047.4         4.03103        0.015625      Successful search (ES-ell)        
    29        1868         24046.6         4.75084        0.015625      Successful search (ES-ell)        
    29        1869         24039.5         5.46974        0.015625      Successful search (ES-ell)        
    29        1871         24024.3         7.71775        0.015625      Successful search (ES-ell)        
    29        1925         24024.3         7.71775       0.0078125          Refine grid             
    30        1926         24037.6          1.7684       0.0078125      Successful search (ES-ell)        
    30        1927         24032.9         1.99584       0.0078125      Successful search (ES-ell)        
    30        1928         24026.3         2.47189       0.0078125      Successful search (ES-wcm)        
    30        1929           24018         3.18436       0.0078125      Successful search (ES-wcm)        
    30        1930         24005.8         3.37417       0.0078125      Successful search (ES-wcm)        
    30        1931         24003.5         5.05045       0.0078125      Successful search (ES-wcm)        
    30        1932         24002.5          5.2288       0.0078125      Successful search (ES-ell)        
    30        1985         24002.5          5.2288      0.00390625          Refine grid             
    31        1986         24036.7         1.74904      0.00390625      Successful search (ES-ell)        
    31        1987         24033.8         1.78832      0.00390625      Successful search (ES-ell)        
    31        1988         24030.8          2.0756      0.00390625      Successful search (ES-ell)        
    31        1989         24026.9         2.37799      0.00390625      Successful search (ES-ell)        
    31        1990         24021.5         2.80552      0.00390625      Successful search (ES-wcm)        
    31        1991         24014.8         4.10491      0.00390625      Successful search (ES-wcm)        
    31        1992         24014.2          5.3328      0.00390625      Successful search (ES-wcm)        
    31        1993         24013.1         5.01805      0.00390625      Successful search (ES-wcm)        
    31        2045         24013.1         5.01805      0.00195312          Refine grid             Train
    32        2046         24036.4         1.63521      0.00195312      Successful search (ES-wcm)        
    32        2047         24035.1         1.59857      0.00195312      Successful search (ES-wcm)        
    32        2048         24032.9         1.59354      0.00195312      Successful search (ES-wcm)        
    32        2049         24030.3         1.64087      0.00195312      Successful search (ES-wcm)        
    32        2050         24026.5         1.89262      0.00195312      Successful search (ES-wcm)        
    32        2051         24022.4         2.24916      0.00195312      Successful search (ES-wcm)        
    32        2052         24017.5         2.63588      0.00195312      Successful search (ES-wcm)        
    32        2053         24004.9         3.46496      0.00195312      Successful search (ES-ell)        
    32        2054         23998.7         4.91515      0.00195312      Successful search (ES-wcm)        
    32        2105         23998.7         4.91515     0.000976562          Refine grid             Train
Optimization terminated: change in the function value less than options['tol_mesh']
Estimated function value at minimum: 24032.71947403123 ± 0.8122898972239134 (mean ± SEM from 100 samples)
BADS minimum at: x_min = [ 0.5632  3.358   5.303   5.5341  3.0921  0.8197  3.1105  0.2748 52.983
 17.4875  0.3516  0.5543  0.3944  0.4429 -0.1973], training NLL = 24032.7195
total f-count: 2205, time: 95.93 min

 ------- Finish Optimization for Subject 2 ---------- 

 ------- Start Optimization for Subject 3 ---------- 

 Cross Validation fold 0/1

 -- Start Optimization: method BADS --

 Optimization Run 1/2
Initial params: [1.2826, 5.8519, 11.8852, 15.7593, 3.938, 13.6326, 0.4843, 0.6814, 25.596, 28.9866, 0.4162, 0.8553, 0.2072, 0.1256, 1.1517]
bads:TooCloseBounds: For each variable, hard and plausible bounds should not be too close. Moving plausible bounds.
Variables (index) internally transformed to log coordinates: [[0 0]
 [0 3]
 [0 5]
 [0 6]]
Beginning optimization of a STOCHASTIC objective function

 Iteration    f-count      E[f(x)]        SD[f(x)]           MeshScale          Method              Actions
     0           1           25395             nan               1                                  
     0          33         24958.8             nan               1          Initial mesh            Initial points
     0          59         24838.1         1.01298               1        Successful poll           Train
     1          64         24707.4         1.00833               1      Successful search (ES-wcm)        
     1          67         24629.6        0.541166               1      Successful search (ES-ell)        
     1         113         24624.3         5.11011               1        Successful poll           Train
     2         115         24600.7          5.9571               1      Successful search (ES-ell)        
     2         166         24600.7          5.9571             0.5          Refine grid             Train
     3         171         24604.6         5.22459             0.5      Successful search (ES-ell)        
     3         172         24601.4          8.3077             0.5      Successful search (ES-ell)        
     3         224         24601.4          8.3077            0.25          Refine grid             
     4         265         24612.7         13.6404             0.5        Successful poll           Train
     5         307         24599.1         1.61593           0.125          Refine grid             Train
     6         352         24599.1         1.61593          0.0625          Refine grid             Train
     7         380         24565.5         3.84399           0.125        Successful poll           Train
     8         390         24565.3          3.7382           0.125      Successful search (ES-wcm)        
     8         399         24562.9         2.81897           0.125      Successful search (ES-ell)        
     8         405         24558.9         3.27141           0.125      Successful search (ES-wcm)        
     8         408         24557.2         3.14629           0.125      Successful search (ES-wcm)        
     8         455         24555.2          2.7681            0.25        Successful poll           
     9         464           24555         1.49146            0.25      Successful search (ES-ell)        
     9         465         24553.1         1.70822            0.25      Successful search (ES-ell)        
     9         466         24550.2         2.14252            0.25      Successful search (ES-ell)        
     9         467         24547.9         2.65479            0.25      Successful search (ES-ell)        
     9         513         24545.2         3.12118             0.5        Successful poll           
    10         515         24538.8         3.46022             0.5      Successful search (ES-ell)        
    10         570         24538.8         3.46022            0.25          Refine grid             Train
    11         573         24537.5         2.73981            0.25      Successful search (ES-ell)        
    11         586         24532.6         3.21896            0.25      Successful search (ES-ell)        
    11         588         24531.1         3.28451            0.25      Successful search (ES-ell)        
    11         643           24529         3.68448             0.5        Successful poll           Train
    12         685         24527.8         3.53087               1        Successful poll           Train
    13         695         24527.9         2.78726               1      Incremental search (ES-ell)        
    13         697         24524.3         2.64348               1      Successful search (ES-ell)        
    13         700           24524         2.07026               1      Incremental search (ES-ell)        
    13         707         24519.2         2.58534               1      Successful search (ES-ell)        
    13         752         24517.1         2.46349               1        Successful poll           
    14         790         24513.6          3.7902               1        Successful poll           Train
    15         824           24514         3.79362               1        Successful poll           Train
    16         859         24506.4         1.63076               1        Successful poll           Train
    17         897         24507.7         1.51217             0.5          Refine grid             Train
    18         901         24511.4         1.89042             0.5      Successful search (ES-ell)        
    18         952         24494.1         2.47078               1        Successful poll           
    19         989         24493.2         2.44859             0.5          Refine grid             
    20        1001         24512.2         2.52483             0.5      Successful search (ES-wcm)        
    20        1003         24509.9         2.01131             0.5      Successful search (ES-wcm)        
    20        1045         24509.9         2.01131            0.25          Refine grid             Train
    21        1087           24514        0.806443           0.125          Refine grid             Train
    22        1131           24514        0.806443          0.0625          Refine grid             Train
    23        1175         24516.2        0.645193         0.03125          Refine grid             Train
    24        1220         24517.6         1.04867        0.015625          Refine grid             Train
    25        1221         24516.7        0.762427        0.015625      Successful search (ES-wcm)        
    25        1222         24514.8        0.765007        0.015625      Successful search (ES-wcm)        
    25        1223         24512.3        0.928768        0.015625      Successful search (ES-wcm)        
    25        1224         24505.6        0.945345        0.015625      Successful search (ES-ell)        
    25        1225         24504.6         1.45371        0.015625      Successful search (ES-ell)        
    25        1280         24504.6         1.45371       0.0078125          Refine grid             
    26        1281         24519.8        0.441826       0.0078125      Successful search (ES-ell)        
    26        1282         24517.6        0.441549       0.0078125      Successful search (ES-ell)        
    26        1283         24516.6        0.475191       0.0078125      Successful search (ES-wcm)        
    26        1314         24506.8         1.31647        0.015625        Successful poll           
    27        1315         24520.4         1.09004        0.015625      Successful search (ES-wcm)        
    27        1316         24519.5         1.06126        0.015625      Successful search (ES-wcm)        
    27        1317         24518.7         1.09223        0.015625      Successful search (ES-wcm)        
    27        1318         24517.1         1.30257        0.015625      Successful search (ES-wcm)        
    27        1320         24515.5         1.22727        0.015625      Successful search (ES-wcm)        
    27        1321         24514.4         1.31789        0.015625      Successful search (ES-wcm)        
    27        1322         24514.3         1.52817        0.015625      Successful search (ES-wcm)        
    27        1374         24514.3         1.52817       0.0078125          Refine grid             
    28        1375         24518.3        0.844016       0.0078125      Successful search (ES-wcm)        
    28        1376         24514.1        0.806929       0.0078125      Successful search (ES-wcm)        
    28        1377         24511.5        0.824491       0.0078125      Successful search (ES-ell)        
    28        1378         24509.5        0.968058       0.0078125      Successful search (ES-ell)        
    28        1434         24509.5        0.968058      0.00390625          Refine grid             
    29        1435         24517.4        0.703831      0.00390625      Successful search (ES-ell)        
    29        1436           24517        0.702991      0.00390625      Successful search (ES-wcm)        
    29        1437         24516.3        0.704062      0.00390625      Successful search (ES-wcm)        
    29        1438         24515.6        0.719578      0.00390625      Successful search (ES-wcm)        
    29        1439         24514.7        0.757666      0.00390625      Successful search (ES-wcm)        
    29        1440         24513.8        0.893441      0.00390625      Successful search (ES-wcm)        
    29        1441         24511.8         1.10471      0.00390625      Successful search (ES-ell)        
    29        1442         24511.4         1.58398      0.00390625      Successful search (ES-ell)        
    29        1494         24511.4         1.58398      0.00195312          Refine grid             
    30        1495         24516.4        0.749795      0.00195312      Successful search (ES-ell)        
    30        1496         24515.7        0.754584      0.00195312      Successful search (ES-ell)        
    30        1497         24515.2        0.761083      0.00195312      Successful search (ES-ell)        
    30        1498         24514.9        0.779903      0.00195312      Successful search (ES-ell)        
    30        1499         24514.4        0.828968      0.00195312      Successful search (ES-ell)        
    30        1500         24514.1        0.905006      0.00195312      Successful search (ES-ell)        
    30        1501         24513.2         1.00362      0.00195312      Successful search (ES-ell)        
    30        1504           24512         0.96146      0.00195312      Successful search (ES-ell)        
    30        1505         24511.6           1.038      0.00195312      Successful search (ES-ell)        
    30        1554         24511.6           1.038     0.000976562          Refine grid             Train
Optimization terminated: change in the function value less than options['tol_mesh']
Estimated function value at minimum: 24515.17504540874 ± 0.3270746111580717 (mean ± SEM from 100 samples)
BADS minimum at: x_min = [ 1.3256  2.1094  4.6533  0.7708 -3.4814  6.5368  0.      0.1264 39.624
 22.8735  0.9773  0.666   0.2239  0.1626 -0.8887], training NLL = 24515.175
total f-count: 1654, time: 70.61 min

 Optimization Run 2/2
Initial params: [1.2186, 9.0508, 2.4734, 8.8891, -3.429, 25.0781, 0.5069, 0.469, 26.4563, 26.2534, 0.5707, 0.8643, 0.1935, 0.2248, 0.2116]
bads:TooCloseBounds: For each variable, hard and plausible bounds should not be too close. Moving plausible bounds.
Variables (index) internally transformed to log coordinates: [[0 0]
 [0 3]
 [0 5]
 [0 6]]
Beginning optimization of a STOCHASTIC objective function

 Iteration    f-count      E[f(x)]        SD[f(x)]           MeshScale          Method              Actions
     0           1         25411.3             nan               1                                  
     0          33         24958.6             nan               1          Initial mesh            Initial points
     0          58         24840.5        0.995036               1        Successful poll           Train
     1          67         24759.5        0.575655               1      Successful search (ES-wcm)        
     1          68         24719.3        0.574926               1      Successful search (ES-wcm)        
     1          72         24676.7        0.573985               1      Successful search (ES-wcm)        
     1          78           24641        0.571873               1      Successful search (ES-wcm)        
     1          84         24623.1        0.532128               1      Successful search (ES-ell)        
     1          85         24621.7        0.544523               1      Successful search (ES-ell)        
     1          88         24611.3        0.503681               1      Successful search (ES-ell)        
     1          94         24555.1        0.559566               1      Successful search (ES-ell)        
     1         102         24541.8         1.03473               1      Successful search (ES-wcm)        
     1         103         24538.4        0.847863               1      Successful search (ES-ell)        
     1         108         24493.7         1.03882               1      Successful search (ES-wcm)        
     1         155           24462         1.07534               1        Successful poll           
     2         189         24455.7         1.05379               1        Successful poll           Train
     3         228         24455.3         3.44978             0.5          Refine grid             Train
     4         233         24447.7         3.26822             0.5      Successful search (ES-ell)        
     4         283         24447.7         3.26822            0.25          Refine grid             Train
     5         286         24439.7         2.57296            0.25      Successful search (ES-ell)        
     5         288         24435.5         2.63936            0.25      Successful search (ES-ell)        
     5         292         24427.4         2.14143            0.25      Successful search (ES-ell)        
     5         340         24427.4         2.14143           0.125          Refine grid             
     6         344         24429.5         2.81324           0.125      Successful search (ES-wcm)        
     6         348         24428.1         2.10599           0.125      Successful search (ES-ell)        
     6         349         24427.7         2.20962           0.125      Successful search (ES-ell)        
     6         399         24427.4         2.44955            0.25        Successful poll           
     7         410         24424.8         2.34039            0.25      Successful search (ES-wcm)        
     7         411         24422.9         2.38595            0.25      Successful search (ES-wcm)        
     7         413         24420.5         2.15543            0.25      Successful search (ES-wcm)        
     7         420         24419.8         2.16011            0.25      Successful search (ES-ell)        
     7         471         24419.8         2.16011           0.125          Refine grid             
     8         474         24420.2         1.48795           0.125      Successful search (ES-ell)        
     8         475         24418.7         2.61439           0.125      Successful search (ES-ell)        
     8         480         24418.4          1.9302           0.125      Successful search (ES-ell)        
     8         530         24418.4          1.9302          0.0625          Refine grid             
     9         533         24421.7          1.4735          0.0625      Successful search (ES-ell)        
     9         589         24421.7          1.4735         0.03125          Refine grid             Train
    10         590         24419.7        0.817031         0.03125      Successful search (ES-ell)        
    10         592         24419.5         1.11883         0.03125      Successful search (ES-ell)        
    10         595           24419        0.968433         0.03125      Successful search (ES-ell)        
    10         597         24418.7         1.07737         0.03125      Successful search (ES-ell)        
    10         648         24418.7         1.07737        0.015625          Refine grid             Train
    11         649         24420.3         0.49571        0.015625      Successful search (ES-ell)        
    11         650         24419.1        0.569495        0.015625      Successful search (ES-ell)        
    11         707         24419.1        0.569495       0.0078125          Refine grid             
    12         708         24421.4        0.574531       0.0078125      Successful search (ES-ell)        
    12         710           24419        0.661563       0.0078125      Successful search (ES-wcm)        
    12         712         24418.5         1.09471       0.0078125      Successful search (ES-wcm)        
    12         714         24418.3         1.10101       0.0078125      Successful search (ES-wcm)        
    12         715         24417.9         1.13331       0.0078125      Successful search (ES-ell)        
    12         716         24417.8         1.15355       0.0078125      Successful search (ES-ell)        
    12         717         24417.6         1.28432       0.0078125      Successful search (ES-ell)        
    12         718         24416.6         1.58739       0.0078125      Successful search (ES-ell)        
    12         722         24416.4        0.920487       0.0078125      Successful search (ES-wcm)        
    12         767         24416.4        0.920487      0.00390625          Refine grid             
    13         768         24421.4        0.476825      0.00390625      Successful search (ES-wcm)        
    13         769           24421        0.606112      0.00390625      Successful search (ES-wcm)        
    13         770         24420.5        0.801459      0.00390625      Successful search (ES-wcm)        
    13         771         24419.6        0.947692      0.00390625      Successful search (ES-wcm)        
    13         772         24418.6         1.22182      0.00390625      Successful search (ES-wcm)        
    13         774         24417.7         0.94433      0.00390625      Successful search (ES-wcm)        
    13         775         24415.7         1.18807      0.00390625      Successful search (ES-wcm)        
    13         827         24415.7         1.18807      0.00195312          Refine grid             Train
    14         828         24418.7        0.399225      0.00195312      Successful search (ES-wcm)        
    14         829         24418.2        0.407988      0.00195312      Successful search (ES-wcm)        
    14         830         24417.7        0.432079      0.00195312      Successful search (ES-wcm)        
    14         831         24417.2        0.478864      0.00195312      Successful search (ES-ell)        
    14         832         24416.5         0.58436      0.00195312      Successful search (ES-ell)        
    14         833         24416.1        0.766812      0.00195312      Successful search (ES-ell)        
    14         887         24413.1         2.58121      0.00390625        Successful poll           
    15         888         24418.3         1.70995      0.00390625      Successful search (ES-ell)        
    15         889         24417.6         1.67629      0.00390625      Successful search (ES-wcm)        
    15         893         24417.6         1.16988      0.00390625      Successful search (ES-wcm)        
    15         896         24416.9        0.988669      0.00390625      Successful search (ES-ell)        
    15         947         24416.9        0.988669      0.00195312          Refine grid             Train
    16         948         24419.9        0.407437      0.00195312      Successful search (ES-ell)        
    16         949         24419.5        0.431699      0.00195312      Successful search (ES-wcm)        
    16         950         24418.7         0.57531      0.00195312      Successful search (ES-wcm)        
    16         951         24418.2        0.818441      0.00195312      Successful search (ES-wcm)        
    16         952         24417.9         1.23826      0.00195312      Successful search (ES-wcm)        
    16         979         24415.2        0.820894      0.00390625        Successful poll           
    17        1024         24417.5        0.806611      0.00195312          Refine grid             
    18        1025         24419.5        0.351049      0.00195312      Successful search (ES-wcm)        
    18        1026         24418.9        0.369748      0.00195312      Successful search (ES-wcm)        
    18        1027         24418.6        0.583116      0.00195312      Successful search (ES-wcm)        
    18        1028         24418.2        0.837926      0.00195312      Successful search (ES-wcm)        
    18        1029         24417.3         1.25751      0.00195312      Successful search (ES-wcm)        
    18        1030         24415.7         1.82548      0.00195312      Successful search (ES-wcm)        
    18        1034         24412.1        0.952611      0.00195312      Successful search (ES-wcm)        
    18        1035         24410.2          1.0992      0.00195312      Successful search (ES-wcm)        
    18        1084         24410.2          1.0992     0.000976562          Refine grid             
Optimization terminated: change in the function value less than options['tol_mesh']
Estimated function value at minimum: 24418.12682197548 ± 0.27656648720813787 (mean ± SEM from 100 samples)
BADS minimum at: x_min = [ 1.06290e+00  2.10760e+00  3.97090e+00  1.22590e+00 -2.79340e+00
  9.11910e+00  8.30000e-03  5.80000e-02  3.16345e+01  1.93464e+01
  9.96300e-01  5.51200e-01  2.08500e-01  1.54400e-01  8.21000e-02], training NLL = 24418.1268
total f-count: 1184, time: 50.18 min

 ------- Finish Optimization for Subject 3 ---------- 

 ------- Start Optimization for Subject 5 ---------- 

 Cross Validation fold 0/1

 -- Start Optimization: method BADS --

 Optimization Run 1/2
Initial params: [0.2968, 3.9464, 8.7706, 13.0744, 4.7423, 38.1198, 0.6438, 0.1006, 16.5723, 27.1919, 0.3903, 0.7578, 0.135, 0.1205, -0.128]
bads:TooCloseBounds: For each variable, hard and plausible bounds should not be too close. Moving plausible bounds.
Variables (index) internally transformed to log coordinates: [[0 0]
 [0 3]
 [0 5]
 [0 6]]
Beginning optimization of a STOCHASTIC objective function

 Iteration    f-count      E[f(x)]        SD[f(x)]           MeshScale          Method              Actions
     0           1         25537.2             nan               1                                  
     0          33         25088.5             nan               1          Initial mesh            Initial points
     0          34         25078.9          1.0118               1        Successful poll           Train
     1          39         24936.6         1.01142               1      Successful search (ES-wcm)        
     1          57         24916.4        0.927924               1      Successful search (ES-wcm)        
     1          58         24913.3        0.961167               1      Successful search (ES-wcm)        
     1          77         24910.8        0.915554               1      Successful search (ES-wcm)        
     1          96         24830.5        0.928587               1        Successful poll           Train
     2         101         24818.1         4.42061               1      Successful search (ES-ell)        
     2         126         24816.6         3.46017               1      Successful search (ES-wcm)        
     2         135         24795.5         2.36233               1      Successful search (ES-ell)        
     2         141         24794.4         1.30485               1      Successful search (ES-ell)        
     2         144         24788.2         2.79584               1      Successful search (ES-ell)        
     2         145         24750.7         2.80179               1      Successful search (ES-ell)        
     2         147         24674.2         2.80293               1      Successful search (ES-ell)        
     2         149         24610.4          2.8118               1      Successful search (ES-wcm)        
     2         152         24583.7         2.80131               1      Successful search (ES-wcm)        
     2         155         24574.6         2.79199               1      Successful search (ES-ell)        
     2         161         24566.6         5.19457               1      Successful search (ES-wcm)        
     2         163         24551.9         5.17752               1      Successful search (ES-wcm)        
     2         164         24546.3         5.11518               1      Successful search (ES-ell)        
     2         170         24530.5         4.90795               1      Successful search (ES-wcm)        
     2         171         24522.8         5.01991               1      Successful search (ES-wcm)        
     2         206         24515.4         4.20604               1        Successful poll           Train
     3         245         24517.3         4.12481             0.5          Refine grid             Train
     4         250         24533.9         3.60698             0.5      Successful search (ES-ell)        
     4         266         24532.6         3.38181             0.5      Successful search (ES-ell)        
     4         318         24528.5         7.46662               1        Successful poll           Train
     5         355         24495.1          8.1378               1        Successful poll           Train
     6         359         24483.2         8.21406               1      Successful search (ES-wcm)        
     6         360         24464.6         8.22843               1      Successful search (ES-wcm)        
     6         363         24455.9         8.12471               1      Successful search (ES-wcm)        
     6         410         24455.9         8.12471             0.5          Refine grid             
     7         412         24426.7         7.23852             0.5      Successful search (ES-ell)        
     7         448         24419.9          7.5914               1        Successful poll           Train
     8         451         24412.4         10.6055               1      Successful search (ES-ell)        
     8         455         24400.1         10.0653               1      Successful search (ES-ell)        
     8         504         24400.1         10.0653             0.5          Refine grid             Train
     9         509         24416.3         4.48723             0.5      Successful search (ES-ell)        
     9         510           24402         5.46008             0.5      Successful search (ES-ell)        
     9         561           24402         5.46008            0.25          Refine grid             Train
    10         564         24430.5         9.31367            0.25      Successful search (ES-wcm)        
    10         565           24429         10.7356            0.25      Successful search (ES-wcm)        
    10         567         24384.6         10.7352            0.25      Successful search (ES-wcm)        
    10         614         24342.6         10.8542             0.5        Successful poll           
    11         615           24247         10.8002             0.5      Successful search (ES-wcm)        
    11         616         24218.1         10.7897             0.5      Successful search (ES-wcm)        
    11         618         24207.2         10.7501             0.5      Successful search (ES-wcm)        
    11         627         24153.8         10.6671             0.5      Successful search (ES-wcm)        
    11         628           24127         11.5216             0.5      Successful search (ES-wcm)        
    11         672         24098.1         12.2095               1        Successful poll           
    12         682         24091.6         8.56158               1      Successful search (ES-ell)        
    12         683           24076         7.78756               1      Successful search (ES-ell)        
    12         684         24060.1         8.30613               1      Successful search (ES-ell)        
    12         685           24043         9.20344               1      Successful search (ES-ell)        
    12         692         24040.2         9.88908               1      Successful search (ES-ell)        
    12         696         24035.2         7.88115               1      Successful search (ES-ell)        
    12         697           24012          9.0489               1      Successful search (ES-ell)        
    12         740         24007.8         11.2915               1        Successful poll           
    13         778         24009.1         5.66676             0.5          Refine grid             Train
    14         783         24001.6         7.65958             0.5      Successful search (ES-ell)        
    14         787         23999.1         6.23848             0.5      Successful search (ES-ell)        
    14         788         23991.2         7.34322             0.5      Successful search (ES-ell)        
    14         789         23987.6         8.52468             0.5      Successful search (ES-ell)        
    14         837         23987.6         8.52468            0.25          Refine grid             
    15         838         23997.5         7.49211            0.25      Successful search (ES-ell)        
    15         840         23995.8         7.38895            0.25      Successful search (ES-ell)        
    15         897         23995.8         7.38895           0.125          Refine grid             
    16         942           24009         3.16906          0.0625          Refine grid             Train
    17         943           23976         6.18501          0.0625      Successful search (ES-wcm)        
    17         944         23958.3          6.1005          0.0625      Successful search (ES-ell)        
    17         950         23957.6         4.24758          0.0625      Successful search (ES-ell)        
    17         951         23954.6         4.91651          0.0625      Successful search (ES-ell)        
    17         955         23953.9         4.04192          0.0625      Successful search (ES-ell)        
    17         956         23947.8         4.48479          0.0625      Successful search (ES-ell)        
    17         957         23946.9         5.16834          0.0625      Successful search (ES-ell)        
    17         959         23946.9          5.7257          0.0625      Successful search (ES-wcm)        
    17         962         23941.6         5.55539          0.0625      Successful search (ES-wcm)        
    17         964         23935.4         5.52503          0.0625      Successful search (ES-wcm)        
    17        1017         23935.4         5.52503         0.03125          Refine grid             Train
    18        1018         23937.1         2.18816         0.03125      Successful search (ES-ell)        
    18        1077         23937.1         2.18816        0.015625          Refine grid             
    19        1078         23939.2         1.44366        0.015625      Successful search (ES-ell)        
    19        1079         23937.4         2.23407        0.015625      Successful search (ES-ell)        
    19        1080         23935.6          3.3343        0.015625      Successful search (ES-ell)        
    19        1094         23933.7         3.08036        0.015625      Successful search (ES-wcm)        
    19        1152         23933.7         3.08036       0.0078125          Refine grid             
    20        1153         23937.2          1.2756       0.0078125      Successful search (ES-wcm)        
    20        1154         23933.4         1.62649       0.0078125      Successful search (ES-wcm)        
    20        1155         23931.6         1.83662       0.0078125      Successful search (ES-ell)        
    20        1212         23931.6         1.83662      0.00390625          Refine grid             
    21        1213         23937.1        0.902957      0.00390625      Successful search (ES-ell)        
    21        1214         23935.4        0.969796      0.00390625      Successful search (ES-ell)        
    21        1215         23933.5         1.19591      0.00390625      Successful search (ES-ell)        
    21        1216         23932.2          1.5758      0.00390625      Successful search (ES-ell)        
    21        1272         23932.2          1.5758      0.00195312          Refine grid             
    22        1273         23941.4         1.10593      0.00195312      Successful search (ES-ell)        
    22        1274         23941.1         1.10771      0.00195312      Successful search (ES-ell)        
    22        1275         23940.4         1.13791      0.00195312      Successful search (ES-ell)        
    22        1276         23939.1         1.19181      0.00195312      Successful search (ES-ell)        
    22        1277         23937.9         1.26949      0.00195312      Successful search (ES-ell)        
    22        1279           23937         1.40262      0.00195312      Successful search (ES-ell)        
    22        1309         23932.5         1.52182      0.00390625        Successful poll           Train
    23        1310         23925.1         2.05213      0.00390625      Successful search (ES-wcm)        
    23        1311         23924.1         2.05852      0.00390625      Successful search (ES-ell)        
    23        1312         23922.7         2.04053      0.00390625      Successful search (ES-ell)        
    23        1313         23918.3         2.15792      0.00390625      Successful search (ES-ell)        
    23        1314         23912.4         2.49761      0.00390625      Successful search (ES-ell)        
    23        1369         23912.4         2.49761      0.00195312          Refine grid             
    24        1370         23941.9         1.17238      0.00195312      Successful search (ES-ell)        
    24        1371         23940.9         1.30551      0.00195312      Successful search (ES-ell)        
    24        1372         23939.8         1.50404      0.00195312      Successful search (ES-ell)        
    24        1373         23938.1         1.75393      0.00195312      Successful search (ES-ell)        
    24        1374         23937.6         2.14931      0.00195312      Successful search (ES-ell)        
    24        1375           23934         2.62222      0.00195312      Successful search (ES-ell)        
    24        1377         23933.6         2.71773      0.00195312      Successful search (ES-ell)        
    24        1379           23933         2.74742      0.00195312      Successful search (ES-ell)        
    24        1380         23931.9          3.1444      0.00195312      Successful search (ES-ell)        
    24        1429         23931.9          3.1444     0.000976562          Refine grid             
Optimization terminated: change in the function value less than options['tol_mesh']
Estimated function value at minimum: 23934.332090570115 ± 0.7279118539734173 (mean ± SEM from 100 samples)
BADS minimum at: x_min = [ 0.4704  2.4783  4.2832  3.955   2.9653  1.3038  4.2211  0.4635 13.3549
 17.5052  0.7532  0.3709  0.1908  0.1797 -0.7525], training NLL = 23934.3321
total f-count: 1529, time: 65.27 min

 Optimization Run 2/2
Initial params: [1.0724, 9.7726, 4.4227, 17.6145, -4.8237, 5.9695, 2.1689, 0.423, 15.8237, 18.1124, 0.7046, 0.1753, 0.2985, 0.1757, 0.9491]
bads:TooCloseBounds: For each variable, hard and plausible bounds should not be too close. Moving plausible bounds.
Variables (index) internally transformed to log coordinates: [[0 0]
 [0 3]
 [0 5]
 [0 6]]
Beginning optimization of a STOCHASTIC objective function

 Iteration    f-count      E[f(x)]        SD[f(x)]           MeshScale          Method              Actions
     0           1         25583.1             nan               1                                  
     0          33         25086.4             nan               1          Initial mesh            Initial points
     0          58         25017.8         0.98655               1        Successful poll           Train
     1          62         24969.5        0.982195               1      Successful search (ES-ell)        
     1          67           24903        0.948126               1      Successful search (ES-ell)        
     1          73         24902.7         0.81598               1      Incremental search (ES-ell)        
     1          75         24896.5        0.953354               1      Successful search (ES-ell)        
     1          80         24869.3        0.949947               1      Successful search (ES-ell)        
     1          84         24861.7        0.920903               1      Successful search (ES-ell)        
     1          85         24846.5        0.933072               1      Successful search (ES-ell)        
     1          88         24825.2        0.923897               1      Successful search (ES-ell)        
     1          89         24782.6        0.951539               1      Successful search (ES-ell)        
     1          98           24772         0.76309               1      Successful search (ES-ell)        
     1         103         24770.8        0.720849               1      Successful search (ES-ell)        
     1         110         24748.3        0.762725               1      Successful search (ES-ell)        
     1         112           24724        0.764293               1      Successful search (ES-ell)        
     1         156         24671.4         15.9703               1        Successful poll           
     2         189         24649.9           10.83               1        Successful poll           Train
     3         196         24583.2         8.39814               1      Successful search (ES-ell)        
     3         198         24569.1         8.31877               1      Successful search (ES-ell)        
     3         243         24560.9         9.10308               1        Successful poll           
     4         253           24559         4.91313               1      Incremental search (ES-ell)        
     4         254         24558.6         5.81443               1      Incremental search (ES-ell)        
     4         256         24540.7          6.5417               1      Successful search (ES-ell)        
     4         259         24361.6         9.70277               1      Successful search (ES-ell)        
     4         261         24318.9         9.58166               1      Successful search (ES-ell)        
     4         269         24308.1         9.39089               1      Successful search (ES-ell)        
     4         271         24251.1         9.60038               1      Successful search (ES-ell)        
     4         272         24245.1         9.88446               1      Successful search (ES-ell)        
     4         277         24243.8         10.2407               1      Successful search (ES-ell)        
     4         279         24170.8         10.4869               1      Successful search (ES-wcm)        
     4         280         24162.3         10.5993               1      Successful search (ES-wcm)        
     4         283         24159.5         10.3497               1      Successful search (ES-wcm)        
     4         289         24148.8         10.3284               1      Successful search (ES-wcm)        
     4         292         24130.6         10.0602               1      Successful search (ES-wcm)        
     4         294         24129.1         9.89444               1      Successful search (ES-wcm)        
     4         295         24125.1         10.0852               1      Successful search (ES-wcm)        
     4         339         24090.2         10.4166               1        Successful poll           
     5         341           24059         10.4448               1      Successful search (ES-wcm)        
     5         347         24029.5         10.2453               1      Successful search (ES-wcm)        
     5         353         24026.4          7.8229               1      Successful search (ES-ell)        
     5         354         24014.2          7.6322               1      Successful search (ES-ell)        
     5         388         24007.9         10.2626               1        Successful poll           
     6         397         24004.4         9.66842               1      Successful search (ES-wcm)        
     6         398         23991.5         9.57513               1      Successful search (ES-wcm)        
     6         401         23978.3         9.30549               1      Successful search (ES-wcm)        
     6         413         23976.1         7.33268               1      Successful search (ES-wcm)        
     6         422         23972.6         15.1554               1      Successful search (ES-ell)        
     6         424         23969.5         15.7508               1      Successful search (ES-ell)        
     6         430         23967.2         9.73836               1      Successful search (ES-ell)        
     6         431         23962.1         10.8253               1      Successful search (ES-ell)        
     6         432         23956.2         14.0819               1      Successful search (ES-ell)        
     6         440         23955.6         8.81306               1      Incremental search (ES-ell)        
     6         443         23953.9         8.74792               1      Successful search (ES-ell)        
     6         444         23952.1         11.2029               1      Successful search (ES-ell)        
     6         446         23948.6         11.5831               1      Successful search (ES-ell)        
     6         461         23943.7         9.82323               1      Successful search (ES-wcm)        
     6         462         23941.2          14.853               1      Successful search (ES-wcm)        
     6         500         23941.2          14.853             0.5          Refine grid             Train
     7         503         23938.9         9.01458             0.5      Successful search (ES-ell)        
     7         555         23938.9         9.01458            0.25          Refine grid             
     8         556         23922.4         8.23079            0.25      Successful search (ES-ell)        
     8         611         23922.4         8.23079           0.125          Refine grid             
     9         612         23938.9         4.86052           0.125      Successful search (ES-ell)        
     9         613         23936.7         9.37397           0.125      Successful search (ES-ell)        
     9         614         23934.2         11.5105           0.125      Successful search (ES-ell)        
     9         617         23919.3         15.2429           0.125      Successful search (ES-wcm)        
     9         620         23910.1         15.1948           0.125      Successful search (ES-wcm)        
     9         622         23903.9         12.4312           0.125      Successful search (ES-wcm)        
     9         624         23897.7         12.4547           0.125      Successful search (ES-wcm)        
     9         626         23897.4         12.9113           0.125      Successful search (ES-ell)        
     9         629         23895.1         10.0542           0.125      Successful search (ES-wcm)        
     9         632         23890.8         8.52432           0.125      Successful search (ES-wcm)        
     9         636         23890.2         6.46749           0.125      Successful search (ES-wcm)        
     9         637         23889.2           7.255           0.125      Successful search (ES-wcm)        
     9         682         23885.1         10.8577            0.25        Successful poll           
    10         684         23870.6         12.3704            0.25      Successful search (ES-wcm)        
    10         701         23863.9         10.4373            0.25      Successful search (ES-wcm)        
    10         715         23843.5         10.9272            0.25      Successful search (ES-wcm)        
    10         722         23832.9         7.14072            0.25      Successful search (ES-wcm)        
    10         723         23830.8         6.72157            0.25      Successful search (ES-wcm)        
    10         768         23830.8         6.72157           0.125          Refine grid             
    11         771         23833.9         4.65371           0.125      Successful search (ES-ell)        
    11         784         23829.8         6.15275           0.125      Successful search (ES-ell)        
    11         839         23829.8         6.15275          0.0625          Refine grid             
    12         842         23831.6         2.97812          0.0625      Successful search (ES-ell)        
    12         856         23831.5          8.0528          0.0625      Successful search (ES-wcm)        
    12         859         23829.2         8.26299          0.0625      Successful search (ES-wcm)        
    12         867         23829.1         4.01041          0.0625      Successful search (ES-wcm)        
    12         868         23823.8         4.25291          0.0625      Successful search (ES-wcm)        
    12         879           23823         3.09535          0.0625      Successful search (ES-wcm)        
    12         887         23820.3           4.737          0.0625      Successful search (ES-ell)        
    12         894         23820.2         4.75992          0.0625      Successful search (ES-wcm)        
    12         896         23816.5          4.7007          0.0625      Successful search (ES-wcm)        
    12         941         23816.5          4.7007         0.03125          Refine grid             
    13         942         23821.4         4.08964         0.03125      Successful search (ES-ell)        
    13         957         23819.4          4.2186         0.03125      Successful search (ES-ell)        
    13        1013         23819.4          4.2186        0.015625          Refine grid             
    14        1014         23818.9         1.94174        0.015625      Successful search (ES-ell)        
    14        1016         23816.4         2.84778        0.015625      Successful search (ES-ell)        
    14        1017         23813.7          3.7632        0.015625      Successful search (ES-ell)        
    14        1022           23813         3.15768        0.015625      Successful search (ES-wcm)        
    14        1024         23811.9         3.59675        0.015625      Successful search (ES-wcm)        
    14        1026         23809.3          3.0842        0.015625      Successful search (ES-ell)        
    14        1072         23809.3          3.0842       0.0078125          Refine grid             
    15        1073         23809.8          1.5153       0.0078125      Successful search (ES-ell)        
    15        1074         23808.7         2.52441       0.0078125      Successful search (ES-wcm)        
    15        1077         23808.2         2.36373       0.0078125      Successful search (ES-wcm)        
    15        1078         23807.3          2.7856       0.0078125      Successful search (ES-ell)        
    15        1083         23807.3         2.16664       0.0078125      Successful search (ES-ell)        
    15        1084         23806.7         2.84393       0.0078125      Successful search (ES-wcm)        
    15        1131         23806.7         2.84393      0.00390625          Refine grid             
    16        1132         23807.9         1.12735      0.00390625      Successful search (ES-ell)        
    16        1133         23806.4         1.52044      0.00390625      Successful search (ES-ell)        
    16        1134         23805.2         2.21864      0.00390625      Successful search (ES-ell)        
    16        1190         23805.2         2.21864      0.00195312          Refine grid             Train
    17        1191         23808.8         1.07159      0.00195312      Successful search (ES-ell)        
    17        1192           23808         1.28758      0.00195312      Successful search (ES-ell)        
    17        1193         23806.7         1.72296      0.00195312      Successful search (ES-ell)        
    17        1249         23806.5         1.43209      0.00390625        Successful poll           
    18        1250         23806.7         1.81012      0.00390625      Successful search (ES-ell)        
    18        1251         23805.2         2.23328      0.00390625      Successful search (ES-ell)        
    18        1306         23803.4         1.93075       0.0078125        Successful poll           
    19        1307         23798.6           3.269       0.0078125      Successful search (ES-ell)        
    19        1308         23796.7         4.07074       0.0078125      Successful search (ES-ell)        
    19        1365         23796.7         4.07074      0.00390625          Refine grid             
    20        1366         23806.5         1.50345      0.00390625      Successful search (ES-ell)        
    20        1367         23804.6         2.47249      0.00390625      Successful search (ES-ell)        
    20        1424         23804.6         2.47249      0.00195312          Refine grid             Train
    21        1425         23808.2          1.1119      0.00195312      Successful search (ES-ell)        
    21        1426         23804.6         1.76147      0.00195312      Successful search (ES-wcm)        
    21        1427         23802.4         2.76887      0.00195312      Successful search (ES-ell)        
    21        1428         23800.8         3.49704      0.00195312      Successful search (ES-ell)        
    21        1483         23800.8         3.49704     0.000976562          Refine grid             Train
Optimization terminated: change in the function value less than options['tol_mesh']
Estimated function value at minimum: 23808.67386755509 ± 0.7520882640265982 (mean ± SEM from 100 samples)
BADS minimum at: x_min = [ 4.9999  6.9172  6.2632  4.0046  2.2267  1.2764  2.897   0.0288  6.509
 27.0251  0.6215  0.3968  0.1962  0.1542 -1.4129], training NLL = 23808.6739
total f-count: 1583, time: 67.69 min

 ------- Finish Optimization for Subject 5 ---------- 

 ------- Start Optimization for Subject 6 ---------- 

 Cross Validation fold 0/1

 -- Start Optimization: method BADS --

 Optimization Run 1/2
Initial params: [0.2149, 5.4699, 8.1123, 18.2478, 1.3039, 5.3218, 4.767, 0.5322, 21.4719, 24.575, 0.7359, 0.5002, 0.2424, 0.2917, 0.2776]
bads:TooCloseBounds: For each variable, hard and plausible bounds should not be too close. Moving plausible bounds.
Variables (index) internally transformed to log coordinates: [[0 0]
 [0 3]
 [0 5]
 [0 6]]
Beginning optimization of a STOCHASTIC objective function

 Iteration    f-count      E[f(x)]        SD[f(x)]           MeshScale          Method              Actions
     0           1         25316.1             nan               1                                  
     0          33         24739.5             nan               1          Initial mesh            Initial points
     0          58         24660.6         1.00433               1        Successful poll           Train
     1          64         24634.8         1.00177               1      Successful search (ES-wcm)        
     1          69         24597.5        0.577866               1      Successful search (ES-wcm)        
     1          70         24557.3         0.55421               1      Successful search (ES-ell)        
     1          94         24522.4         0.55389               1        Successful poll           
     2          96           24453         4.24868               1      Successful search (ES-ell)        
     2          99         24446.5         4.23566               1      Successful search (ES-ell)        
     2         105         24435.3         3.91726               1      Successful search (ES-ell)        
     2         106         24415.3         4.07586               1      Successful search (ES-ell)        
     2         109         24393.7         3.86395               1      Successful search (ES-ell)        
     2         127         24380.2         4.35093               1        Successful poll           Train
     3         135         24372.4         4.11294               1      Successful search (ES-ell)        
     3         178           24352         4.42413               1        Successful poll           Train
     4         218         24350.6         4.41194             0.5          Refine grid             Train
     5         224         24373.8         4.24523             0.5      Incremental search (ES-ell)        
     5         261         24350.8         7.90444               1        Successful poll           
     6         270         24339.8         6.02385               1      Successful search (ES-ell)        
     6         317         24338.6         6.79872               1        Successful poll           
     7         323         24328.4         6.50525               1      Successful search (ES-ell)        
     7         327         24327.1         5.80169               1      Successful search (ES-ell)        
     7         329         24310.6          6.7724               1      Successful search (ES-wcm)        
     7         331         24299.8          7.0141               1      Successful search (ES-wcm)        
     7         336         24291.8         7.02253               1      Successful search (ES-wcm)        
     7         388         24291.8         7.02253             0.5          Refine grid             
     8         389         24269.2         5.30979             0.5      Successful search (ES-ell)        
     8         392         24255.2         5.25316             0.5      Successful search (ES-ell)        
     8         396         24231.1         5.05585             0.5      Successful search (ES-ell)        
     8         398         24202.8         5.18845             0.5      Successful search (ES-ell)        
     8         399         24130.1         5.26353             0.5      Successful search (ES-ell)        
     8         401         24068.2         5.22307             0.5      Successful search (ES-ell)        
     8         402         24040.5         5.44524             0.5      Successful search (ES-wcm)        
     8         411         24021.2         4.99214             0.5      Successful search (ES-wcm)        
     8         428         24014.8         4.38182             0.5      Successful search (ES-wcm)        
     8         431         24012.7         4.79998             0.5      Successful search (ES-wcm)        
     8         432           24012         4.08311             0.5      Successful search (ES-ell)        
     8         438         24006.7         5.20428             0.5      Successful search (ES-ell)        
     8         439         23981.5         5.65178             0.5      Successful search (ES-ell)        
     8         443         23981.4         4.90386             0.5      Incremental search (ES-ell)        
     8         446         23969.3         4.51138             0.5      Successful search (ES-ell)        
     8         447           23956         5.14512             0.5      Successful search (ES-ell)        
     8         448         23951.1         5.54842             0.5      Successful search (ES-ell)        
     8         454         23934.1         4.62067             0.5      Successful search (ES-ell)        
     8         465         23919.3         6.03055             0.5      Successful search (ES-wcm)        
     8         469         23888.4         6.03161             0.5      Successful search (ES-wcm)        
     8         521         23871.2         7.04033               1        Successful poll           Train
     9         547         23815.3         3.65036               1        Successful poll           Train
    10         548         23457.8         7.92487               1      Successful search (ES-ell)        
    10         553         23418.8         7.87144               1      Successful search (ES-ell)        
    10         560           23414         6.33815               1      Successful search (ES-ell)        
    10         567         23390.1         7.89372               1      Successful search (ES-wcm)        
    10         577         23378.1         6.86847               1      Successful search (ES-wcm)        
    10         615         23358.6         7.90516               1        Successful poll           
    11         621         23329.6         7.83519               1      Successful search (ES-wcm)        
    11         629           23313         8.13611               1      Successful search (ES-wcm)        
    11         630         23310.2         8.86936               1      Successful search (ES-wcm)        
    11         639         23271.7         9.13482               1      Successful search (ES-wcm)        
    11         647         23238.4         9.20325               1      Successful search (ES-wcm)        
    11         654         23224.2          9.1696               1      Successful search (ES-wcm)        
    11         655         23196.7         9.15617               1      Successful search (ES-wcm)        
    11         665         23195.5         9.19562               1      Successful search (ES-wcm)        
    11         666         23171.6          9.1932               1      Successful search (ES-wcm)        
    11         671         23160.7         8.99858               1      Successful search (ES-ell)        
    11         687           23160         4.93565               1      Incremental search (ES-ell)        
    11         688         23151.9         6.74169               1      Successful search (ES-ell)        
    11         689         23146.9         7.75238               1      Successful search (ES-ell)        
    11         690         23136.3         7.87284               1      Successful search (ES-ell)        
    11         692         23079.6          9.1741               1      Successful search (ES-ell)        
    11         698         23066.6         8.93293               1      Successful search (ES-ell)        
    11         701         23054.4         9.45693               1      Successful search (ES-ell)        
    11         702         23048.7          9.4882               1      Successful search (ES-ell)        
    11         703         23013.4         9.70778               1      Successful search (ES-ell)        
    11         719         23010.7         9.07238               1      Successful search (ES-wcm)        
    11         722         23002.4         9.84236               1      Successful search (ES-ell)        
    11         730         22981.9         8.89282               1      Successful search (ES-ell)        
    11         742         22934.8         9.17047               1      Successful search (ES-ell)        
    11         750         22932.3          5.2556               1      Successful search (ES-ell)        
    11         753         22917.8         9.76814               1      Successful search (ES-ell)        
    11         755         22916.2         9.85959               1      Successful search (ES-ell)        
    11         760         22875.6          9.5746               1      Successful search (ES-ell)        
    11         767         22842.9         9.90167               1      Successful search (ES-wcm)        
    11         770         22747.5         9.85845               1      Successful search (ES-wcm)        
    11         819         22695.9         11.0499               1        Successful poll           
    12         858         22696.7         11.0456             0.5          Refine grid             Train
    13         863         22725.2         23.8901             0.5      Successful search (ES-wcm)        
    13         878         22686.6         23.8327             0.5      Successful search (ES-wcm)        
    13         879         22657.3         29.3463             0.5      Successful search (ES-wcm)        
    13         881         22616.3         29.8243             0.5      Successful search (ES-wcm)        
    13         882         22548.1         30.2713             0.5      Successful search (ES-wcm)        
    13         888         22526.2         20.6706             0.5      Successful search (ES-ell)        
    13         892         22509.5         25.1548             0.5      Successful search (ES-ell)        
    13         895         22501.2         22.9011             0.5      Successful search (ES-ell)        
    13         906           22488         26.0356             0.5      Successful search (ES-ell)        
    13         924         22486.9         19.8877             0.5      Successful search (ES-wcm)        
    13         975         22486.9         19.8877            0.25          Refine grid             
    14         976         22485.1         20.0973            0.25      Successful search (ES-wcm)        
    14         981         22482.2         16.7545            0.25      Successful search (ES-ell)        
    14         982         22480.9         17.5886            0.25      Successful search (ES-ell)        
    14         984         22478.6         16.8722            0.25      Successful search (ES-ell)        
    14        1032         22478.6         16.8722           0.125          Refine grid             
    15        1033         22493.1         14.1534           0.125      Successful search (ES-ell)        
    15        1034         22475.2         17.7146           0.125      Successful search (ES-ell)        
    15        1075         22472.9         20.7936            0.25        Successful poll           Train
    16        1082         22464.4         9.29079            0.25      Successful search (ES-ell)        
    16        1084         22461.1         8.20109            0.25      Successful search (ES-ell)        
    16        1085         22448.2         9.04224            0.25      Successful search (ES-ell)        
    16        1093         22442.9          12.375            0.25      Successful search (ES-ell)        
    16        1147         22410.6         13.6918             0.5        Successful poll           
    17        1148         22343.6         14.4216             0.5      Successful search (ES-ell)        
    17        1157         22332.4         12.7599             0.5      Successful search (ES-wcm)        
    17        1202         22330.9         11.6362               1        Successful poll           
    18        1213         22334.6         10.2653               1      Successful search (ES-wcm)        
    18        1228         22321.8         8.36731               1      Successful search (ES-ell)        
    18        1230         22314.7         9.17004               1      Successful search (ES-ell)        
    18        1270         22309.2         12.0224               1        Successful poll           
    19        1282         22312.3         6.56193               1      Successful search (ES-ell)        
    19        1284         22311.5         5.96265               1      Incremental search (ES-ell)        
    19        1293         22302.7          10.513               1      Successful search (ES-ell)        
    19        1295         22290.2         12.0797               1      Successful search (ES-ell)        
    19        1299         22289.2         8.53418               1      Successful search (ES-ell)        
    19        1307         22271.5         10.7598               1      Successful search (ES-ell)        
    19        1353         22271.5         10.7598             0.5          Refine grid             Train
    20        1388         22287.2         8.88844               1        Successful poll           Train
    21        1426         22291.8         8.49489             0.5          Refine grid             Train
    22        1457         22285.5         4.52011               1        Successful poll           Train
    23        1469         22284.7          5.8483               1      Successful search (ES-ell)        
    23        1470         22281.1         7.42523               1      Successful search (ES-ell)        
    23        1510         22281.1         7.42523             0.5          Refine grid             Train
    24        1552         22289.1         3.94625            0.25          Refine grid             Train
    25        1594         22291.5         3.78889          0.0625          Refine grid             Train
    26        1595         22281.3         8.60628          0.0625      Successful search (ES-wcm)        
    26        1598           22281         7.82293          0.0625      Successful search (ES-wcm)        
    26        1601         22267.8         8.74408          0.0625      Successful search (ES-ell)        
    26        1652         22267.8         8.74408         0.03125          Refine grid             
    27        1656         22281.4         3.67696         0.03125      Successful search (ES-ell)        
    27        1657         22274.4         6.62775         0.03125      Successful search (ES-ell)        
    27        1658         22272.5          8.6456         0.03125      Successful search (ES-ell)        
    27        1710         22272.5          8.6456        0.015625          Refine grid             
    28        1711         22284.5         3.27454        0.015625      Successful search (ES-ell)        
    28        1712         22283.7         5.81324        0.015625      Successful search (ES-ell)        
    28        1769         22281.2           7.489         0.03125        Successful poll           
    29        1770         22274.1         8.11274         0.03125      Successful search (ES-ell)        
    29        1827         22274.1         8.11274        0.015625          Refine grid             Train
    30        1829         22280.2         7.85519        0.015625      Successful search (ES-wcm)        
    30        1885         22280.2         7.85519       0.0078125          Refine grid             Train
    31        1889         22287.5         2.33094       0.0078125      Successful search (ES-wcm)        
    31        1890         22284.9         3.50409       0.0078125      Successful search (ES-wcm)        
    31        1892         22281.7         3.59819       0.0078125      Successful search (ES-wcm)        
    31        1895         22278.6         3.35787       0.0078125      Successful search (ES-wcm)        
    31        1896         22277.9         3.39076       0.0078125      Successful search (ES-ell)        
    31        1943         22277.9         3.39076      0.00390625          Refine grid             
    32        1944           22280         1.83836      0.00390625      Successful search (ES-ell)        
    32        1946         22279.1         2.14324      0.00390625      Successful search (ES-ell)        
    32        1988         22277.5         2.14336       0.0078125        Successful poll           
    33        2031         22282.8         1.39767      0.00390625          Refine grid             
    34        2032         22281.8          1.7326      0.00390625      Successful search (ES-ell)        
    34        2033         22279.8         2.17834      0.00390625      Successful search (ES-ell)        
    34        2034         22276.8         3.11075      0.00390625      Successful search (ES-ell)        
    34        2089         22276.8         3.11075      0.00195312          Refine grid             
    35        2091         22279.5         1.82251      0.00195312      Successful search (ES-wcm)        
    35        2092         22278.7         2.55882      0.00195312      Successful search (ES-wcm)        
    35        2093         22278.4         3.58502      0.00195312      Successful search (ES-wcm)        
    35        2147         22278.4         3.58502     0.000976562          Refine grid             
Optimization terminated: change in the function value less than options['tol_mesh']
Estimated function value at minimum: 22282.394973873674 ± 1.438935461414721 (mean ± SEM from 100 samples)
BADS minimum at: x_min = [ 4.4299  4.4554  5.5302  7.4675  4.6168  1.2343  1.9146  0.0804 21.648
 24.2979  0.595   0.4432  0.2029  0.1849 -1.6284], training NLL = 22282.395
total f-count: 2247, time: 96.2 min

 Optimization Run 2/2
Initial params: [0.3115, 3.3527, 11.1688, 3.0055, 1.9961, 33.6822, 3.2174, 0.5705, 22.6986, 17.2912, 0.2798, 0.2178, 0.252, 0.2975, 0.8954]
bads:TooCloseBounds: For each variable, hard and plausible bounds should not be too close. Moving plausible bounds.
Variables (index) internally transformed to log coordinates: [[0 0]
 [0 3]
 [0 5]
 [0 6]]
Beginning optimization of a STOCHASTIC objective function

 Iteration    f-count      E[f(x)]        SD[f(x)]           MeshScale          Method              Actions
     0           1         25329.2             nan               1                                  
     0          33         24735.9             nan               1          Initial mesh            Initial points
     0          59         24659.6        0.974792               1        Successful poll           Train
     1          65         24659.3         1.12914               1      Incremental search (ES-wcm)        
     1          67         24616.2         1.12907               1      Successful search (ES-wcm)        
     1          68         24567.1           1.129               1      Successful search (ES-wcm)        
     1          72         24563.5         1.12728               1      Successful search (ES-wcm)        
     1          76         24509.6         1.12797               1      Successful search (ES-wcm)        
     1          87         24484.7          1.0355               1      Successful search (ES-wcm)        
     1          88         24413.1         1.07478               1      Successful search (ES-wcm)        
     1          89         24402.4        0.989197               1      Successful search (ES-ell)        
     1          90           24391          1.1292               1      Successful search (ES-wcm)        
     1          99         24363.4        0.843976               1      Successful search (ES-wcm)        
     1         103         24358.6        0.804787               1      Successful search (ES-ell)        
     1         127         24231.7        0.843961               1        Successful poll           Train
     2         142         24210.6         1.69107               1      Successful search (ES-wcm)        
     2         146         24156.7         1.79921               1      Successful search (ES-wcm)        
     2         153         24144.3          1.7977               1      Successful search (ES-wcm)        
     2         171         24142.1         3.77264               1      Successful search (ES-wcm)        
     2         189         23839.9         4.91924               1        Successful poll           Train
     3         191         23812.8         12.6049               1      Successful search (ES-ell)        
     3         192         23767.3         12.6455               1      Successful search (ES-ell)        
     3         193         23745.5         12.5783               1      Successful search (ES-ell)        
     3         194         23701.2         12.6263               1      Successful search (ES-ell)        
     3         195         23688.9         12.6724               1      Successful search (ES-ell)        
     3         197         23669.3         12.6279               1      Successful search (ES-ell)        
     3         206         23646.5         12.3533               1      Successful search (ES-wcm)        
     3         211         23644.5         11.0458               1      Successful search (ES-wcm)        
     3         214         23608.7         11.5513               1      Successful search (ES-wcm)        
     3         215         23605.5         11.0184               1      Successful search (ES-wcm)        
     3         223         23598.7         8.92671               1      Successful search (ES-wcm)        
     3         225         23595.4          7.5139               1      Successful search (ES-wcm)        
     3         238           23588         7.07327               1      Successful search (ES-wcm)        
     3         241         23584.1         6.13143               1      Successful search (ES-wcm)        
     3         242         23579.5         9.85178               1      Successful search (ES-wcm)        
     3         243         23570.8         11.0412               1      Successful search (ES-ell)        
     3         253         23570.8         8.26432               1      Incremental search (ES-wcm)        
     3         255         23550.4         11.4241               1      Successful search (ES-wcm)        
     3         257         23545.5         9.76565               1      Successful search (ES-wcm)        
     3         261         23519.4         9.61448               1      Successful search (ES-ell)        
     3         262         23519.3         10.6238               1      Incremental search (ES-ell)        
     3         263         23501.9         10.9862               1      Successful search (ES-ell)        
     3         303         23501.9         10.9862             0.5          Refine grid             
     4         304         23452.2         12.7302             0.5      Successful search (ES-ell)        
     4         341         23422.8         19.1014               1        Successful poll           Train
     5         343         23354.9         19.4647               1      Successful search (ES-wcm)        
     5         347         23308.1         19.2638               1      Successful search (ES-wcm)        
     5         395         23283.7          14.709               1        Successful poll           
     6         400         23285.1         18.3213               1      Successful search (ES-wcm)        
     6         403         23266.4         18.4615               1      Successful search (ES-wcm)        
     6         417         23265.6         12.2788               1      Incremental search (ES-ell)        
     6         421         23262.2         11.0152               1      Successful search (ES-ell)        
     6         422         23258.7         13.7585               1      Successful search (ES-ell)        
     6         424         23253.1         13.9763               1      Successful search (ES-ell)        
     6         426         23225.9         19.7962               1      Successful search (ES-ell)        
     6         429         23201.9         20.8092               1      Successful search (ES-ell)        
     6         432         23164.5         19.7353               1      Successful search (ES-ell)        
     6         433         23140.6         20.2931               1      Successful search (ES-ell)        
     6         478         23140.6         20.2931             0.5          Refine grid             
     7         493         23137.3         2.86066             0.5      Successful search (ES-ell)        
     7         537         23121.1         8.55569               1        Successful poll           
     8         538           23111         8.54917               1      Successful search (ES-ell)        
     8         541         23093.9         8.53468               1      Successful search (ES-ell)        
     8         544         23093.3         8.54096               1      Incremental search (ES-ell)        
     8         546         22984.3         8.54233               1      Successful search (ES-ell)        
     8         589         22984.3         8.54233             0.5          Refine grid             Train
     9         592         22944.6         11.0256             0.5      Successful search (ES-ell)        
     9         605         22936.1         10.7281             0.5      Successful search (ES-ell)        
     9         607         22912.8         10.8447             0.5      Successful search (ES-ell)        
     9         662         22912.8         10.8447            0.25          Refine grid             Train
    10         669         22931.4         4.69106            0.25      Successful search (ES-ell)        
    10         670         22928.2          6.9972            0.25      Successful search (ES-ell)        
    10         720         22928.2          6.9972           0.125          Refine grid             
    11         721         22912.4         11.1745           0.125      Successful search (ES-ell)        
    11         738         22911.6          6.7568           0.125      Successful search (ES-ell)        
    11         739         22858.8         12.6208           0.125      Successful search (ES-wcm)        
    11         793         22858.8         12.6208          0.0625          Refine grid             
    12         795         22865.9         6.54526          0.0625      Successful search (ES-ell)        
    12         799         22865.1          5.8826          0.0625      Successful search (ES-ell)        
    12         800         22857.6         6.92984          0.0625      Successful search (ES-ell)        
    12         851         22857.6         6.92984         0.03125          Refine grid             
    13         852         22858.8         4.40675         0.03125      Successful search (ES-ell)        
    13         853         22857.9          8.0691         0.03125      Successful search (ES-ell)        
    13         855         22850.5         8.51838         0.03125      Successful search (ES-ell)        
    13         857         22838.9         7.86372         0.03125      Successful search (ES-ell)        
    13         907         22833.1         5.56528          0.0625        Successful poll           Train
    14         950           22842         10.8749           0.125        Successful poll           Train
    15         956         22825.4         11.9427           0.125      Successful search (ES-wcm)        
    15         958           22811         9.36795           0.125      Successful search (ES-ell)        
    15         959         22809.8         9.21693           0.125      Successful search (ES-ell)        
    15        1008         22797.5         9.45291            0.25        Successful poll           Train
    16        1014         22800.3         7.40056            0.25      Successful search (ES-ell)        
    16        1016         22800.1         7.59943            0.25      Successful search (ES-ell)        
    16        1017         22786.7         10.1951            0.25      Successful search (ES-ell)        
    16        1066         22786.7         10.1951           0.125          Refine grid             Train
    17        1075         22790.6          4.6247           0.125      Successful search (ES-wcm)        
    17        1076         22790.4         4.46084           0.125      Successful search (ES-ell)        
    17        1077           22787         5.12677           0.125      Successful search (ES-ell)        
    17        1078         22784.4         6.05169           0.125      Successful search (ES-ell)        
    17        1079         22781.9         7.37379           0.125      Successful search (ES-ell)        
    17        1124         22781.9         7.37379          0.0625          Refine grid             
    18        1126           22792         4.46287          0.0625      Successful search (ES-ell)        
    18        1140         22759.2         6.35082          0.0625      Successful search (ES-ell)        
    18        1197         22745.9         9.21184           0.125        Successful poll           
    19        1232         22609.3         11.9307            0.25        Successful poll           Train
    20        1236         22491.5         13.1195            0.25      Successful search (ES-wcm)        
    20        1242         22449.8         13.1094            0.25      Successful search (ES-wcm)        
    20        1244         22389.4         13.1061            0.25      Successful search (ES-wcm)        
    20        1254           22380         10.7125            0.25      Successful search (ES-ell)        
    20        1255         22344.9         11.9667            0.25      Successful search (ES-ell)        
    20        1256         22325.7         12.1386            0.25      Successful search (ES-ell)        
    20        1258         22316.9         12.1841            0.25      Successful search (ES-ell)        
    20        1267         22311.7         10.9133            0.25      Successful search (ES-ell)        
    20        1320         22311.7         10.9133           0.125          Refine grid             Train
    21        1323         22330.3          9.1839           0.125      Successful search (ES-ell)        
    21        1327         22327.4         17.4108           0.125      Successful search (ES-wcm)        
    21        1328         22261.6         17.9681           0.125      Successful search (ES-wcm)        
    21        1329         22260.2         16.2819           0.125      Successful search (ES-ell)        
    21        1378           22253         12.9552            0.25        Successful poll           
    22        1416           22249         13.5475             0.5        Successful poll           
    23        1456         22254.2          7.9123               1        Successful poll           
    24        1464           22232         11.6212               1      Successful search (ES-ell)        
    24        1509           22229         11.1513               1        Successful poll           
    25        1518         22243.7         8.07436               1      Incremental search (ES-ell)        
    25        1543         22206.6          8.1941               1        Successful poll           Train
    26        1554         22197.7         6.69597               1      Successful search (ES-ell)        
    26        1555         22195.3         10.0748               1      Successful search (ES-ell)        
    26        1596         22195.3         10.0748             0.5          Refine grid             
    27        1639         22206.5          4.9704               1        Successful poll           Train
    28        1650         22198.8           5.472               1      Successful search (ES-ell)        
    28        1651         22189.4         7.99934               1      Successful search (ES-ell)        
    28        1692         22189.4         7.99934             0.5          Refine grid             Train
    29        1695         22184.6         16.0569             0.5      Successful search (ES-wcm)        
    29        1702         22184.4         12.3322             0.5      Incremental search (ES-ell)        
    29        1750         22184.4         12.3322            0.25          Refine grid             Train
    30        1755         22196.4         7.92346            0.25      Successful search (ES-ell)        
    30        1756         22194.4         11.1497            0.25      Successful search (ES-ell)        
    30        1757           22193         13.6954            0.25      Successful search (ES-ell)        
    30        1768         22192.5         11.8889            0.25      Successful search (ES-ell)        
    30        1771         22187.4         13.4114            0.25      Successful search (ES-ell)        
    30        1773         22176.2         12.9652            0.25      Successful search (ES-ell)        
    30        1823         22175.3         10.1651             0.5        Successful poll           
    31        1833         22172.2          12.626             0.5      Successful search (ES-wcm)        
    31        1849         22166.2         7.97506             0.5      Successful search (ES-ell)        
    31        1850         22160.9         8.75277             0.5      Successful search (ES-ell)        
    31        1896         22160.9         8.75277            0.25          Refine grid             Train
    32        1902         22153.8         9.66359            0.25      Successful search (ES-ell)        
    32        1918         22150.2         8.47402            0.25      Successful search (ES-ell)        
    32        1969         22150.2         8.47402           0.125          Refine grid             Train
    33        1975         22154.3         5.39569           0.125      Successful search (ES-ell)        
    33        1981         22153.4         3.79604           0.125      Successful search (ES-ell)        
    33        2027         22153.4         3.79604          0.0625          Refine grid             Train
    34        2032         22154.2         9.32532          0.0625      Successful search (ES-wcm)        
    34        2034         22145.3         9.45939          0.0625      Successful search (ES-wcm)        
    34        2085         22145.3         9.45939         0.03125          Refine grid             
    35        2086         22151.2         5.77777         0.03125      Successful search (ES-ell)        
    35        2089         22150.5         5.56729         0.03125      Successful search (ES-ell)        
    35        2091         22142.5          6.1246         0.03125      Successful search (ES-ell)        
    35        2094         22142.2         5.27675         0.03125      Successful search (ES-ell)        
    35        2095         22136.7         7.10244         0.03125      Successful search (ES-ell)        
    35        2097         22136.4         8.00423         0.03125      Successful search (ES-ell)        
    35        2100         22135.5         6.80005         0.03125      Successful search (ES-ell)        
    35        2101         22130.8         8.18461         0.03125      Successful search (ES-ell)        
    35        2103         22127.3         10.0951         0.03125      Successful search (ES-ell)        
    35        2158         22127.3         10.0951        0.015625          Refine grid             
    36        2160         22140.5          3.4271        0.015625      Successful search (ES-ell)        
    36        2162         22140.4         4.30216        0.015625      Successful search (ES-ell)        
    36        2163         22137.8         5.36142        0.015625      Successful search (ES-ell)        
    36        2164         22136.9         7.50642        0.015625      Successful search (ES-ell)        
    36        2167         22136.4         6.23196        0.015625      Successful search (ES-ell)        
    36        2216         22110.2         5.37435         0.03125        Successful poll           
    37        2259         22142.5         2.14073        0.015625          Refine grid             
    38        2302         22151.7         2.45331       0.0078125          Refine grid             
    39        2303         22142.3         3.12218       0.0078125      Successful search (ES-wcm)        
    39        2304           22137         4.25334       0.0078125      Successful search (ES-wcm)        
    39        2305         22130.2         3.34842       0.0078125      Successful search (ES-wcm)        
    39        2306         22123.7          3.3759       0.0078125      Successful search (ES-wcm)        
    39        2360         22123.7          3.3759      0.00390625          Refine grid             
    40        2361         22147.5         2.55786      0.00390625      Successful search (ES-wcm)        
    40        2362         22141.4         3.34844      0.00390625      Successful search (ES-wcm)        
    40        2363         22137.2         3.89992      0.00390625      Successful search (ES-wcm)        
    40        2364         22131.8         4.02538      0.00390625      Successful search (ES-wcm)        
    40        2365           22131         4.80966      0.00390625      Successful search (ES-wcm)        
    40        2418           22131         4.80966      0.00195312          Refine grid             
    41        2419         22148.5         1.73236      0.00195312      Successful search (ES-wcm)        
    41        2420         22146.7         1.82298      0.00195312      Successful search (ES-ell)        
    41        2421         22145.8         1.88732      0.00195312      Successful search (ES-wcm)        
    41        2423         22145.2         2.06733      0.00195312      Successful search (ES-wcm)        
    41        2424         22144.5         2.34144      0.00195312      Successful search (ES-wcm)        
    41        2425         22143.1         2.62499      0.00195312      Successful search (ES-wcm)        
    41        2428         22140.6         2.86918      0.00195312      Successful search (ES-wcm)        
    41        2432         22136.1         2.68342      0.00195312      Successful search (ES-ell)        
    41        2433         22135.4         2.85839      0.00195312      Successful search (ES-ell)        
    41        2434         22133.8         2.94018      0.00195312      Successful search (ES-ell)        
    41        2435         22132.3         3.01478      0.00195312      Successful search (ES-ell)        
    41        2436         22129.7          3.1448      0.00195312      Successful search (ES-ell)        
    41        2437         22127.4         3.61799      0.00195312      Successful search (ES-ell)        
    41        2438           22125          4.0294      0.00195312      Successful search (ES-ell)        
    41        2483         22122.1         5.39699      0.00390625        Successful poll           
    42        2526         22118.6         5.63332      0.00195312          Refine grid             
    43        2527         22127.7         2.02358      0.00195312      Successful search (ES-ell)        
    43        2528         22126.3         2.23663      0.00195312      Successful search (ES-ell)        
    43        2529         22123.4         2.82577      0.00195312      Successful search (ES-ell)        
    43        2530         22122.5         3.91347      0.00195312      Successful search (ES-ell)        
    43        2531         22121.6         5.44745      0.00195312      Successful search (ES-wcm)        
    43        2532           22120         6.10578      0.00195312      Successful search (ES-ell)        
    43        2584           22120         6.10578     0.000976562          Refine grid             
Optimization terminated: change in the function value less than options['tol_mesh']
Estimated function value at minimum: 22128.554254737748 ± 1.474411345160353 (mean ± SEM from 100 samples)
BADS minimum at: x_min = [ 2.6858  2.6873  4.6079  7.7684  5.013   1.4236  1.209   0.2219 15.3816
 47.714   0.6831  0.3874  0.2724  0.2211 -1.7331], training NLL = 22128.5543
total f-count: 2684, time: 115.27 min

 ------- Finish Optimization for Subject 6 ---------- 

 ------- Start Optimization for Subject 11 ---------- 

 Cross Validation fold 0/1

 -- Start Optimization: method BADS --

 Optimization Run 1/2
Initial params: [0.1469, 2.4235, 7.9554, 7.3901, 4.2282, 38.7904, 0.0192, 0.1922, 18.4688, 18.6756, 0.2688, 0.4237, 0.1482, 0.1107, 0.3692]
bads:TooCloseBounds: For each variable, hard and plausible bounds should not be too close. Moving plausible bounds.
Variables (index) internally transformed to log coordinates: [[0 0]
 [0 3]
 [0 5]
 [0 6]]
Beginning optimization of a STOCHASTIC objective function

 Iteration    f-count      E[f(x)]        SD[f(x)]           MeshScale          Method              Actions
     0           1         25686.4             nan               1                                  
     0          33         24947.4             nan               1          Initial mesh            Initial points
     0          52         24855.4        0.992351               1        Successful poll           Train
     1          54         24843.2        0.992284               1      Successful search (ES-wcm)        
     1          63         24820.5        0.965387               1      Successful search (ES-wcm)        
     1          67         24812.8         0.97399               1      Successful search (ES-wcm)        
     1          68         24808.4        0.974777               1      Successful search (ES-wcm)        
     1          69         24774.5        0.974631               1      Successful search (ES-ell)        
     1          75         24681.6          0.9711               1      Successful search (ES-ell)        
     1          80           24641        0.974453               1      Successful search (ES-wcm)        
     1          85         24610.9        0.973836               1      Successful search (ES-wcm)        
     1          92         24598.1        0.964482               1      Successful search (ES-wcm)        
     1          93           24582        0.965977               1      Successful search (ES-wcm)        
     1         104         24574.1        0.931082               1      Successful search (ES-wcm)        
     1         111         24559.2        0.912245               1      Successful search (ES-wcm)        
     1         119         24549.3        0.928101               1      Successful search (ES-wcm)        
     1         140         24548.1          0.8718               1      Successful search (ES-ell)        
     1         141         24545.4        0.932901               1      Successful search (ES-ell)        
     1         182         24545.4        0.932901             0.5          Refine grid             Train
     2         190         24573.7         6.36785             0.5      Successful search (ES-wcm)        
     2         195         24552.8         4.99509             0.5      Successful search (ES-wcm)        
     2         197         24548.6          4.4535             0.5      Successful search (ES-wcm)        
     2         198         24539.2          6.6795             0.5      Successful search (ES-wcm)        
     2         201         24535.6         6.66983             0.5      Successful search (ES-wcm)        
     2         209           24534         5.12989             0.5      Successful search (ES-ell)        
     2         217         24519.4         6.11988             0.5      Successful search (ES-ell)        
     2         218         24506.7         6.28837             0.5      Successful search (ES-ell)        
     2         220           24503         6.34423             0.5      Successful search (ES-ell)        
     2         223         24475.9         5.97615             0.5      Successful search (ES-ell)        
     2         229         24473.2         6.54596             0.5      Successful search (ES-ell)        
     2         233         24462.8         6.11862             0.5      Successful search (ES-ell)        
     2         234           24444         6.44026             0.5      Successful search (ES-ell)        
     2         237         24442.9         6.20606             0.5      Successful search (ES-ell)        
     2         240         24442.1         5.70317             0.5      Successful search (ES-ell)        
     2         241         24420.6         6.15738             0.5      Successful search (ES-ell)        
     2         242           24416         6.46613             0.5      Successful search (ES-ell)        
     2         243         24415.3          6.6116             0.5      Successful search (ES-ell)        
     2         244         24410.9         6.63936             0.5      Successful search (ES-ell)        
     2         248         24392.2          6.6086             0.5      Successful search (ES-wcm)        
     2         249           24392         6.61545             0.5      Incremental search (ES-wcm)        
     2         259         24390.4          6.5234             0.5      Successful search (ES-wcm)        
     2         263         24360.7         6.50296             0.5      Successful search (ES-wcm)        
     2         265         24358.5          5.9501             0.5      Successful search (ES-wcm)        
     2         266           24355         5.91189             0.5      Successful search (ES-wcm)        
     2         281         24350.3         3.70256             0.5      Successful search (ES-ell)        
     2         282         24339.4         4.72501             0.5      Successful search (ES-ell)        
     2         285         24339.4         3.92869             0.5      Incremental search (ES-ell)        
     2         287         24336.3         4.39851             0.5      Successful search (ES-ell)        
     2         330         24330.2         4.05542               1        Successful poll           
     3         369         24332.2         3.70342             0.5          Refine grid             
     4         376           24328         4.01443             0.5      Successful search (ES-ell)        
     4         390         24316.3         6.45984             0.5      Successful search (ES-wcm)        
     4         403         24308.1         6.12627             0.5      Successful search (ES-ell)        
     4         410         24304.7         3.92418             0.5      Successful search (ES-ell)        
     4         411         24304.1         4.59801             0.5      Successful search (ES-ell)        
     4         457         24304.1         4.59801            0.25          Refine grid             
     5         461         24306.6         4.74278            0.25      Successful search (ES-ell)        
     5         517         24306.6         4.74278           0.125          Refine grid             Train
     6         562         24297.3         6.85735            0.25        Successful poll           Train
     7         569         24294.5         5.04435            0.25      Successful search (ES-ell)        
     7         574           24281         5.72246            0.25      Successful search (ES-wcm)        
     7         577           24281         5.66424            0.25      Incremental search (ES-wcm)        
     7         582         24280.3         5.69229            0.25      Successful search (ES-wcm)        
     7         586         24265.4         5.56532            0.25      Successful search (ES-wcm)        
     7         637         24265.4         5.56532           0.125          Refine grid             
     8         641         24270.7         4.08648           0.125      Successful search (ES-ell)        
     8         697         24270.7         4.08648          0.0625          Refine grid             
     9         742         24272.3         4.60563           0.125        Successful poll           Train
    10         746         24279.9         3.33934           0.125      Successful search (ES-ell)        
    10         802         24279.9         3.33934          0.0625          Refine grid             Train
    11         805         24246.3         6.68408          0.0625      Successful search (ES-wcm)        
    11         807         24241.9         6.56264          0.0625      Successful search (ES-wcm)        
    11         811           24241          5.0312          0.0625      Successful search (ES-wcm)        
    11         813         24237.7         5.29781          0.0625      Successful search (ES-wcm)        
    11         815         24237.5         5.04253          0.0625      Successful search (ES-wcm)        
    11         819         24234.1         5.50896          0.0625      Successful search (ES-ell)        
    11         821         24232.8         5.49133          0.0625      Successful search (ES-ell)        
    11         824         24225.3         5.11007          0.0625      Successful search (ES-ell)        
    11         825         24222.9         5.57003          0.0625      Successful search (ES-ell)        
    11         877         24222.9         5.57003         0.03125          Refine grid             Train
    12         878         24228.8         4.38331         0.03125      Successful search (ES-wcm)        
    12         881         24222.7         4.66568         0.03125      Successful search (ES-wcm)        
    12         883         24222.2          4.9949         0.03125      Successful search (ES-wcm)        
    12         886         24220.6         3.83811         0.03125      Successful search (ES-wcm)        
    12         894         24219.2          3.8215         0.03125      Successful search (ES-wcm)        
    12         895           24213         5.45669         0.03125      Successful search (ES-wcm)        
    12         899         24207.7         4.12869         0.03125      Successful search (ES-wcm)        
    12         952         24207.7         4.12869        0.015625          Refine grid             Train
    13         953           24221         3.69448        0.015625      Successful search (ES-wcm)        
    13         968         24212.8         2.14471        0.015625      Successful search (ES-wcm)        
    13         969         24208.5         4.11603        0.015625      Successful search (ES-wcm)        
    13        1027         24208.5         4.11603       0.0078125          Refine grid             Train
    14        1028         24218.6         1.30273       0.0078125      Successful search (ES-wcm)        
    14        1029         24216.9         2.44514       0.0078125      Successful search (ES-wcm)        
    14        1030         24216.2         3.09279       0.0078125      Successful search (ES-ell)        
    14        1031         24214.2         3.79344       0.0078125      Successful search (ES-ell)        
    14        1039           24214          2.0228       0.0078125      Successful search (ES-ell)        
    14        1040         24213.7         2.15606       0.0078125      Successful search (ES-wcm)        
    14        1041         24213.1         2.18544       0.0078125      Successful search (ES-ell)        
    14        1042         24212.3         2.62128       0.0078125      Successful search (ES-wcm)        
    14        1043         24211.8         3.00451       0.0078125      Successful search (ES-wcm)        
    14        1044         24211.6         4.06293       0.0078125      Successful search (ES-wcm)        
    14        1045         24211.1         4.41059       0.0078125      Successful search (ES-ell)        
    14        1047           24211         4.15662       0.0078125      Successful search (ES-ell)        
    14        1102           24211         4.15662      0.00390625          Refine grid             Train
    15        1103         24220.7         1.28273      0.00390625      Successful search (ES-ell)        
    15        1104         24216.7         1.31868      0.00390625      Successful search (ES-wcm)        
    15        1105         24214.3         1.78359      0.00390625      Successful search (ES-wcm)        
    15        1106         24212.7         2.21063      0.00390625      Successful search (ES-wcm)        
    15        1107         24212.5         2.56504      0.00390625      Successful search (ES-wcm)        
    15        1108         24208.3         3.60791      0.00390625      Successful search (ES-wcm)        
    15        1109           24206         7.06913      0.00390625      Successful search (ES-wcm)        
    15        1111         24203.5         5.02448      0.00390625      Successful search (ES-wcm)        
    15        1162         24203.5         5.02448      0.00195312          Refine grid             
    16        1163         24210.7         1.13113      0.00195312      Successful search (ES-wcm)        
    16        1164         24210.1         1.17563      0.00195312      Successful search (ES-wcm)        
    16        1165         24209.3         1.31433      0.00195312      Successful search (ES-wcm)        
    16        1166         24208.8         1.59753      0.00195312      Successful search (ES-wcm)        
    16        1167         24207.4         1.76434      0.00195312      Successful search (ES-wcm)        
    16        1168         24205.6         2.40393      0.00195312      Successful search (ES-wcm)        
    16        1170         24204.4         2.70478      0.00195312      Successful search (ES-wcm)        
    16        1171         24199.1         3.62725      0.00195312      Successful search (ES-ell)        
    16        1222         24199.1         3.62725     0.000976562          Refine grid             
Optimization terminated: change in the function value less than options['tol_mesh']
Estimated function value at minimum: 24207.871508316675 ± 0.6926418551848569 (mean ± SEM from 100 samples)
BADS minimum at: x_min = [ 1.5933  8.1603  7.5     2.0136  1.9225  1.1401  1.7266  0.3571  9.3071
 22.9185  0.4018  0.3946  0.1738  0.1096 -0.4467], training NLL = 24207.8715
total f-count: 1322, time: 56.59 min

 Optimization Run 2/2
Initial params: [0.1711, 3.6649, 11.0461, 15.1384, -0.3647, 29.954, 3.7842, 0.2936, 15.9392, 23.4436, 0.5711, 0.7975, 0.1906, 0.2049, 0.4641]
bads:TooCloseBounds: For each variable, hard and plausible bounds should not be too close. Moving plausible bounds.
Variables (index) internally transformed to log coordinates: [[0 0]
 [0 3]
 [0 5]
 [0 6]]
Beginning optimization of a STOCHASTIC objective function

 Iteration    f-count      E[f(x)]        SD[f(x)]           MeshScale          Method              Actions
     0           1         25766.6             nan               1                                  
     0          33         24944.6             nan               1          Initial mesh            Initial points
     0          53         24858.1         1.01789               1        Successful poll           Train
     1          62         24837.7        0.990804               1      Successful search (ES-wcm)        
     1          63         24811.8        0.987597               1      Successful search (ES-wcm)        
     1          64         24786.8         1.00516               1      Successful search (ES-ell)        
     1          67         24782.2        0.907216               1      Successful search (ES-wcm)        
     1          72         24742.4         0.90046               1      Successful search (ES-ell)        
     1          73         24679.4        0.904086               1      Successful search (ES-ell)        
     1          74         24605.2        0.903342               1      Successful search (ES-ell)        
     1          78         24599.6        0.891361               1      Successful search (ES-ell)        
     1          82         24595.9        0.866076               1      Successful search (ES-ell)        
     1          83         24587.9        0.879449               1      Successful search (ES-ell)        
     1          85         24584.9        0.904398               1      Successful search (ES-ell)        
     1         100         24572.8         9.58785               1      Successful search (ES-ell)        
     1         114         24567.5         9.69384               1      Successful search (ES-ell)        
     1         118         24524.1         9.30282               1      Successful search (ES-ell)        
     1         121         24520.5         8.53181               1      Successful search (ES-ell)        
     1         122         24463.2         9.09795               1      Successful search (ES-ell)        
     1         128         24462.5          9.9102               1      Incremental search (ES-ell)        
     1         132         24461.1         10.9142               1      Successful search (ES-ell)        
     1         146         24435.8         11.8875               1      Successful search (ES-wcm)        
     1         168         24425.8         9.54552               1      Successful search (ES-wcm)        
     1         207           24416         14.4534               1        Successful poll           Train
     2         209         24366.5         15.9458               1      Successful search (ES-wcm)        
     2         214         24350.8         15.3639               1      Successful search (ES-wcm)        
     2         216         24332.3         13.5885               1      Successful search (ES-ell)        
     2         218         24298.1         13.6634               1      Successful search (ES-ell)        
     2         220         24228.3         15.1642               1      Successful search (ES-wcm)        
     2         224           24209         15.0183               1      Successful search (ES-wcm)        
     2         230         24199.4          14.723               1      Successful search (ES-wcm)        
     2         232         24195.6         13.1923               1      Successful search (ES-wcm)        
     2         236         24183.9         9.81161               1      Successful search (ES-ell)        
     2         237         24164.7         10.4289               1      Successful search (ES-ell)        
     2         265         24154.3          15.946               1        Successful poll           Train
     3         267         24161.6         14.1421               1      Successful search (ES-ell)        
     3         268         24151.8         15.5955               1      Successful search (ES-ell)        
     3         274         24134.2         12.0436               1      Successful search (ES-ell)        
     3         276         24119.6         12.3399               1      Successful search (ES-ell)        
     3         282         24107.3          13.597               1      Successful search (ES-ell)        
     3         289         24106.7         9.19666               1      Incremental search (ES-ell)        
     3         291         24098.7          9.6762               1      Successful search (ES-ell)        
     3         292         24097.9          10.799               1      Incremental search (ES-ell)        
     3         334         24097.9          10.799             0.5          Refine grid             
     4         335         24106.8         12.0871             0.5      Successful search (ES-wcm)        
     4         336         24096.2         12.9331             0.5      Successful search (ES-wcm)        
     4         338         24081.1         14.2655             0.5      Successful search (ES-wcm)        
     4         344         24073.2         15.2439             0.5      Successful search (ES-wcm)        
     4         346         24061.2         15.7468             0.5      Successful search (ES-wcm)        
     4         347         24043.2         16.4895             0.5      Successful search (ES-wcm)        
     4         348         23997.4         17.5265             0.5      Successful search (ES-wcm)        
     4         349         23946.1         16.9434             0.5      Successful search (ES-wcm)        
     4         355         23922.2         15.0536             0.5      Successful search (ES-wcm)        
     4         369         23921.5         11.9954             0.5      Successful search (ES-ell)        
     4         380         23888.8         14.4779             0.5      Successful search (ES-wcm)        
     4         438         23888.8         14.4779            0.25          Refine grid             Train
     5         443         23872.4         6.88087            0.25      Successful search (ES-wcm)        
     5         444         23866.7         7.61644            0.25      Successful search (ES-wcm)        
     5         448         23865.8         6.43618            0.25      Successful search (ES-wcm)        
     5         459         23862.1         4.79887            0.25      Successful search (ES-wcm)        
     5         461         23855.9         8.66982            0.25      Successful search (ES-wcm)        
     5         463         23854.1         6.25545            0.25      Successful search (ES-wcm)        
     5         513         23854.1         6.25545           0.125          Refine grid             Train
     6         516         23859.4         5.75694           0.125      Successful search (ES-wcm)        
     6         569         23770.6         17.7716            0.25        Successful poll           Train
     7         614         23757.1         10.4292             0.5        Successful poll           Train
     8         658         23757.1         10.4293            0.25          Refine grid             Train
     9         661           23760         10.7363            0.25      Successful search (ES-wcm)        
     9         662         23697.8         10.8106            0.25      Successful search (ES-wcm)        
     9         672         23649.7         10.6385            0.25      Successful search (ES-wcm)        
     9         673           23649         7.99863            0.25      Successful search (ES-ell)        
     9         684         23638.6         8.55678            0.25      Successful search (ES-wcm)        
     9         721           23606          10.729             0.5        Successful poll           Train
    10         735           23603         9.09179             0.5      Successful search (ES-wcm)        
    10         736         23579.7         7.77236             0.5      Successful search (ES-wcm)        
    10         737         23570.6         10.6095             0.5      Successful search (ES-wcm)        
    10         739         23540.5         10.5909             0.5      Successful search (ES-wcm)        
    10         744         23532.9         10.5075             0.5      Successful search (ES-wcm)        
    10         746         23515.2         10.5504             0.5      Successful search (ES-wcm)        
    10         754         23513.5         10.4922             0.5      Successful search (ES-wcm)        
    10         758         23510.2         10.4819             0.5      Successful search (ES-wcm)        
    10         761         23492.7         9.89002             0.5      Successful search (ES-ell)        
    10         762         23454.4         10.2801             0.5      Successful search (ES-ell)        
    10         765         23413.9         9.87118             0.5      Successful search (ES-ell)        
    10         776         23407.6         6.25905             0.5      Successful search (ES-ell)        
    10         777         23386.1         7.57748             0.5      Successful search (ES-ell)        
    10         779         23383.8          7.0008             0.5      Successful search (ES-ell)        
    10         825         23383.8          7.0008            0.25          Refine grid             Train
    11         831         23390.3         6.37984            0.25      Successful search (ES-ell)        
    11         836         23371.2         11.0409            0.25      Successful search (ES-wcm)        
    11         885         23371.2         11.0409           0.125          Refine grid             Train
    12         895         23371.8         3.03631           0.125      Successful search (ES-wcm)        
    12         896         23367.7         4.75596           0.125      Successful search (ES-wcm)        
    12         945         23367.7         4.75596          0.0625          Refine grid             
    13         951         23368.4         3.80753          0.0625      Successful search (ES-wcm)        
    13         952           23361         4.62195          0.0625      Successful search (ES-ell)        
    13        1005           23361         4.62195         0.03125          Refine grid             
    14        1006         23361.4          6.0939         0.03125      Successful search (ES-wcm)        
    14        1065         23361.4          6.0939        0.015625          Refine grid             
    15        1066         23366.9         3.00275        0.015625      Successful search (ES-wcm)        
    15        1068         23362.7         3.00734        0.015625      Successful search (ES-ell)        
    15        1124         23350.9         8.04597         0.03125        Successful poll           Train
    16        1126           23354          5.8937         0.03125      Successful search (ES-ell)        
    16        1127         23336.5         6.64312         0.03125      Successful search (ES-ell)        
    16        1130         23334.1          5.7652         0.03125      Successful search (ES-ell)        
    16        1132         23322.8         6.32379         0.03125      Successful search (ES-ell)        
    16        1140         23322.2         5.41156         0.03125      Successful search (ES-ell)        
    16        1157         23311.6         7.59184         0.03125      Successful search (ES-wcm)        
    16        1160         23311.6         5.86987         0.03125      Successful search (ES-ell)        
    16        1214         23311.6         5.86987        0.015625          Refine grid             
    17        1215         23320.3         5.24949        0.015625      Successful search (ES-wcm)        
    17        1218         23318.8         6.46292        0.015625      Successful search (ES-wcm)        
    17        1219           23309         9.43687        0.015625      Successful search (ES-wcm)        
    17        1269         23289.3         8.96571         0.03125        Successful poll           Train
    18        1273         23289.2         8.07568         0.03125      Successful search (ES-wcm)        
    18        1280           23289          3.5602         0.03125      Successful search (ES-ell)        
    18        1282         23287.4         3.68929         0.03125      Successful search (ES-wcm)        
    18        1284         23285.5          3.8454         0.03125      Successful search (ES-wcm)        
    18        1291         23282.8         3.58933         0.03125      Successful search (ES-wcm)        
    18        1292         23281.1         3.84735         0.03125      Successful search (ES-ell)        
    18        1293           23281         4.32602         0.03125      Successful search (ES-ell)        
    18        1344           23281         4.32602        0.015625          Refine grid             Train
    19        1345         23275.8         3.44695        0.015625      Successful search (ES-wcm)        
    19        1347         23267.4         6.30758        0.015625      Successful search (ES-wcm)        
    19        1348         23255.8         9.70982        0.015625      Successful search (ES-wcm)        
    19        1352         23251.3         8.92543        0.015625      Successful search (ES-wcm)        
    19        1353         23238.5         9.37926        0.015625      Successful search (ES-wcm)        
    19        1354         23226.8         10.1439        0.015625      Successful search (ES-wcm)        
    19        1357         23215.8         9.98811        0.015625      Successful search (ES-wcm)        
    19        1358         23212.9         9.86337        0.015625      Successful search (ES-wcm)        
    19        1359         23198.5         10.3285        0.015625      Successful search (ES-wcm)        
    19        1360         23144.7         10.3124        0.015625      Successful search (ES-wcm)        
    19        1361         23061.7          10.332        0.015625      Successful search (ES-wcm)        
    19        1364         23042.1         10.3229        0.015625      Successful search (ES-wcm)        
    19        1365         23028.2         10.3303        0.015625      Successful search (ES-wcm)        
    19        1367         23014.5         10.0954        0.015625      Successful search (ES-wcm)        
    19        1368         23012.9         10.0349        0.015625      Successful search (ES-wcm)        
    19        1369         23005.5          9.8758        0.015625      Successful search (ES-ell)        
    19        1374         23003.4         8.34386        0.015625      Successful search (ES-ell)        
    19        1404         22952.2         15.3052         0.03125        Successful poll           Train
    20        1449         22953.7         15.3042        0.015625          Refine grid             Train
    21        1450         23038.1         3.92964        0.015625      Successful search (ES-ell)        
    21        1451         23017.6         6.87631        0.015625      Successful search (ES-ell)        
    21        1493         22982.7          10.303         0.03125        Successful poll           
    22        1538         22987.1         10.1526        0.015625          Refine grid             Train
    23        1539           22992         4.41858        0.015625      Successful search (ES-ell)        
    23        1540         22983.7         6.54045        0.015625      Successful search (ES-ell)        
    23        1598         22983.7         6.54045       0.0078125          Refine grid             Train
    24        1599         22988.5         2.51893       0.0078125      Successful search (ES-ell)        
    24        1600         22986.8         3.93221       0.0078125      Successful search (ES-ell)        
    24        1602         22985.9         5.00783       0.0078125      Successful search (ES-ell)        
    24        1658         22985.9         5.00783      0.00390625          Refine grid             
    25        1659         22991.4         2.11653      0.00390625      Successful search (ES-wcm)        
    25        1660         22989.9         2.68167      0.00390625      Successful search (ES-ell)        
    25        1662           22989         2.87355      0.00390625      Successful search (ES-ell)        
    25        1663         22987.6         3.72273      0.00390625      Successful search (ES-ell)        
    25        1666         22987.6         3.47025      0.00390625      Successful search (ES-ell)        
    25        1667         22986.4         4.05216      0.00390625      Successful search (ES-ell)        
    25        1668         22983.5         4.97395      0.00390625      Successful search (ES-ell)        
    25        1669         22979.2         6.25673      0.00390625      Successful search (ES-ell)        
    25        1718         22979.2         6.25673      0.00195312          Refine grid             
    26        1719         22990.9         1.57711      0.00195312      Successful search (ES-ell)        
    26        1720         22988.3         1.70532      0.00195312      Successful search (ES-ell)        
    26        1721         22985.6         1.96586      0.00195312      Successful search (ES-ell)        
    26        1722         22983.5         2.53459      0.00195312      Successful search (ES-wcm)        
    26        1723         22981.7         3.93322      0.00195312      Successful search (ES-wcm)        
    26        1778         22981.7         3.93322     0.000976562          Refine grid             
Optimization terminated: change in the function value less than options['tol_mesh']
Estimated function value at minimum: 22992.150488774907 ± 0.9841262657432213 (mean ± SEM from 100 samples)
BADS minimum at: x_min = [ 2.0142  4.5897  5.6783  7.1162  4.813   1.5913  1.5238  0.1863 52.3375
 19.3774  0.4129  0.3874  0.2055  0.1838 -0.3925], training NLL = 22992.1505
total f-count: 1878, time: 81.01 min

 ------- Finish Optimization for Subject 11 ---------- 

 ------- Start Optimization for Subject 15 ---------- 

 Cross Validation fold 0/1

 -- Start Optimization: method BADS --

 Optimization Run 1/2
Initial params: [1.8991, 4.2611, 9.3907, 16.4798, -0.5353, 20.5991, 0.4489, 0.2971, 18.1403, 28.5986, 0.689, 0.1161, 0.1808, 0.2538, -0.1713]
bads:TooCloseBounds: For each variable, hard and plausible bounds should not be too close. Moving plausible bounds.
Variables (index) internally transformed to log coordinates: [[0 0]
 [0 3]
 [0 5]
 [0 6]]
Beginning optimization of a STOCHASTIC objective function

 Iteration    f-count      E[f(x)]        SD[f(x)]           MeshScale          Method              Actions
     0           1         24745.3             nan               1                                  
     0          33         23185.7             nan               1          Initial mesh            Initial points
     0          52         22873.6        0.982038               1        Successful poll           Train
     1          55         22721.1        0.981826               1      Successful search (ES-wcm)        
     1          57         22561.9        0.981696               1      Successful search (ES-wcm)        
     1          61         22507.4         0.98061               1      Successful search (ES-ell)        
     1          62         22464.3         0.98148               1      Successful search (ES-ell)        
     1          67         22463.5         1.03899               1      Incremental search (ES-ell)        
     1          72         22446.8         1.04332               1      Successful search (ES-ell)        
     1          84         22432.5         1.04416               1      Successful search (ES-ell)        
     1          89         22373.3         1.04032               1      Successful search (ES-ell)        
     1          90           22338         1.03873               1      Successful search (ES-ell)        
     1         106         22329.1          1.0243               1      Successful search (ES-ell)        
     1         109         22327.7         1.00865               1      Successful search (ES-ell)        
     1         111         22303.4        0.981395               1      Successful search (ES-ell)        
     1         152         22224.6         21.9945               1        Successful poll           Train
     2         153         22225.9         23.0931               1      Successful search (ES-ell)        
     2         170         22192.7         24.5571               1      Successful search (ES-ell)        
     2         173         22182.2         25.0282               1      Successful search (ES-ell)        
     2         175         22140.4         24.4196               1      Successful search (ES-ell)        
     2         176         22065.6         28.0682               1      Successful search (ES-ell)        
     2         181         22065.4         18.9265               1      Incremental search (ES-ell)        
     2         182         22044.2         27.0906               1      Successful search (ES-ell)        
     2         185         22037.2         27.8966               1      Successful search (ES-ell)        
     2         188         22005.3         24.3167               1      Successful search (ES-ell)        
     2         192         21988.3         18.8707               1      Successful search (ES-ell)        
     2         194           21954         25.7779               1      Successful search (ES-wcm)        
     2         195         21953.8         26.1621               1      Incremental search (ES-wcm)        
     2         203         21943.4         18.7093               1      Successful search (ES-wcm)        
     2         205         21922.1         18.0173               1      Successful search (ES-wcm)        
     2         217         21911.1         19.5267               1      Successful search (ES-ell)        
     2         219         21898.5         19.6691               1      Successful search (ES-ell)        
     2         221         21893.8         19.3727               1      Successful search (ES-ell)        
     2         224         21888.1         21.1627               1      Successful search (ES-wcm)        
     2         227         21885.9         15.1627               1      Successful search (ES-ell)        
     2         265         21885.9         15.1627             0.5          Refine grid             Train
     3         268         21887.8         9.05883             0.5      Successful search (ES-ell)        
     3         271           21878         8.98233             0.5      Successful search (ES-ell)        
     3         278         21851.5         9.26251             0.5      Successful search (ES-wcm)        
     3         279         21843.6         7.33162             0.5      Successful search (ES-ell)        
     3         284         21842.8         8.95448             0.5      Successful search (ES-ell)        
     3         337         21842.8         8.95448            0.25          Refine grid             
     4         341           21874         6.28404            0.25      Successful search (ES-ell)        
     4         342         21867.1         10.0412            0.25      Successful search (ES-ell)        
     4         394         21867.1         10.0412           0.125          Refine grid             
     5         395         21876.5         8.51406           0.125      Successful search (ES-ell)        
     5         396         21857.8         13.4719           0.125      Successful search (ES-ell)        
     5         452         21857.8         13.4719          0.0625          Refine grid             Train
     6         454         21883.9         3.43969          0.0625      Successful search (ES-ell)        
     6         456           21879         3.53379          0.0625      Successful search (ES-ell)        
     6         510         21837.8         3.76595           0.125        Successful poll           
     7         553         21837.8         3.76352          0.0625          Refine grid             
     8         554         21855.7         8.38951          0.0625      Successful search (ES-wcm)        
     8         556         21848.7         4.28032          0.0625      Successful search (ES-wcm)        
     8         605           21837         4.27894           0.125        Successful poll           
     9         612         21835.1         3.27926           0.125      Successful search (ES-ell)        
     9         614         21833.9         3.12414           0.125      Successful search (ES-ell)        
     9         663         21833.9         3.12414          0.0625          Refine grid             
    10         665         21833.7           3.602          0.0625      Successful search (ES-ell)        
    10         721         21833.7           3.602         0.03125          Refine grid             Train
    11         722           21834         3.02295         0.03125      Successful search (ES-ell)        
    11         724           21833         3.36562         0.03125      Successful search (ES-ell)        
    11         726         21831.3         3.34425         0.03125      Successful search (ES-ell)        
    11         728           21830         3.41941         0.03125      Successful search (ES-ell)        
    11         730         21827.4         3.58447         0.03125      Successful search (ES-ell)        
    11         770         21803.8         4.14833          0.0625        Successful poll           
    12         775           21802         3.32267          0.0625      Successful search (ES-ell)        
    12         777         21801.2         3.21814          0.0625      Successful search (ES-ell)        
    12         779         21798.5         3.26875          0.0625      Successful search (ES-ell)        
    12         780         21798.1         3.55899          0.0625      Successful search (ES-ell)        
    12         828         21798.1         3.55899         0.03125          Refine grid             
    13         833         21802.5          1.3768         0.03125      Successful search (ES-ell)        
    13         834         21801.4         2.12861         0.03125      Successful search (ES-ell)        
    13         848         21801.2         3.20632         0.03125      Successful search (ES-wcm)        
    13         850           21801         4.23478         0.03125      Successful search (ES-wcm)        
    13         853           21798         3.42117         0.03125      Successful search (ES-wcm)        
    13         854           21798          3.9087         0.03125      Successful search (ES-wcm)        
    13         863         21797.8         2.49932         0.03125      Successful search (ES-wcm)        
    13         865         21796.1         2.45524         0.03125      Successful search (ES-wcm)        
    13         867         21794.6         2.55524         0.03125      Successful search (ES-wcm)        
    13         869         21792.6          2.3638         0.03125      Successful search (ES-wcm)        
    13         870         21792.3         2.89733         0.03125      Successful search (ES-ell)        
    13         916         21792.3         2.89733        0.015625          Refine grid             
    14         917         21792.1         1.68871        0.015625      Successful search (ES-ell)        
    14         974         21792.1         1.68871       0.0078125          Refine grid             
    15         975         21794.3         2.55675       0.0078125      Successful search (ES-wcm)        
    15         976         21794.3         2.75737       0.0078125      Successful search (ES-wcm)        
    15        1032         21794.3         2.75737      0.00390625          Refine grid             Train
    16        1033         21795.3        0.810847      0.00390625      Successful search (ES-ell)        
    16        1034         21793.4         1.07626      0.00390625      Successful search (ES-ell)        
    16        1035         21791.5         1.60905      0.00390625      Successful search (ES-ell)        
    16        1036         21790.9         2.21204      0.00390625      Successful search (ES-ell)        
    16        1090         21790.9         2.21204      0.00195312          Refine grid             Train
    17        1091         21794.4        0.823304      0.00195312      Successful search (ES-wcm)        
    17        1092           21793          1.0456      0.00195312      Successful search (ES-wcm)        
    17        1093         21792.7         1.20378      0.00195312      Successful search (ES-ell)        
    17        1094         21789.4         2.21347      0.00195312      Successful search (ES-wcm)        
    17        1150         21789.4         2.21347     0.000976562          Refine grid             
Optimization terminated: change in the function value less than options['tol_mesh']
Estimated function value at minimum: 21793.70813791712 ± 0.4292979747063696 (mean ± SEM from 100 samples)
BADS minimum at: x_min = [ 3.339   6.6423  9.8548  1.5077 -4.4914  3.5967  1.1915  0.2492  9.8997
 24.1395  0.463   0.4115  0.1505  0.1128 -0.1462], training NLL = 21793.7081
total f-count: 1250, time: 53.32 min

 Optimization Run 2/2
Initial params: [1.6543, 6.7465, 9.0744, 4.2938, -2.7099, 7.5994, 3.5499, 0.4738, 26.2229, 27.6037, 0.4582, 0.815, 0.1485, 0.2817, 0.3773]
bads:TooCloseBounds: For each variable, hard and plausible bounds should not be too close. Moving plausible bounds.
Variables (index) internally transformed to log coordinates: [[0 0]
 [0 3]
 [0 5]
 [0 6]]
Beginning optimization of a STOCHASTIC objective function

 Iteration    f-count      E[f(x)]        SD[f(x)]           MeshScale          Method              Actions
     0           1           24563             nan               1                                  
     0          33         23191.6             nan               1          Initial mesh            Initial points
     0          51         22862.4         1.00422               1        Successful poll           Train
     1          57         22851.7         1.00222               1      Successful search (ES-ell)        
     1          59         22791.8         1.00148               1      Successful search (ES-wcm)        
     1          61         22734.3          1.0031               1      Successful search (ES-wcm)        
     1          63         22584.7         1.00217               1      Successful search (ES-ell)        
     1          66         22580.4        0.973474               1      Successful search (ES-ell)        
     1          78         22570.7        0.964022               1      Successful search (ES-wcm)        
     1         111         22460.8          13.518               1        Successful poll           Train
     2         113         22383.5         13.5424               1      Successful search (ES-wcm)        
     2         121         22359.7         13.2161               1      Successful search (ES-wcm)        
     2         122         22344.5          13.273               1      Successful search (ES-wcm)        
     2         153         22251.5         21.2006               1        Successful poll           
     3         155           22279         23.4752               1      Successful search (ES-wcm)        
     3         158         22220.2         24.4299               1      Successful search (ES-wcm)        
     3         159         22194.1         24.3171               1      Successful search (ES-ell)        
     3         160         22189.7         25.0185               1      Successful search (ES-wcm)        
     3         165         22031.1         24.9689               1      Successful search (ES-wcm)        
     3         166         21894.4         24.9475               1      Successful search (ES-wcm)        
     3         206         21894.4         24.9475             0.5          Refine grid             Train
     4         210         21912.1         12.1994             0.5      Successful search (ES-wcm)        
     4         212         21910.2         16.1079             0.5      Successful search (ES-wcm)        
     4         214         21904.2         18.7802             0.5      Successful search (ES-wcm)        
     4         216         21896.7         16.6073             0.5      Successful search (ES-wcm)        
     4         219           21892         10.4891             0.5      Successful search (ES-wcm)        
     4         221           21891          10.683             0.5      Successful search (ES-wcm)        
     4         263           21891          10.683            0.25          Refine grid             
     5         266         21907.4         13.8747            0.25      Successful search (ES-wcm)        
     5         268         21888.2         14.4769            0.25      Successful search (ES-ell)        
     5         269         21807.4         12.2593            0.25      Successful search (ES-ell)        
     5         270         21750.1         13.9113            0.25      Successful search (ES-ell)        
     5         320         21750.1         13.9113           0.125          Refine grid             
     6         321         21853.7         7.05682           0.125      Successful search (ES-ell)        
     6         377         21853.7         7.05682          0.0625          Refine grid             
     7         378         21883.3         7.07926          0.0625      Successful search (ES-wcm)        
     7         393         21881.5         4.79146          0.0625      Successful search (ES-wcm)        
     7         394         21878.4         6.74007          0.0625      Successful search (ES-wcm)        
     7         396         21874.9         5.95842          0.0625      Successful search (ES-wcm)        
     7         397           21873         12.9852          0.0625      Successful search (ES-wcm)        
     7         408           21871         5.60468          0.0625      Successful search (ES-wcm)        
     7         409         21865.3         6.38647          0.0625      Successful search (ES-wcm)        
     7         464         21865.3         6.38647         0.03125          Refine grid             
     8         465         21879.8         3.86937         0.03125      Successful search (ES-ell)        
     8         523         21879.8         3.86937        0.015625          Refine grid             
     9         524         21878.3         3.42608        0.015625      Successful search (ES-wcm)        
     9         525         21875.6         3.54277        0.015625      Successful search (ES-wcm)        
     9         526         21872.5          3.8346        0.015625      Successful search (ES-wcm)        
     9         527         21867.3         4.48327        0.015625      Successful search (ES-wcm)        
     9         528         21860.2         6.49627        0.015625      Successful search (ES-wcm)        
     9         529         21856.5         12.0041        0.015625      Successful search (ES-wcm)        
     9         531         21845.7         10.7331        0.015625      Successful search (ES-ell)        
     9         532         21842.4         12.8062        0.015625      Successful search (ES-ell)        
     9         583         21842.4         12.8062       0.0078125          Refine grid             Train
    10         584         21874.4          1.1422       0.0078125      Successful search (ES-ell)        
    10         585         21870.8         1.52875       0.0078125      Successful search (ES-ell)        
    10         586           21868         2.17877       0.0078125      Successful search (ES-ell)        
    10         587         21864.7         3.02307       0.0078125      Successful search (ES-ell)        
    10         588           21855         3.43432       0.0078125      Successful search (ES-ell)        
    10         589         21842.9         3.90702       0.0078125      Successful search (ES-ell)        
    10         590         21842.8         4.39429       0.0078125      Successful search (ES-ell)        
    10         643         21841.9         3.53945        0.015625        Successful poll           
    11         644         21824.9         4.42615        0.015625      Successful search (ES-wcm)        
    11         649         21824.8         2.41492        0.015625      Successful search (ES-wcm)        
    11         650         21819.8         2.66308        0.015625      Successful search (ES-wcm)        
    11         651         21814.2         2.91945        0.015625      Successful search (ES-wcm)        
    11         652         21812.5         3.70843        0.015625      Successful search (ES-wcm)        
    11         703         21812.5         3.70843       0.0078125          Refine grid             
    12         704         21816.8         1.57912       0.0078125      Successful search (ES-wcm)        
    12         705         21815.2         3.21177       0.0078125      Successful search (ES-wcm)        
    12         721         21813.8         2.08457       0.0078125      Successful search (ES-wcm)        
    12         722         21813.6         2.58145       0.0078125      Successful search (ES-wcm)        
    12         778         21813.6         2.58145      0.00390625          Refine grid             
    13         779         21812.3         1.02874      0.00390625      Successful search (ES-wcm)        
    13         780         21811.7         1.43388      0.00390625      Successful search (ES-wcm)        
    13         838         21811.7         1.43388      0.00195312          Refine grid             
    14         839         21814.9        0.613528      0.00195312      Successful search (ES-wcm)        
    14         840         21814.2          1.0959      0.00195312      Successful search (ES-wcm)        
    14         898         21813.8        0.959591      0.00390625        Successful poll           Train
    15         943         21814.1          2.9754       0.0078125        Successful poll           Train
    16         945         21812.5         2.16731       0.0078125      Successful search (ES-ell)        
    16         983         21805.9         1.69067        0.015625        Successful poll           
    17        1004         21798.6         2.33919         0.03125        Successful poll           Train
    18        1048           21816        0.669517        0.015625          Refine grid             Train
    19        1049         21811.5         2.31649        0.015625      Successful search (ES-ell)        
    19        1050         21810.6         2.95712        0.015625      Successful search (ES-ell)        
    19        1106         21808.8         3.70956         0.03125        Successful poll           Train
    20        1107         21808.7         2.10769         0.03125      Successful search (ES-ell)        
    20        1165         21808.7         2.10769        0.015625          Refine grid             
    21        1166         21813.9          1.9833        0.015625      Successful search (ES-ell)        
    21        1169         21812.9         2.39298        0.015625      Successful search (ES-ell)        
    21        1203         21810.3         1.81009         0.03125        Successful poll           
    22        1247         21817.4        0.562537        0.015625          Refine grid             Train
    23        1272         21817.4        0.681897         0.03125        Successful poll           Train
    24        1275         21815.8          1.8071         0.03125      Successful search (ES-ell)        
    24        1319           21797         2.83341          0.0625        Successful poll           Train
    25        1363         21818.1        0.593233         0.03125          Refine grid             Train
    26        1407         21816.7         1.72261        0.015625          Refine grid             Train
----------------------------------------
Start job epilogue Fri Jul 17 12:12:26 CEST 2026
----------------------------------------
Job ID:          54292405
Job Exit Code:   0:0
Username:        wenlou
Group:           mpla
Queue:           gpu
Compute nodes:   dccn-c084
Asked resources: walltime=1-00:00:00,nodes=1,cpus=8,mem=2G
Used resources:  cputime=5-05:03:52,walltime=15:37:59,memory=1G
----------------------------------------
End job epilogue Fri Jul 17 12:12:26 CEST 2026
----------------------------------------
