device is : cuda
['base_clamp', '2', 'all', 'bads', '1']

 ------- Start Optimization for Subject 2 ---------- 

 Cross Validation fold 0/1

 -- Start Optimization: method BADS --

 Optimization Run 1/1
Initial params: [1.0948, 8.6155, 4.0375, 11.1752, -4.932, 25.5974, 0.3429, 0.1729, 0.1684, 0.7084, 0.6834]
bads:TooCloseBounds: For each variable, hard and plausible bounds should not be too close. Moving plausible bounds.
Variables (index) internally transformed to log coordinates: [[ 0  0]
 [ 0  3]
 [ 0  8]
 [ 0  9]
 [ 0 10]]
Beginning optimization of a STOCHASTIC objective function

 Iteration    f-count      E[f(x)]        SD[f(x)]           MeshScale          Method              Actions
     0           1         31032.9             nan               1                                  
     0          27         30274.1             nan               1          Initial mesh            Initial points
     0          40           29916        0.997102               1        Successful poll           Train
     1          41         29176.7        0.997058               1      Successful search (ES-wcm)        
     1          42         27737.7        0.997102               1      Successful search (ES-wcm)        
     1          43         27732.9        0.997115               1      Successful search (ES-wcm)        
     1          44         27166.2        0.997095               1      Successful search (ES-wcm)        
     1          50         26930.9         0.99675               1      Successful search (ES-wcm)        
     1          51         26549.4        0.998379               1      Successful search (ES-wcm)        
     1          52         26497.1         0.99838               1      Successful search (ES-wcm)        
     1          55         26338.5        0.998363               1      Successful search (ES-wcm)        
     1          56         26311.7        0.998336               1      Successful search (ES-wcm)        
     1          58         26287.9        0.998351               1      Successful search (ES-wcm)        
     1          64         26227.9        0.997148               1      Successful search (ES-wcm)        
     1          66         26178.6        0.997128               1      Successful search (ES-wcm)        
     1          70         26158.5         0.98916               1      Successful search (ES-wcm)        
     1          72         26126.5        0.994588               1      Successful search (ES-wcm)        
     1          91         26117.4         1.09101               1        Successful poll           
     2         113         25892.4         1.05645               1        Successful poll           
     3         119         25880.7          1.0564               1      Successful search (ES-wcm)        
     3         120           25840         33.5571               1      Successful search (ES-wcm)        
     3         122         25810.8         31.3531               1      Successful search (ES-wcm)        
     3         123         25775.9         32.9665               1      Successful search (ES-wcm)        
     3         128           25769         21.9519               1      Successful search (ES-wcm)        
     3         130         25754.4         26.2451               1      Successful search (ES-wcm)        
     3         131           25733         36.1538               1      Successful search (ES-wcm)        
     3         132         25664.2         33.3537               1      Successful search (ES-ell)        
     3         161         25219.7         21.1256               1        Successful poll           
     4         162         24517.5         33.8408               1      Successful search (ES-wcm)        
     4         164         24404.5         29.8185               1      Successful search (ES-wcm)        
     4         166         24240.3         37.8665               1      Successful search (ES-ell)        
     4         167         23790.7         38.3417               1      Successful search (ES-ell)        
     4         168         22383.6         38.2116               1      Successful search (ES-ell)        
     4         172         22265.2         36.5328               1      Successful search (ES-ell)        
     4         173           22112         35.2214               1      Successful search (ES-ell)        
     4         174         21677.2         37.6565               1      Successful search (ES-wcm)        
     4         175         21190.7         37.7489               1      Successful search (ES-ell)        
     4         177         21115.6         37.6071               1      Successful search (ES-ell)        
     4         179         20948.6         34.7802               1      Successful search (ES-ell)        
     4         180         20918.4         34.9768               1      Successful search (ES-ell)        
     4         183         20840.1         32.3059               1      Successful search (ES-ell)        
     4         184         20685.4          30.966               1      Successful search (ES-ell)        
     4         197           20636         23.6561               1      Successful search (ES-ell)        
     4         198         20551.2          32.549               1      Successful search (ES-ell)        
     4         201         20547.5         32.3479               1      Successful search (ES-ell)        
     4         206         20544.5         30.0481               1      Successful search (ES-ell)        
     4         242         20544.5         30.0481             0.5          Refine grid             
     5         243         20611.5         22.0497             0.5      Successful search (ES-ell)        
     5         244         20535.2         25.7524             0.5      Successful search (ES-ell)        
     5         246         20477.2         38.0217             0.5      Successful search (ES-ell)        
     5         249         20439.8         31.6985             0.5      Successful search (ES-ell)        
     5         250         20431.7         44.4322             0.5      Successful search (ES-ell)        
     5         254         20353.8         35.1938             0.5      Successful search (ES-wcm)        
     5         255         20279.4         51.4033             0.5      Successful search (ES-wcm)        
     5         256         20175.7         53.4836             0.5      Successful search (ES-wcm)        
     5         261         20121.9         47.6739             0.5      Successful search (ES-wcm)        
     5         264         20020.2         46.4215             0.5      Successful search (ES-wcm)        
     5         266         19971.5         42.5366             0.5      Successful search (ES-wcm)        
     5         301         19915.9         52.1921               1        Successful poll           Train
     6         305         19797.2         40.1487               1      Successful search (ES-ell)        
     6         308         19715.5         37.1175               1      Successful search (ES-ell)        
     6         311         19696.9         28.1818               1      Successful search (ES-ell)        
     6         312         19681.7         32.8258               1      Successful search (ES-ell)        
     6         315           19631         46.1916               1      Successful search (ES-ell)        
     6         317         19604.3         44.8405               1      Successful search (ES-ell)        
     6         321         19559.8         37.6278               1      Successful search (ES-ell)        
     6         322         19556.6           41.36               1      Successful search (ES-ell)        
     6         324           19530         47.3262               1      Successful search (ES-ell)        
     6         328         19432.4         44.6456               1      Successful search (ES-ell)        
     6         337           19401         50.6536               1      Successful search (ES-wcm)        
     6         342           19330         41.7615               1      Successful search (ES-wcm)        
     6         343         19314.7         48.7951               1      Successful search (ES-wcm)        
     6         371         19314.7         48.7951             0.5          Refine grid             Train
     7         372         19303.7         35.7649             0.5      Successful search (ES-wcm)        
     7         376         19278.3         34.4344             0.5      Successful search (ES-ell)        
     7         377           19278         45.7721             0.5      Successful search (ES-ell)        
     7         380         19254.4         33.9345             0.5      Successful search (ES-ell)        
     7         382         19243.4         36.5616             0.5      Successful search (ES-ell)        
     7         384         19221.1         34.3337             0.5      Successful search (ES-ell)        
     7         395         19208.9         28.0827             0.5      Successful search (ES-ell)        
     7         400         19208.5         21.7905             0.5      Successful search (ES-wcm)        
     7         402         19204.3         23.5824             0.5      Successful search (ES-wcm)        
     7         404         19204.1         24.7345             0.5      Incremental search (ES-wcm)        
     7         432         19204.1         24.7345            0.25          Refine grid             
     8         433         19193.4         17.4873            0.25      Successful search (ES-wcm)        
     8         434         19174.7         26.5574            0.25      Successful search (ES-wcm)        
     8         445         19174.7         14.6993            0.25      Incremental search (ES-ell)        
     8         446         19169.1         22.7781            0.25      Successful search (ES-ell)        
     8         483         19169.1         22.7781           0.125          Refine grid             Train
     9         484         19054.8         11.5814           0.125      Successful search (ES-ell)        
     9         485         19040.5         15.8084           0.125      Successful search (ES-wcm)        
     9         523         19040.5         15.8084          0.0625          Refine grid             
    10         524         19150.3         6.88757          0.0625      Successful search (ES-wcm)        
    10         564         19150.3         6.88757         0.03125          Refine grid             
    11         565         19197.9         5.76742         0.03125      Successful search (ES-wcm)        
    11         566         19181.2         5.52492         0.03125      Successful search (ES-wcm)        
    11         567         19157.9         5.59867         0.03125      Successful search (ES-wcm)        
    11         568         19138.4         6.72776         0.03125      Successful search (ES-wcm)        
    11         569         19114.2         8.28412         0.03125      Successful search (ES-wcm)        
    11         570         19096.9         13.5955         0.03125      Successful search (ES-wcm)        
    11         605         19096.9         13.5955        0.015625          Refine grid             
    12         606         19209.1         6.49876        0.015625      Successful search (ES-wcm)        
    12         607         19206.7         6.19312        0.015625      Successful search (ES-wcm)        
    12         608         19203.4         5.94444        0.015625      Successful search (ES-wcm)        
    12         609         19199.1         5.97138        0.015625      Successful search (ES-wcm)        
    12         610         19187.8         7.47118        0.015625      Successful search (ES-ell)        
    12         646         19187.8         7.47118       0.0078125          Refine grid             Train
    13         647         19203.3         5.31419       0.0078125      Successful search (ES-wcm)        
    13         648         19201.6         5.46616       0.0078125      Successful search (ES-wcm)        
    13         649         19198.9         5.72024       0.0078125      Successful search (ES-wcm)        
    13         650         19196.4         5.99138       0.0078125      Successful search (ES-wcm)        
    13         651           19193         6.45537       0.0078125      Successful search (ES-wcm)        
    13         652         19188.5         7.18848       0.0078125      Successful search (ES-wcm)        
    13         687         19188.5         7.18848      0.00390625          Refine grid             
    14         688         19204.5         5.42317      0.00390625      Successful search (ES-ell)        
    14         689         19202.3         5.48306      0.00390625      Successful search (ES-ell)        
    14         690         19201.7         5.69254      0.00390625      Successful search (ES-ell)        
    14         691         19200.1         6.19217      0.00390625      Successful search (ES-ell)        
    14         692         19198.2         6.81445      0.00390625      Successful search (ES-ell)        
    14         693         19196.7         7.85945      0.00390625      Successful search (ES-ell)        
    14         694         19187.1         9.11071      0.00390625      Successful search (ES-ell)        
    14         695         19178.2         9.90022      0.00390625      Successful search (ES-ell)        
    14         696         19170.2         12.7196      0.00390625      Successful search (ES-ell)        
    14         697         19162.2         19.2522      0.00390625      Successful search (ES-ell)        
    14         730         19162.2         19.2522      0.00195312          Refine grid             
    15         731         19205.7         4.29696      0.00195312      Successful search (ES-ell)        
    15         732         19205.7         4.37364      0.00195312      Successful search (ES-ell)        
    15         733         19204.4         4.52865      0.00195312      Successful search (ES-ell)        
    15         734           19203         4.76508      0.00195312      Successful search (ES-ell)        
    15         735         19202.8         5.13762      0.00195312      Successful search (ES-ell)        
    15         736         19201.5         5.70505      0.00195312      Successful search (ES-ell)        
    15         737         19200.5         6.29175      0.00195312      Successful search (ES-ell)        
    15         738           19199         8.01756      0.00195312      Successful search (ES-ell)        
    15         739         19192.3         10.8622      0.00195312      Successful search (ES-ell)        
    15         774         19192.3         10.8622     0.000976562          Refine grid             
Optimization terminated: change in the function value less than options['tol_mesh']
Estimated function value at minimum: 19199.355644479183 ± 5.244283598147075 (mean ± SEM from 100 samples)
BADS minimum at: x_min = [ 2.0722  6.8717  5.8153  0.     -0.4165  6.8931  0.509   0.6505  0.0383
  1.9671  0.2801], training NLL = 19199.3556
total f-count: 874, time: 37.82 min

 ------- Finish Optimization for Subject 2 ---------- 

 ------- Start Optimization for Subject 3 ---------- 

 Cross Validation fold 0/1

 -- Start Optimization: method BADS --

 Optimization Run 1/1
Initial params: [0.1438, 6.9383, 7.7232, 7.3577, -0.3756, 29.8773, 0.6819, 0.1588, 0.7656, 0.6375, 0.8507]
bads:TooCloseBounds: For each variable, hard and plausible bounds should not be too close. Moving plausible bounds.
Variables (index) internally transformed to log coordinates: [[ 0  0]
 [ 0  3]
 [ 0  8]
 [ 0  9]
 [ 0 10]]
Beginning optimization of a STOCHASTIC objective function

 Iteration    f-count      E[f(x)]        SD[f(x)]           MeshScale          Method              Actions
     0           1         30501.6             nan               1                                  
     0          27         29834.9             nan               1          Initial mesh            Initial points
     0          30         28728.2        0.994063               1        Successful poll           Train
     1          35         28579.4        0.993598               1      Successful search (ES-wcm)        
     1          36         28518.4        0.993674               1      Successful search (ES-wcm)        
     1          38         28361.1         0.99391               1      Successful search (ES-wcm)        
     1          39         27184.9         0.99393               1      Successful search (ES-ell)        
     1          40           26279         0.99396               1      Successful search (ES-ell)        
     1          42         25477.6        0.993991               1      Successful search (ES-ell)        
     1          47         25277.1         0.99386               1      Successful search (ES-ell)        
     1          48         25268.6        0.993775               1      Successful search (ES-ell)        
     1          50         24478.1        0.993702               1      Successful search (ES-ell)        
     1          51           23933         1.00051               1      Successful search (ES-ell)        
     1          58         23826.1         1.00047               1      Successful search (ES-ell)        
     1          60         23808.9         1.00046               1      Successful search (ES-ell)        
     1          66         23805.9         1.00049               1      Successful search (ES-ell)        
     1          68         23727.8         1.00038               1      Successful search (ES-ell)        
     1          73         23723.3         1.00036               1      Successful search (ES-ell)        
     1          74         23518.8         1.02307               1      Successful search (ES-ell)        
     1          75         23324.1         1.02321               1      Successful search (ES-ell)        
     1          76         22997.4         1.02321               1      Successful search (ES-ell)        
     1          77         21520.4         1.02321               1      Successful search (ES-ell)        
     1          78         20974.5         1.02321               1      Successful search (ES-ell)        
     1          81         20853.6         1.02321               1      Successful search (ES-ell)        
     1          83         20746.1         1.02321               1      Successful search (ES-ell)        
     1          84         20564.4          1.0232               1      Successful search (ES-ell)        
     1          88         20519.4         1.02318               1      Successful search (ES-ell)        
     1          91         20390.2         1.02307               1      Successful search (ES-ell)        
     1          92         20200.1         1.02319               1      Successful search (ES-wcm)        
     1          93           20173         1.02318               1      Successful search (ES-wcm)        
     1          94         20110.5         1.02317               1      Successful search (ES-wcm)        
     1          95         20059.5         1.02318               1      Successful search (ES-wcm)        
     1         100         20018.9         1.00873               1      Successful search (ES-wcm)        
     1         101         20007.3         1.00887               1      Successful search (ES-wcm)        
     1         116         19973.5        0.986499               1      Successful search (ES-wcm)        
     1         117         19970.2        0.986374               1      Successful search (ES-wcm)        
     1         144         19970.2        0.986374             0.5          Refine grid             Train
     2         166         19909.7        0.799486               1        Successful poll           Train
     3         169         19887.8         1.05175               1      Successful search (ES-wcm)        
     3         172         19617.9         1.05175               1      Successful search (ES-ell)        
     3         181         19537.5         1.05175               1      Successful search (ES-ell)        
     3         191         19484.8         1.06141               1      Successful search (ES-ell)        
     3         193           19383         1.06141               1      Successful search (ES-ell)        
     3         225           19383         1.06141             0.5          Refine grid             
     4         226           19373          1.0614             0.5      Successful search (ES-ell)        
     4         230         19323.1          1.0614             0.5      Successful search (ES-ell)        
     4         235         19285.1         1.06136             0.5      Successful search (ES-ell)        
     4         242           19266         1.06134             0.5      Successful search (ES-ell)        
     4         254         19244.4         1.07937             0.5      Successful search (ES-ell)        
     4         285         19244.4         1.07937            0.25          Refine grid             Train
     5         288         19142.9         1.06875            0.25      Successful search (ES-ell)        
     5         323         18894.7         1.16672             0.5        Successful poll           Train
     6         325         18877.1         1.16676             0.5      Successful search (ES-wcm)        
     6         331         18833.7          1.0987             0.5      Successful search (ES-wcm)        
     6         333         18831.5          1.0987             0.5      Successful search (ES-wcm)        
     6         339         18731.4          1.0987             0.5      Successful search (ES-wcm)        
     6         340         18662.7          1.0987             0.5      Successful search (ES-wcm)        
     6         342         18589.6          1.0987             0.5      Successful search (ES-wcm)        
     6         356         18545.4         1.09869             0.5      Successful search (ES-wcm)        
     6         384         18545.4         1.09869            0.25          Refine grid             Train
     7         412         18545.4         1.08798           0.125          Refine grid             Train
     8         415         18515.2         1.10867           0.125      Successful search (ES-wcm)        
     8         451         18515.2         1.10867          0.0625          Refine grid             
     9         480         18515.7         1.07966         0.03125          Refine grid             Train
    10         509         18529.8        0.881429        0.015625          Refine grid             Train
    11         532         18517.7         1.05397         0.03125        Successful poll           Train
    12         561         18517.6         1.05232        0.015625          Refine grid             Train
    13         591         18545.7          1.1072       0.0078125          Refine grid             Train
    14         593         18511.8         1.04348       0.0078125      Successful search (ES-wcm)        
    14         633         18511.8         1.04348      0.00390625          Refine grid             
    15         665         18548.3         1.10009      0.00195312          Refine grid             
    16         666         18594.1         5.62173      0.00195312      Successful search (ES-wcm)        
    16         667         18588.3         5.91266      0.00195312      Successful search (ES-ell)        
    16         668         18579.2         6.42894      0.00195312      Successful search (ES-ell)        
    16         669         18566.5         7.92401      0.00195312      Successful search (ES-ell)        
    16         670           18554         9.43124      0.00195312      Successful search (ES-ell)        
    16         671           18544         12.9886      0.00195312      Successful search (ES-ell)        
    16         672           18522         18.0935      0.00195312      Successful search (ES-ell)        
    16         709           18522         18.0935     0.000976562          Refine grid             Train
Optimization terminated: change in the function value less than options['tol_mesh']
Estimated function value at minimum: 18620.904688800638 ± 5.7571238953857735 (mean ± SEM from 100 samples)
BADS minimum at: x_min = [ 4.8753  9.9869  9.211   3.6244  1.5842 10.0119  0.5116  0.471   0.
  1.8732  0.2826], training NLL = 18620.9047
total f-count: 809, time: 34.84 min

 ------- Finish Optimization for Subject 3 ---------- 

 ------- Start Optimization for Subject 5 ---------- 

 Cross Validation fold 0/1

 -- Start Optimization: method BADS --

 Optimization Run 1/1
Initial params: [0.8896, 6.0943, 5.2928, 3.8064, 0.7623, 28.5158, 0.5471, 0.1015, 0.3503, 0.9845, 0.7554]
bads:TooCloseBounds: For each variable, hard and plausible bounds should not be too close. Moving plausible bounds.
Variables (index) internally transformed to log coordinates: [[ 0  0]
 [ 0  3]
 [ 0  8]
 [ 0  9]
 [ 0 10]]
Beginning optimization of a STOCHASTIC objective function

 Iteration    f-count      E[f(x)]        SD[f(x)]           MeshScale          Method              Actions
     0           1         30869.1             nan               1                                  
     0          27         29439.3             nan               1          Initial mesh            Initial points
     0          30         28140.3        0.976425               1        Successful poll           Train
     1          31         26599.7        0.976434               1      Successful search (ES-wcm)        
     1          34         25863.7        0.976396               1      Successful search (ES-wcm)        
     1          35         25671.2        0.976388               1      Successful search (ES-wcm)        
     1          36           25602        0.976344               1      Successful search (ES-wcm)        
     1          39         25569.9        0.976324               1      Successful search (ES-wcm)        
     1          40           25287         0.97633               1      Successful search (ES-wcm)        
     1          42         24738.9        0.976329               1      Successful search (ES-wcm)        
     1          48         24728.5        0.976136               1      Successful search (ES-ell)        
     1          53         24569.8        0.989365               1      Successful search (ES-wcm)        
     1          54         24549.3        0.989343               1      Successful search (ES-wcm)        
     1          56         24368.4        0.989404               1      Successful search (ES-wcm)        
     1          58         24340.4        0.989362               1      Successful search (ES-wcm)        
     1          64           24316        0.989388               1      Successful search (ES-wcm)        
     1          66         24160.2        0.989288               1      Successful search (ES-wcm)        
     1          68         23998.1        0.989407               1      Successful search (ES-wcm)        
     1          69           23873        0.989427               1      Successful search (ES-wcm)        
     1          70         23832.5        0.989427               1      Successful search (ES-wcm)        
     1          77         23710.1        0.989295               1      Successful search (ES-wcm)        
     1          78           23589        0.989389               1      Successful search (ES-wcm)        
     1          81         23537.7        0.989169               1      Successful search (ES-wcm)        
     1          84         23495.3        0.988799               1      Successful search (ES-wcm)        
     1          86         23451.6        0.989348               1      Successful search (ES-ell)        
     1          87           23427        0.989416               1      Successful search (ES-ell)        
     1          91         23107.9        0.989341               1      Successful search (ES-ell)        
     1          99         23029.3         1.01602               1      Successful search (ES-ell)        
     1         101         22824.6         1.01602               1      Successful search (ES-ell)        
     1         102         22708.3         1.01599               1      Successful search (ES-ell)        
     1         103         22698.5         1.01603               1      Successful search (ES-ell)        
     1         104         22518.7         1.01611               1      Successful search (ES-ell)        
     1         118         22488.1        0.893882               1      Successful search (ES-ell)        
     1         144         22488.1        0.893882             0.5          Refine grid             Train
     2         145         22474.3          38.551             0.5      Successful search (ES-ell)        
     2         146         22461.4         43.6961             0.5      Successful search (ES-ell)        
     2         149         22407.7         44.4904             0.5      Successful search (ES-ell)        
     2         152         22357.3         35.9594             0.5      Successful search (ES-ell)        
     2         154         22282.6         36.2646             0.5      Successful search (ES-ell)        
     2         155           22259         43.5927             0.5      Successful search (ES-ell)        
     2         158         22242.6         29.9479             0.5      Successful search (ES-ell)        
     2         161         22238.3         24.1605             0.5      Successful search (ES-ell)        
     2         163         22217.1         29.1794             0.5      Successful search (ES-ell)        
     2         164         22175.1         35.6769             0.5      Successful search (ES-ell)        
     2         194         22175.1         35.6769            0.25          Refine grid             Train
     3         195         22184.6         23.0639            0.25      Successful search (ES-ell)        
     3         196         22177.8         32.4524            0.25      Successful search (ES-ell)        
     3         199         22171.9         30.4526            0.25      Successful search (ES-ell)        
     3         200           22168         39.4069            0.25      Successful search (ES-ell)        
     3         201         22157.7         44.6235            0.25      Successful search (ES-ell)        
     3         202         22104.2         49.8345            0.25      Successful search (ES-ell)        
     3         203         22085.1         51.8256            0.25      Successful search (ES-ell)        
     3         233         22085.1         51.8256           0.125          Refine grid             
     4         234         22184.7         15.8964           0.125      Successful search (ES-ell)        
     4         235         22164.7         15.3927           0.125      Successful search (ES-ell)        
     4         237         22151.7         16.3787           0.125      Successful search (ES-ell)        
     4         238         22138.1         24.3422           0.125      Successful search (ES-ell)        
     4         239         22125.4         37.1481           0.125      Successful search (ES-ell)        
     4         240         22077.5         37.2864           0.125      Successful search (ES-ell)        
     4         242         21852.9         49.1697           0.125      Successful search (ES-wcm)        
     4         243         19612.5         52.8146           0.125      Successful search (ES-wcm)        
     4         264         19211.8         46.9931            0.25        Successful poll           
     5         265         19140.9         47.4572            0.25      Successful search (ES-wcm)        
     5         266         19094.8         39.0745            0.25      Successful search (ES-wcm)        
     5         299           19084         28.5174             0.5        Successful poll           
     6         300         19028.3         37.2146             0.5      Successful search (ES-wcm)        
     6         303           19001         50.4292             0.5      Successful search (ES-ell)        
     6         304         18914.3          48.331             0.5      Successful search (ES-ell)        
     6         338         18914.3          48.331            0.25          Refine grid             
     7         339         18925.6         29.9369            0.25      Successful search (ES-ell)        
     7         377         18925.6         29.9369           0.125          Refine grid             
     8         378         18957.2         12.6126           0.125      Successful search (ES-ell)        
     8         379         18923.5         20.0842           0.125      Successful search (ES-ell)        
     8         380           18891         31.8371           0.125      Successful search (ES-ell)        
     8         384         18890.2         20.9546           0.125      Successful search (ES-wcm)        
     8         393         18889.9         13.4531           0.125      Successful search (ES-wcm)        
     8         395         18889.4         12.9317           0.125      Successful search (ES-wcm)        
     8         396         18886.2         13.3328           0.125      Successful search (ES-wcm)        
     8         429         18886.2         13.3328          0.0625          Refine grid             Train
     9         430         18894.9         9.77213          0.0625      Successful search (ES-wcm)        
     9         431         18883.6         11.6339          0.0625      Successful search (ES-ell)        
     9         432         18868.1         16.1958          0.0625      Successful search (ES-ell)        
     9         433         18853.5         22.4681          0.0625      Successful search (ES-ell)        
     9         434         18830.7         32.1481          0.0625      Successful search (ES-ell)        
     9         470         18830.7         32.1481         0.03125          Refine grid             Train
    10         471         18884.2         9.07762         0.03125      Successful search (ES-ell)        
    10         472         18878.4         10.0677         0.03125      Successful search (ES-ell)        
    10         473         18870.1         12.3264         0.03125      Successful search (ES-ell)        
    10         474         18859.9         16.2225         0.03125      Successful search (ES-ell)        
    10         475         18859.5         22.3695         0.03125      Successful search (ES-ell)        
    10         479         18858.5         17.1624         0.03125      Successful search (ES-ell)        
    10         512         18858.5         17.1624        0.015625          Refine grid             
    11         513         18871.2         8.33279        0.015625      Successful search (ES-ell)        
    11         514         18866.1         8.63494        0.015625      Successful search (ES-ell)        
    11         515         18862.2         9.11968        0.015625      Successful search (ES-ell)        
    11         516           18856         11.2039        0.015625      Successful search (ES-ell)        
    11         554           18856         11.2039       0.0078125          Refine grid             
    12         581         18848.7         7.18059        0.015625        Successful poll           Train
    13         582         18843.8          5.2863        0.015625      Successful search (ES-ell)        
    13         583         18822.6         5.61214        0.015625      Successful search (ES-ell)        
    13         584         18787.9         6.47002        0.015625      Successful search (ES-ell)        
    13         585         18748.7         7.93207        0.015625      Successful search (ES-ell)        
    13         586         18697.1         11.2607        0.015625      Successful search (ES-wcm)        
    13         587         18666.5         14.6661        0.015625      Successful search (ES-ell)        
    13         623         18666.5         14.6661       0.0078125          Refine grid             
    14         624         18871.3         7.65682       0.0078125      Successful search (ES-wcm)        
    14         665         18854.9         15.3391        0.015625        Successful poll           
    15         667         18866.9         14.1659        0.015625      Successful search (ES-ell)        
    15         668         18863.6         13.8299        0.015625      Successful search (ES-ell)        
    15         669           18856         13.5904        0.015625      Successful search (ES-ell)        
    15         670           18854          13.564        0.015625      Successful search (ES-ell)        
    15         671         18841.3         14.0029        0.015625      Successful search (ES-ell)        
    15         672         18830.3         14.5345        0.015625      Successful search (ES-ell)        
    15         673         18815.1         16.4985        0.015625      Successful search (ES-ell)        
    15         674         18808.9         18.4766        0.015625      Successful search (ES-ell)        
    15         688         18794.6         18.3334         0.03125        Successful poll           
    16         689         18869.8         7.24919         0.03125      Successful search (ES-ell)        
    16         690         18861.3         13.6952         0.03125      Successful search (ES-ell)        
    16         691         18856.1         20.6673         0.03125      Successful search (ES-ell)        
    16         730         18856.1         20.6673        0.015625          Refine grid             
    17         749         18855.7         31.9334         0.03125        Successful poll           Train
    18         750         18870.8         8.12503         0.03125      Successful search (ES-wcm)        
    18         752         18867.9         11.5604         0.03125      Successful search (ES-wcm)        
    18         754         18867.7         15.4385         0.03125      Successful search (ES-wcm)        
    18         755         18866.6         20.4343         0.03125      Successful search (ES-wcm)        
    18         792         18866.6         20.4343        0.015625          Refine grid             
    19         793         18871.5         6.07538        0.015625      Successful search (ES-wcm)        
    19         794         18870.6         7.87468        0.015625      Successful search (ES-wcm)        
    19         798         18870.5         7.57526        0.015625      Successful search (ES-ell)        
    19         799         18869.9         7.88585        0.015625      Successful search (ES-ell)        
    19         800         18864.7         8.49885        0.015625      Successful search (ES-ell)        
    19         801         18860.6         9.57443        0.015625      Successful search (ES-ell)        
    19         802         18856.4         11.6137        0.015625      Successful search (ES-ell)        
    19         814         18855.5         11.8737        0.015625      Successful search (ES-wcm)        
    19         815           18851         12.9703        0.015625      Successful search (ES-wcm)        
    19         825         18850.5         9.74972        0.015625      Successful search (ES-wcm)        
    19         826         18846.6         11.6127        0.015625      Successful search (ES-wcm)        
    19         827         18836.9         14.6428        0.015625      Successful search (ES-wcm)        
    19         828         18829.1         19.0563        0.015625      Successful search (ES-wcm)        
    19         869         18829.1         19.0563       0.0078125          Refine grid             Train
    20         870         18869.7         4.85017       0.0078125      Successful search (ES-wcm)        
    20         871         18869.7         4.94004       0.0078125      Successful search (ES-ell)        
    20         872         18868.8         5.19994       0.0078125      Successful search (ES-ell)        
    20         873         18866.2          5.8123       0.0078125      Successful search (ES-ell)        
    20         874         18860.7         8.48984       0.0078125      Successful search (ES-wcm)        
    20         877         18859.8         8.74061       0.0078125      Successful search (ES-ell)        
    20         888           18859         7.13187       0.0078125      Successful search (ES-wcm)        
    20         917         18856.7         6.68467        0.015625        Successful poll           Train
    21         918         18845.9         9.15692        0.015625      Successful search (ES-ell)        
    21         919           18837          11.763        0.015625      Successful search (ES-ell)        
    21         960         18836.1         22.4162         0.03125        Successful poll           
    22         961         18815.4         27.0061         0.03125      Successful search (ES-wcm)        
    22        1003         18815.4         19.0829        0.015625          Refine grid             
    23        1004         18840.1         21.2572        0.015625      Successful search (ES-wcm)        
    23        1005         18824.3         21.9156        0.015625      Successful search (ES-ell)        
    23        1008         18823.8         17.7948        0.015625      Successful search (ES-ell)        
    23        1009         18823.3          18.839        0.015625      Successful search (ES-ell)        
    23        1046         18823.3          18.839       0.0078125          Refine grid             Train
    24        1047         18843.2         8.09065       0.0078125      Successful search (ES-ell)        
    24        1048         18836.5         10.5543       0.0078125      Successful search (ES-ell)        
    24        1049         18835.4         14.7663       0.0078125      Successful search (ES-ell)        
    24        1089         18835.4         14.7663      0.00390625          Refine grid             Train
    25        1090           18854          6.8879      0.00390625      Successful search (ES-ell)        
    25        1091         18848.8         7.83732      0.00390625      Successful search (ES-ell)        
    25        1092         18843.3         9.62502      0.00390625      Successful search (ES-ell)        
    25        1093         18831.5         12.7257      0.00390625      Successful search (ES-ell)        
    25        1094         18828.4         17.1267      0.00390625      Successful search (ES-ell)        
    25        1096         18824.9         19.0988      0.00390625      Successful search (ES-ell)        
    25        1104         18824.1         11.8167      0.00390625      Successful search (ES-ell)        
    25        1106         18823.6         11.4229      0.00390625      Successful search (ES-wcm)        
    25        1113         18820.7         9.76637      0.00390625      Successful search (ES-ell)        
    25        1114         18815.8         10.0113      0.00390625      Successful search (ES-ell)        
    25        1155         18815.8         10.0113      0.00195312          Refine grid             Train
    26        1156         18824.3          6.4282      0.00195312      Successful search (ES-ell)        
    26        1157         18823.1         6.69235      0.00195312      Successful search (ES-ell)        
    26        1158         18820.7         7.32583      0.00195312      Successful search (ES-ell)        
    26        1159           18816         8.73769      0.00195312      Successful search (ES-ell)        
    26        1160         18815.9          11.489      0.00195312      Successful search (ES-ell)        
    26        1161         18807.8         14.7238      0.00195312      Successful search (ES-ell)        
    26        1198         18807.8         14.7238     0.000976562          Refine grid             Train
Optimization terminated: change in the function value less than options['tol_mesh']
Estimated function value at minimum: 18835.237017001953 ± 4.7127159405287316 (mean ± SEM from 100 samples)
BADS minimum at: x_min = [3.9200e+00 6.0379e+00 5.7197e+00 0.0000e+00 1.1970e-01 7.4787e+00
 4.6520e-01 6.2660e-01 7.4000e-03 1.9740e+00 3.5390e-01], training NLL = 18835.237
total f-count: 1298, time: 56.21 min

 ------- Finish Optimization for Subject 5 ---------- 

 ------- Start Optimization for Subject 6 ---------- 

 Cross Validation fold 0/1

 -- Start Optimization: method BADS --

 Optimization Run 1/1
Initial params: [1.1129, 2.0397, 8.4225, 7.3759, -1.0611, 22.7656, 0.3367, 0.2857, 0.2607, 0.0544, 0.9826]
bads:TooCloseBounds: For each variable, hard and plausible bounds should not be too close. Moving plausible bounds.
Variables (index) internally transformed to log coordinates: [[ 0  0]
 [ 0  3]
 [ 0  8]
 [ 0  9]
 [ 0 10]]
Beginning optimization of a STOCHASTIC objective function

 Iteration    f-count      E[f(x)]        SD[f(x)]           MeshScale          Method              Actions
     0           1         28288.2             nan               1                                  
     0          27         27969.5             nan               1          Initial mesh            Initial points
     0          34         26523.7        0.989628               1        Successful poll           Train
     1          35         25630.1        0.989634               1      Successful search (ES-wcm)        
     1          36         25271.3        0.989633               1      Successful search (ES-wcm)        
     1          40         25222.9        0.989598               1      Successful search (ES-wcm)        
     1          42         24938.7        0.989628               1      Successful search (ES-ell)        
     1          47         24398.5        0.989607               1      Successful search (ES-ell)        
     1          49         24249.5        0.989536               1      Successful search (ES-ell)        
     1          50         22547.4        0.989591               1      Successful search (ES-ell)        
     1          52         21998.9        0.980748               1      Successful search (ES-ell)        
     1          58         21985.1        0.980733               1      Successful search (ES-ell)        
     1          60           21920        0.980745               1      Successful search (ES-ell)        
     1          63           21764        0.980724               1      Successful search (ES-ell)        
     1          65           21228        0.980708               1      Successful search (ES-ell)        
     1          67         21117.3        0.980718               1      Successful search (ES-ell)        
     1          68         20471.8        0.980726               1      Successful search (ES-ell)        
     1          70         19860.7        0.980737               1      Successful search (ES-wcm)        
     1          73         19815.8        0.980735               1      Successful search (ES-wcm)        
     1          75         19511.4         1.06883               1      Successful search (ES-wcm)        
     1          82         19324.1         1.06881               1      Successful search (ES-wcm)        
     1          97         19292.2         1.00013               1      Successful search (ES-wcm)        
     1         107         19255.9        0.998427               1      Successful search (ES-wcm)        
     1         135           19121         1.13496               1        Successful poll           
     2         140         19059.9         1.13496               1      Successful search (ES-wcm)        
     2         143           18964         1.15624               1      Successful search (ES-wcm)        
     2         144         18944.5         1.15625               1      Successful search (ES-wcm)        
     2         146         18937.7         1.15625               1      Successful search (ES-wcm)        
     2         148         18898.3         1.15625               1      Successful search (ES-wcm)        
     2         152         18768.6         1.15625               1      Successful search (ES-wcm)        
     2         153         18606.2         1.15625               1      Successful search (ES-wcm)        
     2         155         18521.9         1.15625               1      Successful search (ES-wcm)        
     2         167         18498.1         1.32792               1      Successful search (ES-wcm)        
     2         176         18400.9         1.32796               1      Successful search (ES-wcm)        
     2         179         18397.1         1.32791               1      Successful search (ES-wcm)        
     2         187         18337.8         1.32793               1      Successful search (ES-wcm)        
     2         215         18337.8         1.32793             0.5          Refine grid             
     3         243         18339.1          1.4332            0.25          Refine grid             Train
     4         245         18205.1         15.6174            0.25      Successful search (ES-ell)        
     4         247         17975.8         10.4584            0.25      Successful search (ES-ell)        
     4         283         17975.8         10.4584           0.125          Refine grid             Train
     5         284         18481.4         14.0495           0.125      Successful search (ES-ell)        
     5         285         18432.5         28.3646           0.125      Successful search (ES-ell)        
     5         286         18338.3         35.3847           0.125      Successful search (ES-ell)        
     5         287           18275         39.2987           0.125      Successful search (ES-ell)        
     5         288         18273.2         46.8033           0.125      Successful search (ES-ell)        
     5         289         18006.9         51.4305           0.125      Successful search (ES-ell)        
     5         291         17839.4         51.3237           0.125      Successful search (ES-ell)        
     5         323         17839.4         51.3237          0.0625          Refine grid             
     6         324           17899         17.0372          0.0625      Successful search (ES-ell)        
     6         326         17890.2         16.6195          0.0625      Successful search (ES-ell)        
     6         327         17874.7         18.5294          0.0625      Successful search (ES-ell)        
     6         328           17874         25.9372          0.0625      Successful search (ES-ell)        
     6         329         17864.5         31.8182          0.0625      Successful search (ES-ell)        
     6         364         17864.5         31.8182         0.03125          Refine grid             
     7         365         17913.1         10.5217         0.03125      Successful search (ES-ell)        
     7         366           17896         15.5255         0.03125      Successful search (ES-ell)        
     7         367         17875.9         23.0974         0.03125      Successful search (ES-ell)        
     7         368         17862.3          32.077         0.03125      Successful search (ES-ell)        
     7         376         17861.8         15.7075         0.03125      Successful search (ES-ell)        
     7         377         17852.2         19.3534         0.03125      Successful search (ES-wcm)        
     7         378         17849.8         24.8642         0.03125      Successful search (ES-wcm)        
     7         379         17785.4         37.9277         0.03125      Successful search (ES-wcm)        
     7         400           17726         19.7317          0.0625        Successful poll           
     8         401         17731.2         20.9512          0.0625      Successful search (ES-wcm)        
     8         402         17711.5         25.5025          0.0625      Successful search (ES-wcm)        
     8         404         17685.6          21.516          0.0625      Successful search (ES-ell)        
     8         405         17635.4         24.6533          0.0625      Successful search (ES-ell)        
     8         406         17560.8         26.1819          0.0625      Successful search (ES-ell)        
     8         407         17490.8         27.3342          0.0625      Successful search (ES-ell)        
     8         440         17490.8         27.3342         0.03125          Refine grid             
     9         441         17799.3         12.1896         0.03125      Successful search (ES-ell)        
     9         442         17771.1          13.307         0.03125      Successful search (ES-ell)        
     9         443         17744.3         17.0775         0.03125      Successful search (ES-ell)        
     9         480         17744.3         17.0775        0.015625          Refine grid             
    10         481         17845.8         8.42483        0.015625      Successful search (ES-wcm)        
    10         482           17839         10.9751        0.015625      Successful search (ES-wcm)        
    10         483         17824.7         14.6931        0.015625      Successful search (ES-wcm)        
    10         484           17813         17.8689        0.015625      Successful search (ES-wcm)        
    10         485         17799.9         20.3912        0.015625      Successful search (ES-wcm)        
    10         486         17788.9         21.0515        0.015625      Successful search (ES-wcm)        
    10         506         17774.9         16.4025         0.03125        Successful poll           Train
    11         507         17784.6         13.1567         0.03125      Successful search (ES-wcm)        
    11         508         17771.8         13.9108         0.03125      Successful search (ES-ell)        
    11         509         17764.9         15.6975         0.03125      Successful search (ES-wcm)        
    11         510         17753.1         20.2404         0.03125      Successful search (ES-wcm)        
    11         546         17753.1         20.2404        0.015625          Refine grid             
    12         547         17767.7         7.55036        0.015625      Successful search (ES-ell)        
    12         548         17763.7         7.79816        0.015625      Successful search (ES-ell)        
    12         549         17761.5         9.17338        0.015625      Successful search (ES-ell)        
    12         550         17755.1         12.2987        0.015625      Successful search (ES-ell)        
    12         551         17750.9         16.4366        0.015625      Successful search (ES-ell)        
    12         552           17743         19.3612        0.015625      Successful search (ES-wcm)        
    12         553         17731.5         26.4595        0.015625      Successful search (ES-wcm)        
    12         554         17730.4         33.1254        0.015625      Successful search (ES-ell)        
    12         562         17721.9         16.2721        0.015625      Successful search (ES-ell)        
    12         563         17719.3         15.2006        0.015625      Successful search (ES-wcm)        
    12         566         17719.2         13.4453        0.015625      Successful search (ES-ell)        
    12         567         17716.1         13.0211        0.015625      Successful search (ES-ell)        
    12         568         17715.4         12.8302        0.015625      Successful search (ES-ell)        
    12         569         17709.4         12.2035        0.015625      Successful search (ES-wcm)        
    12         570         17702.3         11.9474        0.015625      Successful search (ES-wcm)        
    12         571         17698.6         12.3822        0.015625      Successful search (ES-wcm)        
    12         572         17697.1         15.6983        0.015625      Successful search (ES-ell)        
    12         611         17697.1         15.6983       0.0078125          Refine grid             
    13         612         17734.6         6.60561       0.0078125      Successful search (ES-ell)        
    13         613         17730.1         6.69273       0.0078125      Successful search (ES-ell)        
    13         614           17724          7.8661       0.0078125      Successful search (ES-ell)        
    13         615         17717.1          10.706       0.0078125      Successful search (ES-ell)        
    13         616         17701.4         14.3871       0.0078125      Successful search (ES-ell)        
    13         617         17696.3         20.5399       0.0078125      Successful search (ES-ell)        
    13         654         17696.3         20.5399      0.00390625          Refine grid             
    14         655         17736.5         6.76672      0.00390625      Successful search (ES-wcm)        
    14         659         17736.3         6.53448      0.00390625      Successful search (ES-wcm)        
    14         661         17735.1         6.45146      0.00390625      Successful search (ES-wcm)        
    14         662         17734.9           6.472      0.00390625      Successful search (ES-wcm)        
    14         663         17734.8          6.5927      0.00390625      Successful search (ES-ell)        
    14         674         17714.9          4.8544      0.00390625      Successful search (ES-wcm)        
    14         708         17705.5          6.6482       0.0078125        Successful poll           
    15         709         17727.9          6.9848       0.0078125      Successful search (ES-wcm)        
    15         710         17717.1         6.96807       0.0078125      Successful search (ES-wcm)        
    15         711         17706.6         7.73348       0.0078125      Successful search (ES-wcm)        
    15         712         17698.4         9.32237       0.0078125      Successful search (ES-ell)        
    15         713         17689.6         15.3282       0.0078125      Successful search (ES-ell)        
    15         714         17660.4         21.0107       0.0078125      Successful search (ES-ell)        
    15         751         17660.4         21.0107      0.00390625          Refine grid             Train
    16         752         17725.4         7.32068      0.00390625      Successful search (ES-ell)        
    16         753         17722.2         7.36268      0.00390625      Successful search (ES-ell)        
    16         754         17719.1         7.64932      0.00390625      Successful search (ES-ell)        
    16         755         17715.6          7.4164      0.00390625      Successful search (ES-wcm)        
    16         756         17714.2         7.85929      0.00390625      Successful search (ES-wcm)        
    16         757           17709         10.5193      0.00390625      Successful search (ES-ell)        
    16         758         17707.3         12.6931      0.00390625      Successful search (ES-wcm)        
    16         795         17707.3         12.6931      0.00195312          Refine grid             Train
    17         796         17727.7         6.64974      0.00195312      Successful search (ES-ell)        
    17         797         17727.1         6.62161      0.00195312      Successful search (ES-ell)        
    17         798         17726.3          6.6476      0.00195312      Successful search (ES-wcm)        
    17         799         17725.9         6.59329      0.00195312      Successful search (ES-wcm)        
    17         800         17724.3         6.56476      0.00195312      Successful search (ES-wcm)        
    17         801         17721.7         6.30108      0.00195312      Successful search (ES-wcm)        
    17         813         17721.3         5.82935      0.00195312      Successful search (ES-wcm)        
    17         850         17721.3         5.82935     0.000976562          Refine grid             Train
Optimization terminated: change in the function value less than options['tol_mesh']
Estimated function value at minimum: 17728.03533427481 ± 4.09443327734078 (mean ± SEM from 100 samples)
BADS minimum at: x_min = [ 4.9236e+00  5.4972e+00  5.8471e+00  1.0000e-04 -4.1520e-01  6.7551e+00
  5.0100e-01  4.7670e-01  2.7000e-02  1.3806e+00  2.1870e-01], training NLL = 17728.0353
total f-count: 950, time: 41.16 min

 ------- Finish Optimization for Subject 6 ---------- 

 ------- Start Optimization for Subject 11 ---------- 

 Cross Validation fold 0/1

 -- Start Optimization: method BADS --

 Optimization Run 1/1
Initial params: [0.2633, 9.2502, 7.703, 8.2352, -1.2743, 29.3727, 0.5958, 0.1061, 0.3594, 0.6901, 0.3627]
bads:TooCloseBounds: For each variable, hard and plausible bounds should not be too close. Moving plausible bounds.
Variables (index) internally transformed to log coordinates: [[ 0  0]
 [ 0  3]
 [ 0  8]
 [ 0  9]
 [ 0 10]]
Beginning optimization of a STOCHASTIC objective function

 Iteration    f-count      E[f(x)]        SD[f(x)]           MeshScale          Method              Actions
     0           1         30874.7             nan               1                                  
     0          27         29937.5             nan               1          Initial mesh            Initial points
     0          30         28596.6        0.999929               1        Successful poll           Train
     1          31           26500        0.999933               1      Successful search (ES-wcm)        
     1          32         25555.3        0.999929               1      Successful search (ES-wcm)        
     1          33         25482.9        0.999877               1      Successful search (ES-wcm)        
     1          37         25399.7        0.999849               1      Successful search (ES-wcm)        
     1          39         25179.8        0.999723               1      Successful search (ES-wcm)        
     1          41         25177.1        0.999495               1      Successful search (ES-wcm)        
     1          45         25100.2        0.999124               1      Successful search (ES-wcm)        
     1          46           25082        0.999754               1      Successful search (ES-ell)        
     1          47         24948.5        0.999371               1      Successful search (ES-wcm)        
     1          50         24734.8         0.99779               1      Successful search (ES-wcm)        
     1          51         23899.9        0.999547               1      Successful search (ES-wcm)        
     1          52         23802.6        0.999543               1      Successful search (ES-wcm)        
     1          57         23732.2        0.999431               1      Successful search (ES-wcm)        
     1          63         23728.2        0.985739               1      Successful search (ES-wcm)        
     1          87         23728.2        0.985739             0.5          Refine grid             Train
     2         114         23725.5         1.22339            0.25          Refine grid             Train
     3         120         23754.2         7.65088            0.25      Successful search (ES-wcm)        
     3         121           23730         10.1469            0.25      Successful search (ES-wcm)        
     3         122         23711.3         16.1343            0.25      Successful search (ES-wcm)        
     3         152         23711.3         16.1343           0.125          Refine grid             Train
     4         184         23761.9        0.605688         0.03125          Refine grid             Train
     5         185         23760.5         5.23617         0.03125      Successful search (ES-wcm)        
     5         186         23755.7         5.52676         0.03125      Successful search (ES-ell)        
     5         187         23751.7         6.75317         0.03125      Successful search (ES-ell)        
     5         188         23745.4         8.30791         0.03125      Successful search (ES-ell)        
     5         189         23743.8         11.1467         0.03125      Successful search (ES-ell)        
     5         196         23743.5         8.66618         0.03125      Successful search (ES-wcm)        
     5         197           23738          9.1046         0.03125      Successful search (ES-wcm)        
     5         198         23733.9         10.2002         0.03125      Successful search (ES-wcm)        
     5         199           23719          11.948         0.03125      Successful search (ES-wcm)        
     5         200         23713.2         16.0238         0.03125      Successful search (ES-wcm)        
     5         239         23706.4         5.38396          0.0625        Successful poll           
     6         240         23706.1         5.75769          0.0625      Successful search (ES-wcm)        
     6         241         23704.6         6.62306          0.0625      Successful search (ES-ell)        
     6         242           23703          10.229          0.0625      Successful search (ES-wcm)        
     6         245         23701.3         8.47043          0.0625      Successful search (ES-ell)        
     6         246         23699.8          10.662          0.0625      Successful search (ES-wcm)        
     6         257         23699.3          7.0417          0.0625      Successful search (ES-ell)        
     6         294           23699         7.48903           0.125        Successful poll           
     7         296         23693.9         7.99099           0.125      Successful search (ES-ell)        
     7         297         23686.8         10.5355           0.125      Successful search (ES-ell)        
     7         299         23684.5         11.4784           0.125      Successful search (ES-ell)        
     7         301         23637.8         10.8625           0.125      Successful search (ES-ell)        
     7         302         23432.9         10.2065           0.125      Successful search (ES-ell)        
     7         303         23210.4         12.0826           0.125      Successful search (ES-ell)        
     7         304         23016.3         12.6852           0.125      Successful search (ES-ell)        
     7         305         22943.5         14.8907           0.125      Successful search (ES-ell)        
     7         336         22943.5         14.8907          0.0625          Refine grid             
     8         337         23702.2         6.53393          0.0625      Successful search (ES-ell)        
     8         380         23702.2         6.53393         0.03125          Refine grid             
     9         381         23706.5         4.21017         0.03125      Successful search (ES-ell)        
     9         382         23705.5         4.89156         0.03125      Successful search (ES-ell)        
     9         383         23703.4         5.66973         0.03125      Successful search (ES-ell)        
     9         384         23702.2         7.72857         0.03125      Successful search (ES-ell)        
     9         385         23694.1         9.84473         0.03125      Successful search (ES-ell)        
     9         386         23690.5         12.4752         0.03125      Successful search (ES-ell)        
     9         413         23686.2         9.09308          0.0625        Successful poll           Train
    10         419         23703.5         6.29547          0.0625      Successful search (ES-wcm)        
    10         420         23700.6         6.39887          0.0625      Successful search (ES-wcm)        
    10         421         23699.7         6.62334          0.0625      Successful search (ES-wcm)        
    10         422         23698.9          6.8039          0.0625      Successful search (ES-wcm)        
    10         424         23695.3         7.04467          0.0625      Successful search (ES-wcm)        
    10         425           23693         8.24989          0.0625      Successful search (ES-wcm)        
    10         426         23691.9         9.80784          0.0625      Successful search (ES-wcm)        
    10         429         23688.3         9.48503          0.0625      Successful search (ES-wcm)        
    10         432           23685         9.13243          0.0625      Successful search (ES-wcm)        
    10         433         23651.9         9.73542          0.0625      Successful search (ES-ell)        
    10         434         23615.7         9.92817          0.0625      Successful search (ES-ell)        
    10         435         23577.3         12.2168          0.0625      Successful search (ES-ell)        
    10         466         23577.3         12.2168         0.03125          Refine grid             
    11         467         23707.4         4.93078         0.03125      Successful search (ES-ell)        
    11         468           23703         5.85887         0.03125      Successful search (ES-ell)        
    11         494         23687.3         6.79657          0.0625        Successful poll           
    12         495         23679.3          7.9834          0.0625      Successful search (ES-wcm)        
    12         525         23663.5         14.8513           0.125        Successful poll           Train
    13         526         23702.7         4.78772           0.125      Successful search (ES-wcm)        
    13         527         23697.9         8.85485           0.125      Successful search (ES-wcm)        
    13         568         23697.3          10.463            0.25        Successful poll           
    14         569         23691.9         14.5847            0.25      Successful search (ES-wcm)        
    14         581         23686.9         12.0384            0.25      Successful search (ES-ell)        
    14         582         23660.6         18.9368            0.25      Successful search (ES-ell)        
    14         619         23660.6         18.9368           0.125          Refine grid             
    15         620           23682         7.18404           0.125      Successful search (ES-wcm)        
    15         621         23678.1         10.4139           0.125      Successful search (ES-wcm)        
    15         623         23670.9         12.9282           0.125      Successful search (ES-wcm)        
    15         644         23528.6         12.6234            0.25        Successful poll           
    16         671         23568.8         12.5837           0.125          Refine grid             
    17         672         23681.1         9.93459           0.125      Successful search (ES-ell)        
    17         673           23680          15.378           0.125      Successful search (ES-ell)        
    17         675         23671.9         15.6638           0.125      Successful search (ES-ell)        
    17         676         23658.9         20.4014           0.125      Successful search (ES-ell)        
    17         677         23653.1         23.3296           0.125      Successful search (ES-ell)        
    17         678         21734.8         28.6932           0.125      Successful search (ES-wcm)        
    17         681         21546.7         32.6739           0.125      Successful search (ES-wcm)        
    17         682         20728.3         23.4501           0.125      Successful search (ES-wcm)        
    17         698         20607.9         15.0056            0.25        Successful poll           
    18         699         20558.3         14.1869            0.25      Successful search (ES-wcm)        
    18         700         20524.8         15.0106            0.25      Successful search (ES-wcm)        
    18         701           20471         16.8098            0.25      Successful search (ES-wcm)        
    18         702         20466.4         18.3138            0.25      Successful search (ES-wcm)        
    18         738         20466.4         18.3138           0.125          Refine grid             Train
    19         739         20715.5         10.9111           0.125      Successful search (ES-wcm)        
    19         740         20693.2         16.1961           0.125      Successful search (ES-wcm)        
    19         741         20662.5         18.4803           0.125      Successful search (ES-wcm)        
    19         742         20642.6         25.1793           0.125      Successful search (ES-wcm)        
    19         744         20615.7         18.5688           0.125      Successful search (ES-wcm)        
    19         774         20609.8         23.7473            0.25        Successful poll           
    20         775         20553.4         32.8699            0.25      Successful search (ES-wcm)        
    20         777         20437.6         27.4527            0.25      Successful search (ES-ell)        
    20         778         20364.4         30.9419            0.25      Successful search (ES-ell)        
    20         813         20364.4         30.9419           0.125          Refine grid             
    21         814         20468.7         16.1929           0.125      Successful search (ES-ell)        
    21         825         20456.4         11.5765           0.125      Successful search (ES-ell)        
    21         827         20450.8         14.8142           0.125      Successful search (ES-ell)        
    21         830         20449.6         15.6182           0.125      Successful search (ES-ell)        
    21         831         20439.6         19.5719           0.125      Successful search (ES-ell)        
    21         865         20439.6         19.5719          0.0625          Refine grid             
    22         866         20447.8         11.1658          0.0625      Successful search (ES-ell)        
    22         867         20441.4         13.4759          0.0625      Successful search (ES-ell)        
    22         907         20441.4         13.4759         0.03125          Refine grid             Train
    23         908           20458          8.4685         0.03125      Successful search (ES-ell)        
    23         920         20457.7         8.17459         0.03125      Successful search (ES-ell)        
    23         921         20456.6         9.50391         0.03125      Successful search (ES-wcm)        
    23         922         20454.5         12.1024         0.03125      Successful search (ES-wcm)        
    23         923         20450.4         15.1988         0.03125      Successful search (ES-wcm)        
    23         924         20441.7         19.4254         0.03125      Successful search (ES-wcm)        
    23         927         20439.9         18.5118         0.03125      Successful search (ES-ell)        
    23         932         20437.4         15.6461         0.03125      Successful search (ES-ell)        
    23         933         20432.4         16.7507         0.03125      Successful search (ES-wcm)        
    23         947         20430.9         11.7569         0.03125      Successful search (ES-ell)        
    23         948         20424.1         11.4951         0.03125      Successful search (ES-ell)        
    23         949         20421.1         11.5293         0.03125      Successful search (ES-ell)        
    23         950           20421         11.6053         0.03125      Successful search (ES-ell)        
    23         951         20420.3         12.0066         0.03125      Successful search (ES-ell)        
    23         953         20419.1         12.4812         0.03125      Successful search (ES-ell)        
    23         954         20413.8         13.8465         0.03125      Successful search (ES-wcm)        
    23         955         20411.1          16.507         0.03125      Successful search (ES-wcm)        
    23         956           20409         20.9549         0.03125      Successful search (ES-wcm)        
    23         995           20409         20.9549        0.015625          Refine grid             
    24         996         20443.4         6.87602        0.015625      Successful search (ES-ell)        
    24         997         20441.7         7.88181        0.015625      Successful search (ES-ell)        
    24         999         20440.3         8.74637        0.015625      Successful search (ES-ell)        
    24        1000         20431.7         10.5076        0.015625      Successful search (ES-ell)        
    24        1036         20425.2         8.05611         0.03125        Successful poll           
    25        1037         20401.8          8.8762         0.03125      Successful search (ES-ell)        
    25        1038         20383.7         11.0173         0.03125      Successful search (ES-ell)        
    25        1039         20361.1         14.2885         0.03125      Successful search (ES-ell)        
    25        1040         20340.4         18.1649         0.03125      Successful search (ES-ell)        
    25        1079         20340.4         18.1649        0.015625          Refine grid             Train
    26        1080           20443         6.06844        0.015625      Successful search (ES-ell)        
    26        1081         20439.3         6.66538        0.015625      Successful search (ES-ell)        
    26        1082         20433.8         7.35287        0.015625      Successful search (ES-wcm)        
    26        1083         20427.1         8.52541        0.015625      Successful search (ES-wcm)        
    26        1084         20420.8         11.2517        0.015625      Successful search (ES-wcm)        
    26        1085         20410.7          19.502        0.015625      Successful search (ES-wcm)        
    26        1121         20410.7          19.502       0.0078125          Refine grid             Train
    27        1122           20437         8.09388       0.0078125      Successful search (ES-wcm)        
    27        1123           20431         8.07564       0.0078125      Successful search (ES-ell)        
    27        1124         20423.6         8.32045       0.0078125      Successful search (ES-ell)        
    27        1125         20420.5         8.70399       0.0078125      Successful search (ES-ell)        
    27        1126         20417.8         9.10553       0.0078125      Successful search (ES-wcm)        
    27        1127         20411.1         9.62972       0.0078125      Successful search (ES-wcm)        
    27        1128         20408.8         11.2013       0.0078125      Successful search (ES-wcm)        
    27        1129         20394.1         14.1982       0.0078125      Successful search (ES-wcm)        
    27        1163         20394.1         14.1982      0.00390625          Refine grid             
    28        1164         20445.3         5.53753      0.00390625      Successful search (ES-ell)        
    28        1165         20444.6         5.53483      0.00390625      Successful search (ES-ell)        
    28        1166         20443.5         5.53204      0.00390625      Successful search (ES-ell)        
    28        1167         20441.6         5.85026      0.00390625      Successful search (ES-ell)        
    28        1168         20439.9         6.65839      0.00390625      Successful search (ES-ell)        
    28        1169         20438.4         7.19282      0.00390625      Successful search (ES-wcm)        
    28        1170         20435.6         8.76114      0.00390625      Successful search (ES-wcm)        
    28        1171         20431.5         10.0869      0.00390625      Successful search (ES-wcm)        
    28        1205         20431.5         10.0869      0.00195312          Refine grid             
    29        1228           20436         5.58074      0.00390625        Successful poll           Train
    30        1229         20434.9         6.74976      0.00390625      Successful search (ES-wcm)        
    30        1230         20431.4          7.4882      0.00390625      Successful search (ES-wcm)        
    30        1231         20426.3          8.1884      0.00390625      Successful search (ES-wcm)        
    30        1232         20423.8         9.05032      0.00390625      Successful search (ES-wcm)        
    30        1233         20423.4         9.84892      0.00390625      Successful search (ES-ell)        
    30        1234         20421.4         11.1097      0.00390625      Successful search (ES-ell)        
    30        1271         20421.4         11.1097      0.00195312          Refine grid             
    31        1304         20431.6         7.93661     0.000976562          Refine grid             Train
Optimization terminated: change in the function value less than options['tol_mesh']
Estimated function value at minimum: 20443.18958441873 ± 4.977163159500423 (mean ± SEM from 100 samples)
BADS minimum at: x_min = [ 3.5934e+00  9.3497e+00  8.3704e+00  5.8864e+00 -7.5789e+00  9.3559e+00
  4.7820e-01  4.0140e-01  2.5000e-03  1.3289e+00  5.8200e-01], training NLL = 20443.1896
total f-count: 1404, time: 60.83 min

 ------- Finish Optimization for Subject 11 ---------- 

 ------- Start Optimization for Subject 15 ---------- 

 Cross Validation fold 0/1

 -- Start Optimization: method BADS --

 Optimization Run 1/1
Initial params: [1.9875, 4.4294, 7.9442, 0.9225, -4.6868, 11.9773, 0.3744, 0.271, 0.2569, 0.5456, 0.3894]
bads:TooCloseBounds: For each variable, hard and plausible bounds should not be too close. Moving plausible bounds.
Variables (index) internally transformed to log coordinates: [[ 0  0]
 [ 0  3]
 [ 0  8]
 [ 0  9]
 [ 0 10]]
Beginning optimization of a STOCHASTIC objective function

 Iteration    f-count      E[f(x)]        SD[f(x)]           MeshScale          Method              Actions
     0           1         27942.8             nan               1                                  
     0          27         27942.8             nan               1          Initial mesh            Initial points
     0          28         26273.6        0.997647               1        Successful poll           Train
     1          29         24465.3        0.997646               1      Successful search (ES-wcm)        
     1          31           23562        0.997637               1      Successful search (ES-wcm)        
     1          34           21295        0.997594               1      Successful search (ES-wcm)        
     1          37         20793.4        0.997559               1      Successful search (ES-wcm)        
     1          38         19750.8        0.997555               1      Successful search (ES-wcm)        
     1          40         19537.9        0.997596               1      Successful search (ES-wcm)        
     1          42         19418.7        0.997412               1      Successful search (ES-wcm)        
     1          48         18915.4        0.996748               1      Successful search (ES-wcm)        
     1          50         18670.4        0.994642               1      Successful search (ES-wcm)        
     1          51         18485.4         1.00331               1      Successful search (ES-ell)        
     1          54         17912.4          1.0033               1      Successful search (ES-ell)        
     1          56         17773.3          1.0033               1      Successful search (ES-ell)        
     1          57         17637.2          1.0033               1      Successful search (ES-ell)        
     1          59         17414.6          1.0033               1      Successful search (ES-ell)        
     1          68         17367.5           1.003               1      Successful search (ES-ell)        
     1          81         17358.2        0.960118               1      Successful search (ES-ell)        
     1         111         17358.2        0.960118             0.5          Refine grid             Train
     2         139         17361.4         1.06501            0.25          Refine grid             Train
     3         166         17374.8        0.985777             0.5        Successful poll           Train
     4         167         17362.6         39.6756             0.5      Successful search (ES-ell)        
     4         169         17218.9         40.7261             0.5      Successful search (ES-ell)        
     4         178         17167.3         38.2609             0.5      Successful search (ES-ell)        
     4         181         17128.1         38.0528             0.5      Successful search (ES-ell)        
     4         182         17112.2         40.2258             0.5      Successful search (ES-ell)        
     4         187         17080.5         31.0732             0.5      Successful search (ES-ell)        
     4         216         17080.5         31.0732            0.25          Refine grid             
     5         217         17089.7          21.288            0.25      Successful search (ES-ell)        
     5         219         17060.9         26.4065            0.25      Successful search (ES-ell)        
     5         221         17051.3         26.7574            0.25      Successful search (ES-ell)        
     5         256         17051.3         26.7574           0.125          Refine grid             Train
     6         257         17074.5         12.6395           0.125      Successful search (ES-wcm)        
     6         263           17071         10.4662           0.125      Successful search (ES-wcm)        
     6         297           17071         10.4662          0.0625          Refine grid             
     7         298         17077.1         6.34562          0.0625      Successful search (ES-wcm)        
     7         299         17072.3         6.42047          0.0625      Successful search (ES-wcm)        
     7         300         17064.9         8.09892          0.0625      Successful search (ES-wcm)        
     7         301           17055         9.62518          0.0625      Successful search (ES-wcm)        
     7         302           17006         13.0889          0.0625      Successful search (ES-ell)        
     7         303         16942.9         20.4818          0.0625      Successful search (ES-ell)        
     7         338         16942.9         20.4818         0.03125          Refine grid             
     8         339         17051.5         6.29446         0.03125      Successful search (ES-ell)        
     8         340         17046.3         6.44288         0.03125      Successful search (ES-ell)        
     8         341         17043.6         7.03689         0.03125      Successful search (ES-ell)        
     8         342         17038.8         9.33004         0.03125      Successful search (ES-wcm)        
     8         343         17034.3         12.3788         0.03125      Successful search (ES-wcm)        
     8         379         17034.3         12.3788        0.015625          Refine grid             
     9         380         17050.7         5.88597        0.015625      Successful search (ES-wcm)        
     9         420         17050.7         5.88597       0.0078125          Refine grid             Train
    10         421           17054         3.76556       0.0078125      Successful search (ES-wcm)        
    10         422         17053.5         3.65543       0.0078125      Successful search (ES-wcm)        
    10         423         17053.2         3.54135       0.0078125      Successful search (ES-wcm)        
    10         424         17051.8         3.50336       0.0078125      Successful search (ES-wcm)        
    10         425         17050.8         3.59063       0.0078125      Successful search (ES-wcm)        
    10         426         17050.6         4.23685       0.0078125      Successful search (ES-ell)        
    10         428         17049.5           5.642       0.0078125      Successful search (ES-ell)        
    10         440         17048.8         5.01969       0.0078125      Successful search (ES-ell)        
    10         444         17048.2         5.03747       0.0078125      Successful search (ES-ell)        
    10         483         17048.2         5.03747      0.00390625          Refine grid             Train
    11         484         17052.9         6.26748      0.00390625      Successful search (ES-ell)        
    11         485         17051.2         6.23767      0.00390625      Successful search (ES-ell)        
    11         526         17051.2         6.23767      0.00195312          Refine grid             Train
    12         527         17052.7         4.70268      0.00195312      Successful search (ES-ell)        
    12         528           17052         4.73215      0.00195312      Successful search (ES-ell)        
    12         533         17051.7         4.61755      0.00195312      Successful search (ES-wcm)        
    12         546         17051.6          4.2967      0.00195312      Successful search (ES-ell)        
    12         547         17051.4         4.27812      0.00195312      Successful search (ES-wcm)        
    12         548         17051.4         4.26372      0.00195312      Successful search (ES-wcm)        
    12         580         17050.5         5.45201      0.00390625        Successful poll           
    13         581         17050.5         5.36241      0.00390625      Successful search (ES-wcm)        
    13         582           17050         5.70662      0.00390625      Successful search (ES-wcm)        
    13         623           17050         5.70662      0.00195312          Refine grid             
    14         624         17054.3         3.46925      0.00195312      Successful search (ES-ell)        
    14         625         17054.2         3.59746      0.00195312      Successful search (ES-ell)        
    14         626         17053.4          3.8435      0.00195312      Successful search (ES-ell)        
    14         627         17052.3         4.28601      0.00195312      Successful search (ES-ell)        
    14         628         17050.2         4.89064      0.00195312      Successful search (ES-ell)        
    14         629           17050         5.81399      0.00195312      Successful search (ES-ell)        
    14         630         17049.5         7.51661      0.00195312      Successful search (ES-ell)        
    14         666         17049.5         7.51661     0.000976562          Refine grid             
Optimization terminated: change in the function value less than options['tol_mesh']
Estimated function value at minimum: 17065.568525288083 ± 3.256603875329385 (mean ± SEM from 100 samples)
BADS minimum at: x_min = [ 3.0989 10.747   8.7427  0.     -7.2849 10.8322  0.5001  0.5558  0.1991
  2.      0.4047], training NLL = 17065.5685
total f-count: 766, time: 33.04 min

 ------- Finish Optimization for Subject 15 ---------- 

 ------- Start Optimization for Subject 20 ---------- 

 Cross Validation fold 0/1

 -- Start Optimization: method BADS --

 Optimization Run 1/1
Initial params: [0.282, 4.4215, 14.0553, 14.3384, 2.0868, 20.8528, 0.4991, 0.291, 0.5555, 0.7245, 0.9777]
bads:TooCloseBounds: For each variable, hard and plausible bounds should not be too close. Moving plausible bounds.
Variables (index) internally transformed to log coordinates: [[ 0  0]
 [ 0  3]
 [ 0  8]
 [ 0  9]
 [ 0 10]]
Beginning optimization of a STOCHASTIC objective function

 Iteration    f-count      E[f(x)]        SD[f(x)]           MeshScale          Method              Actions
     0           1         29522.9             nan               1                                  
     0          27         29516.4             nan               1          Initial mesh            Initial points
     0          31         28664.3         1.00722               1        Successful poll           Train
     1          32           27565         1.00721               1      Successful search (ES-wcm)        
     1          33         27374.6         1.00724               1      Successful search (ES-ell)        
     1          36         27315.9         1.00713               1      Successful search (ES-ell)        
     1          39         27175.8         1.00721               1      Successful search (ES-ell)        
     1          40         26995.1         1.00716               1      Successful search (ES-ell)        
     1          41         26967.5         1.00714               1      Successful search (ES-ell)        
     1          42         26408.9         1.00705               1      Successful search (ES-ell)        
     1          43         26280.2         1.00721               1      Successful search (ES-ell)        
     1          44         26218.7         1.00709               1      Successful search (ES-ell)        
     1          51         26085.2        0.999669               1      Successful search (ES-ell)        
     1          52         25812.3         0.99972               1      Successful search (ES-ell)        
     1          54         24550.1        0.999791               1      Successful search (ES-ell)        
     1          59         24540.9        0.999492               1      Successful search (ES-ell)        
     1          61         24191.8        0.999632               1      Successful search (ES-ell)        
     1          64         24039.5        0.999474               1      Successful search (ES-ell)        
     1          65         23823.7        0.999578               1      Successful search (ES-ell)        
     1          71         23812.3        0.998543               1      Successful search (ES-ell)        
     1          73         23539.3        0.996931               1      Successful search (ES-ell)        
     1          75         23503.5        0.999238               1      Successful search (ES-ell)        
     1          79         23361.8        0.999206               1      Successful search (ES-ell)        
     1          82         23235.5        0.998131               1      Successful search (ES-ell)        
     1         115         23224.5         1.01256               1        Successful poll           Train
     2         124         23222.5         1.13917               1      Successful search (ES-ell)        
     2         134         23170.1         1.16271               1      Successful search (ES-ell)        
     2         137         23152.3         1.15407               1      Successful search (ES-ell)        
     2         138         22929.1         1.18157               1      Successful search (ES-ell)        
     2         166         22857.6         34.5534               1        Successful poll           Train
     3         167         22045.2         51.6707               1      Successful search (ES-ell)        
     3         169         20923.9          53.167               1      Successful search (ES-ell)        
     3         172         20835.4          50.004               1      Successful search (ES-ell)        
     3         174         20821.1         51.0137               1      Successful search (ES-wcm)        
     3         175         20760.9         47.9546               1      Successful search (ES-ell)        
     3         204         20760.9         47.9546             0.5          Refine grid             Train
     4         205         20457.8         43.6741             0.5      Successful search (ES-ell)        
     4         206         20196.5         47.4465             0.5      Successful search (ES-ell)        
     4         208         20036.3         46.3731             0.5      Successful search (ES-wcm)        
     4         209         19986.1         47.7707             0.5      Successful search (ES-wcm)        
     4         210         19794.5         48.0245             0.5      Successful search (ES-wcm)        
     4         211         19659.6         47.9118             0.5      Successful search (ES-wcm)        
     4         216         19379.3         46.9012             0.5      Successful search (ES-ell)        
     4         227           19345         46.9661             0.5      Successful search (ES-wcm)        
     4         229         19333.6         46.3528             0.5      Successful search (ES-ell)        
     4         230         19293.7         46.9101             0.5      Successful search (ES-ell)        
     4         232         19177.1         44.8186             0.5      Successful search (ES-ell)        
     4         266         19177.1         44.8186            0.25          Refine grid             
     5         267           19232         27.6954            0.25      Successful search (ES-ell)        
     5         269           19190         47.8893            0.25      Successful search (ES-wcm)        
     5         271         19036.2         45.3169            0.25      Successful search (ES-wcm)        
     5         273         19000.6         43.2119            0.25      Successful search (ES-wcm)        
     5         275         18955.2         42.0744            0.25      Successful search (ES-wcm)        
     5         279         18946.4         29.2684            0.25      Successful search (ES-wcm)        
     5         280         18850.7         39.0821            0.25      Successful search (ES-wcm)        
     5         317         18850.7         39.0821           0.125          Refine grid             Train
     6         318           18922         29.7747           0.125      Successful search (ES-wcm)        
     6         320         18882.7         16.1066           0.125      Successful search (ES-wcm)        
     6         321         18846.5         30.2369           0.125      Successful search (ES-wcm)        
     6         322           18841         43.6129           0.125      Successful search (ES-wcm)        
     6         323         18829.3         49.4924           0.125      Successful search (ES-ell)        
     6         326         18743.9          35.945           0.125      Successful search (ES-wcm)        
     6         355         18721.3         35.3577            0.25        Successful poll           
     7         356         18640.8         48.8484            0.25      Successful search (ES-wcm)        
     7         360         18631.5         40.4439            0.25      Successful search (ES-ell)        
     7         361         18562.1         55.6225            0.25      Successful search (ES-wcm)        
     7         363         18544.5         35.4668            0.25      Successful search (ES-wcm)        
     7         367         18499.3         44.5897            0.25      Successful search (ES-ell)        
     7         378           18495         31.7211            0.25      Successful search (ES-ell)        
     7         389         18493.2         22.1124            0.25      Successful search (ES-wcm)        
     7         391           18490         31.9532            0.25      Successful search (ES-wcm)        
     7         401         18483.4         18.5724            0.25      Successful search (ES-wcm)        
     7         403         18451.6         26.3647            0.25      Successful search (ES-ell)        
     7         404         18421.9         37.6882            0.25      Successful search (ES-wcm)        
     7         405         18415.7         41.8175            0.25      Successful search (ES-wcm)        
     7         407         18414.7         36.7066            0.25      Successful search (ES-wcm)        
     7         408         18373.2         43.1314            0.25      Successful search (ES-wcm)        
     7         409         18296.5         44.9487            0.25      Successful search (ES-wcm)        
     7         438         18296.5         44.9487           0.125          Refine grid             
     8         439         18360.8         14.2865           0.125      Successful search (ES-wcm)        
     8         440         18341.3         18.5752           0.125      Successful search (ES-wcm)        
     8         441         18272.8         37.1967           0.125      Successful search (ES-ell)        
     8         478         18272.8         37.1967          0.0625          Refine grid             Train
     9         479         18334.2         11.0582          0.0625      Successful search (ES-ell)        
     9         480         18303.4          11.465          0.0625      Successful search (ES-ell)        
     9         481         18266.6         16.6485          0.0625      Successful search (ES-ell)        
     9         482         18220.2         24.3848          0.0625      Successful search (ES-ell)        
     9         483         18219.4         34.9562          0.0625      Successful search (ES-ell)        
     9         484         18172.4         37.2682          0.0625      Successful search (ES-ell)        
     9         485           18172         45.4578          0.0625      Successful search (ES-ell)        
     9         486         18169.9         49.4755          0.0625      Successful search (ES-ell)        
     9         489         18110.4         45.4134          0.0625      Successful search (ES-ell)        
     9         490         18093.3         36.7794          0.0625      Successful search (ES-ell)        
     9         491         18064.5         33.1949          0.0625      Successful search (ES-ell)        
     9         531         18064.5         33.1949         0.03125          Refine grid             Train
    10         532         18135.5         8.34816         0.03125      Successful search (ES-ell)        
    10         533         18124.9         9.28391         0.03125      Successful search (ES-ell)        
    10         534         18115.8         11.2954         0.03125      Successful search (ES-ell)        
    10         535         18104.6         11.0463         0.03125      Successful search (ES-wcm)        
    10         536           18090          12.524         0.03125      Successful search (ES-wcm)        
    10         575           18090          12.524        0.015625          Refine grid             
    11         576         18113.6         6.92793        0.015625      Successful search (ES-ell)        
    11         577         18110.6         7.13262        0.015625      Successful search (ES-ell)        
    11         578         18107.3         8.23873        0.015625      Successful search (ES-ell)        
    11         579         18104.4         8.66358        0.015625      Successful search (ES-wcm)        
    11         581         18098.3         11.3001        0.015625      Successful search (ES-wcm)        
    11         582         18090.7          11.707        0.015625      Successful search (ES-wcm)        
    11         583         18085.9         13.1941        0.015625      Successful search (ES-wcm)        
    11         585         18084.9         13.4039        0.015625      Successful search (ES-wcm)        
    11         619         18082.8         8.26139         0.03125        Successful poll           
    12         620         18086.7         7.36038         0.03125      Successful search (ES-wcm)        
    12         621         18083.2         8.20046         0.03125      Successful search (ES-wcm)        
    12         622         18076.4         10.8645         0.03125      Successful search (ES-ell)        
    12         628         18075.7         10.5449         0.03125      Successful search (ES-wcm)        
    12         663         18075.7         10.5449        0.015625          Refine grid             
    13         664         18074.5         7.46751        0.015625      Successful search (ES-wcm)        
    13         665         18074.2         9.30253        0.015625      Successful search (ES-wcm)        
    13         693         18067.4         14.4135         0.03125        Successful poll           Train
    14         694         18069.1         11.2232         0.03125      Successful search (ES-ell)        
    14         695         18060.9         16.4766         0.03125      Successful search (ES-ell)        
    14         737         18060.9         16.4766        0.015625          Refine grid             
    15         738         18062.2         10.9537        0.015625      Successful search (ES-ell)        
    15         739         18047.8         13.1291        0.015625      Successful search (ES-ell)        
    15         740         18027.6         16.1193        0.015625      Successful search (ES-ell)        
    15         741         18009.1         19.8819        0.015625      Successful search (ES-ell)        
    15         742         18007.8         22.4396        0.015625      Successful search (ES-ell)        
    15         779         18007.8         22.4396       0.0078125          Refine grid             
    16         780         18083.2         5.27116       0.0078125      Successful search (ES-ell)        
    16         781         18081.1         5.56962       0.0078125      Successful search (ES-ell)        
    16         782         18077.8         5.76303       0.0078125      Successful search (ES-ell)        
    16         783         18076.6         7.80561       0.0078125      Successful search (ES-ell)        
    16         784         18074.5          11.694       0.0078125      Successful search (ES-ell)        
    16         790         18070.5         10.4245       0.0078125      Successful search (ES-ell)        
    16         791         18069.4         10.9156       0.0078125      Successful search (ES-ell)        
    16         792         18069.1         12.0033       0.0078125      Successful search (ES-ell)        
    16         793         18062.5         13.2346       0.0078125      Successful search (ES-ell)        
    16         794         18051.8         14.9913       0.0078125      Successful search (ES-ell)        
    16         795         18047.5         18.2121       0.0078125      Successful search (ES-ell)        
    16         834         18047.5         18.2121      0.00390625          Refine grid             
    17         835         18080.2         5.14632      0.00390625      Successful search (ES-ell)        
    17         836         18079.9         5.35188      0.00390625      Successful search (ES-wcm)        
    17         837         18079.5         5.61495      0.00390625      Successful search (ES-wcm)        
    17         839           18079         6.07928      0.00390625      Successful search (ES-wcm)        
    17         840         18077.2         6.43219      0.00390625      Successful search (ES-ell)        
    17         841         18075.3         7.27822      0.00390625      Successful search (ES-wcm)        
    17         843         18075.2         8.05749      0.00390625      Successful search (ES-wcm)        
    17         844         18072.9          9.1653      0.00390625      Successful search (ES-ell)        
    17         845         18070.4         10.8849      0.00390625      Successful search (ES-ell)        
    17         846         18069.7         10.9015      0.00390625      Successful search (ES-ell)        
    17         860         18069.5          8.5369      0.00390625      Successful search (ES-ell)        
    17         900         18069.5          8.5369      0.00195312          Refine grid             
    18         901         18076.4         6.53034      0.00195312      Successful search (ES-ell)        
    18         902         18075.5           6.751      0.00195312      Successful search (ES-ell)        
    18         903           18072         7.26765      0.00195312      Successful search (ES-ell)        
    18         904         18067.4         7.71771      0.00195312      Successful search (ES-ell)        
    18         905         18063.9         9.17079      0.00195312      Successful search (ES-ell)        
    18         906         18048.9         11.2916      0.00195312      Successful search (ES-ell)        
    18         907         18039.8         14.6674      0.00195312      Successful search (ES-ell)        
    18         908         18033.8         16.6784      0.00195312      Successful search (ES-wcm)        
    18         909         18026.4         19.3191      0.00195312      Successful search (ES-wcm)        
    18         944         18026.4         19.3191     0.000976562          Refine grid             
Optimization terminated: change in the function value less than options['tol_mesh']
Estimated function value at minimum: 18080.337496815784 ± 5.279172886530297 (mean ± SEM from 100 samples)
BADS minimum at: x_min = [ 4.2754e+00  6.3499e+00  6.6625e+00  2.4500e-02 -4.8960e-01  7.4132e+00
  5.3130e-01  5.4630e-01  1.0000e-04  1.1680e+00  2.2580e-01], training NLL = 18080.3375
total f-count: 1044, time: 45.27 min

 ------- Finish Optimization for Subject 20 ---------- 

 ------- Start Optimization for Subject 25 ---------- 

 Cross Validation fold 0/1

 -- Start Optimization: method BADS --

 Optimization Run 1/1
Initial params: [1.2009, 3.7064, 8.6394, 13.3908, 1.442, 12.2907, 0.593, 0.1564, 0.4868, 0.271, 0.446]
bads:TooCloseBounds: For each variable, hard and plausible bounds should not be too close. Moving plausible bounds.
Variables (index) internally transformed to log coordinates: [[ 0  0]
 [ 0  3]
 [ 0  8]
 [ 0  9]
 [ 0 10]]
Beginning optimization of a STOCHASTIC objective function

 Iteration    f-count      E[f(x)]        SD[f(x)]           MeshScale          Method              Actions
     0           1         29352.2             nan               1                                  
     0          27         29352.2             nan               1          Initial mesh            Initial points
     0          41         29286.7        0.992492               1        Successful poll           Train
     1          46         29244.7        0.992198               1      Successful search (ES-wcm)        
     1          51         29232.4        0.715054               1      Successful search (ES-wcm)        
     1          61         29225.9        0.705012               1      Successful search (ES-wcm)        
     1          63         29214.3        0.684998               1      Successful search (ES-wcm)        
     1          71         29203.8        0.653876               1      Successful search (ES-ell)        
     1          80         29198.4         1.18899               1      Successful search (ES-ell)        
     1          86         29056.6         1.20492               1      Successful search (ES-ell)        
     1          87         29009.8         1.20544               1      Successful search (ES-ell)        
     1          88         26262.8          1.2056               1      Successful search (ES-wcm)        
     1          89         24137.5         1.20556               1      Successful search (ES-wcm)        
     1          90         22925.2         1.20556               1      Successful search (ES-wcm)        
     1          91         22484.3         1.20536               1      Successful search (ES-wcm)        
     1          94           22367         1.20533               1      Successful search (ES-wcm)        
     1          96         22292.5         1.20523               1      Successful search (ES-wcm)        
     1          99         22195.5          11.018               1      Successful search (ES-wcm)        
     1         109         22130.9         9.56391               1      Successful search (ES-wcm)        
     1         110         20984.7          10.967               1      Successful search (ES-ell)        
     1         114         20805.6         10.3387               1      Successful search (ES-ell)        
     1         116         20405.4         10.0874               1      Successful search (ES-ell)        
     1         121         20204.7         40.1714               1      Successful search (ES-ell)        
     1         124         20139.9         46.1161               1      Successful search (ES-wcm)        
     1         152         20139.9         46.1161             0.5          Refine grid             Train
     2         156         20113.3         1.20654             0.5      Successful search (ES-ell)        
     2         157         20044.7         1.20693             0.5      Successful search (ES-ell)        
     2         161         20000.5         1.17574             0.5      Successful search (ES-ell)        
     2         162         19995.4         1.19592             0.5      Successful search (ES-ell)        
     2         170         19920.7         1.19551             0.5      Successful search (ES-ell)        
     2         198         19920.7         1.19551            0.25          Refine grid             Train
     3         199         20009.2         17.0193            0.25      Successful search (ES-ell)        
     3         200           19943         30.0646            0.25      Successful search (ES-ell)        
     3         201         19838.4         41.3529            0.25      Successful search (ES-ell)        
     3         202         19804.3         57.5458            0.25      Successful search (ES-wcm)        
     3         207         19773.2         44.3809            0.25      Successful search (ES-wcm)        
     3         208         19745.4         39.2529            0.25      Successful search (ES-ell)        
     3         209           19742         44.8132            0.25      Successful search (ES-ell)        
     3         211         19710.8         33.1092            0.25      Successful search (ES-ell)        
     3         212         19704.1         34.3415            0.25      Successful search (ES-ell)        
     3         247         19704.1         34.3415           0.125          Refine grid             Train
     4         248         19759.5         12.2262           0.125      Successful search (ES-ell)        
     4         249         19758.1         23.9541           0.125      Successful search (ES-ell)        
     4         250         19721.2         32.3823           0.125      Successful search (ES-ell)        
     4         253         19713.4         21.9329           0.125      Successful search (ES-wcm)        
     4         285         19713.4         21.9329          0.0625          Refine grid             
     5         286         19744.5           9.593          0.0625      Successful search (ES-ell)        
     5         287         19737.6         10.9956          0.0625      Successful search (ES-ell)        
     5         288           19728         14.4799          0.0625      Successful search (ES-ell)        
     5         289         19707.3         18.0219          0.0625      Successful search (ES-ell)        
     5         290         19692.8         24.0419          0.0625      Successful search (ES-ell)        
     5         291         19691.8         28.8623          0.0625      Successful search (ES-ell)        
     5         298         19691.1         17.4321          0.0625      Successful search (ES-ell)        
     5         334         19691.1         17.4321         0.03125          Refine grid             
     6         335         19703.2         8.56345         0.03125      Successful search (ES-wcm)        
     6         336         19703.2         8.65591         0.03125      Successful search (ES-ell)        
     6         337         19702.7         10.7176         0.03125      Successful search (ES-ell)        
     6         338         19702.4         15.4988         0.03125      Successful search (ES-ell)        
     6         373         19702.4         15.4988        0.015625          Refine grid             Train
     7         374         19706.8         8.46123        0.015625      Successful search (ES-ell)        
     7         380         19706.1         8.00049        0.015625      Successful search (ES-wcm)        
     7         381         19705.2         7.86989        0.015625      Successful search (ES-wcm)        
     7         382         19704.3         7.67004        0.015625      Successful search (ES-wcm)        
     7         412         19704.3         7.67004       0.0078125          Refine grid             
     8         413         19702.7         5.49709       0.0078125      Successful search (ES-ell)        
     8         414         19690.9         5.64575       0.0078125      Successful search (ES-ell)        
     8         415           19688         5.76432       0.0078125      Successful search (ES-wcm)        
     8         416         19684.9         5.92905       0.0078125      Successful search (ES-wcm)        
     8         417         19679.7         6.21536       0.0078125      Successful search (ES-wcm)        
     8         418         19672.9         6.60837       0.0078125      Successful search (ES-wcm)        
     8         419         19662.4          7.4247       0.0078125      Successful search (ES-wcm)        
     8         420         19656.4         7.70893       0.0078125      Successful search (ES-wcm)        
     8         421         19648.4         7.91727       0.0078125      Successful search (ES-wcm)        
     8         422         19636.1         19.6908       0.0078125      Successful search (ES-ell)        
     8         452         19636.1         19.6908      0.00390625          Refine grid             
     9         482         19709.7         6.47807      0.00195312          Refine grid             Train
    10         513         19705.6         5.56095     0.000488281          Refine grid             Train
Optimization terminated: change in the function value less than options['tol_mesh']
Estimated function value at minimum: 19709.651960036397 ± 5.228387895995761 (mean ± SEM from 100 samples)
BADS minimum at: x_min = [ 2.42550e+00  5.68870e+00  5.48110e+00  4.99996e+01 -7.45580e+00
  5.69060e+00  5.30600e-01  7.99900e-01  2.20000e-03  2.00000e+00
  5.76200e-01], training NLL = 19709.652
total f-count: 613, time: 26.08 min

 ------- Finish Optimization for Subject 25 ---------- 
